data_hora;valor;horas_validas;dia_completo;horas_conflitantes;codigo_estacao;tipo;fonte;longitude;latitude;numero_posicoes_internas;posicao_espacial_ambigua;resolucao;serie_id;nivel_consistencia;relacao_codigo;origem_resolucao;metodo_agregacao
2017-07-21;;12;False;0;2463;vazao;Epagri;;;2;False;diaria;f590d034c85bf207_diario_derivado;;interna;horaria_agregada;media
2017-07-22;7.800416666666667;24;True;0;2463;vazao;Epagri;;;2;False;diaria;f590d034c85bf207_diario_derivado;;interna;horaria_agregada;media
2017-07-23;;22;False;0;2463;vazao;Epagri;;;2;False;diaria;f590d034c85bf207_diario_derivado;;interna;horaria_agregada;media
2017-07-24;;19;False;0;2463;vazao;Epagri;;;2;False;diaria;f590d034c85bf207_diario_derivado;;interna;horaria_agregada;media
2017-07-25;;19;False;0;2463;vazao;Epagri;;;2;False;diaria;f590d034c85bf207_diario_derivado;;interna;horaria_agregada;media
2017-07-26;;19;False;0;2463;vazao;Epagri;;;2;False;diaria;f590d034c85bf207_diario_derivado;;interna;horaria_agregada;media
2017-07-27;;21;False;0;2463;vazao;Epagri;;;2;False;diaria;f590d034c85bf207_diario_derivado;;interna;horaria_agregada;media
2017-07-28;4.658333333333333;24;True;0;2463;vazao;Epagri;;;2;False;diaria;f590d034c85bf207_diario_derivado;;interna;horaria_agregada;media
2017-07-29;;23;False;0;2463;vazao;Epagri;;;2;False;diaria;f590d034c85bf207_diario_derivado;;interna;horaria_agregada;media
2017-07-30;;20;False;0;2463;vazao;Epagri;;;2;False;diaria;f590d034c85bf207_diario_derivado;;interna;horaria_agregada;media
2017-07-31;;19;False;0;2463;vazao;Epagri;;;2;False;diaria;f590d034c85bf207_diario_derivado;;interna;horaria_agregada;media
2017-08-01;;19;False;0;2463;vazao;Epagri;;;2;False;diaria;f590d034c85bf207_diario_derivado;;interna;horaria_agregada;media
2017-08-02;;21;False;0;2463;vazao;Epagri;;;2;False;diaria;f590d034c85bf207_diario_derivado;;interna;horaria_agregada;media
2017-08-03;5.786666666666666;24;True;0;2463;vazao;Epagri;;;2;False;diaria;f590d034c85bf207_diario_derivado;;interna;horaria_agregada;media
2017-08-04;6.927916666666667;24;True;0;2463;vazao;Epagri;;;2;False;diaria;f590d034c85bf207_diario_derivado;;interna;horaria_agregada;media
2017-08-05;7.760000000000001;24;True;0;2463;vazao;Epagri;;;2;False;diaria;f590d034c85bf207_diario_derivado;;interna;horaria_agregada;media
2017-08-06;6.960833333333333;24;True;0;2463;vazao;Epagri;;;2;False;diaria;f590d034c85bf207_diario_derivado;;interna;horaria_agregada;media
2017-08-07;4.63375;24;True;0;2463;vazao;Epagri;;;2;False;diaria;f590d034c85bf207_diario_derivado;;interna;horaria_agregada;media
2017-08-08;;22;False;0;2463;vazao;Epagri;;;2;False;diaria;f590d034c85bf207_diario_derivado;;interna;horaria_agregada;media
2017-08-09;;23;False;0;2463;vazao;Epagri;;;2;False;diaria;f590d034c85bf207_diario_derivado;;interna;horaria_agregada;media
2017-08-10;;22;False;0;2463;vazao;Epagri;;;2;False;diaria;f590d034c85bf207_diario_derivado;;interna;horaria_agregada;media
2017-08-11;6.554583333333333;24;True;0;2463;vazao;Epagri;;;2;False;diaria;f590d034c85bf207_diario_derivado;;interna;horaria_agregada;media
2017-08-12;4.345416666666667;24;True;0;2463;vazao;Epagri;;;2;False;diaria;f590d034c85bf207_diario_derivado;;interna;horaria_agregada;media
2017-08-13;2.2308333333333334;24;True;0;2463;vazao;Epagri;;;2;False;diaria;f590d034c85bf207_diario_derivado;;interna;horaria_agregada;media
2017-08-14;;20;False;0;2463;vazao;Epagri;;;2;False;diaria;f590d034c85bf207_diario_derivado;;interna;horaria_agregada;media
2017-08-15;;23;False;0;2463;vazao;Epagri;;;2;False;diaria;f590d034c85bf207_diario_derivado;;interna;horaria_agregada;media
2017-08-16;;22;False;0;2463;vazao;Epagri;;;2;False;diaria;f590d034c85bf207_diario_derivado;;interna;horaria_agregada;media
2017-08-17;;22;False;0;2463;vazao;Epagri;;;2;False;diaria;f590d034c85bf207_diario_derivado;;interna;horaria_agregada;media
2017-08-18;;20;False;0;2463;vazao;Epagri;;;2;False;diaria;f590d034c85bf207_diario_derivado;;interna;horaria_agregada;media
2017-08-19;;23;False;0;2463;vazao;Epagri;;;2;False;diaria;f590d034c85bf207_diario_derivado;;interna;horaria_agregada;media
2017-08-20;4.47375;24;True;0;2463;vazao;Epagri;;;2;False;diaria;f590d034c85bf207_diario_derivado;;interna;horaria_agregada;media
2017-08-21;;23;False;0;2463;vazao;Epagri;;;2;False;diaria;f590d034c85bf207_diario_derivado;;interna;horaria_agregada;media
2017-08-22;7.527083333333334;24;True;0;2463;vazao;Epagri;;;2;False;diaria;f590d034c85bf207_diario_derivado;;interna;horaria_agregada;media
2017-08-23;3.8229166666666665;24;True;0;2463;vazao;Epagri;;;2;False;diaria;f590d034c85bf207_diario_derivado;;interna;horaria_agregada;media
2017-08-24;2.2033333333333336;24;True;0;2463;vazao;Epagri;;;2;False;diaria;f590d034c85bf207_diario_derivado;;interna;horaria_agregada;media
2017-08-25;;17;False;0;2463;vazao;Epagri;;;2;False;diaria;f590d034c85bf207_diario_derivado;;interna;horaria_agregada;media
2017-08-26;1.7316666666666667;24;True;0;2463;vazao;Epagri;;;2;False;diaria;f590d034c85bf207_diario_derivado;;interna;horaria_agregada;media
2017-08-27;;19;False;0;2463;vazao;Epagri;;;2;False;diaria;f590d034c85bf207_diario_derivado;;interna;horaria_agregada;media
2017-08-28;;18;False;0;2463;vazao;Epagri;;;2;False;diaria;f590d034c85bf207_diario_derivado;;interna;horaria_agregada;media
2017-08-29;;18;False;0;2463;vazao;Epagri;;;2;False;diaria;f590d034c85bf207_diario_derivado;;interna;horaria_agregada;media
2017-08-30;;16;False;0;2463;vazao;Epagri;;;2;False;diaria;f590d034c85bf207_diario_derivado;;interna;horaria_agregada;media
2017-08-31;;21;False;0;2463;vazao;Epagri;;;2;False;diaria;f590d034c85bf207_diario_derivado;;interna;horaria_agregada;media
2017-09-01;;10;False;0;2463;vazao;Epagri;;;2;False;diaria;f590d034c85bf207_diario_derivado;;interna;horaria_agregada;media
2017-09-02;;0;False;0;2463;vazao;Epagri;;;2;False;diaria;f590d034c85bf207_diario_derivado;;interna;horaria_agregada;media
2017-09-03;;0;False;0;2463;vazao;Epagri;;;2;False;diaria;f590d034c85bf207_diario_derivado;;interna;horaria_agregada;media
2017-09-04;;8;False;0;2463;vazao;Epagri;;;2;False;diaria;f590d034c85bf207_diario_derivado;;interna;horaria_agregada;media
2017-09-05;1.6025;24;True;0;2463;vazao;Epagri;;;2;False;diaria;f590d034c85bf207_diario_derivado;;interna;horaria_agregada;media
2017-09-06;1.55;24;True;0;2463;vazao;Epagri;;;2;False;diaria;f590d034c85bf207_diario_derivado;;interna;horaria_agregada;media
2017-09-07;1.55;24;True;0;2463;vazao;Epagri;;;2;False;diaria;f590d034c85bf207_diario_derivado;;interna;horaria_agregada;media
2017-09-08;1.49;24;True;0;2463;vazao;Epagri;;;2;False;diaria;f590d034c85bf207_diario_derivado;;interna;horaria_agregada;media
2017-09-09;1.47;24;True;0;2463;vazao;Epagri;;;2;False;diaria;f590d034c85bf207_diario_derivado;;interna;horaria_agregada;media
2017-09-10;1.47;24;True;0;2463;vazao;Epagri;;;2;False;diaria;f590d034c85bf207_diario_derivado;;interna;horaria_agregada;media
2017-09-11;1.47;24;True;0;2463;vazao;Epagri;;;2;False;diaria;f590d034c85bf207_diario_derivado;;interna;horaria_agregada;media
2017-09-12;1.4133333333333333;24;True;0;2463;vazao;Epagri;;;2;False;diaria;f590d034c85bf207_diario_derivado;;interna;horaria_agregada;media
2017-09-13;1.39;24;True;0;2463;vazao;Epagri;;;2;False;diaria;f590d034c85bf207_diario_derivado;;interna;horaria_agregada;media
2017-09-14;1.39;24;True;0;2463;vazao;Epagri;;;2;False;diaria;f590d034c85bf207_diario_derivado;;interna;horaria_agregada;media
2017-09-15;1.4333333333333333;24;True;0;2463;vazao;Epagri;;;2;False;diaria;f590d034c85bf207_diario_derivado;;interna;horaria_agregada;media
2017-09-16;1.47;24;True;0;2463;vazao;Epagri;;;2;False;diaria;f590d034c85bf207_diario_derivado;;interna;horaria_agregada;media
2017-09-17;1.5200000000000002;24;True;0;2463;vazao;Epagri;;;2;False;diaria;f590d034c85bf207_diario_derivado;;interna;horaria_agregada;media
2017-09-18;1.5033333333333332;24;True;0;2463;vazao;Epagri;;;2;False;diaria;f590d034c85bf207_diario_derivado;;interna;horaria_agregada;media
2017-09-19;1.46;24;True;0;2463;vazao;Epagri;;;2;False;diaria;f590d034c85bf207_diario_derivado;;interna;horaria_agregada;media
2017-09-20;1.3933333333333333;24;True;0;2463;vazao;Epagri;;;2;False;diaria;f590d034c85bf207_diario_derivado;;interna;horaria_agregada;media
2017-09-21;1.3870833333333332;24;True;0;2463;vazao;Epagri;;;2;False;diaria;f590d034c85bf207_diario_derivado;;interna;horaria_agregada;media
2017-09-22;1.3608333333333331;24;True;0;2463;vazao;Epagri;;;2;False;diaria;f590d034c85bf207_diario_derivado;;interna;horaria_agregada;media
2017-09-23;1.32;24;True;0;2463;vazao;Epagri;;;2;False;diaria;f590d034c85bf207_diario_derivado;;interna;horaria_agregada;media
2017-09-24;1.32875;24;True;0;2463;vazao;Epagri;;;2;False;diaria;f590d034c85bf207_diario_derivado;;interna;horaria_agregada;media
2017-09-25;1.41;24;True;0;2463;vazao;Epagri;;;2;False;diaria;f590d034c85bf207_diario_derivado;;interna;horaria_agregada;media
2017-09-26;1.4166666666666667;24;True;0;2463;vazao;Epagri;;;2;False;diaria;f590d034c85bf207_diario_derivado;;interna;horaria_agregada;media
2017-09-27;1.32;24;True;0;2463;vazao;Epagri;;;2;False;diaria;f590d034c85bf207_diario_derivado;;interna;horaria_agregada;media
2017-09-28;1.5204166666666667;24;True;0;2463;vazao;Epagri;;;2;False;diaria;f590d034c85bf207_diario_derivado;;interna;horaria_agregada;media
2017-09-29;3.2579166666666666;24;True;0;2463;vazao;Epagri;;;2;False;diaria;f590d034c85bf207_diario_derivado;;interna;horaria_agregada;media
2017-09-30;33.07333333333333;24;True;0;2463;vazao;Epagri;;;2;False;diaria;f590d034c85bf207_diario_derivado;;interna;horaria_agregada;media
2017-10-01;4.4870833333333335;24;True;0;2463;vazao;Epagri;;;2;False;diaria;f590d034c85bf207_diario_derivado;;interna;horaria_agregada;media
2017-10-02;2.6091666666666664;24;True;0;2463;vazao;Epagri;;;2;False;diaria;f590d034c85bf207_diario_derivado;;interna;horaria_agregada;media
2017-10-03;7.017083333333333;24;True;0;2463;vazao;Epagri;;;2;False;diaria;f590d034c85bf207_diario_derivado;;interna;horaria_agregada;media
2017-10-04;2.5175;24;True;0;2463;vazao;Epagri;;;2;False;diaria;f590d034c85bf207_diario_derivado;;interna;horaria_agregada;media
2017-10-05;2.0083333333333333;24;True;0;2463;vazao;Epagri;;;2;False;diaria;f590d034c85bf207_diario_derivado;;interna;horaria_agregada;media
2017-10-06;1.9670833333333333;24;True;0;2463;vazao;Epagri;;;2;False;diaria;f590d034c85bf207_diario_derivado;;interna;horaria_agregada;media
2017-10-07;2.60125;24;True;0;2463;vazao;Epagri;;;2;False;diaria;f590d034c85bf207_diario_derivado;;interna;horaria_agregada;media
2017-10-08;6.729166666666667;24;True;0;2463;vazao;Epagri;;;2;False;diaria;f590d034c85bf207_diario_derivado;;interna;horaria_agregada;media
2017-10-09;3.6875;24;True;0;2463;vazao;Epagri;;;2;False;diaria;f590d034c85bf207_diario_derivado;;interna;horaria_agregada;media
2017-10-10;2.4079166666666665;24;True;0;2463;vazao;Epagri;;;2;False;diaria;f590d034c85bf207_diario_derivado;;interna;horaria_agregada;media
2017-10-11;2.09625;24;True;0;2463;vazao;Epagri;;;2;False;diaria;f590d034c85bf207_diario_derivado;;interna;horaria_agregada;media
2017-10-12;2.8441666666666667;24;True;0;2463;vazao;Epagri;;;2;False;diaria;f590d034c85bf207_diario_derivado;;interna;horaria_agregada;media
2017-10-13;4.2716666666666665;24;True;0;2463;vazao;Epagri;;;2;False;diaria;f590d034c85bf207_diario_derivado;;interna;horaria_agregada;media
2017-10-14;3.34;24;True;0;2463;vazao;Epagri;;;2;False;diaria;f590d034c85bf207_diario_derivado;;interna;horaria_agregada;media
2017-10-15;2.5220833333333332;24;True;0;2463;vazao;Epagri;;;2;False;diaria;f590d034c85bf207_diario_derivado;;interna;horaria_agregada;media
2017-10-16;2.195;24;True;0;2463;vazao;Epagri;;;2;False;diaria;f590d034c85bf207_diario_derivado;;interna;horaria_agregada;media
2017-10-17;2.0029166666666667;24;True;0;2463;vazao;Epagri;;;2;False;diaria;f590d034c85bf207_diario_derivado;;interna;horaria_agregada;media
2017-10-18;1.8999999999999997;24;True;0;2463;vazao;Epagri;;;2;False;diaria;f590d034c85bf207_diario_derivado;;interna;horaria_agregada;media
2017-10-19;1.8325000000000002;24;True;0;2463;vazao;Epagri;;;2;False;diaria;f590d034c85bf207_diario_derivado;;interna;horaria_agregada;media
2017-10-20;1.735;24;True;0;2463;vazao;Epagri;;;2;False;diaria;f590d034c85bf207_diario_derivado;;interna;horaria_agregada;media
2017-10-21;1.7725;24;True;0;2463;vazao;Epagri;;;2;False;diaria;f590d034c85bf207_diario_derivado;;interna;horaria_agregada;media
2017-10-22;1.79875;24;True;0;2463;vazao;Epagri;;;2;False;diaria;f590d034c85bf207_diario_derivado;;interna;horaria_agregada;media
2017-10-23;1.67;24;True;0;2463;vazao;Epagri;;;2;False;diaria;f590d034c85bf207_diario_derivado;;interna;horaria_agregada;media
2017-10-24;1.55;24;True;0;2463;vazao;Epagri;;;2;False;diaria;f590d034c85bf207_diario_derivado;;interna;horaria_agregada;media
2017-10-25;1.5899999999999999;24;True;0;2463;vazao;Epagri;;;2;False;diaria;f590d034c85bf207_diario_derivado;;interna;horaria_agregada;media
2017-10-26;2.9970833333333338;24;True;0;2463;vazao;Epagri;;;2;False;diaria;f590d034c85bf207_diario_derivado;;interna;horaria_agregada;media
2017-10-27;2.1466666666666665;24;True;0;2463;vazao;Epagri;;;2;False;diaria;f590d034c85bf207_diario_derivado;;interna;horaria_agregada;media
2017-10-28;1.6620833333333334;24;True;0;2463;vazao;Epagri;;;2;False;diaria;f590d034c85bf207_diario_derivado;;interna;horaria_agregada;media
2017-10-29;1.4933333333333334;24;True;0;2463;vazao;Epagri;;;2;False;diaria;f590d034c85bf207_diario_derivado;;interna;horaria_agregada;media
2017-10-30;1.47;24;True;0;2463;vazao;Epagri;;;2;False;diaria;f590d034c85bf207_diario_derivado;;interna;horaria_agregada;media
2017-10-31;1.4566666666666668;24;True;0;2463;vazao;Epagri;;;2;False;diaria;f590d034c85bf207_diario_derivado;;interna;horaria_agregada;media
2017-11-01;1.39;24;True;0;2463;vazao;Epagri;;;2;False;diaria;f590d034c85bf207_diario_derivado;;interna;horaria_agregada;media
2017-11-02;1.3375000000000001;24;True;0;2463;vazao;Epagri;;;2;False;diaria;f590d034c85bf207_diario_derivado;;interna;horaria_agregada;media
2017-11-03;1.32;24;True;0;2463;vazao;Epagri;;;2;False;diaria;f590d034c85bf207_diario_derivado;;interna;horaria_agregada;media
2017-11-04;1.5587499999999999;24;True;0;2463;vazao;Epagri;;;2;False;diaria;f590d034c85bf207_diario_derivado;;interna;horaria_agregada;media
2017-11-05;1.8108333333333333;24;True;0;2463;vazao;Epagri;;;2;False;diaria;f590d034c85bf207_diario_derivado;;interna;horaria_agregada;media
2017-11-06;1.57;24;True;0;2463;vazao;Epagri;;;2;False;diaria;f590d034c85bf207_diario_derivado;;interna;horaria_agregada;media
2017-11-07;1.5666666666666667;24;True;0;2463;vazao;Epagri;;;2;False;diaria;f590d034c85bf207_diario_derivado;;interna;horaria_agregada;media
2017-11-08;3.952916666666667;24;True;0;2463;vazao;Epagri;;;2;False;diaria;f590d034c85bf207_diario_derivado;;interna;horaria_agregada;media
2017-11-09;4.799166666666666;24;True;0;2463;vazao;Epagri;;;2;False;diaria;f590d034c85bf207_diario_derivado;;interna;horaria_agregada;media
2017-11-10;5.966666666666666;24;True;0;2463;vazao;Epagri;;;2;False;diaria;f590d034c85bf207_diario_derivado;;interna;horaria_agregada;media
2017-11-11;4.571666666666666;24;True;0;2463;vazao;Epagri;;;2;False;diaria;f590d034c85bf207_diario_derivado;;interna;horaria_agregada;media
2017-11-12;2.0741666666666667;24;True;0;2463;vazao;Epagri;;;2;False;diaria;f590d034c85bf207_diario_derivado;;interna;horaria_agregada;media
2017-11-13;1.7016666666666664;24;True;0;2463;vazao;Epagri;;;2;False;diaria;f590d034c85bf207_diario_derivado;;interna;horaria_agregada;media
2017-11-14;1.5308333333333335;24;True;0;2463;vazao;Epagri;;;2;False;diaria;f590d034c85bf207_diario_derivado;;interna;horaria_agregada;media
2017-11-15;1.4533333333333331;24;True;0;2463;vazao;Epagri;;;2;False;diaria;f590d034c85bf207_diario_derivado;;interna;horaria_agregada;media
2017-11-16;1.4033333333333333;24;True;0;2463;vazao;Epagri;;;2;False;diaria;f590d034c85bf207_diario_derivado;;interna;horaria_agregada;media
2017-11-17;1.6479166666666665;24;True;0;2463;vazao;Epagri;;;2;False;diaria;f590d034c85bf207_diario_derivado;;interna;horaria_agregada;media
2017-11-18;10.36375;24;True;0;2463;vazao;Epagri;;;2;False;diaria;f590d034c85bf207_diario_derivado;;interna;horaria_agregada;media
2017-11-19;3.9783333333333335;24;True;0;2463;vazao;Epagri;;;2;False;diaria;f590d034c85bf207_diario_derivado;;interna;horaria_agregada;media
2017-11-20;2.2395833333333335;24;True;0;2463;vazao;Epagri;;;2;False;diaria;f590d034c85bf207_diario_derivado;;interna;horaria_agregada;media
2017-11-21;1.89625;24;True;0;2463;vazao;Epagri;;;2;False;diaria;f590d034c85bf207_diario_derivado;;interna;horaria_agregada;media
2017-11-22;1.7425;24;True;0;2463;vazao;Epagri;;;2;False;diaria;f590d034c85bf207_diario_derivado;;interna;horaria_agregada;media
2017-11-23;1.6866666666666665;24;True;0;2463;vazao;Epagri;;;2;False;diaria;f590d034c85bf207_diario_derivado;;interna;horaria_agregada;media
2017-11-24;1.58;24;True;0;2463;vazao;Epagri;;;2;False;diaria;f590d034c85bf207_diario_derivado;;interna;horaria_agregada;media
2017-11-25;1.4799999999999998;24;True;0;2463;vazao;Epagri;;;2;False;diaria;f590d034c85bf207_diario_derivado;;interna;horaria_agregada;media
2017-11-26;1.47;24;True;0;2463;vazao;Epagri;;;2;False;diaria;f590d034c85bf207_diario_derivado;;interna;horaria_agregada;media
2017-11-27;1.4033333333333333;24;True;0;2463;vazao;Epagri;;;2;False;diaria;f590d034c85bf207_diario_derivado;;interna;horaria_agregada;media
2017-11-28;1.39;24;True;0;2463;vazao;Epagri;;;2;False;diaria;f590d034c85bf207_diario_derivado;;interna;horaria_agregada;media
2017-11-29;1.3754166666666665;24;True;0;2463;vazao;Epagri;;;2;False;diaria;f590d034c85bf207_diario_derivado;;interna;horaria_agregada;media
2017-11-30;2.4691666666666667;24;True;0;2463;vazao;Epagri;;;2;False;diaria;f590d034c85bf207_diario_derivado;;interna;horaria_agregada;media
2017-12-01;3.888333333333333;24;True;0;2463;vazao;Epagri;;;2;False;diaria;f590d034c85bf207_diario_derivado;;interna;horaria_agregada;media
2017-12-02;2.8720833333333338;24;True;0;2463;vazao;Epagri;;;2;False;diaria;f590d034c85bf207_diario_derivado;;interna;horaria_agregada;media
2017-12-03;1.99;24;True;0;2463;vazao;Epagri;;;2;False;diaria;f590d034c85bf207_diario_derivado;;interna;horaria_agregada;media
2017-12-04;5.8975;24;True;0;2463;vazao;Epagri;;;2;False;diaria;f590d034c85bf207_diario_derivado;;interna;horaria_agregada;media
2017-12-05;4.308333333333334;24;True;0;2463;vazao;Epagri;;;2;False;diaria;f590d034c85bf207_diario_derivado;;interna;horaria_agregada;media
2017-12-06;8.676666666666668;24;True;0;2463;vazao;Epagri;;;2;False;diaria;f590d034c85bf207_diario_derivado;;interna;horaria_agregada;media
2017-12-07;19.34541666666667;24;True;0;2463;vazao;Epagri;;;2;False;diaria;f590d034c85bf207_diario_derivado;;interna;horaria_agregada;media
2017-12-08;;23;False;0;2463;vazao;Epagri;;;2;False;diaria;f590d034c85bf207_diario_derivado;;interna;horaria_agregada;media
2017-12-09;3.7533333333333334;24;True;0;2463;vazao;Epagri;;;2;False;diaria;f590d034c85bf207_diario_derivado;;interna;horaria_agregada;media
2017-12-10;2.8220833333333335;24;True;0;2463;vazao;Epagri;;;2;False;diaria;f590d034c85bf207_diario_derivado;;interna;horaria_agregada;media
2017-12-11;2.3575;24;True;0;2463;vazao;Epagri;;;2;False;diaria;f590d034c85bf207_diario_derivado;;interna;horaria_agregada;media
2017-12-12;2.0887499999999997;24;True;0;2463;vazao;Epagri;;;2;False;diaria;f590d034c85bf207_diario_derivado;;interna;horaria_agregada;media
2017-12-13;1.9525;24;True;0;2463;vazao;Epagri;;;2;False;diaria;f590d034c85bf207_diario_derivado;;interna;horaria_agregada;media
2017-12-14;1.8775000000000002;24;True;0;2463;vazao;Epagri;;;2;False;diaria;f590d034c85bf207_diario_derivado;;interna;horaria_agregada;media
2017-12-15;1.81375;24;True;0;2463;vazao;Epagri;;;2;False;diaria;f590d034c85bf207_diario_derivado;;interna;horaria_agregada;media
2017-12-16;1.85875;24;True;0;2463;vazao;Epagri;;;2;False;diaria;f590d034c85bf207_diario_derivado;;interna;horaria_agregada;media
2017-12-17;1.7133333333333332;24;True;0;2463;vazao;Epagri;;;2;False;diaria;f590d034c85bf207_diario_derivado;;interna;horaria_agregada;media
2017-12-18;1.7462499999999999;24;True;0;2463;vazao;Epagri;;;2;False;diaria;f590d034c85bf207_diario_derivado;;interna;horaria_agregada;media
2017-12-19;2.3216666666666668;24;True;0;2463;vazao;Epagri;;;2;False;diaria;f590d034c85bf207_diario_derivado;;interna;horaria_agregada;media
2017-12-20;31.339166666666667;24;True;0;2463;vazao;Epagri;;;2;False;diaria;f590d034c85bf207_diario_derivado;;interna;horaria_agregada;media
2017-12-21;15.426250000000001;24;True;0;2463;vazao;Epagri;;;2;False;diaria;f590d034c85bf207_diario_derivado;;interna;horaria_agregada;media
2017-12-22;4.687083333333333;24;True;0;2463;vazao;Epagri;;;2;False;diaria;f590d034c85bf207_diario_derivado;;interna;horaria_agregada;media
2017-12-23;16.22875;24;True;0;2463;vazao;Epagri;;;2;False;diaria;f590d034c85bf207_diario_derivado;;interna;horaria_agregada;media
2017-12-24;26.865;24;True;0;2463;vazao;Epagri;;;2;False;diaria;f590d034c85bf207_diario_derivado;;interna;horaria_agregada;media
2017-12-25;13.212083333333332;24;True;0;2463;vazao;Epagri;;;2;False;diaria;f590d034c85bf207_diario_derivado;;interna;horaria_agregada;media
2017-12-26;6.484583333333333;24;True;0;2463;vazao;Epagri;;;2;False;diaria;f590d034c85bf207_diario_derivado;;interna;horaria_agregada;media
2017-12-27;6.372916666666666;24;True;0;2463;vazao;Epagri;;;2;False;diaria;f590d034c85bf207_diario_derivado;;interna;horaria_agregada;media
2017-12-28;5.9025;24;True;0;2463;vazao;Epagri;;;2;False;diaria;f590d034c85bf207_diario_derivado;;interna;horaria_agregada;media
2017-12-29;8.745833333333334;24;True;0;2463;vazao;Epagri;;;2;False;diaria;f590d034c85bf207_diario_derivado;;interna;horaria_agregada;media
2017-12-30;10.08;24;True;0;2463;vazao;Epagri;;;2;False;diaria;f590d034c85bf207_diario_derivado;;interna;horaria_agregada;media
2017-12-31;7.93375;24;True;0;2463;vazao;Epagri;;;2;False;diaria;f590d034c85bf207_diario_derivado;;interna;horaria_agregada;media
2018-01-01;6.210833333333333;24;True;0;2463;vazao;Epagri;;;2;False;diaria;f590d034c85bf207_diario_derivado;;interna;horaria_agregada;media
2018-01-02;5.9070833333333335;24;True;0;2463;vazao;Epagri;;;2;False;diaria;f590d034c85bf207_diario_derivado;;interna;horaria_agregada;media
2018-01-03;11.155000000000001;24;True;0;2463;vazao;Epagri;;;2;False;diaria;f590d034c85bf207_diario_derivado;;interna;horaria_agregada;media
2018-01-04;4.6674999999999995;24;True;0;2463;vazao;Epagri;;;2;False;diaria;f590d034c85bf207_diario_derivado;;interna;horaria_agregada;media
2018-01-05;3.9170833333333337;24;True;0;2463;vazao;Epagri;;;2;False;diaria;f590d034c85bf207_diario_derivado;;interna;horaria_agregada;media
2018-01-06;3.497083333333333;24;True;0;2463;vazao;Epagri;;;2;False;diaria;f590d034c85bf207_diario_derivado;;interna;horaria_agregada;media
2018-01-07;3.245833333333333;24;True;0;2463;vazao;Epagri;;;2;False;diaria;f590d034c85bf207_diario_derivado;;interna;horaria_agregada;media
2018-01-08;3.11;24;True;0;2463;vazao;Epagri;;;2;False;diaria;f590d034c85bf207_diario_derivado;;interna;horaria_agregada;media
2018-01-09;6.302083333333333;24;True;0;2463;vazao;Epagri;;;2;False;diaria;f590d034c85bf207_diario_derivado;;interna;horaria_agregada;media
2018-01-10;35.08625;24;True;0;2463;vazao;Epagri;;;2;False;diaria;f590d034c85bf207_diario_derivado;;interna;horaria_agregada;media
2018-01-11;53.185;24;True;0;2463;vazao;Epagri;;;2;False;diaria;f590d034c85bf207_diario_derivado;;interna;horaria_agregada;media
2018-01-12;22.755;24;True;0;2463;vazao;Epagri;;;2;False;diaria;f590d034c85bf207_diario_derivado;;interna;horaria_agregada;media
2018-01-13;12.365416666666667;24;True;0;2463;vazao;Epagri;;;2;False;diaria;f590d034c85bf207_diario_derivado;;interna;horaria_agregada;media
2018-01-14;9.307916666666666;24;True;0;2463;vazao;Epagri;;;2;False;diaria;f590d034c85bf207_diario_derivado;;interna;horaria_agregada;media
2018-01-15;8.25375;24;True;0;2463;vazao;Epagri;;;2;False;diaria;f590d034c85bf207_diario_derivado;;interna;horaria_agregada;media
2018-01-16;7.344166666666666;24;True;0;2463;vazao;Epagri;;;2;False;diaria;f590d034c85bf207_diario_derivado;;interna;horaria_agregada;media
2018-01-17;13.735416666666666;24;True;0;2463;vazao;Epagri;;;2;False;diaria;f590d034c85bf207_diario_derivado;;interna;horaria_agregada;media
2018-01-18;9.432083333333333;24;True;0;2463;vazao;Epagri;;;2;False;diaria;f590d034c85bf207_diario_derivado;;interna;horaria_agregada;media
2018-01-19;7.642916666666667;24;True;0;2463;vazao;Epagri;;;2;False;diaria;f590d034c85bf207_diario_derivado;;interna;horaria_agregada;media
2018-01-20;5.589583333333334;24;True;0;2463;vazao;Epagri;;;2;False;diaria;f590d034c85bf207_diario_derivado;;interna;horaria_agregada;media
2018-01-21;4.9262500000000005;24;True;0;2463;vazao;Epagri;;;2;False;diaria;f590d034c85bf207_diario_derivado;;interna;horaria_agregada;media
2018-01-22;12.203333333333333;24;True;0;2463;vazao;Epagri;;;2;False;diaria;f590d034c85bf207_diario_derivado;;interna;horaria_agregada;media
2018-01-23;7.592083333333334;24;True;0;2463;vazao;Epagri;;;2;False;diaria;f590d034c85bf207_diario_derivado;;interna;horaria_agregada;media
2018-01-24;14.078333333333333;24;True;0;2463;vazao;Epagri;;;2;False;diaria;f590d034c85bf207_diario_derivado;;interna;horaria_agregada;media
2018-01-25;12.840416666666668;24;True;0;2463;vazao;Epagri;;;2;False;diaria;f590d034c85bf207_diario_derivado;;interna;horaria_agregada;media
2018-01-26;7.53625;24;True;0;2463;vazao;Epagri;;;2;False;diaria;f590d034c85bf207_diario_derivado;;interna;horaria_agregada;media
2018-01-27;6.081666666666667;24;True;0;2463;vazao;Epagri;;;2;False;diaria;f590d034c85bf207_diario_derivado;;interna;horaria_agregada;media
2018-01-28;5.677499999999999;24;True;0;2463;vazao;Epagri;;;2;False;diaria;f590d034c85bf207_diario_derivado;;interna;horaria_agregada;media
2018-01-29;4.9575000000000005;24;True;0;2463;vazao;Epagri;;;2;False;diaria;f590d034c85bf207_diario_derivado;;interna;horaria_agregada;media
2018-01-30;4.3187500000000005;24;True;0;2463;vazao;Epagri;;;2;False;diaria;f590d034c85bf207_diario_derivado;;interna;horaria_agregada;media
2018-01-31;4.76625;24;True;0;2463;vazao;Epagri;;;2;False;diaria;f590d034c85bf207_diario_derivado;;interna;horaria_agregada;media
2018-02-01;4.37125;24;True;0;2463;vazao;Epagri;;;2;False;diaria;f590d034c85bf207_diario_derivado;;interna;horaria_agregada;media
2018-02-02;3.7575000000000003;24;True;0;2463;vazao;Epagri;;;2;False;diaria;f590d034c85bf207_diario_derivado;;interna;horaria_agregada;media
2018-02-03;3.4433333333333334;24;True;0;2463;vazao;Epagri;;;2;False;diaria;f590d034c85bf207_diario_derivado;;interna;horaria_agregada;media
2018-02-04;3.2991666666666664;24;True;0;2463;vazao;Epagri;;;2;False;diaria;f590d034c85bf207_diario_derivado;;interna;horaria_agregada;media
2018-02-05;3.25125;24;True;0;2463;vazao;Epagri;;;2;False;diaria;f590d034c85bf207_diario_derivado;;interna;horaria_agregada;media
2018-02-06;3.1149999999999998;24;True;0;2463;vazao;Epagri;;;2;False;diaria;f590d034c85bf207_diario_derivado;;interna;horaria_agregada;media
2018-02-07;3.76;24;True;0;2463;vazao;Epagri;;;2;False;diaria;f590d034c85bf207_diario_derivado;;interna;horaria_agregada;media
2018-02-08;3.4783333333333335;24;True;0;2463;vazao;Epagri;;;2;False;diaria;f590d034c85bf207_diario_derivado;;interna;horaria_agregada;media
2018-02-09;3.9983333333333335;24;True;0;2463;vazao;Epagri;;;2;False;diaria;f590d034c85bf207_diario_derivado;;interna;horaria_agregada;media
2018-02-10;3.6495833333333336;24;True;0;2463;vazao;Epagri;;;2;False;diaria;f590d034c85bf207_diario_derivado;;interna;horaria_agregada;media
2018-02-11;41.36;24;True;0;2463;vazao;Epagri;;;2;False;diaria;f590d034c85bf207_diario_derivado;;interna;horaria_agregada;media
2018-02-12;34.18666666666667;24;True;0;2463;vazao;Epagri;;;2;False;diaria;f590d034c85bf207_diario_derivado;;interna;horaria_agregada;media
2018-02-13;7.766666666666667;24;True;0;2463;vazao;Epagri;;;2;False;diaria;f590d034c85bf207_diario_derivado;;interna;horaria_agregada;media
2018-02-14;5.534583333333334;24;True;0;2463;vazao;Epagri;;;2;False;diaria;f590d034c85bf207_diario_derivado;;interna;horaria_agregada;media
2018-02-15;4.7075000000000005;24;True;0;2463;vazao;Epagri;;;2;False;diaria;f590d034c85bf207_diario_derivado;;interna;horaria_agregada;media
2018-02-16;4.253333333333333;24;True;0;2463;vazao;Epagri;;;2;False;diaria;f590d034c85bf207_diario_derivado;;interna;horaria_agregada;media
2018-02-17;3.89875;24;True;0;2463;vazao;Epagri;;;2;False;diaria;f590d034c85bf207_diario_derivado;;interna;horaria_agregada;media
2018-02-18;3.6366666666666667;24;True;0;2463;vazao;Epagri;;;2;False;diaria;f590d034c85bf207_diario_derivado;;interna;horaria_agregada;media
2018-02-19;4.162083333333333;24;True;0;2463;vazao;Epagri;;;2;False;diaria;f590d034c85bf207_diario_derivado;;interna;horaria_agregada;media
2018-02-20;5.733333333333333;24;True;0;2463;vazao;Epagri;;;2;False;diaria;f590d034c85bf207_diario_derivado;;interna;horaria_agregada;media
2018-02-21;5.5625;24;True;0;2463;vazao;Epagri;;;2;False;diaria;f590d034c85bf207_diario_derivado;;interna;horaria_agregada;media
2018-02-22;7.0495833333333335;24;True;0;2463;vazao;Epagri;;;2;False;diaria;f590d034c85bf207_diario_derivado;;interna;horaria_agregada;media
2018-02-23;5.042916666666667;24;True;0;2463;vazao;Epagri;;;2;False;diaria;f590d034c85bf207_diario_derivado;;interna;horaria_agregada;media
2018-02-24;3.964166666666667;24;True;0;2463;vazao;Epagri;;;2;False;diaria;f590d034c85bf207_diario_derivado;;interna;horaria_agregada;media
2018-02-25;4.0475;24;True;0;2463;vazao;Epagri;;;2;False;diaria;f590d034c85bf207_diario_derivado;;interna;horaria_agregada;media
2018-02-26;4.8925;24;True;0;2463;vazao;Epagri;;;2;False;diaria;f590d034c85bf207_diario_derivado;;interna;horaria_agregada;media
2018-02-27;12.0875;24;True;0;2463;vazao;Epagri;;;2;False;diaria;f590d034c85bf207_diario_derivado;;interna;horaria_agregada;media
2018-02-28;7.492916666666667;24;True;0;2463;vazao;Epagri;;;2;False;diaria;f590d034c85bf207_diario_derivado;;interna;horaria_agregada;media
2018-03-01;12.46625;24;True;0;2463;vazao;Epagri;;;2;False;diaria;f590d034c85bf207_diario_derivado;;interna;horaria_agregada;media
2018-03-02;23.920833333333334;24;True;0;2463;vazao;Epagri;;;2;False;diaria;f590d034c85bf207_diario_derivado;;interna;horaria_agregada;media
2018-03-03;6.360833333333333;24;True;0;2463;vazao;Epagri;;;2;False;diaria;f590d034c85bf207_diario_derivado;;interna;horaria_agregada;media
2018-03-04;6.575833333333333;24;True;0;2463;vazao;Epagri;;;2;False;diaria;f590d034c85bf207_diario_derivado;;interna;horaria_agregada;media
2018-03-05;8.250833333333334;24;True;0;2463;vazao;Epagri;;;2;False;diaria;f590d034c85bf207_diario_derivado;;interna;horaria_agregada;media
2018-03-06;5.642083333333333;24;True;0;2463;vazao;Epagri;;;2;False;diaria;f590d034c85bf207_diario_derivado;;interna;horaria_agregada;media
2018-03-07;4.6137500000000005;24;True;0;2463;vazao;Epagri;;;2;False;diaria;f590d034c85bf207_diario_derivado;;interna;horaria_agregada;media
2018-03-08;4.1658333333333335;24;True;0;2463;vazao;Epagri;;;2;False;diaria;f590d034c85bf207_diario_derivado;;interna;horaria_agregada;media
2018-03-09;3.8808333333333334;24;True;0;2463;vazao;Epagri;;;2;False;diaria;f590d034c85bf207_diario_derivado;;interna;horaria_agregada;media
2018-03-10;3.76125;24;True;0;2463;vazao;Epagri;;;2;False;diaria;f590d034c85bf207_diario_derivado;;interna;horaria_agregada;media
2018-03-11;3.6041666666666665;24;True;0;2463;vazao;Epagri;;;2;False;diaria;f590d034c85bf207_diario_derivado;;interna;horaria_agregada;media
2018-03-12;3.355;24;True;0;2463;vazao;Epagri;;;2;False;diaria;f590d034c85bf207_diario_derivado;;interna;horaria_agregada;media
2018-03-13;3.1658333333333335;24;True;0;2463;vazao;Epagri;;;2;False;diaria;f590d034c85bf207_diario_derivado;;interna;horaria_agregada;media
2018-03-14;3.1149999999999998;24;True;0;2463;vazao;Epagri;;;2;False;diaria;f590d034c85bf207_diario_derivado;;interna;horaria_agregada;media
2018-03-15;3.025;24;True;0;2463;vazao;Epagri;;;2;False;diaria;f590d034c85bf207_diario_derivado;;interna;horaria_agregada;media
2018-03-16;2.88875;24;True;0;2463;vazao;Epagri;;;2;False;diaria;f590d034c85bf207_diario_derivado;;interna;horaria_agregada;media
2018-03-17;2.783333333333333;24;True;0;2463;vazao;Epagri;;;2;False;diaria;f590d034c85bf207_diario_derivado;;interna;horaria_agregada;media
2018-03-18;2.7099999999999995;24;True;0;2463;vazao;Epagri;;;2;False;diaria;f590d034c85bf207_diario_derivado;;interna;horaria_agregada;media
2018-03-19;3.0262499999999997;24;True;0;2463;vazao;Epagri;;;2;False;diaria;f590d034c85bf207_diario_derivado;;interna;horaria_agregada;media
2018-03-20;4.070833333333334;24;True;0;2463;vazao;Epagri;;;2;False;diaria;f590d034c85bf207_diario_derivado;;interna;horaria_agregada;media
2018-03-21;4.2437499999999995;24;True;0;2463;vazao;Epagri;;;2;False;diaria;f590d034c85bf207_diario_derivado;;interna;horaria_agregada;media
2018-03-22;2.765;24;True;0;2463;vazao;Epagri;;;2;False;diaria;f590d034c85bf207_diario_derivado;;interna;horaria_agregada;media
2018-03-23;2.5770833333333334;24;True;0;2463;vazao;Epagri;;;2;False;diaria;f590d034c85bf207_diario_derivado;;interna;horaria_agregada;media
2018-03-24;2.6366666666666667;24;True;0;2463;vazao;Epagri;;;2;False;diaria;f590d034c85bf207_diario_derivado;;interna;horaria_agregada;media
2018-03-25;5.732916666666667;24;True;0;2463;vazao;Epagri;;;2;False;diaria;f590d034c85bf207_diario_derivado;;interna;horaria_agregada;media
2018-03-26;3.855833333333333;24;True;0;2463;vazao;Epagri;;;2;False;diaria;f590d034c85bf207_diario_derivado;;interna;horaria_agregada;media
2018-03-27;16.639166666666664;24;True;0;2463;vazao;Epagri;;;2;False;diaria;f590d034c85bf207_diario_derivado;;interna;horaria_agregada;media
2018-03-28;7.828749999999999;24;True;0;2463;vazao;Epagri;;;2;False;diaria;f590d034c85bf207_diario_derivado;;interna;horaria_agregada;media
2018-03-29;27.8475;24;True;0;2463;vazao;Epagri;;;2;False;diaria;f590d034c85bf207_diario_derivado;;interna;horaria_agregada;media
2018-03-30;24.771666666666665;24;True;0;2463;vazao;Epagri;;;2;False;diaria;f590d034c85bf207_diario_derivado;;interna;horaria_agregada;media
2018-03-31;12.127083333333333;24;True;0;2463;vazao;Epagri;;;2;False;diaria;f590d034c85bf207_diario_derivado;;interna;horaria_agregada;media
2018-04-01;8.7125;24;True;0;2463;vazao;Epagri;;;2;False;diaria;f590d034c85bf207_diario_derivado;;interna;horaria_agregada;media
2018-04-02;5.789583333333333;24;True;0;2463;vazao;Epagri;;;2;False;diaria;f590d034c85bf207_diario_derivado;;interna;horaria_agregada;media
2018-04-03;4.764583333333333;24;True;0;2463;vazao;Epagri;;;2;False;diaria;f590d034c85bf207_diario_derivado;;interna;horaria_agregada;media
2018-04-04;5.190833333333333;24;True;0;2463;vazao;Epagri;;;2;False;diaria;f590d034c85bf207_diario_derivado;;interna;horaria_agregada;media
2018-04-05;10.940416666666666;24;True;0;2463;vazao;Epagri;;;2;False;diaria;f590d034c85bf207_diario_derivado;;interna;horaria_agregada;media
2018-04-06;6.666250000000001;24;True;0;2463;vazao;Epagri;;;2;False;diaria;f590d034c85bf207_diario_derivado;;interna;horaria_agregada;media
2018-04-07;4.59;24;True;0;2463;vazao;Epagri;;;2;False;diaria;f590d034c85bf207_diario_derivado;;interna;horaria_agregada;media
2018-04-08;4.060833333333334;24;True;0;2463;vazao;Epagri;;;2;False;diaria;f590d034c85bf207_diario_derivado;;interna;horaria_agregada;media
2018-04-09;3.72875;24;True;0;2463;vazao;Epagri;;;2;False;diaria;f590d034c85bf207_diario_derivado;;interna;horaria_agregada;media
2018-04-10;4.474583333333333;24;True;0;2463;vazao;Epagri;;;2;False;diaria;f590d034c85bf207_diario_derivado;;interna;horaria_agregada;media
2018-04-11;3.5666666666666664;24;True;0;2463;vazao;Epagri;;;2;False;diaria;f590d034c85bf207_diario_derivado;;interna;horaria_agregada;media
2018-04-12;3.2675;24;True;0;2463;vazao;Epagri;;;2;False;diaria;f590d034c85bf207_diario_derivado;;interna;horaria_agregada;media
2018-04-13;3.1149999999999998;24;True;0;2463;vazao;Epagri;;;2;False;diaria;f590d034c85bf207_diario_derivado;;interna;horaria_agregada;media
2018-04-14;3.82375;24;True;0;2463;vazao;Epagri;;;2;False;diaria;f590d034c85bf207_diario_derivado;;interna;horaria_agregada;media
2018-04-15;3.4095833333333334;24;True;0;2463;vazao;Epagri;;;2;False;diaria;f590d034c85bf207_diario_derivado;;interna;horaria_agregada;media
2018-04-16;4.33;24;True;0;2463;vazao;Epagri;;;2;False;diaria;f590d034c85bf207_diario_derivado;;interna;horaria_agregada;media
2018-04-17;4.245416666666666;24;True;0;2463;vazao;Epagri;;;2;False;diaria;f590d034c85bf207_diario_derivado;;interna;horaria_agregada;media
2018-04-18;3.8579166666666667;24;True;0;2463;vazao;Epagri;;;2;False;diaria;f590d034c85bf207_diario_derivado;;interna;horaria_agregada;media
2018-04-19;3.1020833333333333;24;True;0;2463;vazao;Epagri;;;2;False;diaria;f590d034c85bf207_diario_derivado;;interna;horaria_agregada;media
2018-04-20;2.797083333333333;24;True;0;2463;vazao;Epagri;;;2;False;diaria;f590d034c85bf207_diario_derivado;;interna;horaria_agregada;media
2018-04-21;2.6458333333333335;24;True;0;2463;vazao;Epagri;;;2;False;diaria;f590d034c85bf207_diario_derivado;;interna;horaria_agregada;media
2018-04-22;2.5725000000000002;24;True;0;2463;vazao;Epagri;;;2;False;diaria;f590d034c85bf207_diario_derivado;;interna;horaria_agregada;media
2018-04-23;2.4762500000000003;24;True;0;2463;vazao;Epagri;;;2;False;diaria;f590d034c85bf207_diario_derivado;;interna;horaria_agregada;media
2018-04-24;2.38;24;True;0;2463;vazao;Epagri;;;2;False;diaria;f590d034c85bf207_diario_derivado;;interna;horaria_agregada;media
2018-04-25;2.355;24;True;0;2463;vazao;Epagri;;;2;False;diaria;f590d034c85bf207_diario_derivado;;interna;horaria_agregada;media
2018-04-26;2.28;24;True;0;2463;vazao;Epagri;;;2;False;diaria;f590d034c85bf207_diario_derivado;;interna;horaria_agregada;media
2018-04-27;2.2258333333333336;24;True;0;2463;vazao;Epagri;;;2;False;diaria;f590d034c85bf207_diario_derivado;;interna;horaria_agregada;media
2018-04-28;2.18;24;True;0;2463;vazao;Epagri;;;2;False;diaria;f590d034c85bf207_diario_derivado;;interna;horaria_agregada;media
2018-04-29;2.15375;24;True;0;2463;vazao;Epagri;;;2;False;diaria;f590d034c85bf207_diario_derivado;;interna;horaria_agregada;media
2018-04-30;2.09;24;True;0;2463;vazao;Epagri;;;2;False;diaria;f590d034c85bf207_diario_derivado;;interna;horaria_agregada;media
2018-05-01;2.20125;24;True;0;2463;vazao;Epagri;;;2;False;diaria;f590d034c85bf207_diario_derivado;;interna;horaria_agregada;media
2018-05-02;2.2716666666666665;24;True;0;2463;vazao;Epagri;;;2;False;diaria;f590d034c85bf207_diario_derivado;;interna;horaria_agregada;media
2018-05-03;3.528333333333333;24;True;0;2463;vazao;Epagri;;;2;False;diaria;f590d034c85bf207_diario_derivado;;interna;horaria_agregada;media
2018-05-04;2.515;24;True;0;2463;vazao;Epagri;;;2;False;diaria;f590d034c85bf207_diario_derivado;;interna;horaria_agregada;media
2018-05-05;2.205;24;True;0;2463;vazao;Epagri;;;2;False;diaria;f590d034c85bf207_diario_derivado;;interna;horaria_agregada;media
2018-05-06;2.8241666666666667;24;True;0;2463;vazao;Epagri;;;2;False;diaria;f590d034c85bf207_diario_derivado;;interna;horaria_agregada;media
2018-05-07;6.614583333333333;24;True;0;2463;vazao;Epagri;;;2;False;diaria;f590d034c85bf207_diario_derivado;;interna;horaria_agregada;media
2018-05-08;2.844583333333333;24;True;0;2463;vazao;Epagri;;;2;False;diaria;f590d034c85bf207_diario_derivado;;interna;horaria_agregada;media
2018-05-09;3.035833333333333;24;True;0;2463;vazao;Epagri;;;2;False;diaria;f590d034c85bf207_diario_derivado;;interna;horaria_agregada;media
2018-05-10;3.615;24;True;0;2463;vazao;Epagri;;;2;False;diaria;f590d034c85bf207_diario_derivado;;interna;horaria_agregada;media
2018-05-11;2.4595833333333332;24;True;0;2463;vazao;Epagri;;;2;False;diaria;f590d034c85bf207_diario_derivado;;interna;horaria_agregada;media
2018-05-12;2.1666666666666665;24;True;0;2463;vazao;Epagri;;;2;False;diaria;f590d034c85bf207_diario_derivado;;interna;horaria_agregada;media
2018-05-13;2.0275;24;True;0;2463;vazao;Epagri;;;2;False;diaria;f590d034c85bf207_diario_derivado;;interna;horaria_agregada;media
2018-05-14;1.99;24;True;0;2463;vazao;Epagri;;;2;False;diaria;f590d034c85bf207_diario_derivado;;interna;horaria_agregada;media
2018-05-15;1.9775;24;True;0;2463;vazao;Epagri;;;2;False;diaria;f590d034c85bf207_diario_derivado;;interna;horaria_agregada;media
2018-05-16;2.01625;24;True;0;2463;vazao;Epagri;;;2;False;diaria;f590d034c85bf207_diario_derivado;;interna;horaria_agregada;media
2018-05-17;1.8999999999999997;24;True;0;2463;vazao;Epagri;;;2;False;diaria;f590d034c85bf207_diario_derivado;;interna;horaria_agregada;media
2018-05-18;1.9308333333333332;24;True;0;2463;vazao;Epagri;;;2;False;diaria;f590d034c85bf207_diario_derivado;;interna;horaria_agregada;media
2018-05-19;8.15375;24;True;0;2463;vazao;Epagri;;;2;False;diaria;f590d034c85bf207_diario_derivado;;interna;horaria_agregada;media
2018-05-20;4.265;24;True;0;2463;vazao;Epagri;;;2;False;diaria;f590d034c85bf207_diario_derivado;;interna;horaria_agregada;media
2018-05-21;2.5341666666666667;24;True;0;2463;vazao;Epagri;;;2;False;diaria;f590d034c85bf207_diario_derivado;;interna;horaria_agregada;media
2018-05-22;2.1275;24;True;0;2463;vazao;Epagri;;;2;False;diaria;f590d034c85bf207_diario_derivado;;interna;horaria_agregada;media
2018-05-23;1.9983333333333333;24;True;0;2463;vazao;Epagri;;;2;False;diaria;f590d034c85bf207_diario_derivado;;interna;horaria_agregada;media
2018-05-24;1.8999999999999997;24;True;0;2463;vazao;Epagri;;;2;False;diaria;f590d034c85bf207_diario_derivado;;interna;horaria_agregada;media
2018-05-25;1.8849999999999998;24;True;0;2463;vazao;Epagri;;;2;False;diaria;f590d034c85bf207_diario_derivado;;interna;horaria_agregada;media
2018-05-26;1.8099999999999998;24;True;0;2463;vazao;Epagri;;;2;False;diaria;f590d034c85bf207_diario_derivado;;interna;horaria_agregada;media
2018-05-27;1.8099999999999998;24;True;0;2463;vazao;Epagri;;;2;False;diaria;f590d034c85bf207_diario_derivado;;interna;horaria_agregada;media
2018-05-28;1.7575;24;True;0;2463;vazao;Epagri;;;2;False;diaria;f590d034c85bf207_diario_derivado;;interna;horaria_agregada;media
2018-05-29;1.7612500000000002;24;True;0;2463;vazao;Epagri;;;2;False;diaria;f590d034c85bf207_diario_derivado;;interna;horaria_agregada;media
2018-05-30;1.8475000000000001;24;True;0;2463;vazao;Epagri;;;2;False;diaria;f590d034c85bf207_diario_derivado;;interna;horaria_agregada;media
2018-05-31;1.72375;24;True;0;2463;vazao;Epagri;;;2;False;diaria;f590d034c85bf207_diario_derivado;;interna;horaria_agregada;media
2018-06-01;1.6433333333333333;24;True;0;2463;vazao;Epagri;;;2;False;diaria;f590d034c85bf207_diario_derivado;;interna;horaria_agregada;media
2018-06-02;1.64;24;True;0;2463;vazao;Epagri;;;2;False;diaria;f590d034c85bf207_diario_derivado;;interna;horaria_agregada;media
2018-06-03;1.6175;24;True;0;2463;vazao;Epagri;;;2;False;diaria;f590d034c85bf207_diario_derivado;;interna;horaria_agregada;media
2018-06-04;1.55;24;True;0;2463;vazao;Epagri;;;2;False;diaria;f590d034c85bf207_diario_derivado;;interna;horaria_agregada;media
2018-06-05;1.7016666666666664;24;True;0;2463;vazao;Epagri;;;2;False;diaria;f590d034c85bf207_diario_derivado;;interna;horaria_agregada;media
2018-06-06;2.00875;24;True;0;2463;vazao;Epagri;;;2;False;diaria;f590d034c85bf207_diario_derivado;;interna;horaria_agregada;media
2018-06-07;1.6879166666666665;24;True;0;2463;vazao;Epagri;;;2;False;diaria;f590d034c85bf207_diario_derivado;;interna;horaria_agregada;media
2018-06-08;1.5725;24;True;0;2463;vazao;Epagri;;;2;False;diaria;f590d034c85bf207_diario_derivado;;interna;horaria_agregada;media
2018-06-09;1.4966666666666668;24;True;0;2463;vazao;Epagri;;;2;False;diaria;f590d034c85bf207_diario_derivado;;interna;horaria_agregada;media
2018-06-10;1.47;24;True;0;2463;vazao;Epagri;;;2;False;diaria;f590d034c85bf207_diario_derivado;;interna;horaria_agregada;media
2018-06-11;1.47;24;True;0;2463;vazao;Epagri;;;2;False;diaria;f590d034c85bf207_diario_derivado;;interna;horaria_agregada;media
2018-06-12;7.840833333333333;24;True;0;2463;vazao;Epagri;;;2;False;diaria;f590d034c85bf207_diario_derivado;;interna;horaria_agregada;media
2018-06-13;4.11125;24;True;0;2463;vazao;Epagri;;;2;False;diaria;f590d034c85bf207_diario_derivado;;interna;horaria_agregada;media
2018-06-14;2.033333333333333;24;True;0;2463;vazao;Epagri;;;2;False;diaria;f590d034c85bf207_diario_derivado;;interna;horaria_agregada;media
2018-06-15;1.7462499999999999;24;True;0;2463;vazao;Epagri;;;2;False;diaria;f590d034c85bf207_diario_derivado;;interna;horaria_agregada;media
2018-06-16;1.6466666666666665;24;True;0;2463;vazao;Epagri;;;2;False;diaria;f590d034c85bf207_diario_derivado;;interna;horaria_agregada;media
2018-06-17;1.5575;24;True;0;2463;vazao;Epagri;;;2;False;diaria;f590d034c85bf207_diario_derivado;;interna;horaria_agregada;media
2018-06-18;1.55375;24;True;0;2463;vazao;Epagri;;;2;False;diaria;f590d034c85bf207_diario_derivado;;interna;horaria_agregada;media
2018-06-19;1.55;24;True;0;2463;vazao;Epagri;;;2;False;diaria;f590d034c85bf207_diario_derivado;;interna;horaria_agregada;media
2018-06-20;1.5366666666666668;24;True;0;2463;vazao;Epagri;;;2;False;diaria;f590d034c85bf207_diario_derivado;;interna;horaria_agregada;media
2018-06-21;1.47;24;True;0;2463;vazao;Epagri;;;2;False;diaria;f590d034c85bf207_diario_derivado;;interna;horaria_agregada;media
2018-06-22;1.4066666666666665;24;True;0;2463;vazao;Epagri;;;2;False;diaria;f590d034c85bf207_diario_derivado;;interna;horaria_agregada;media
2018-06-23;1.4633333333333332;24;True;0;2463;vazao;Epagri;;;2;False;diaria;f590d034c85bf207_diario_derivado;;interna;horaria_agregada;media
2018-06-24;1.4033333333333333;24;True;0;2463;vazao;Epagri;;;2;False;diaria;f590d034c85bf207_diario_derivado;;interna;horaria_agregada;media
2018-06-25;1.4799999999999998;24;True;0;2463;vazao;Epagri;;;2;False;diaria;f590d034c85bf207_diario_derivado;;interna;horaria_agregada;media
2018-06-26;1.55;24;True;0;2463;vazao;Epagri;;;2;False;diaria;f590d034c85bf207_diario_derivado;;interna;horaria_agregada;media
2018-06-27;1.54;24;True;0;2463;vazao;Epagri;;;2;False;diaria;f590d034c85bf207_diario_derivado;;interna;horaria_agregada;media
2018-06-28;1.47;24;True;0;2463;vazao;Epagri;;;2;False;diaria;f590d034c85bf207_diario_derivado;;interna;horaria_agregada;media
2018-06-29;1.3966666666666665;24;True;0;2463;vazao;Epagri;;;2;False;diaria;f590d034c85bf207_diario_derivado;;interna;horaria_agregada;media
2018-06-30;1.7866666666666668;24;True;0;2463;vazao;Epagri;;;2;False;diaria;f590d034c85bf207_diario_derivado;;interna;horaria_agregada;media
2018-07-01;1.61625;24;True;0;2463;vazao;Epagri;;;2;False;diaria;f590d034c85bf207_diario_derivado;;interna;horaria_agregada;media
2018-07-02;1.4233333333333331;24;True;0;2463;vazao;Epagri;;;2;False;diaria;f590d034c85bf207_diario_derivado;;interna;horaria_agregada;media
2018-07-03;1.4433333333333334;24;True;0;2463;vazao;Epagri;;;2;False;diaria;f590d034c85bf207_diario_derivado;;interna;horaria_agregada;media
2018-07-04;5.17;24;True;0;2463;vazao;Epagri;;;2;False;diaria;f590d034c85bf207_diario_derivado;;interna;horaria_agregada;media
2018-07-05;3.2470833333333338;24;True;0;2463;vazao;Epagri;;;2;False;diaria;f590d034c85bf207_diario_derivado;;interna;horaria_agregada;media
2018-07-06;1.87875;24;True;0;2463;vazao;Epagri;;;2;False;diaria;f590d034c85bf207_diario_derivado;;interna;horaria_agregada;media
2018-07-07;1.64875;24;True;0;2463;vazao;Epagri;;;2;False;diaria;f590d034c85bf207_diario_derivado;;interna;horaria_agregada;media
2018-07-08;1.51;24;True;0;2463;vazao;Epagri;;;2;False;diaria;f590d034c85bf207_diario_derivado;;interna;horaria_agregada;media
2018-07-09;1.4433333333333334;24;True;0;2463;vazao;Epagri;;;2;False;diaria;f590d034c85bf207_diario_derivado;;interna;horaria_agregada;media
2018-07-10;1.39;24;True;0;2463;vazao;Epagri;;;2;False;diaria;f590d034c85bf207_diario_derivado;;interna;horaria_agregada;media
2018-07-11;1.3637499999999998;24;True;0;2463;vazao;Epagri;;;2;False;diaria;f590d034c85bf207_diario_derivado;;interna;horaria_agregada;media
2018-07-12;1.32;24;True;0;2463;vazao;Epagri;;;2;False;diaria;f590d034c85bf207_diario_derivado;;interna;horaria_agregada;media
2018-07-13;1.32;24;True;0;2463;vazao;Epagri;;;2;False;diaria;f590d034c85bf207_diario_derivado;;interna;horaria_agregada;media
2018-07-14;1.2733333333333334;24;True;0;2463;vazao;Epagri;;;2;False;diaria;f590d034c85bf207_diario_derivado;;interna;horaria_agregada;media
2018-07-15;1.25;24;True;0;2463;vazao;Epagri;;;2;False;diaria;f590d034c85bf207_diario_derivado;;interna;horaria_agregada;media
2018-07-16;1.2895833333333333;24;True;0;2463;vazao;Epagri;;;2;False;diaria;f590d034c85bf207_diario_derivado;;interna;horaria_agregada;media
2018-07-17;4.33625;24;True;0;2463;vazao;Epagri;;;2;False;diaria;f590d034c85bf207_diario_derivado;;interna;horaria_agregada;media
2018-07-18;1.7770833333333333;24;True;0;2463;vazao;Epagri;;;2;False;diaria;f590d034c85bf207_diario_derivado;;interna;horaria_agregada;media
2018-07-19;1.46;24;True;0;2463;vazao;Epagri;;;2;False;diaria;f590d034c85bf207_diario_derivado;;interna;horaria_agregada;media
2018-07-20;1.3549999999999998;24;True;0;2463;vazao;Epagri;;;2;False;diaria;f590d034c85bf207_diario_derivado;;interna;horaria_agregada;media
2018-07-21;1.31125;24;True;0;2463;vazao;Epagri;;;2;False;diaria;f590d034c85bf207_diario_derivado;;interna;horaria_agregada;media
2018-07-22;1.25;24;True;0;2463;vazao;Epagri;;;2;False;diaria;f590d034c85bf207_diario_derivado;;interna;horaria_agregada;media
2018-07-23;1.25;24;True;0;2463;vazao;Epagri;;;2;False;diaria;f590d034c85bf207_diario_derivado;;interna;horaria_agregada;media
2018-07-24;1.25;24;True;0;2463;vazao;Epagri;;;2;False;diaria;f590d034c85bf207_diario_derivado;;interna;horaria_agregada;media
2018-07-25;13.050833333333335;24;True;0;2463;vazao;Epagri;;;2;False;diaria;f590d034c85bf207_diario_derivado;;interna;horaria_agregada;media
2018-07-26;7.508333333333333;24;True;0;2463;vazao;Epagri;;;2;False;diaria;f590d034c85bf207_diario_derivado;;interna;horaria_agregada;media
2018-07-27;2.3241666666666667;24;True;0;2463;vazao;Epagri;;;2;False;diaria;f590d034c85bf207_diario_derivado;;interna;horaria_agregada;media
2018-07-28;1.825;24;True;0;2463;vazao;Epagri;;;2;False;diaria;f590d034c85bf207_diario_derivado;;interna;horaria_agregada;media
2018-07-29;1.6275000000000002;24;True;0;2463;vazao;Epagri;;;2;False;diaria;f590d034c85bf207_diario_derivado;;interna;horaria_agregada;media
2018-07-30;1.4966666666666668;24;True;0;2463;vazao;Epagri;;;2;False;diaria;f590d034c85bf207_diario_derivado;;interna;horaria_agregada;media
2018-07-31;1.4033333333333333;24;True;0;2463;vazao;Epagri;;;2;False;diaria;f590d034c85bf207_diario_derivado;;interna;horaria_agregada;media
2018-08-01;1.3695833333333332;24;True;0;2463;vazao;Epagri;;;2;False;diaria;f590d034c85bf207_diario_derivado;;interna;horaria_agregada;media
2018-08-02;1.35625;24;True;0;2463;vazao;Epagri;;;2;False;diaria;f590d034c85bf207_diario_derivado;;interna;horaria_agregada;media
2018-08-03;7.864583333333333;24;True;0;2463;vazao;Epagri;;;2;False;diaria;f590d034c85bf207_diario_derivado;;interna;horaria_agregada;media
2018-08-04;3.17375;24;True;0;2463;vazao;Epagri;;;2;False;diaria;f590d034c85bf207_diario_derivado;;interna;horaria_agregada;media
2018-08-05;1.9554166666666666;24;True;0;2463;vazao;Epagri;;;2;False;diaria;f590d034c85bf207_diario_derivado;;interna;horaria_agregada;media
2018-08-06;1.67;24;True;0;2463;vazao;Epagri;;;2;False;diaria;f590d034c85bf207_diario_derivado;;interna;horaria_agregada;media
2018-08-07;1.5433333333333332;24;True;0;2463;vazao;Epagri;;;2;False;diaria;f590d034c85bf207_diario_derivado;;interna;horaria_agregada;media
2018-08-08;1.47;24;True;0;2463;vazao;Epagri;;;2;False;diaria;f590d034c85bf207_diario_derivado;;interna;horaria_agregada;media
2018-08-09;1.47;24;True;0;2463;vazao;Epagri;;;2;False;diaria;f590d034c85bf207_diario_derivado;;interna;horaria_agregada;media
2018-08-10;1.3841666666666665;24;True;0;2463;vazao;Epagri;;;2;False;diaria;f590d034c85bf207_diario_derivado;;interna;horaria_agregada;media
2018-08-11;1.32;24;True;0;2463;vazao;Epagri;;;2;False;diaria;f590d034c85bf207_diario_derivado;;interna;horaria_agregada;media
2018-08-12;1.32;24;True;0;2463;vazao;Epagri;;;2;False;diaria;f590d034c85bf207_diario_derivado;;interna;horaria_agregada;media
2018-08-13;1.31125;24;True;0;2463;vazao;Epagri;;;2;False;diaria;f590d034c85bf207_diario_derivado;;interna;horaria_agregada;media
2018-08-14;1.25;24;True;0;2463;vazao;Epagri;;;2;False;diaria;f590d034c85bf207_diario_derivado;;interna;horaria_agregada;media
2018-08-15;1.25;24;True;0;2463;vazao;Epagri;;;2;False;diaria;f590d034c85bf207_diario_derivado;;interna;horaria_agregada;media
2018-08-16;1.25;24;True;0;2463;vazao;Epagri;;;2;False;diaria;f590d034c85bf207_diario_derivado;;interna;horaria_agregada;media
2018-08-17;1.2466666666666668;24;True;0;2463;vazao;Epagri;;;2;False;diaria;f590d034c85bf207_diario_derivado;;interna;horaria_agregada;media
2018-08-18;1.17;24;True;0;2463;vazao;Epagri;;;2;False;diaria;f590d034c85bf207_diario_derivado;;interna;horaria_agregada;media
2018-08-19;1.17;24;True;0;2463;vazao;Epagri;;;2;False;diaria;f590d034c85bf207_diario_derivado;;interna;horaria_agregada;media
2018-08-20;1.1733333333333331;24;True;0;2463;vazao;Epagri;;;2;False;diaria;f590d034c85bf207_diario_derivado;;interna;horaria_agregada;media
2018-08-21;1.8908333333333334;24;True;0;2463;vazao;Epagri;;;2;False;diaria;f590d034c85bf207_diario_derivado;;interna;horaria_agregada;media
2018-08-22;7.712083333333333;24;True;0;2463;vazao;Epagri;;;2;False;diaria;f590d034c85bf207_diario_derivado;;interna;horaria_agregada;media
2018-08-23;3.1275;24;True;0;2463;vazao;Epagri;;;2;False;diaria;f590d034c85bf207_diario_derivado;;interna;horaria_agregada;media
2018-08-24;1.8895833333333334;24;True;0;2463;vazao;Epagri;;;2;False;diaria;f590d034c85bf207_diario_derivado;;interna;horaria_agregada;media
2018-08-25;3.1916666666666664;24;True;0;2463;vazao;Epagri;;;2;False;diaria;f590d034c85bf207_diario_derivado;;interna;horaria_agregada;media
2018-08-26;1.8254166666666667;24;True;0;2463;vazao;Epagri;;;2;False;diaria;f590d034c85bf207_diario_derivado;;interna;horaria_agregada;media
2018-08-27;1.5;24;True;0;2463;vazao;Epagri;;;2;False;diaria;f590d034c85bf207_diario_derivado;;interna;horaria_agregada;media
2018-08-28;1.41;24;True;0;2463;vazao;Epagri;;;2;False;diaria;f590d034c85bf207_diario_derivado;;interna;horaria_agregada;media
2018-08-29;1.39;24;True;0;2463;vazao;Epagri;;;2;False;diaria;f590d034c85bf207_diario_derivado;;interna;horaria_agregada;media
2018-08-30;1.32875;24;True;0;2463;vazao;Epagri;;;2;False;diaria;f590d034c85bf207_diario_derivado;;interna;horaria_agregada;media
2018-08-31;1.3320833333333335;24;True;0;2463;vazao;Epagri;;;2;False;diaria;f590d034c85bf207_diario_derivado;;interna;horaria_agregada;media
2018-09-01;6.38375;24;True;0;2463;vazao;Epagri;;;2;False;diaria;f590d034c85bf207_diario_derivado;;interna;horaria_agregada;media
2018-09-02;7.506666666666667;24;True;0;2463;vazao;Epagri;;;2;False;diaria;f590d034c85bf207_diario_derivado;;interna;horaria_agregada;media
2018-09-03;18.632916666666667;24;True;0;2463;vazao;Epagri;;;2;False;diaria;f590d034c85bf207_diario_derivado;;interna;horaria_agregada;media
2018-09-04;39.20791666666667;24;True;0;2463;vazao;Epagri;;;2;False;diaria;f590d034c85bf207_diario_derivado;;interna;horaria_agregada;media
2018-09-05;5.84375;24;True;0;2463;vazao;Epagri;;;2;False;diaria;f590d034c85bf207_diario_derivado;;interna;horaria_agregada;media
2018-09-06;3.720416666666667;24;True;0;2463;vazao;Epagri;;;2;False;diaria;f590d034c85bf207_diario_derivado;;interna;horaria_agregada;media
2018-09-07;2.9591666666666665;24;True;0;2463;vazao;Epagri;;;2;False;diaria;f590d034c85bf207_diario_derivado;;interna;horaria_agregada;media
2018-09-08;2.535833333333333;24;True;0;2463;vazao;Epagri;;;2;False;diaria;f590d034c85bf207_diario_derivado;;interna;horaria_agregada;media
2018-09-09;2.28;24;True;0;2463;vazao;Epagri;;;2;False;diaria;f590d034c85bf207_diario_derivado;;interna;horaria_agregada;media
2018-09-10;2.11625;24;True;0;2463;vazao;Epagri;;;2;False;diaria;f590d034c85bf207_diario_derivado;;interna;horaria_agregada;media
2018-09-11;2.84375;24;True;0;2463;vazao;Epagri;;;2;False;diaria;f590d034c85bf207_diario_derivado;;interna;horaria_agregada;media
2018-09-12;6.470833333333334;24;True;0;2463;vazao;Epagri;;;2;False;diaria;f590d034c85bf207_diario_derivado;;interna;horaria_agregada;media
2018-09-13;15.874583333333334;24;True;0;2463;vazao;Epagri;;;2;False;diaria;f590d034c85bf207_diario_derivado;;interna;horaria_agregada;media
2018-09-14;11.845833333333333;24;True;0;2463;vazao;Epagri;;;2;False;diaria;f590d034c85bf207_diario_derivado;;interna;horaria_agregada;media
2018-09-15;15.573749999999999;24;True;0;2463;vazao;Epagri;;;2;False;diaria;f590d034c85bf207_diario_derivado;;interna;horaria_agregada;media
2018-09-16;8.82875;24;True;0;2463;vazao;Epagri;;;2;False;diaria;f590d034c85bf207_diario_derivado;;interna;horaria_agregada;media
2018-09-17;12.280000000000001;24;True;0;2463;vazao;Epagri;;;2;False;diaria;f590d034c85bf207_diario_derivado;;interna;horaria_agregada;media
2018-09-18;10.834583333333333;24;True;0;2463;vazao;Epagri;;;2;False;diaria;f590d034c85bf207_diario_derivado;;interna;horaria_agregada;media
2018-09-19;5.2775;24;True;0;2463;vazao;Epagri;;;2;False;diaria;f590d034c85bf207_diario_derivado;;interna;horaria_agregada;media
2018-09-20;4.119583333333334;24;True;0;2463;vazao;Epagri;;;2;False;diaria;f590d034c85bf207_diario_derivado;;interna;horaria_agregada;media
2018-09-21;3.55125;24;True;0;2463;vazao;Epagri;;;2;False;diaria;f590d034c85bf207_diario_derivado;;interna;horaria_agregada;media
2018-09-22;3.137083333333333;24;True;0;2463;vazao;Epagri;;;2;False;diaria;f590d034c85bf207_diario_derivado;;interna;horaria_agregada;media
2018-09-23;2.829166666666667;24;True;0;2463;vazao;Epagri;;;2;False;diaria;f590d034c85bf207_diario_derivado;;interna;horaria_agregada;media
2018-09-24;2.5770833333333334;24;True;0;2463;vazao;Epagri;;;2;False;diaria;f590d034c85bf207_diario_derivado;;interna;horaria_agregada;media
2018-09-25;2.4716666666666667;24;True;0;2463;vazao;Epagri;;;2;False;diaria;f590d034c85bf207_diario_derivado;;interna;horaria_agregada;media
2018-09-26;2.3633333333333333;24;True;0;2463;vazao;Epagri;;;2;False;diaria;f590d034c85bf207_diario_derivado;;interna;horaria_agregada;media
2018-09-27;2.438333333333333;24;True;0;2463;vazao;Epagri;;;2;False;diaria;f590d034c85bf207_diario_derivado;;interna;horaria_agregada;media
2018-09-28;2.3612499999999996;24;True;0;2463;vazao;Epagri;;;2;False;diaria;f590d034c85bf207_diario_derivado;;interna;horaria_agregada;media
2018-09-29;3.370416666666667;24;True;0;2463;vazao;Epagri;;;2;False;diaria;f590d034c85bf207_diario_derivado;;interna;horaria_agregada;media
2018-09-30;2.629166666666667;24;True;0;2463;vazao;Epagri;;;2;False;diaria;f590d034c85bf207_diario_derivado;;interna;horaria_agregada;media
2018-10-01;8.588333333333333;24;True;0;2463;vazao;Epagri;;;2;False;diaria;f590d034c85bf207_diario_derivado;;interna;horaria_agregada;media
2018-10-02;6.083333333333333;24;True;0;2463;vazao;Epagri;;;2;False;diaria;f590d034c85bf207_diario_derivado;;interna;horaria_agregada;media
2018-10-03;12.331666666666665;24;True;0;2463;vazao;Epagri;;;2;False;diaria;f590d034c85bf207_diario_derivado;;interna;horaria_agregada;media
2018-10-04;6.072916666666667;24;True;0;2463;vazao;Epagri;;;2;False;diaria;f590d034c85bf207_diario_derivado;;interna;horaria_agregada;media
2018-10-05;3.63875;24;True;0;2463;vazao;Epagri;;;2;False;diaria;f590d034c85bf207_diario_derivado;;interna;horaria_agregada;media
2018-10-06;2.982083333333333;24;True;0;2463;vazao;Epagri;;;2;False;diaria;f590d034c85bf207_diario_derivado;;interna;horaria_agregada;media
2018-10-07;2.75125;24;True;0;2463;vazao;Epagri;;;2;False;diaria;f590d034c85bf207_diario_derivado;;interna;horaria_agregada;media
2018-10-08;2.7424999999999997;24;True;0;2463;vazao;Epagri;;;2;False;diaria;f590d034c85bf207_diario_derivado;;interna;horaria_agregada;media
2018-10-09;2.92;24;True;0;2463;vazao;Epagri;;;2;False;diaria;f590d034c85bf207_diario_derivado;;interna;horaria_agregada;media
2018-10-10;3.0070833333333336;24;True;0;2463;vazao;Epagri;;;2;False;diaria;f590d034c85bf207_diario_derivado;;interna;horaria_agregada;media
2018-10-11;2.512916666666667;24;True;0;2463;vazao;Epagri;;;2;False;diaria;f590d034c85bf207_diario_derivado;;interna;horaria_agregada;media
2018-10-12;2.3891666666666667;24;True;0;2463;vazao;Epagri;;;2;False;diaria;f590d034c85bf207_diario_derivado;;interna;horaria_agregada;media
2018-10-13;2.6366666666666667;24;True;0;2463;vazao;Epagri;;;2;False;diaria;f590d034c85bf207_diario_derivado;;interna;horaria_agregada;media
2018-10-14;2.7420833333333334;24;True;0;2463;vazao;Epagri;;;2;False;diaria;f590d034c85bf207_diario_derivado;;interna;horaria_agregada;media
2018-10-15;2.4004166666666666;24;True;0;2463;vazao;Epagri;;;2;False;diaria;f590d034c85bf207_diario_derivado;;interna;horaria_agregada;media
2018-10-16;2.8812499999999996;24;True;0;2463;vazao;Epagri;;;2;False;diaria;f590d034c85bf207_diario_derivado;;interna;horaria_agregada;media
2018-10-17;8.530416666666666;24;True;0;2463;vazao;Epagri;;;2;False;diaria;f590d034c85bf207_diario_derivado;;interna;horaria_agregada;media
2018-10-18;3.764583333333333;24;True;0;2463;vazao;Epagri;;;2;False;diaria;f590d034c85bf207_diario_derivado;;interna;horaria_agregada;media
2018-10-19;2.7704166666666663;24;True;0;2463;vazao;Epagri;;;2;False;diaria;f590d034c85bf207_diario_derivado;;interna;horaria_agregada;media
2018-10-20;2.3779166666666667;24;True;0;2463;vazao;Epagri;;;2;False;diaria;f590d034c85bf207_diario_derivado;;interna;horaria_agregada;media
2018-10-21;2.2674999999999996;24;True;0;2463;vazao;Epagri;;;2;False;diaria;f590d034c85bf207_diario_derivado;;interna;horaria_agregada;media
2018-10-22;2.205;24;True;0;2463;vazao;Epagri;;;2;False;diaria;f590d034c85bf207_diario_derivado;;interna;horaria_agregada;media
2018-10-23;2.18;24;True;0;2463;vazao;Epagri;;;2;False;diaria;f590d034c85bf207_diario_derivado;;interna;horaria_agregada;media
2018-10-24;3.252916666666667;24;True;0;2463;vazao;Epagri;;;2;False;diaria;f590d034c85bf207_diario_derivado;;interna;horaria_agregada;media
2018-10-25;4.524583333333333;24;True;0;2463;vazao;Epagri;;;2;False;diaria;f590d034c85bf207_diario_derivado;;interna;horaria_agregada;media
2018-10-26;17.6925;24;True;0;2463;vazao;Epagri;;;2;False;diaria;f590d034c85bf207_diario_derivado;;interna;horaria_agregada;media
2018-10-27;12.641666666666666;24;True;0;2463;vazao;Epagri;;;2;False;diaria;f590d034c85bf207_diario_derivado;;interna;horaria_agregada;media
2018-10-28;4.399166666666667;24;True;0;2463;vazao;Epagri;;;2;False;diaria;f590d034c85bf207_diario_derivado;;interna;horaria_agregada;media
2018-10-29;3.63125;24;True;0;2463;vazao;Epagri;;;2;False;diaria;f590d034c85bf207_diario_derivado;;interna;horaria_agregada;media
2018-10-30;3.43375;24;True;0;2463;vazao;Epagri;;;2;False;diaria;f590d034c85bf207_diario_derivado;;interna;horaria_agregada;media
2018-10-31;17.507916666666667;24;True;0;2463;vazao;Epagri;;;2;False;diaria;f590d034c85bf207_diario_derivado;;interna;horaria_agregada;media
2018-11-01;5.59625;24;True;0;2463;vazao;Epagri;;;2;False;diaria;f590d034c85bf207_diario_derivado;;interna;horaria_agregada;media
2018-11-02;4.033333333333333;24;True;0;2463;vazao;Epagri;;;2;False;diaria;f590d034c85bf207_diario_derivado;;interna;horaria_agregada;media
2018-11-03;4.757083333333333;24;True;0;2463;vazao;Epagri;;;2;False;diaria;f590d034c85bf207_diario_derivado;;interna;horaria_agregada;media
2018-11-04;5.359166666666667;24;True;0;2463;vazao;Epagri;;;2;False;diaria;f590d034c85bf207_diario_derivado;;interna;horaria_agregada;media
2018-11-05;3.6791666666666667;24;True;0;2463;vazao;Epagri;;;2;False;diaria;f590d034c85bf207_diario_derivado;;interna;horaria_agregada;media
2018-11-06;3.1525;24;True;0;2463;vazao;Epagri;;;2;False;diaria;f590d034c85bf207_diario_derivado;;interna;horaria_agregada;media
2018-11-07;2.98;24;True;0;2463;vazao;Epagri;;;2;False;diaria;f590d034c85bf207_diario_derivado;;interna;horaria_agregada;media
2018-11-08;3.546666666666667;24;True;0;2463;vazao;Epagri;;;2;False;diaria;f590d034c85bf207_diario_derivado;;interna;horaria_agregada;media
2018-11-09;5.932916666666666;24;True;0;2463;vazao;Epagri;;;2;False;diaria;f590d034c85bf207_diario_derivado;;interna;horaria_agregada;media
2018-11-10;19.760416666666668;24;True;0;2463;vazao;Epagri;;;2;False;diaria;f590d034c85bf207_diario_derivado;;interna;horaria_agregada;media
2018-11-11;8.574166666666667;24;True;0;2463;vazao;Epagri;;;2;False;diaria;f590d034c85bf207_diario_derivado;;interna;horaria_agregada;media
2018-11-12;4.829166666666667;24;True;0;2463;vazao;Epagri;;;2;False;diaria;f590d034c85bf207_diario_derivado;;interna;horaria_agregada;media
2018-11-13;4.375416666666667;24;True;0;2463;vazao;Epagri;;;2;False;diaria;f590d034c85bf207_diario_derivado;;interna;horaria_agregada;media
2018-11-14;3.7929166666666667;24;True;0;2463;vazao;Epagri;;;2;False;diaria;f590d034c85bf207_diario_derivado;;interna;horaria_agregada;media
2018-11-15;3.2762499999999997;24;True;0;2463;vazao;Epagri;;;2;False;diaria;f590d034c85bf207_diario_derivado;;interna;horaria_agregada;media
2018-11-16;2.9425000000000003;24;True;0;2463;vazao;Epagri;;;2;False;diaria;f590d034c85bf207_diario_derivado;;interna;horaria_agregada;media
2018-11-17;2.7741666666666664;24;True;0;2463;vazao;Epagri;;;2;False;diaria;f590d034c85bf207_diario_derivado;;interna;horaria_agregada;media
2018-11-18;7.4975;24;True;0;2463;vazao;Epagri;;;2;False;diaria;f590d034c85bf207_diario_derivado;;interna;horaria_agregada;media
2018-11-19;3.8195833333333336;24;True;0;2463;vazao;Epagri;;;2;False;diaria;f590d034c85bf207_diario_derivado;;interna;horaria_agregada;media
2018-11-20;2.8808333333333334;24;True;0;2463;vazao;Epagri;;;2;False;diaria;f590d034c85bf207_diario_derivado;;interna;horaria_agregada;media
2018-11-21;2.6504166666666666;24;True;0;2463;vazao;Epagri;;;2;False;diaria;f590d034c85bf207_diario_derivado;;interna;horaria_agregada;media
2018-11-22;2.5679166666666666;24;True;0;2463;vazao;Epagri;;;2;False;diaria;f590d034c85bf207_diario_derivado;;interna;horaria_agregada;media
2018-11-23;2.5633333333333335;24;True;0;2463;vazao;Epagri;;;2;False;diaria;f590d034c85bf207_diario_derivado;;interna;horaria_agregada;media
2018-11-24;8.184583333333334;24;True;0;2463;vazao;Epagri;;;2;False;diaria;f590d034c85bf207_diario_derivado;;interna;horaria_agregada;media
2018-11-25;5.212083333333333;24;True;0;2463;vazao;Epagri;;;2;False;diaria;f590d034c85bf207_diario_derivado;;interna;horaria_agregada;media
2018-11-26;3.06375;24;True;0;2463;vazao;Epagri;;;2;False;diaria;f590d034c85bf207_diario_derivado;;interna;horaria_agregada;media
2018-11-27;2.7558333333333334;24;True;0;2463;vazao;Epagri;;;2;False;diaria;f590d034c85bf207_diario_derivado;;interna;horaria_agregada;media
2018-11-28;4.327916666666667;24;True;0;2463;vazao;Epagri;;;2;False;diaria;f590d034c85bf207_diario_derivado;;interna;horaria_agregada;media
2018-11-29;4.69125;24;True;0;2463;vazao;Epagri;;;2;False;diaria;f590d034c85bf207_diario_derivado;;interna;horaria_agregada;media
2018-11-30;19.22041666666667;24;True;0;2463;vazao;Epagri;;;2;False;diaria;f590d034c85bf207_diario_derivado;;interna;horaria_agregada;media
2018-12-01;7.664166666666667;24;True;0;2463;vazao;Epagri;;;2;False;diaria;f590d034c85bf207_diario_derivado;;interna;horaria_agregada;media
2018-12-02;5.0200000000000005;24;True;0;2463;vazao;Epagri;;;2;False;diaria;f590d034c85bf207_diario_derivado;;interna;horaria_agregada;media
2018-12-03;3.7929166666666667;24;True;0;2463;vazao;Epagri;;;2;False;diaria;f590d034c85bf207_diario_derivado;;interna;horaria_agregada;media
2018-12-04;3.342916666666667;24;True;0;2463;vazao;Epagri;;;2;False;diaria;f590d034c85bf207_diario_derivado;;interna;horaria_agregada;media
2018-12-05;2.9866666666666664;24;True;0;2463;vazao;Epagri;;;2;False;diaria;f590d034c85bf207_diario_derivado;;interna;horaria_agregada;media
2018-12-06;2.797083333333333;24;True;0;2463;vazao;Epagri;;;2;False;diaria;f590d034c85bf207_diario_derivado;;interna;horaria_agregada;media
2018-12-07;2.6687499999999997;24;True;0;2463;vazao;Epagri;;;2;False;diaria;f590d034c85bf207_diario_derivado;;interna;horaria_agregada;media
2018-12-08;2.485416666666667;24;True;0;2463;vazao;Epagri;;;2;False;diaria;f590d034c85bf207_diario_derivado;;interna;horaria_agregada;media
2018-12-09;2.3716666666666666;24;True;0;2463;vazao;Epagri;;;2;False;diaria;f590d034c85bf207_diario_derivado;;interna;horaria_agregada;media
2018-12-10;2.288333333333333;24;True;0;2463;vazao;Epagri;;;2;False;diaria;f590d034c85bf207_diario_derivado;;interna;horaria_agregada;media
2018-12-11;2.255;24;True;0;2463;vazao;Epagri;;;2;False;diaria;f590d034c85bf207_diario_derivado;;interna;horaria_agregada;media
2018-12-12;2.17625;24;True;0;2463;vazao;Epagri;;;2;False;diaria;f590d034c85bf207_diario_derivado;;interna;horaria_agregada;media
2018-12-13;2.1612500000000003;24;True;0;2463;vazao;Epagri;;;2;False;diaria;f590d034c85bf207_diario_derivado;;interna;horaria_agregada;media
2018-12-14;2.0729166666666665;24;True;0;2463;vazao;Epagri;;;2;False;diaria;f590d034c85bf207_diario_derivado;;interna;horaria_agregada;media
2018-12-15;2.5554166666666664;24;True;0;2463;vazao;Epagri;;;2;False;diaria;f590d034c85bf207_diario_derivado;;interna;horaria_agregada;media
2018-12-16;2.3804166666666666;24;True;0;2463;vazao;Epagri;;;2;False;diaria;f590d034c85bf207_diario_derivado;;interna;horaria_agregada;media
2018-12-17;2.12375;24;True;0;2463;vazao;Epagri;;;2;False;diaria;f590d034c85bf207_diario_derivado;;interna;horaria_agregada;media
2018-12-18;2.1470833333333332;24;True;0;2463;vazao;Epagri;;;2;False;diaria;f590d034c85bf207_diario_derivado;;interna;horaria_agregada;media
2018-12-19;2.5141666666666667;24;True;0;2463;vazao;Epagri;;;2;False;diaria;f590d034c85bf207_diario_derivado;;interna;horaria_agregada;media
2018-12-20;8.04625;24;True;0;2463;vazao;Epagri;;;2;False;diaria;f590d034c85bf207_diario_derivado;;interna;horaria_agregada;media
2018-12-21;2.8108333333333335;24;True;0;2463;vazao;Epagri;;;2;False;diaria;f590d034c85bf207_diario_derivado;;interna;horaria_agregada;media
2018-12-22;3.605833333333333;24;True;0;2463;vazao;Epagri;;;2;False;diaria;f590d034c85bf207_diario_derivado;;interna;horaria_agregada;media
2018-12-23;4.7924999999999995;24;True;0;2463;vazao;Epagri;;;2;False;diaria;f590d034c85bf207_diario_derivado;;interna;horaria_agregada;media
2018-12-24;2.75375;24;True;0;2463;vazao;Epagri;;;2;False;diaria;f590d034c85bf207_diario_derivado;;interna;horaria_agregada;media
2018-12-25;3.172083333333333;24;True;0;2463;vazao;Epagri;;;2;False;diaria;f590d034c85bf207_diario_derivado;;interna;horaria_agregada;media
2018-12-26;2.5450000000000004;24;True;0;2463;vazao;Epagri;;;2;False;diaria;f590d034c85bf207_diario_derivado;;interna;horaria_agregada;media
2018-12-27;3.6125000000000003;24;True;0;2463;vazao;Epagri;;;2;False;diaria;f590d034c85bf207_diario_derivado;;interna;horaria_agregada;media
2018-12-28;2.72125;24;True;0;2463;vazao;Epagri;;;2;False;diaria;f590d034c85bf207_diario_derivado;;interna;horaria_agregada;media
2018-12-29;2.6345833333333335;24;True;0;2463;vazao;Epagri;;;2;False;diaria;f590d034c85bf207_diario_derivado;;interna;horaria_agregada;media
2018-12-30;2.6158333333333332;24;True;0;2463;vazao;Epagri;;;2;False;diaria;f590d034c85bf207_diario_derivado;;interna;horaria_agregada;media
2018-12-31;2.2925;24;True;0;2463;vazao;Epagri;;;2;False;diaria;f590d034c85bf207_diario_derivado;;interna;horaria_agregada;media
2019-01-01;2.0691666666666664;24;True;0;2463;vazao;Epagri;;;2;False;diaria;f590d034c85bf207_diario_derivado;;interna;horaria_agregada;media
2019-01-02;1.96375;24;True;0;2463;vazao;Epagri;;;2;False;diaria;f590d034c85bf207_diario_derivado;;interna;horaria_agregada;media
2019-01-03;1.8999999999999997;24;True;0;2463;vazao;Epagri;;;2;False;diaria;f590d034c85bf207_diario_derivado;;interna;horaria_agregada;media
2019-01-04;3.035833333333333;24;True;0;2463;vazao;Epagri;;;2;False;diaria;f590d034c85bf207_diario_derivado;;interna;horaria_agregada;media
2019-01-05;3.3233333333333337;24;True;0;2463;vazao;Epagri;;;2;False;diaria;f590d034c85bf207_diario_derivado;;interna;horaria_agregada;media
2019-01-06;2.464166666666667;24;True;0;2463;vazao;Epagri;;;2;False;diaria;f590d034c85bf207_diario_derivado;;interna;horaria_agregada;media
2019-01-07;2.1825;24;True;0;2463;vazao;Epagri;;;2;False;diaria;f590d034c85bf207_diario_derivado;;interna;horaria_agregada;media
2019-01-08;6.391249999999999;24;True;0;2463;vazao;Epagri;;;2;False;diaria;f590d034c85bf207_diario_derivado;;interna;horaria_agregada;media
2019-01-09;4.975833333333333;24;True;0;2463;vazao;Epagri;;;2;False;diaria;f590d034c85bf207_diario_derivado;;interna;horaria_agregada;media
2019-01-10;2.4383333333333335;24;True;0;2463;vazao;Epagri;;;2;False;diaria;f590d034c85bf207_diario_derivado;;interna;horaria_agregada;media
2019-01-11;2.1154166666666665;24;True;0;2463;vazao;Epagri;;;2;False;diaria;f590d034c85bf207_diario_derivado;;interna;horaria_agregada;media
2019-01-12;1.9825;24;True;0;2463;vazao;Epagri;;;2;False;diaria;f590d034c85bf207_diario_derivado;;interna;horaria_agregada;media
2019-01-13;3.6445833333333333;24;True;0;2463;vazao;Epagri;;;2;False;diaria;f590d034c85bf207_diario_derivado;;interna;horaria_agregada;media
2019-01-14;2.685416666666667;24;True;0;2463;vazao;Epagri;;;2;False;diaria;f590d034c85bf207_diario_derivado;;interna;horaria_agregada;media
2019-01-15;2.2041666666666666;24;True;0;2463;vazao;Epagri;;;2;False;diaria;f590d034c85bf207_diario_derivado;;interna;horaria_agregada;media
2019-01-16;2.3058333333333336;24;True;0;2463;vazao;Epagri;;;2;False;diaria;f590d034c85bf207_diario_derivado;;interna;horaria_agregada;media
2019-01-17;5.011666666666667;24;True;0;2463;vazao;Epagri;;;2;False;diaria;f590d034c85bf207_diario_derivado;;interna;horaria_agregada;media
2019-01-18;3.75;24;True;0;2463;vazao;Epagri;;;2;False;diaria;f590d034c85bf207_diario_derivado;;interna;horaria_agregada;media
2019-01-19;3.0204166666666663;24;True;0;2463;vazao;Epagri;;;2;False;diaria;f590d034c85bf207_diario_derivado;;interna;horaria_agregada;media
2019-01-20;3.7758333333333334;24;True;0;2463;vazao;Epagri;;;2;False;diaria;f590d034c85bf207_diario_derivado;;interna;horaria_agregada;media
2019-01-21;2.88875;24;True;0;2463;vazao;Epagri;;;2;False;diaria;f590d034c85bf207_diario_derivado;;interna;horaria_agregada;media
2019-01-22;2.21625;24;True;0;2463;vazao;Epagri;;;2;False;diaria;f590d034c85bf207_diario_derivado;;interna;horaria_agregada;media
2019-01-23;2.0025;24;True;0;2463;vazao;Epagri;;;2;False;diaria;f590d034c85bf207_diario_derivado;;interna;horaria_agregada;media
2019-01-24;2.9808333333333334;24;True;0;2463;vazao;Epagri;;;2;False;diaria;f590d034c85bf207_diario_derivado;;interna;horaria_agregada;media
2019-01-25;2.61875;24;True;0;2463;vazao;Epagri;;;2;False;diaria;f590d034c85bf207_diario_derivado;;interna;horaria_agregada;media
2019-01-26;2.2475;24;True;0;2463;vazao;Epagri;;;2;False;diaria;f590d034c85bf207_diario_derivado;;interna;horaria_agregada;media
2019-01-27;2.0916666666666663;24;True;0;2463;vazao;Epagri;;;2;False;diaria;f590d034c85bf207_diario_derivado;;interna;horaria_agregada;media
2019-01-28;1.91125;24;True;0;2463;vazao;Epagri;;;2;False;diaria;f590d034c85bf207_diario_derivado;;interna;horaria_agregada;media
2019-01-29;1.8441666666666665;24;True;0;2463;vazao;Epagri;;;2;False;diaria;f590d034c85bf207_diario_derivado;;interna;horaria_agregada;media
2019-01-30;1.8258333333333334;24;True;0;2463;vazao;Epagri;;;2;False;diaria;f590d034c85bf207_diario_derivado;;interna;horaria_agregada;media
2019-01-31;1.82875;24;True;0;2463;vazao;Epagri;;;2;False;diaria;f590d034c85bf207_diario_derivado;;interna;horaria_agregada;media
2019-02-01;3.2779166666666666;24;True;0;2463;vazao;Epagri;;;2;False;diaria;f590d034c85bf207_diario_derivado;;interna;horaria_agregada;media
2019-02-02;6.565416666666667;24;True;0;2463;vazao;Epagri;;;2;False;diaria;f590d034c85bf207_diario_derivado;;interna;horaria_agregada;media
2019-02-03;14.045416666666666;24;True;0;2463;vazao;Epagri;;;2;False;diaria;f590d034c85bf207_diario_derivado;;interna;horaria_agregada;media
2019-02-04;5.671666666666667;24;True;0;2463;vazao;Epagri;;;2;False;diaria;f590d034c85bf207_diario_derivado;;interna;horaria_agregada;media
2019-02-05;2.970833333333333;24;True;0;2463;vazao;Epagri;;;2;False;diaria;f590d034c85bf207_diario_derivado;;interna;horaria_agregada;media
2019-02-06;2.3962499999999998;24;True;0;2463;vazao;Epagri;;;2;False;diaria;f590d034c85bf207_diario_derivado;;interna;horaria_agregada;media
2019-02-07;2.1545833333333335;24;True;0;2463;vazao;Epagri;;;2;False;diaria;f590d034c85bf207_diario_derivado;;interna;horaria_agregada;media
2019-02-08;2.0141666666666667;24;True;0;2463;vazao;Epagri;;;2;False;diaria;f590d034c85bf207_diario_derivado;;interna;horaria_agregada;media
2019-02-09;2.0241666666666664;24;True;0;2463;vazao;Epagri;;;2;False;diaria;f590d034c85bf207_diario_derivado;;interna;horaria_agregada;media
2019-02-10;1.82875;24;True;0;2463;vazao;Epagri;;;2;False;diaria;f590d034c85bf207_diario_derivado;;interna;horaria_agregada;media
2019-02-11;1.8099999999999998;24;True;0;2463;vazao;Epagri;;;2;False;diaria;f590d034c85bf207_diario_derivado;;interna;horaria_agregada;media
2019-02-12;1.7874999999999999;24;True;0;2463;vazao;Epagri;;;2;False;diaria;f590d034c85bf207_diario_derivado;;interna;horaria_agregada;media
2019-02-13;2.4791666666666665;24;True;0;2463;vazao;Epagri;;;2;False;diaria;f590d034c85bf207_diario_derivado;;interna;horaria_agregada;media
2019-02-14;1.9591666666666665;24;True;0;2463;vazao;Epagri;;;2;False;diaria;f590d034c85bf207_diario_derivado;;interna;horaria_agregada;media
2019-02-15;2.295;24;True;0;2463;vazao;Epagri;;;2;False;diaria;f590d034c85bf207_diario_derivado;;interna;horaria_agregada;media
2019-02-16;2.938333333333333;24;True;0;2463;vazao;Epagri;;;2;False;diaria;f590d034c85bf207_diario_derivado;;interna;horaria_agregada;media
2019-02-17;60.1525;24;True;0;2463;vazao;Epagri;;;2;False;diaria;f590d034c85bf207_diario_derivado;;interna;horaria_agregada;media
2019-02-18;30.695833333333336;24;True;0;2463;vazao;Epagri;;;2;False;diaria;f590d034c85bf207_diario_derivado;;interna;horaria_agregada;media
2019-02-19;11.826666666666668;24;True;0;2463;vazao;Epagri;;;2;False;diaria;f590d034c85bf207_diario_derivado;;interna;horaria_agregada;media
2019-02-20;11.839583333333332;24;True;0;2463;vazao;Epagri;;;2;False;diaria;f590d034c85bf207_diario_derivado;;interna;horaria_agregada;media
2019-02-21;4.7975;24;True;0;2463;vazao;Epagri;;;2;False;diaria;f590d034c85bf207_diario_derivado;;interna;horaria_agregada;media
2019-02-22;3.828333333333333;24;True;0;2463;vazao;Epagri;;;2;False;diaria;f590d034c85bf207_diario_derivado;;interna;horaria_agregada;media
2019-02-23;5.49625;24;True;0;2463;vazao;Epagri;;;2;False;diaria;f590d034c85bf207_diario_derivado;;interna;horaria_agregada;media
2019-02-24;9.504583333333334;24;True;0;2463;vazao;Epagri;;;2;False;diaria;f590d034c85bf207_diario_derivado;;interna;horaria_agregada;media
2019-02-25;23.858333333333334;24;True;0;2463;vazao;Epagri;;;2;False;diaria;f590d034c85bf207_diario_derivado;;interna;horaria_agregada;media
2019-02-26;7.170833333333333;24;True;0;2463;vazao;Epagri;;;2;False;diaria;f590d034c85bf207_diario_derivado;;interna;horaria_agregada;media
2019-02-27;5.294583333333333;24;True;0;2463;vazao;Epagri;;;2;False;diaria;f590d034c85bf207_diario_derivado;;interna;horaria_agregada;media
2019-02-28;4.4383333333333335;24;True;0;2463;vazao;Epagri;;;2;False;diaria;f590d034c85bf207_diario_derivado;;interna;horaria_agregada;media
2019-03-01;3.78125;24;True;0;2463;vazao;Epagri;;;2;False;diaria;f590d034c85bf207_diario_derivado;;interna;horaria_agregada;media
2019-03-02;3.33;24;True;0;2463;vazao;Epagri;;;2;False;diaria;f590d034c85bf207_diario_derivado;;interna;horaria_agregada;media
2019-03-03;2.986666666666667;24;True;0;2463;vazao;Epagri;;;2;False;diaria;f590d034c85bf207_diario_derivado;;interna;horaria_agregada;media
2019-03-04;3.06125;24;True;0;2463;vazao;Epagri;;;2;False;diaria;f590d034c85bf207_diario_derivado;;interna;horaria_agregada;media
2019-03-05;2.7383333333333333;24;True;0;2463;vazao;Epagri;;;2;False;diaria;f590d034c85bf207_diario_derivado;;interna;horaria_agregada;media
2019-03-06;3.902083333333333;24;True;0;2463;vazao;Epagri;;;2;False;diaria;f590d034c85bf207_diario_derivado;;interna;horaria_agregada;media
2019-03-07;3.6045833333333337;24;True;0;2463;vazao;Epagri;;;2;False;diaria;f590d034c85bf207_diario_derivado;;interna;horaria_agregada;media
2019-03-08;6.379166666666666;24;True;0;2463;vazao;Epagri;;;2;False;diaria;f590d034c85bf207_diario_derivado;;interna;horaria_agregada;media
2019-03-09;5.329166666666667;24;True;0;2463;vazao;Epagri;;;2;False;diaria;f590d034c85bf207_diario_derivado;;interna;horaria_agregada;media
2019-03-10;6.71375;24;True;0;2463;vazao;Epagri;;;2;False;diaria;f590d034c85bf207_diario_derivado;;interna;horaria_agregada;media
2019-03-11;7.322500000000001;24;True;0;2463;vazao;Epagri;;;2;False;diaria;f590d034c85bf207_diario_derivado;;interna;horaria_agregada;media
2019-03-12;4.428333333333334;24;True;0;2463;vazao;Epagri;;;2;False;diaria;f590d034c85bf207_diario_derivado;;interna;horaria_agregada;media
2019-03-13;6.7525;24;True;0;2463;vazao;Epagri;;;2;False;diaria;f590d034c85bf207_diario_derivado;;interna;horaria_agregada;media
2019-03-14;9.2125;24;True;0;2463;vazao;Epagri;;;2;False;diaria;f590d034c85bf207_diario_derivado;;interna;horaria_agregada;media
2019-03-15;8.377916666666666;24;True;0;2463;vazao;Epagri;;;2;False;diaria;f590d034c85bf207_diario_derivado;;interna;horaria_agregada;media
2019-03-16;4.175833333333333;24;True;0;2463;vazao;Epagri;;;2;False;diaria;f590d034c85bf207_diario_derivado;;interna;horaria_agregada;media
2019-03-17;3.5233333333333334;24;True;0;2463;vazao;Epagri;;;2;False;diaria;f590d034c85bf207_diario_derivado;;interna;horaria_agregada;media
2019-03-18;3.4704166666666665;24;True;0;2463;vazao;Epagri;;;2;False;diaria;f590d034c85bf207_diario_derivado;;interna;horaria_agregada;media
2019-03-19;3.5141666666666667;24;True;0;2463;vazao;Epagri;;;2;False;diaria;f590d034c85bf207_diario_derivado;;interna;horaria_agregada;media
2019-03-20;4.122083333333333;24;True;0;2463;vazao;Epagri;;;2;False;diaria;f590d034c85bf207_diario_derivado;;interna;horaria_agregada;media
2019-03-21;3.135;24;True;0;2463;vazao;Epagri;;;2;False;diaria;f590d034c85bf207_diario_derivado;;interna;horaria_agregada;media
2019-03-22;2.9516666666666667;24;True;0;2463;vazao;Epagri;;;2;False;diaria;f590d034c85bf207_diario_derivado;;interna;horaria_agregada;media
2019-03-23;3.8062500000000004;24;True;0;2463;vazao;Epagri;;;2;False;diaria;f590d034c85bf207_diario_derivado;;interna;horaria_agregada;media
2019-03-24;2.94;24;True;0;2463;vazao;Epagri;;;2;False;diaria;f590d034c85bf207_diario_derivado;;interna;horaria_agregada;media
2019-03-25;2.5779166666666664;24;True;0;2463;vazao;Epagri;;;2;False;diaria;f590d034c85bf207_diario_derivado;;interna;horaria_agregada;media
2019-03-26;2.4499999999999997;24;True;0;2463;vazao;Epagri;;;2;False;diaria;f590d034c85bf207_diario_derivado;;interna;horaria_agregada;media
2019-03-27;2.4541666666666666;24;True;0;2463;vazao;Epagri;;;2;False;diaria;f590d034c85bf207_diario_derivado;;interna;horaria_agregada;media
2019-03-28;2.345833333333333;24;True;0;2463;vazao;Epagri;;;2;False;diaria;f590d034c85bf207_diario_derivado;;interna;horaria_agregada;media
2019-03-29;;20;False;0;2463;vazao;Epagri;;;2;False;diaria;f590d034c85bf207_diario_derivado;;interna;horaria_agregada;media
2019-03-30;3.7550000000000003;24;True;0;2463;vazao;Epagri;;;2;False;diaria;f590d034c85bf207_diario_derivado;;interna;horaria_agregada;media
2019-03-31;2.646666666666667;24;True;0;2463;vazao;Epagri;;;2;False;diaria;f590d034c85bf207_diario_derivado;;interna;horaria_agregada;media
2019-04-01;2.475;24;True;0;2463;vazao;Epagri;;;2;False;diaria;f590d034c85bf207_diario_derivado;;interna;horaria_agregada;media
2019-04-02;2.3041666666666667;24;True;0;2463;vazao;Epagri;;;2;False;diaria;f590d034c85bf207_diario_derivado;;interna;horaria_agregada;media
2019-04-03;2.2;24;True;0;2463;vazao;Epagri;;;2;False;diaria;f590d034c85bf207_diario_derivado;;interna;horaria_agregada;media
2019-04-04;2.1750000000000003;24;True;0;2463;vazao;Epagri;;;2;False;diaria;f590d034c85bf207_diario_derivado;;interna;horaria_agregada;media
2019-04-05;2.1333333333333333;24;True;0;2463;vazao;Epagri;;;2;False;diaria;f590d034c85bf207_diario_derivado;;interna;horaria_agregada;media
2019-04-06;5.5808333333333335;24;True;0;2463;vazao;Epagri;;;2;False;diaria;f590d034c85bf207_diario_derivado;;interna;horaria_agregada;media
2019-04-07;27.045;24;True;0;2463;vazao;Epagri;;;2;False;diaria;f590d034c85bf207_diario_derivado;;interna;horaria_agregada;media
2019-04-08;11.188749999999999;24;True;0;2463;vazao;Epagri;;;2;False;diaria;f590d034c85bf207_diario_derivado;;interna;horaria_agregada;media
2019-04-09;4.50875;24;True;0;2463;vazao;Epagri;;;2;False;diaria;f590d034c85bf207_diario_derivado;;interna;horaria_agregada;media
2019-04-10;3.4883333333333333;24;True;0;2463;vazao;Epagri;;;2;False;diaria;f590d034c85bf207_diario_derivado;;interna;horaria_agregada;media
2019-04-11;3.065416666666667;24;True;0;2463;vazao;Epagri;;;2;False;diaria;f590d034c85bf207_diario_derivado;;interna;horaria_agregada;media
2019-04-12;2.81625;24;True;0;2463;vazao;Epagri;;;2;False;diaria;f590d034c85bf207_diario_derivado;;interna;horaria_agregada;media
2019-04-13;2.76125;24;True;0;2463;vazao;Epagri;;;2;False;diaria;f590d034c85bf207_diario_derivado;;interna;horaria_agregada;media
2019-04-14;2.9137500000000003;24;True;0;2463;vazao;Epagri;;;2;False;diaria;f590d034c85bf207_diario_derivado;;interna;horaria_agregada;media
2019-04-15;9.103333333333333;24;True;0;2463;vazao;Epagri;;;2;False;diaria;f590d034c85bf207_diario_derivado;;interna;horaria_agregada;media
2019-04-16;3.6;24;True;0;2463;vazao;Epagri;;;2;False;diaria;f590d034c85bf207_diario_derivado;;interna;horaria_agregada;media
2019-04-17;3.87375;24;True;0;2463;vazao;Epagri;;;2;False;diaria;f590d034c85bf207_diario_derivado;;interna;horaria_agregada;media
2019-04-18;2.8125;24;True;0;2463;vazao;Epagri;;;2;False;diaria;f590d034c85bf207_diario_derivado;;interna;horaria_agregada;media
2019-04-19;2.555833333333333;24;True;0;2463;vazao;Epagri;;;2;False;diaria;f590d034c85bf207_diario_derivado;;interna;horaria_agregada;media
2019-04-20;2.3874999999999997;24;True;0;2463;vazao;Epagri;;;2;False;diaria;f590d034c85bf207_diario_derivado;;interna;horaria_agregada;media
2019-04-21;2.3;24;True;0;2463;vazao;Epagri;;;2;False;diaria;f590d034c85bf207_diario_derivado;;interna;horaria_agregada;media
2019-04-22;2.3504166666666664;24;True;0;2463;vazao;Epagri;;;2;False;diaria;f590d034c85bf207_diario_derivado;;interna;horaria_agregada;media
2019-04-23;3.3066666666666666;24;True;0;2463;vazao;Epagri;;;2;False;diaria;f590d034c85bf207_diario_derivado;;interna;horaria_agregada;media
2019-04-24;2.4595833333333332;24;True;0;2463;vazao;Epagri;;;2;False;diaria;f590d034c85bf207_diario_derivado;;interna;horaria_agregada;media
2019-04-25;3.5050000000000003;24;True;0;2463;vazao;Epagri;;;2;False;diaria;f590d034c85bf207_diario_derivado;;interna;horaria_agregada;media
2019-04-26;2.5812500000000003;24;True;0;2463;vazao;Epagri;;;2;False;diaria;f590d034c85bf207_diario_derivado;;interna;horaria_agregada;media
2019-04-27;2.660416666666667;24;True;0;2463;vazao;Epagri;;;2;False;diaria;f590d034c85bf207_diario_derivado;;interna;horaria_agregada;media
2019-04-28;2.5920833333333335;24;True;0;2463;vazao;Epagri;;;2;False;diaria;f590d034c85bf207_diario_derivado;;interna;horaria_agregada;media
2019-04-29;2.5795833333333333;24;True;0;2463;vazao;Epagri;;;2;False;diaria;f590d034c85bf207_diario_derivado;;interna;horaria_agregada;media
2019-04-30;2.2;24;True;0;2463;vazao;Epagri;;;2;False;diaria;f590d034c85bf207_diario_derivado;;interna;horaria_agregada;media
2019-05-01;2.1;24;True;0;2463;vazao;Epagri;;;2;False;diaria;f590d034c85bf207_diario_derivado;;interna;horaria_agregada;media
2019-05-02;2.01375;24;True;0;2463;vazao;Epagri;;;2;False;diaria;f590d034c85bf207_diario_derivado;;interna;horaria_agregada;media
2019-05-03;1.9912499999999997;24;True;0;2463;vazao;Epagri;;;2;False;diaria;f590d034c85bf207_diario_derivado;;interna;horaria_agregada;media
2019-05-04;1.9162499999999998;24;True;0;2463;vazao;Epagri;;;2;False;diaria;f590d034c85bf207_diario_derivado;;interna;horaria_agregada;media
2019-05-05;1.83;24;True;0;2463;vazao;Epagri;;;2;False;diaria;f590d034c85bf207_diario_derivado;;interna;horaria_agregada;media
2019-05-06;1.8266666666666669;24;True;0;2463;vazao;Epagri;;;2;False;diaria;f590d034c85bf207_diario_derivado;;interna;horaria_agregada;media
2019-05-07;1.8108333333333333;24;True;0;2463;vazao;Epagri;;;2;False;diaria;f590d034c85bf207_diario_derivado;;interna;horaria_agregada;media
2019-05-08;1.83;24;True;0;2463;vazao;Epagri;;;2;False;diaria;f590d034c85bf207_diario_derivado;;interna;horaria_agregada;media
2019-05-09;1.8099999999999998;24;True;0;2463;vazao;Epagri;;;2;False;diaria;f590d034c85bf207_diario_derivado;;interna;horaria_agregada;media
2019-05-10;1.7766666666666666;24;True;0;2463;vazao;Epagri;;;2;False;diaria;f590d034c85bf207_diario_derivado;;interna;horaria_agregada;media
2019-05-11;4.449166666666667;24;True;0;2463;vazao;Epagri;;;2;False;diaria;f590d034c85bf207_diario_derivado;;interna;horaria_agregada;media
2019-05-12;6.39875;24;True;0;2463;vazao;Epagri;;;2;False;diaria;f590d034c85bf207_diario_derivado;;interna;horaria_agregada;media
2019-05-13;2.424583333333333;24;True;0;2463;vazao;Epagri;;;2;False;diaria;f590d034c85bf207_diario_derivado;;interna;horaria_agregada;media
2019-05-14;8.415833333333333;24;True;0;2463;vazao;Epagri;;;2;False;diaria;f590d034c85bf207_diario_derivado;;interna;horaria_agregada;media
2019-05-15;3.68375;24;True;0;2463;vazao;Epagri;;;2;False;diaria;f590d034c85bf207_diario_derivado;;interna;horaria_agregada;media
2019-05-16;11.822083333333333;24;True;0;2463;vazao;Epagri;;;2;False;diaria;f590d034c85bf207_diario_derivado;;interna;horaria_agregada;media
2019-05-17;3.4741666666666666;24;True;0;2463;vazao;Epagri;;;2;False;diaria;f590d034c85bf207_diario_derivado;;interna;horaria_agregada;media
2019-05-18;4.982083333333333;24;True;0;2463;vazao;Epagri;;;2;False;diaria;f590d034c85bf207_diario_derivado;;interna;horaria_agregada;media
2019-05-19;4.4225;24;True;0;2463;vazao;Epagri;;;2;False;diaria;f590d034c85bf207_diario_derivado;;interna;horaria_agregada;media
2019-05-20;3.1470833333333332;24;True;0;2463;vazao;Epagri;;;2;False;diaria;f590d034c85bf207_diario_derivado;;interna;horaria_agregada;media
2019-05-21;2.6695833333333336;24;True;0;2463;vazao;Epagri;;;2;False;diaria;f590d034c85bf207_diario_derivado;;interna;horaria_agregada;media
2019-05-22;2.5187500000000003;24;True;0;2463;vazao;Epagri;;;2;False;diaria;f590d034c85bf207_diario_derivado;;interna;horaria_agregada;media
2019-05-23;2.797916666666667;24;True;0;2463;vazao;Epagri;;;2;False;diaria;f590d034c85bf207_diario_derivado;;interna;horaria_agregada;media
2019-05-24;7.077083333333333;24;True;0;2463;vazao;Epagri;;;2;False;diaria;f590d034c85bf207_diario_derivado;;interna;horaria_agregada;media
2019-05-25;10.82;24;True;0;2463;vazao;Epagri;;;2;False;diaria;f590d034c85bf207_diario_derivado;;interna;horaria_agregada;media
2019-05-26;3.732083333333333;24;True;0;2463;vazao;Epagri;;;2;False;diaria;f590d034c85bf207_diario_derivado;;interna;horaria_agregada;media
2019-05-27;2.953333333333333;24;True;0;2463;vazao;Epagri;;;2;False;diaria;f590d034c85bf207_diario_derivado;;interna;horaria_agregada;media
2019-05-28;2.7566666666666664;24;True;0;2463;vazao;Epagri;;;2;False;diaria;f590d034c85bf207_diario_derivado;;interna;horaria_agregada;media
2019-05-29;2.59625;24;True;0;2463;vazao;Epagri;;;2;False;diaria;f590d034c85bf207_diario_derivado;;interna;horaria_agregada;media
2019-05-30;30.000833333333333;24;True;0;2463;vazao;Epagri;;;2;False;diaria;f590d034c85bf207_diario_derivado;;interna;horaria_agregada;media
2019-05-31;16.798750000000002;24;True;0;2463;vazao;Epagri;;;2;False;diaria;f590d034c85bf207_diario_derivado;;interna;horaria_agregada;media
2019-06-01;6.67625;24;True;0;2463;vazao;Epagri;;;2;False;diaria;f590d034c85bf207_diario_derivado;;interna;horaria_agregada;media
2019-06-02;8.492083333333333;24;True;0;2463;vazao;Epagri;;;2;False;diaria;f590d034c85bf207_diario_derivado;;interna;horaria_agregada;media
2019-06-03;7.570416666666667;24;True;0;2463;vazao;Epagri;;;2;False;diaria;f590d034c85bf207_diario_derivado;;interna;horaria_agregada;media
2019-06-04;5.411666666666666;24;True;0;2463;vazao;Epagri;;;2;False;diaria;f590d034c85bf207_diario_derivado;;interna;horaria_agregada;media
2019-06-05;4.119166666666667;24;True;0;2463;vazao;Epagri;;;2;False;diaria;f590d034c85bf207_diario_derivado;;interna;horaria_agregada;media
2019-06-06;3.6962500000000005;24;True;0;2463;vazao;Epagri;;;2;False;diaria;f590d034c85bf207_diario_derivado;;interna;horaria_agregada;media
2019-06-07;3.407083333333333;24;True;0;2463;vazao;Epagri;;;2;False;diaria;f590d034c85bf207_diario_derivado;;interna;horaria_agregada;media
2019-06-08;3.09;24;True;0;2463;vazao;Epagri;;;2;False;diaria;f590d034c85bf207_diario_derivado;;interna;horaria_agregada;media
2019-06-09;2.9033333333333338;24;True;0;2463;vazao;Epagri;;;2;False;diaria;f590d034c85bf207_diario_derivado;;interna;horaria_agregada;media
2019-06-10;2.73375;24;True;0;2463;vazao;Epagri;;;2;False;diaria;f590d034c85bf207_diario_derivado;;interna;horaria_agregada;media
2019-06-11;2.59625;24;True;0;2463;vazao;Epagri;;;2;False;diaria;f590d034c85bf207_diario_derivado;;interna;horaria_agregada;media
2019-06-12;2.4916666666666667;24;True;0;2463;vazao;Epagri;;;2;False;diaria;f590d034c85bf207_diario_derivado;;interna;horaria_agregada;media
2019-06-13;2.3916666666666666;24;True;0;2463;vazao;Epagri;;;2;False;diaria;f590d034c85bf207_diario_derivado;;interna;horaria_agregada;media
2019-06-14;2.2916666666666665;24;True;0;2463;vazao;Epagri;;;2;False;diaria;f590d034c85bf207_diario_derivado;;interna;horaria_agregada;media
2019-06-15;2.2;24;True;0;2463;vazao;Epagri;;;2;False;diaria;f590d034c85bf207_diario_derivado;;interna;horaria_agregada;media
2019-06-16;2.1750000000000003;24;True;0;2463;vazao;Epagri;;;2;False;diaria;f590d034c85bf207_diario_derivado;;interna;horaria_agregada;media
2019-06-17;2.08875;24;True;0;2463;vazao;Epagri;;;2;False;diaria;f590d034c85bf207_diario_derivado;;interna;horaria_agregada;media
2019-06-18;2.01;24;True;0;2463;vazao;Epagri;;;2;False;diaria;f590d034c85bf207_diario_derivado;;interna;horaria_agregada;media
2019-06-19;2.0062499999999996;24;True;0;2463;vazao;Epagri;;;2;False;diaria;f590d034c85bf207_diario_derivado;;interna;horaria_agregada;media
2019-06-20;1.92;24;True;0;2463;vazao;Epagri;;;2;False;diaria;f590d034c85bf207_diario_derivado;;interna;horaria_agregada;media
2019-06-21;1.8825;24;True;0;2463;vazao;Epagri;;;2;False;diaria;f590d034c85bf207_diario_derivado;;interna;horaria_agregada;media
2019-06-22;1.83;24;True;0;2463;vazao;Epagri;;;2;False;diaria;f590d034c85bf207_diario_derivado;;interna;horaria_agregada;media
2019-06-23;1.83;24;True;0;2463;vazao;Epagri;;;2;False;diaria;f590d034c85bf207_diario_derivado;;interna;horaria_agregada;media
2019-06-24;1.7533333333333332;24;True;0;2463;vazao;Epagri;;;2;False;diaria;f590d034c85bf207_diario_derivado;;interna;horaria_agregada;media
2019-06-25;1.7425;24;True;0;2463;vazao;Epagri;;;2;False;diaria;f590d034c85bf207_diario_derivado;;interna;horaria_agregada;media
2019-06-26;1.9558333333333333;24;True;0;2463;vazao;Epagri;;;2;False;diaria;f590d034c85bf207_diario_derivado;;interna;horaria_agregada;media
2019-06-27;1.98125;24;True;0;2463;vazao;Epagri;;;2;False;diaria;f590d034c85bf207_diario_derivado;;interna;horaria_agregada;media
2019-06-28;1.8133333333333335;24;True;0;2463;vazao;Epagri;;;2;False;diaria;f590d034c85bf207_diario_derivado;;interna;horaria_agregada;media
2019-06-29;1.75;24;True;0;2463;vazao;Epagri;;;2;False;diaria;f590d034c85bf207_diario_derivado;;interna;horaria_agregada;media
2019-06-30;1.66375;24;True;0;2463;vazao;Epagri;;;2;False;diaria;f590d034c85bf207_diario_derivado;;interna;horaria_agregada;media
2019-07-01;1.8499999999999999;24;True;0;2463;vazao;Epagri;;;2;False;diaria;f590d034c85bf207_diario_derivado;;interna;horaria_agregada;media
2019-07-02;3.9770833333333333;24;True;0;2463;vazao;Epagri;;;2;False;diaria;f590d034c85bf207_diario_derivado;;interna;horaria_agregada;media
2019-07-03;4.297916666666667;24;True;0;2463;vazao;Epagri;;;2;False;diaria;f590d034c85bf207_diario_derivado;;interna;horaria_agregada;media
2019-07-04;2.2537499999999997;24;True;0;2463;vazao;Epagri;;;2;False;diaria;f590d034c85bf207_diario_derivado;;interna;horaria_agregada;media
2019-07-05;1.8395833333333333;24;True;0;2463;vazao;Epagri;;;2;False;diaria;f590d034c85bf207_diario_derivado;;interna;horaria_agregada;media
2019-07-06;1.6824999999999999;24;True;0;2463;vazao;Epagri;;;2;False;diaria;f590d034c85bf207_diario_derivado;;interna;horaria_agregada;media
2019-07-07;1.5933333333333335;24;True;0;2463;vazao;Epagri;;;2;False;diaria;f590d034c85bf207_diario_derivado;;interna;horaria_agregada;media
2019-07-08;1.58;24;True;0;2463;vazao;Epagri;;;2;False;diaria;f590d034c85bf207_diario_derivado;;interna;horaria_agregada;media
2019-07-09;1.58;24;True;0;2463;vazao;Epagri;;;2;False;diaria;f590d034c85bf207_diario_derivado;;interna;horaria_agregada;media
2019-07-10;1.55;24;True;0;2463;vazao;Epagri;;;2;False;diaria;f590d034c85bf207_diario_derivado;;interna;horaria_agregada;media
2019-07-11;1.5;24;True;0;2463;vazao;Epagri;;;2;False;diaria;f590d034c85bf207_diario_derivado;;interna;horaria_agregada;media
2019-07-12;1.49125;24;True;0;2463;vazao;Epagri;;;2;False;diaria;f590d034c85bf207_diario_derivado;;interna;horaria_agregada;media
2019-07-13;1.4329166666666666;24;True;0;2463;vazao;Epagri;;;2;False;diaria;f590d034c85bf207_diario_derivado;;interna;horaria_agregada;media
2019-07-14;1.4908333333333335;24;True;0;2463;vazao;Epagri;;;2;False;diaria;f590d034c85bf207_diario_derivado;;interna;horaria_agregada;media
2019-07-15;1.8195833333333333;24;True;0;2463;vazao;Epagri;;;2;False;diaria;f590d034c85bf207_diario_derivado;;interna;horaria_agregada;media
2019-07-16;1.6629166666666666;24;True;0;2463;vazao;Epagri;;;2;False;diaria;f590d034c85bf207_diario_derivado;;interna;horaria_agregada;media
2019-07-17;1.5033333333333332;24;True;0;2463;vazao;Epagri;;;2;False;diaria;f590d034c85bf207_diario_derivado;;interna;horaria_agregada;media
2019-07-18;1.7341666666666666;24;True;0;2463;vazao;Epagri;;;2;False;diaria;f590d034c85bf207_diario_derivado;;interna;horaria_agregada;media
2019-07-19;4.576666666666667;24;True;0;2463;vazao;Epagri;;;2;False;diaria;f590d034c85bf207_diario_derivado;;interna;horaria_agregada;media
2019-07-20;2.0995833333333334;24;True;0;2463;vazao;Epagri;;;2;False;diaria;f590d034c85bf207_diario_derivado;;interna;horaria_agregada;media
2019-07-21;1.6624999999999999;24;True;0;2463;vazao;Epagri;;;2;False;diaria;f590d034c85bf207_diario_derivado;;interna;horaria_agregada;media
2019-07-22;1.53;24;True;0;2463;vazao;Epagri;;;2;False;diaria;f590d034c85bf207_diario_derivado;;interna;horaria_agregada;media
2019-07-23;1.49125;24;True;0;2463;vazao;Epagri;;;2;False;diaria;f590d034c85bf207_diario_derivado;;interna;horaria_agregada;media
2019-07-24;1.43;24;True;0;2463;vazao;Epagri;;;2;False;diaria;f590d034c85bf207_diario_derivado;;interna;horaria_agregada;media
2019-07-25;1.43;24;True;0;2463;vazao;Epagri;;;2;False;diaria;f590d034c85bf207_diario_derivado;;interna;horaria_agregada;media
2019-07-26;1.4033333333333333;24;True;0;2463;vazao;Epagri;;;2;False;diaria;f590d034c85bf207_diario_derivado;;interna;horaria_agregada;media
2019-07-27;1.38;24;True;0;2463;vazao;Epagri;;;2;False;diaria;f590d034c85bf207_diario_derivado;;interna;horaria_agregada;media
2019-07-28;1.3500000000000003;24;True;0;2463;vazao;Epagri;;;2;False;diaria;f590d034c85bf207_diario_derivado;;interna;horaria_agregada;media
2019-07-29;1.3500000000000003;24;True;0;2463;vazao;Epagri;;;2;False;diaria;f590d034c85bf207_diario_derivado;;interna;horaria_agregada;media
2019-07-30;1.3500000000000003;24;True;0;2463;vazao;Epagri;;;2;False;diaria;f590d034c85bf207_diario_derivado;;interna;horaria_agregada;media
2019-07-31;1.2945833333333334;24;True;0;2463;vazao;Epagri;;;2;False;diaria;f590d034c85bf207_diario_derivado;;interna;horaria_agregada;media
2019-08-01;1.28;24;True;0;2463;vazao;Epagri;;;2;False;diaria;f590d034c85bf207_diario_derivado;;interna;horaria_agregada;media
2019-08-02;1.28;24;True;0;2463;vazao;Epagri;;;2;False;diaria;f590d034c85bf207_diario_derivado;;interna;horaria_agregada;media
2019-08-03;1.28;24;True;0;2463;vazao;Epagri;;;2;False;diaria;f590d034c85bf207_diario_derivado;;interna;horaria_agregada;media
2019-08-04;1.21;24;True;0;2463;vazao;Epagri;;;2;False;diaria;f590d034c85bf207_diario_derivado;;interna;horaria_agregada;media
2019-08-05;1.21;24;True;0;2463;vazao;Epagri;;;2;False;diaria;f590d034c85bf207_diario_derivado;;interna;horaria_agregada;media
2019-08-06;1.2304166666666667;24;True;0;2463;vazao;Epagri;;;2;False;diaria;f590d034c85bf207_diario_derivado;;interna;horaria_agregada;media
2019-08-07;1.3033333333333335;24;True;0;2463;vazao;Epagri;;;2;False;diaria;f590d034c85bf207_diario_derivado;;interna;horaria_agregada;media
2019-08-08;1.2770833333333333;24;True;0;2463;vazao;Epagri;;;2;False;diaria;f590d034c85bf207_diario_derivado;;interna;horaria_agregada;media
2019-08-09;1.21;24;True;0;2463;vazao;Epagri;;;2;False;diaria;f590d034c85bf207_diario_derivado;;interna;horaria_agregada;media
2019-08-10;1.1633333333333333;24;True;0;2463;vazao;Epagri;;;2;False;diaria;f590d034c85bf207_diario_derivado;;interna;horaria_agregada;media
2019-08-11;1.14;24;True;0;2463;vazao;Epagri;;;2;False;diaria;f590d034c85bf207_diario_derivado;;interna;horaria_agregada;media
2019-08-12;1.14;24;True;0;2463;vazao;Epagri;;;2;False;diaria;f590d034c85bf207_diario_derivado;;interna;horaria_agregada;media
2019-08-13;1.1275;24;True;0;2463;vazao;Epagri;;;2;False;diaria;f590d034c85bf207_diario_derivado;;interna;horaria_agregada;media
2019-08-14;1.08;24;True;0;2463;vazao;Epagri;;;2;False;diaria;f590d034c85bf207_diario_derivado;;interna;horaria_agregada;media
2019-08-15;1.08;24;True;0;2463;vazao;Epagri;;;2;False;diaria;f590d034c85bf207_diario_derivado;;interna;horaria_agregada;media
2019-08-16;1.08;24;True;0;2463;vazao;Epagri;;;2;False;diaria;f590d034c85bf207_diario_derivado;;interna;horaria_agregada;media
2019-08-17;1.08;24;True;0;2463;vazao;Epagri;;;2;False;diaria;f590d034c85bf207_diario_derivado;;interna;horaria_agregada;media
2019-08-18;1.1008333333333333;24;True;0;2463;vazao;Epagri;;;2;False;diaria;f590d034c85bf207_diario_derivado;;interna;horaria_agregada;media
2019-08-19;1.5345833333333332;24;True;0;2463;vazao;Epagri;;;2;False;diaria;f590d034c85bf207_diario_derivado;;interna;horaria_agregada;media
2019-08-20;1.3516666666666666;24;True;0;2463;vazao;Epagri;;;2;False;diaria;f590d034c85bf207_diario_derivado;;interna;horaria_agregada;media
2019-08-21;1.1545833333333333;24;True;0;2463;vazao;Epagri;;;2;False;diaria;f590d034c85bf207_diario_derivado;;interna;horaria_agregada;media
2019-08-22;1.105;24;True;0;2463;vazao;Epagri;;;2;False;diaria;f590d034c85bf207_diario_derivado;;interna;horaria_agregada;media
2019-08-23;1.08;24;True;0;2463;vazao;Epagri;;;2;False;diaria;f590d034c85bf207_diario_derivado;;interna;horaria_agregada;media
2019-08-24;1.08;24;True;0;2463;vazao;Epagri;;;2;False;diaria;f590d034c85bf207_diario_derivado;;interna;horaria_agregada;media
2019-08-25;1.0450000000000002;24;True;0;2463;vazao;Epagri;;;2;False;diaria;f590d034c85bf207_diario_derivado;;interna;horaria_agregada;media
2019-08-26;1.1083333333333334;24;True;0;2463;vazao;Epagri;;;2;False;diaria;f590d034c85bf207_diario_derivado;;interna;horaria_agregada;media
2019-08-27;1.48125;24;True;0;2463;vazao;Epagri;;;2;False;diaria;f590d034c85bf207_diario_derivado;;interna;horaria_agregada;media
2019-08-28;1.3279166666666666;24;True;0;2463;vazao;Epagri;;;2;False;diaria;f590d034c85bf207_diario_derivado;;interna;horaria_agregada;media
2019-08-29;1.1866666666666665;24;True;0;2463;vazao;Epagri;;;2;False;diaria;f590d034c85bf207_diario_derivado;;interna;horaria_agregada;media
2019-08-30;1.0925;24;True;0;2463;vazao;Epagri;;;2;False;diaria;f590d034c85bf207_diario_derivado;;interna;horaria_agregada;media
2019-08-31;1.05;24;True;0;2463;vazao;Epagri;;;2;False;diaria;f590d034c85bf207_diario_derivado;;interna;horaria_agregada;media
2019-09-01;1.25875;24;True;0;2463;vazao;Epagri;;;2;False;diaria;f590d034c85bf207_diario_derivado;;interna;horaria_agregada;media
2019-09-02;1.5179166666666666;24;True;0;2463;vazao;Epagri;;;2;False;diaria;f590d034c85bf207_diario_derivado;;interna;horaria_agregada;media
2019-09-03;1.1983333333333333;24;True;0;2463;vazao;Epagri;;;2;False;diaria;f590d034c85bf207_diario_derivado;;interna;horaria_agregada;media
2019-09-04;1.1025;24;True;0;2463;vazao;Epagri;;;2;False;diaria;f590d034c85bf207_diario_derivado;;interna;horaria_agregada;media
2019-09-05;1.055;24;True;0;2463;vazao;Epagri;;;2;False;diaria;f590d034c85bf207_diario_derivado;;interna;horaria_agregada;media
2019-09-06;1.3933333333333333;24;True;0;2463;vazao;Epagri;;;2;False;diaria;f590d034c85bf207_diario_derivado;;interna;horaria_agregada;media
2019-09-07;2.901666666666667;24;True;0;2463;vazao;Epagri;;;2;False;diaria;f590d034c85bf207_diario_derivado;;interna;horaria_agregada;media
2019-09-08;1.5824999999999998;24;True;0;2463;vazao;Epagri;;;2;False;diaria;f590d034c85bf207_diario_derivado;;interna;horaria_agregada;media
2019-09-09;1.2566666666666666;24;True;0;2463;vazao;Epagri;;;2;False;diaria;f590d034c85bf207_diario_derivado;;interna;horaria_agregada;media
2019-09-10;1.1075;24;True;0;2463;vazao;Epagri;;;2;False;diaria;f590d034c85bf207_diario_derivado;;interna;horaria_agregada;media
2019-09-11;1.035;24;True;0;2463;vazao;Epagri;;;2;False;diaria;f590d034c85bf207_diario_derivado;;interna;horaria_agregada;media
2019-09-12;1.02;24;True;0;2463;vazao;Epagri;;;2;False;diaria;f590d034c85bf207_diario_derivado;;interna;horaria_agregada;media
2019-09-13;1.015;24;True;0;2463;vazao;Epagri;;;2;False;diaria;f590d034c85bf207_diario_derivado;;interna;horaria_agregada;media
2019-09-14;1.02;24;True;0;2463;vazao;Epagri;;;2;False;diaria;f590d034c85bf207_diario_derivado;;interna;horaria_agregada;media
2019-09-15;1.075;24;True;0;2463;vazao;Epagri;;;2;False;diaria;f590d034c85bf207_diario_derivado;;interna;horaria_agregada;media
2019-09-16;1.055;24;True;0;2463;vazao;Epagri;;;2;False;diaria;f590d034c85bf207_diario_derivado;;interna;horaria_agregada;media
2019-09-17;1.0050000000000001;24;True;0;2463;vazao;Epagri;;;2;False;diaria;f590d034c85bf207_diario_derivado;;interna;horaria_agregada;media
2019-09-18;1.015;24;True;0;2463;vazao;Epagri;;;2;False;diaria;f590d034c85bf207_diario_derivado;;interna;horaria_agregada;media
2019-09-19;1.2029166666666666;24;True;0;2463;vazao;Epagri;;;2;False;diaria;f590d034c85bf207_diario_derivado;;interna;horaria_agregada;media
2019-09-20;1.7854166666666667;24;True;0;2463;vazao;Epagri;;;2;False;diaria;f590d034c85bf207_diario_derivado;;interna;horaria_agregada;media
2019-09-21;1.59375;24;True;0;2463;vazao;Epagri;;;2;False;diaria;f590d034c85bf207_diario_derivado;;interna;horaria_agregada;media
2019-09-22;1.3529166666666665;24;True;0;2463;vazao;Epagri;;;2;False;diaria;f590d034c85bf207_diario_derivado;;interna;horaria_agregada;media
2019-09-23;1.1300000000000001;24;True;0;2463;vazao;Epagri;;;2;False;diaria;f590d034c85bf207_diario_derivado;;interna;horaria_agregada;media
2019-09-24;1.0275;24;True;0;2463;vazao;Epagri;;;2;False;diaria;f590d034c85bf207_diario_derivado;;interna;horaria_agregada;media
2019-09-25;1.02;24;True;0;2463;vazao;Epagri;;;2;False;diaria;f590d034c85bf207_diario_derivado;;interna;horaria_agregada;media
2019-09-26;1.02;24;True;0;2463;vazao;Epagri;;;2;False;diaria;f590d034c85bf207_diario_derivado;;interna;horaria_agregada;media
2019-09-27;0.9775;24;True;0;2463;vazao;Epagri;;;2;False;diaria;f590d034c85bf207_diario_derivado;;interna;horaria_agregada;media
2019-09-28;0.9425;24;True;0;2463;vazao;Epagri;;;2;False;diaria;f590d034c85bf207_diario_derivado;;interna;horaria_agregada;media
2019-09-29;0.9;24;True;0;2463;vazao;Epagri;;;2;False;diaria;f590d034c85bf207_diario_derivado;;interna;horaria_agregada;media
2019-09-30;0.9249999999999999;24;True;0;2463;vazao;Epagri;;;2;False;diaria;f590d034c85bf207_diario_derivado;;interna;horaria_agregada;media
2019-10-01;1.0025;24;True;0;2463;vazao;Epagri;;;2;False;diaria;f590d034c85bf207_diario_derivado;;interna;horaria_agregada;media
2019-10-02;1.0675000000000001;24;True;0;2463;vazao;Epagri;;;2;False;diaria;f590d034c85bf207_diario_derivado;;interna;horaria_agregada;media
2019-10-03;0.965;24;True;0;2463;vazao;Epagri;;;2;False;diaria;f590d034c85bf207_diario_derivado;;interna;horaria_agregada;media
2019-10-04;0.96;24;True;0;2463;vazao;Epagri;;;2;False;diaria;f590d034c85bf207_diario_derivado;;interna;horaria_agregada;media
2019-10-05;0.96;24;True;0;2463;vazao;Epagri;;;2;False;diaria;f590d034c85bf207_diario_derivado;;interna;horaria_agregada;media
2019-10-06;1.8208333333333335;24;True;0;2463;vazao;Epagri;;;2;False;diaria;f590d034c85bf207_diario_derivado;;interna;horaria_agregada;media
2019-10-07;1.9245833333333333;24;True;0;2463;vazao;Epagri;;;2;False;diaria;f590d034c85bf207_diario_derivado;;interna;horaria_agregada;media
2019-10-08;1.35125;24;True;0;2463;vazao;Epagri;;;2;False;diaria;f590d034c85bf207_diario_derivado;;interna;horaria_agregada;media
2019-10-09;1.085;24;True;0;2463;vazao;Epagri;;;2;False;diaria;f590d034c85bf207_diario_derivado;;interna;horaria_agregada;media
2019-10-10;0.9925;24;True;0;2463;vazao;Epagri;;;2;False;diaria;f590d034c85bf207_diario_derivado;;interna;horaria_agregada;media
2019-10-11;0.94;24;True;0;2463;vazao;Epagri;;;2;False;diaria;f590d034c85bf207_diario_derivado;;interna;horaria_agregada;media
2019-10-12;0.9;24;True;0;2463;vazao;Epagri;;;2;False;diaria;f590d034c85bf207_diario_derivado;;interna;horaria_agregada;media
2019-10-13;0.8975;24;True;0;2463;vazao;Epagri;;;2;False;diaria;f590d034c85bf207_diario_derivado;;interna;horaria_agregada;media
2019-10-14;1.06;24;True;0;2463;vazao;Epagri;;;2;False;diaria;f590d034c85bf207_diario_derivado;;interna;horaria_agregada;media
2019-10-15;2.7708333333333335;24;True;0;2463;vazao;Epagri;;;2;False;diaria;f590d034c85bf207_diario_derivado;;interna;horaria_agregada;media
2019-10-16;3.470416666666667;24;True;0;2463;vazao;Epagri;;;2;False;diaria;f590d034c85bf207_diario_derivado;;interna;horaria_agregada;media
2019-10-17;12.969583333333333;24;True;0;2463;vazao;Epagri;;;2;False;diaria;f590d034c85bf207_diario_derivado;;interna;horaria_agregada;media
2019-10-18;4.969166666666667;24;True;0;2463;vazao;Epagri;;;2;False;diaria;f590d034c85bf207_diario_derivado;;interna;horaria_agregada;media
2019-10-19;2.6275;24;True;0;2463;vazao;Epagri;;;2;False;diaria;f590d034c85bf207_diario_derivado;;interna;horaria_agregada;media
2019-10-20;1.7074999999999998;24;True;0;2463;vazao;Epagri;;;2;False;diaria;f590d034c85bf207_diario_derivado;;interna;horaria_agregada;media
2019-10-21;1.3958333333333333;24;True;0;2463;vazao;Epagri;;;2;False;diaria;f590d034c85bf207_diario_derivado;;interna;horaria_agregada;media
2019-10-22;1.2975;24;True;0;2463;vazao;Epagri;;;2;False;diaria;f590d034c85bf207_diario_derivado;;interna;horaria_agregada;media
2019-10-23;1.20125;24;True;0;2463;vazao;Epagri;;;2;False;diaria;f590d034c85bf207_diario_derivado;;interna;horaria_agregada;media
2019-10-24;1.2375;24;True;0;2463;vazao;Epagri;;;2;False;diaria;f590d034c85bf207_diario_derivado;;interna;horaria_agregada;media
2019-10-25;1.6187500000000001;24;True;0;2463;vazao;Epagri;;;2;False;diaria;f590d034c85bf207_diario_derivado;;interna;horaria_agregada;media
2019-10-26;1.54875;24;True;0;2463;vazao;Epagri;;;2;False;diaria;f590d034c85bf207_diario_derivado;;interna;horaria_agregada;media
2019-10-27;1.75125;24;True;0;2463;vazao;Epagri;;;2;False;diaria;f590d034c85bf207_diario_derivado;;interna;horaria_agregada;media
2019-10-28;6.3775;24;True;0;2463;vazao;Epagri;;;2;False;diaria;f590d034c85bf207_diario_derivado;;interna;horaria_agregada;media
2019-10-29;2.59875;24;True;0;2463;vazao;Epagri;;;2;False;diaria;f590d034c85bf207_diario_derivado;;interna;horaria_agregada;media
2019-10-30;2.9308333333333336;24;True;0;2463;vazao;Epagri;;;2;False;diaria;f590d034c85bf207_diario_derivado;;interna;horaria_agregada;media
2019-10-31;2.5575;24;True;0;2463;vazao;Epagri;;;2;False;diaria;f590d034c85bf207_diario_derivado;;interna;horaria_agregada;media
2019-11-01;3.68375;24;True;0;2463;vazao;Epagri;;;2;False;diaria;f590d034c85bf207_diario_derivado;;interna;horaria_agregada;media
2019-11-02;5.655833333333334;24;True;0;2463;vazao;Epagri;;;2;False;diaria;f590d034c85bf207_diario_derivado;;interna;horaria_agregada;media
2019-11-03;2.6095833333333336;24;True;0;2463;vazao;Epagri;;;2;False;diaria;f590d034c85bf207_diario_derivado;;interna;horaria_agregada;media
2019-11-04;1.96125;24;True;0;2463;vazao;Epagri;;;2;False;diaria;f590d034c85bf207_diario_derivado;;interna;horaria_agregada;media
2019-11-05;8.934166666666668;24;True;0;2463;vazao;Epagri;;;2;False;diaria;f590d034c85bf207_diario_derivado;;interna;horaria_agregada;media
2019-11-06;2.999166666666667;24;True;0;2463;vazao;Epagri;;;2;False;diaria;f590d034c85bf207_diario_derivado;;interna;horaria_agregada;media
2019-11-07;2.0883333333333334;24;True;0;2463;vazao;Epagri;;;2;False;diaria;f590d034c85bf207_diario_derivado;;interna;horaria_agregada;media
2019-11-08;2.00625;24;True;0;2463;vazao;Epagri;;;2;False;diaria;f590d034c85bf207_diario_derivado;;interna;horaria_agregada;media
2019-11-09;1.78;24;True;0;2463;vazao;Epagri;;;2;False;diaria;f590d034c85bf207_diario_derivado;;interna;horaria_agregada;media
2019-11-10;14.77375;24;True;0;2463;vazao;Epagri;;;2;False;diaria;f590d034c85bf207_diario_derivado;;interna;horaria_agregada;media
2019-11-11;42.05166666666667;24;True;0;2463;vazao;Epagri;;;2;False;diaria;f590d034c85bf207_diario_derivado;;interna;horaria_agregada;media
2019-11-12;10.637916666666667;24;True;0;2463;vazao;Epagri;;;2;False;diaria;f590d034c85bf207_diario_derivado;;interna;horaria_agregada;media
2019-11-13;23.878333333333334;24;True;0;2463;vazao;Epagri;;;2;False;diaria;f590d034c85bf207_diario_derivado;;interna;horaria_agregada;media
2019-11-14;50.83291666666667;24;True;0;2463;vazao;Epagri;;;2;False;diaria;f590d034c85bf207_diario_derivado;;interna;horaria_agregada;media
2019-11-15;10.406666666666666;24;True;0;2463;vazao;Epagri;;;2;False;diaria;f590d034c85bf207_diario_derivado;;interna;horaria_agregada;media
2019-11-16;5.546250000000001;24;True;0;2463;vazao;Epagri;;;2;False;diaria;f590d034c85bf207_diario_derivado;;interna;horaria_agregada;media
2019-11-17;4.070416666666667;24;True;0;2463;vazao;Epagri;;;2;False;diaria;f590d034c85bf207_diario_derivado;;interna;horaria_agregada;media
2019-11-18;3.3016666666666663;24;True;0;2463;vazao;Epagri;;;2;False;diaria;f590d034c85bf207_diario_derivado;;interna;horaria_agregada;media
2019-11-19;2.83;24;True;0;2463;vazao;Epagri;;;2;False;diaria;f590d034c85bf207_diario_derivado;;interna;horaria_agregada;media
2019-11-20;2.5691666666666664;24;True;0;2463;vazao;Epagri;;;2;False;diaria;f590d034c85bf207_diario_derivado;;interna;horaria_agregada;media
2019-11-21;2.433333333333333;24;True;0;2463;vazao;Epagri;;;2;False;diaria;f590d034c85bf207_diario_derivado;;interna;horaria_agregada;media
2019-11-22;2.225;24;True;0;2463;vazao;Epagri;;;2;False;diaria;f590d034c85bf207_diario_derivado;;interna;horaria_agregada;media
2019-11-23;2.08875;24;True;0;2463;vazao;Epagri;;;2;False;diaria;f590d034c85bf207_diario_derivado;;interna;horaria_agregada;media
2019-11-24;2.05875;24;True;0;2463;vazao;Epagri;;;2;False;diaria;f590d034c85bf207_diario_derivado;;interna;horaria_agregada;media
2019-11-25;1.8825;24;True;0;2463;vazao;Epagri;;;2;False;diaria;f590d034c85bf207_diario_derivado;;interna;horaria_agregada;media
2019-11-26;1.7633333333333334;24;True;0;2463;vazao;Epagri;;;2;False;diaria;f590d034c85bf207_diario_derivado;;interna;horaria_agregada;media
2019-11-27;2.8775;24;True;0;2463;vazao;Epagri;;;2;False;diaria;f590d034c85bf207_diario_derivado;;interna;horaria_agregada;media
2019-11-28;2.1191666666666666;24;True;0;2463;vazao;Epagri;;;2;False;diaria;f590d034c85bf207_diario_derivado;;interna;horaria_agregada;media
2019-11-29;1.75125;24;True;0;2463;vazao;Epagri;;;2;False;diaria;f590d034c85bf207_diario_derivado;;interna;horaria_agregada;media
2019-11-30;1.6466666666666665;24;True;0;2463;vazao;Epagri;;;2;False;diaria;f590d034c85bf207_diario_derivado;;interna;horaria_agregada;media
2019-12-01;1.6495833333333334;24;True;0;2463;vazao;Epagri;;;2;False;diaria;f590d034c85bf207_diario_derivado;;interna;horaria_agregada;media
2019-12-02;1.70125;24;True;0;2463;vazao;Epagri;;;2;False;diaria;f590d034c85bf207_diario_derivado;;interna;horaria_agregada;media
2019-12-03;1.5008333333333335;24;True;0;2463;vazao;Epagri;;;2;False;diaria;f590d034c85bf207_diario_derivado;;interna;horaria_agregada;media
2019-12-04;1.43;24;True;0;2463;vazao;Epagri;;;2;False;diaria;f590d034c85bf207_diario_derivado;;interna;horaria_agregada;media
2019-12-05;1.6754166666666668;24;True;0;2463;vazao;Epagri;;;2;False;diaria;f590d034c85bf207_diario_derivado;;interna;horaria_agregada;media
2019-12-06;1.6900000000000002;24;True;0;2463;vazao;Epagri;;;2;False;diaria;f590d034c85bf207_diario_derivado;;interna;horaria_agregada;media
2019-12-07;1.4349999999999998;24;True;0;2463;vazao;Epagri;;;2;False;diaria;f590d034c85bf207_diario_derivado;;interna;horaria_agregada;media
2019-12-08;1.3500000000000003;24;True;0;2463;vazao;Epagri;;;2;False;diaria;f590d034c85bf207_diario_derivado;;interna;horaria_agregada;media
2019-12-09;1.3033333333333335;24;True;0;2463;vazao;Epagri;;;2;False;diaria;f590d034c85bf207_diario_derivado;;interna;horaria_agregada;media
2019-12-10;1.2829166666666667;24;True;0;2463;vazao;Epagri;;;2;False;diaria;f590d034c85bf207_diario_derivado;;interna;horaria_agregada;media
2019-12-11;1.28;24;True;0;2463;vazao;Epagri;;;2;False;diaria;f590d034c85bf207_diario_derivado;;interna;horaria_agregada;media
2019-12-12;1.3525;24;True;0;2463;vazao;Epagri;;;2;False;diaria;f590d034c85bf207_diario_derivado;;interna;horaria_agregada;media
2019-12-13;1.76375;24;True;0;2463;vazao;Epagri;;;2;False;diaria;f590d034c85bf207_diario_derivado;;interna;horaria_agregada;media
2019-12-14;1.3095833333333333;24;True;0;2463;vazao;Epagri;;;2;False;diaria;f590d034c85bf207_diario_derivado;;interna;horaria_agregada;media
2019-12-15;2.44875;24;True;0;2463;vazao;Epagri;;;2;False;diaria;f590d034c85bf207_diario_derivado;;interna;horaria_agregada;media
2019-12-16;2.049583333333333;24;True;0;2463;vazao;Epagri;;;2;False;diaria;f590d034c85bf207_diario_derivado;;interna;horaria_agregada;media
2019-12-17;3.4170833333333337;24;True;0;2463;vazao;Epagri;;;2;False;diaria;f590d034c85bf207_diario_derivado;;interna;horaria_agregada;media
2019-12-18;6.089583333333334;24;True;0;2463;vazao;Epagri;;;2;False;diaria;f590d034c85bf207_diario_derivado;;interna;horaria_agregada;media
2019-12-19;2.0529166666666665;24;True;0;2463;vazao;Epagri;;;2;False;diaria;f590d034c85bf207_diario_derivado;;interna;horaria_agregada;media
2019-12-20;1.6454166666666667;24;True;0;2463;vazao;Epagri;;;2;False;diaria;f590d034c85bf207_diario_derivado;;interna;horaria_agregada;media
2019-12-21;1.5333333333333332;24;True;0;2463;vazao;Epagri;;;2;False;diaria;f590d034c85bf207_diario_derivado;;interna;horaria_agregada;media
2019-12-22;1.6629166666666666;24;True;0;2463;vazao;Epagri;;;2;False;diaria;f590d034c85bf207_diario_derivado;;interna;horaria_agregada;media
2019-12-23;1.4241666666666666;24;True;0;2463;vazao;Epagri;;;2;False;diaria;f590d034c85bf207_diario_derivado;;interna;horaria_agregada;media
2019-12-24;1.3208333333333335;24;True;0;2463;vazao;Epagri;;;2;False;diaria;f590d034c85bf207_diario_derivado;;interna;horaria_agregada;media
2019-12-25;1.2508333333333332;24;True;0;2463;vazao;Epagri;;;2;False;diaria;f590d034c85bf207_diario_derivado;;interna;horaria_agregada;media
2019-12-26;1.21;24;True;0;2463;vazao;Epagri;;;2;False;diaria;f590d034c85bf207_diario_derivado;;interna;horaria_agregada;media
2019-12-27;1.18375;24;True;0;2463;vazao;Epagri;;;2;False;diaria;f590d034c85bf207_diario_derivado;;interna;horaria_agregada;media
2019-12-28;1.14;24;True;0;2463;vazao;Epagri;;;2;False;diaria;f590d034c85bf207_diario_derivado;;interna;horaria_agregada;media
2019-12-29;1.1199999999999999;24;True;0;2463;vazao;Epagri;;;2;False;diaria;f590d034c85bf207_diario_derivado;;interna;horaria_agregada;media
2019-12-30;1.08;24;True;0;2463;vazao;Epagri;;;2;False;diaria;f590d034c85bf207_diario_derivado;;interna;horaria_agregada;media
2019-12-31;1.08;24;True;0;2463;vazao;Epagri;;;2;False;diaria;f590d034c85bf207_diario_derivado;;interna;horaria_agregada;media
2020-01-01;7.399166666666667;24;True;0;2463;vazao;Epagri;;;2;False;diaria;f590d034c85bf207_diario_derivado;;interna;horaria_agregada;media
2020-01-02;4.479166666666667;24;True;0;2463;vazao;Epagri;;;2;False;diaria;f590d034c85bf207_diario_derivado;;interna;horaria_agregada;media
2020-01-03;4.4425;24;True;0;2463;vazao;Epagri;;;2;False;diaria;f590d034c85bf207_diario_derivado;;interna;horaria_agregada;media
2020-01-04;36.01958333333334;24;True;0;2463;vazao;Epagri;;;2;False;diaria;f590d034c85bf207_diario_derivado;;interna;horaria_agregada;media
2020-01-05;7.398333333333333;24;True;0;2463;vazao;Epagri;;;2;False;diaria;f590d034c85bf207_diario_derivado;;interna;horaria_agregada;media
2020-01-06;3.135;24;True;0;2463;vazao;Epagri;;;2;False;diaria;f590d034c85bf207_diario_derivado;;interna;horaria_agregada;media
2020-01-07;2.3716666666666666;24;True;0;2463;vazao;Epagri;;;2;False;diaria;f590d034c85bf207_diario_derivado;;interna;horaria_agregada;media
2020-01-08;2.4608333333333334;24;True;0;2463;vazao;Epagri;;;2;False;diaria;f590d034c85bf207_diario_derivado;;interna;horaria_agregada;media
2020-01-09;2.5170833333333333;24;True;0;2463;vazao;Epagri;;;2;False;diaria;f590d034c85bf207_diario_derivado;;interna;horaria_agregada;media
2020-01-10;2.2445833333333334;24;True;0;2463;vazao;Epagri;;;2;False;diaria;f590d034c85bf207_diario_derivado;;interna;horaria_agregada;media
2020-01-11;19.577083333333334;24;True;0;2463;vazao;Epagri;;;2;False;diaria;f590d034c85bf207_diario_derivado;;interna;horaria_agregada;media
2020-01-12;3.30625;24;True;0;2463;vazao;Epagri;;;2;False;diaria;f590d034c85bf207_diario_derivado;;interna;horaria_agregada;media
2020-01-13;2.40625;24;True;0;2463;vazao;Epagri;;;2;False;diaria;f590d034c85bf207_diario_derivado;;interna;horaria_agregada;media
2020-01-14;2.0820833333333333;24;True;0;2463;vazao;Epagri;;;2;False;diaria;f590d034c85bf207_diario_derivado;;interna;horaria_agregada;media
2020-01-15;1.8975;24;True;0;2463;vazao;Epagri;;;2;False;diaria;f590d034c85bf207_diario_derivado;;interna;horaria_agregada;media
2020-01-16;1.9933333333333334;24;True;0;2463;vazao;Epagri;;;2;False;diaria;f590d034c85bf207_diario_derivado;;interna;horaria_agregada;media
2020-01-17;1.8949999999999998;24;True;0;2463;vazao;Epagri;;;2;False;diaria;f590d034c85bf207_diario_derivado;;interna;horaria_agregada;media
2020-01-18;1.6900000000000002;24;True;0;2463;vazao;Epagri;;;2;False;diaria;f590d034c85bf207_diario_derivado;;interna;horaria_agregada;media
2020-01-19;1.6333333333333335;24;True;0;2463;vazao;Epagri;;;2;False;diaria;f590d034c85bf207_diario_derivado;;interna;horaria_agregada;media
2020-01-20;1.5766666666666669;24;True;0;2463;vazao;Epagri;;;2;False;diaria;f590d034c85bf207_diario_derivado;;interna;horaria_agregada;media
2020-01-21;1.5033333333333332;24;True;0;2463;vazao;Epagri;;;2;False;diaria;f590d034c85bf207_diario_derivado;;interna;horaria_agregada;media
2020-01-22;1.5720833333333333;24;True;0;2463;vazao;Epagri;;;2;False;diaria;f590d034c85bf207_diario_derivado;;interna;horaria_agregada;media
2020-01-23;9.42125;24;True;0;2463;vazao;Epagri;;;2;False;diaria;f590d034c85bf207_diario_derivado;;interna;horaria_agregada;media
2020-01-24;13.54125;24;True;0;2463;vazao;Epagri;;;2;False;diaria;f590d034c85bf207_diario_derivado;;interna;horaria_agregada;media
2020-01-25;3.811666666666667;24;True;0;2463;vazao;Epagri;;;2;False;diaria;f590d034c85bf207_diario_derivado;;interna;horaria_agregada;media
2020-01-26;2.402083333333333;24;True;0;2463;vazao;Epagri;;;2;False;diaria;f590d034c85bf207_diario_derivado;;interna;horaria_agregada;media
2020-01-27;13.60875;24;True;0;2463;vazao;Epagri;;;2;False;diaria;f590d034c85bf207_diario_derivado;;interna;horaria_agregada;media
2020-01-28;7.17875;24;True;0;2463;vazao;Epagri;;;2;False;diaria;f590d034c85bf207_diario_derivado;;interna;horaria_agregada;media
2020-01-29;3.2108333333333334;24;True;0;2463;vazao;Epagri;;;2;False;diaria;f590d034c85bf207_diario_derivado;;interna;horaria_agregada;media
2020-01-30;3.2908333333333335;24;True;0;2463;vazao;Epagri;;;2;False;diaria;f590d034c85bf207_diario_derivado;;interna;horaria_agregada;media
2020-01-31;3.077083333333333;24;True;0;2463;vazao;Epagri;;;2;False;diaria;f590d034c85bf207_diario_derivado;;interna;horaria_agregada;media
2020-02-01;3.1162500000000004;24;True;0;2463;vazao;Epagri;;;2;False;diaria;f590d034c85bf207_diario_derivado;;interna;horaria_agregada;media
2020-02-02;2.358333333333333;24;True;0;2463;vazao;Epagri;;;2;False;diaria;f590d034c85bf207_diario_derivado;;interna;horaria_agregada;media
2020-02-03;3.0549999999999997;24;True;0;2463;vazao;Epagri;;;2;False;diaria;f590d034c85bf207_diario_derivado;;interna;horaria_agregada;media
2020-02-04;10.420833333333333;24;True;0;2463;vazao;Epagri;;;2;False;diaria;f590d034c85bf207_diario_derivado;;interna;horaria_agregada;media
2020-02-05;;23;False;0;2463;vazao;Epagri;;;2;False;diaria;f590d034c85bf207_diario_derivado;;interna;horaria_agregada;media
2020-02-06;33.034166666666664;24;True;0;2463;vazao;Epagri;;;2;False;diaria;f590d034c85bf207_diario_derivado;;interna;horaria_agregada;media
2020-02-07;60.81333333333333;24;True;0;2463;vazao;Epagri;;;2;False;diaria;f590d034c85bf207_diario_derivado;;interna;horaria_agregada;media
2020-02-08;41.40208333333333;24;True;0;2463;vazao;Epagri;;;2;False;diaria;f590d034c85bf207_diario_derivado;;interna;horaria_agregada;media
2020-02-09;11.071666666666667;24;True;0;2463;vazao;Epagri;;;2;False;diaria;f590d034c85bf207_diario_derivado;;interna;horaria_agregada;media
2020-02-10;7.327916666666667;24;True;0;2463;vazao;Epagri;;;2;False;diaria;f590d034c85bf207_diario_derivado;;interna;horaria_agregada;media
2020-02-11;5.458749999999999;24;True;0;2463;vazao;Epagri;;;2;False;diaria;f590d034c85bf207_diario_derivado;;interna;horaria_agregada;media
2020-02-12;4.962916666666667;24;True;0;2463;vazao;Epagri;;;2;False;diaria;f590d034c85bf207_diario_derivado;;interna;horaria_agregada;media
2020-02-13;4.1745833333333335;24;True;0;2463;vazao;Epagri;;;2;False;diaria;f590d034c85bf207_diario_derivado;;interna;horaria_agregada;media
2020-02-14;3.51;24;True;0;2463;vazao;Epagri;;;2;False;diaria;f590d034c85bf207_diario_derivado;;interna;horaria_agregada;media
2020-02-15;3.080833333333333;24;True;0;2463;vazao;Epagri;;;2;False;diaria;f590d034c85bf207_diario_derivado;;interna;horaria_agregada;media
2020-02-16;2.784166666666667;24;True;0;2463;vazao;Epagri;;;2;False;diaria;f590d034c85bf207_diario_derivado;;interna;horaria_agregada;media
2020-02-17;2.57375;24;True;0;2463;vazao;Epagri;;;2;False;diaria;f590d034c85bf207_diario_derivado;;interna;horaria_agregada;media
2020-02-18;2.3791666666666664;24;True;0;2463;vazao;Epagri;;;2;False;diaria;f590d034c85bf207_diario_derivado;;interna;horaria_agregada;media
2020-02-19;2.2708333333333335;24;True;0;2463;vazao;Epagri;;;2;False;diaria;f590d034c85bf207_diario_derivado;;interna;horaria_agregada;media
2020-02-20;2.1875000000000004;24;True;0;2463;vazao;Epagri;;;2;False;diaria;f590d034c85bf207_diario_derivado;;interna;horaria_agregada;media
2020-02-21;2.0812500000000003;24;True;0;2463;vazao;Epagri;;;2;False;diaria;f590d034c85bf207_diario_derivado;;interna;horaria_agregada;media
2020-02-22;1.9612499999999997;24;True;0;2463;vazao;Epagri;;;2;False;diaria;f590d034c85bf207_diario_derivado;;interna;horaria_agregada;media
2020-02-23;1.83;24;True;0;2463;vazao;Epagri;;;2;False;diaria;f590d034c85bf207_diario_derivado;;interna;horaria_agregada;media
2020-02-24;1.8033333333333335;24;True;0;2463;vazao;Epagri;;;2;False;diaria;f590d034c85bf207_diario_derivado;;interna;horaria_agregada;media
2020-02-25;1.75;24;True;0;2463;vazao;Epagri;;;2;False;diaria;f590d034c85bf207_diario_derivado;;interna;horaria_agregada;media
2020-02-26;8.106250000000001;24;True;0;2463;vazao;Epagri;;;2;False;diaria;f590d034c85bf207_diario_derivado;;interna;horaria_agregada;media
2020-02-27;2.7045833333333333;24;True;0;2463;vazao;Epagri;;;2;False;diaria;f590d034c85bf207_diario_derivado;;interna;horaria_agregada;media
2020-02-28;1.9349999999999998;24;True;0;2463;vazao;Epagri;;;2;False;diaria;f590d034c85bf207_diario_derivado;;interna;horaria_agregada;media
2020-02-29;1.7420833333333334;24;True;0;2463;vazao;Epagri;;;2;False;diaria;f590d034c85bf207_diario_derivado;;interna;horaria_agregada;media
2020-03-01;1.6466666666666665;24;True;0;2463;vazao;Epagri;;;2;False;diaria;f590d034c85bf207_diario_derivado;;interna;horaria_agregada;media
2020-03-02;1.8779166666666667;24;True;0;2463;vazao;Epagri;;;2;False;diaria;f590d034c85bf207_diario_derivado;;interna;horaria_agregada;media
2020-03-03;2.56125;24;True;0;2463;vazao;Epagri;;;2;False;diaria;f590d034c85bf207_diario_derivado;;interna;horaria_agregada;media
2020-03-04;2.6816666666666666;24;True;0;2463;vazao;Epagri;;;2;False;diaria;f590d034c85bf207_diario_derivado;;interna;horaria_agregada;media
2020-03-05;1.7725;24;True;0;2463;vazao;Epagri;;;2;False;diaria;f590d034c85bf207_diario_derivado;;interna;horaria_agregada;media
2020-03-06;1.6066666666666667;24;True;0;2463;vazao;Epagri;;;2;False;diaria;f590d034c85bf207_diario_derivado;;interna;horaria_agregada;media
2020-03-07;1.5466666666666669;24;True;0;2463;vazao;Epagri;;;2;False;diaria;f590d034c85bf207_diario_derivado;;interna;horaria_agregada;media
2020-03-08;1.4854166666666666;24;True;0;2463;vazao;Epagri;;;2;False;diaria;f590d034c85bf207_diario_derivado;;interna;horaria_agregada;media
2020-03-09;1.43;24;True;0;2463;vazao;Epagri;;;2;False;diaria;f590d034c85bf207_diario_derivado;;interna;horaria_agregada;media
2020-03-10;1.3500000000000003;24;True;0;2463;vazao;Epagri;;;2;False;diaria;f590d034c85bf207_diario_derivado;;interna;horaria_agregada;media
2020-03-11;1.3179166666666668;24;True;0;2463;vazao;Epagri;;;2;False;diaria;f590d034c85bf207_diario_derivado;;interna;horaria_agregada;media
2020-03-12;1.28;24;True;0;2463;vazao;Epagri;;;2;False;diaria;f590d034c85bf207_diario_derivado;;interna;horaria_agregada;media
2020-03-13;1.27125;24;True;0;2463;vazao;Epagri;;;2;False;diaria;f590d034c85bf207_diario_derivado;;interna;horaria_agregada;media
2020-03-14;1.21;24;True;0;2463;vazao;Epagri;;;2;False;diaria;f590d034c85bf207_diario_derivado;;interna;horaria_agregada;media
2020-03-15;1.21;24;True;0;2463;vazao;Epagri;;;2;False;diaria;f590d034c85bf207_diario_derivado;;interna;horaria_agregada;media
2020-03-16;1.1633333333333333;24;True;0;2463;vazao;Epagri;;;2;False;diaria;f590d034c85bf207_diario_derivado;;interna;horaria_agregada;media
2020-03-17;1.21;24;True;0;2463;vazao;Epagri;;;2;False;diaria;f590d034c85bf207_diario_derivado;;interna;horaria_agregada;media
2020-03-18;1.3062500000000001;24;True;0;2463;vazao;Epagri;;;2;False;diaria;f590d034c85bf207_diario_derivado;;interna;horaria_agregada;media
2020-03-19;1.2625;24;True;0;2463;vazao;Epagri;;;2;False;diaria;f590d034c85bf207_diario_derivado;;interna;horaria_agregada;media
2020-03-20;1.2595833333333333;24;True;0;2463;vazao;Epagri;;;2;False;diaria;f590d034c85bf207_diario_derivado;;interna;horaria_agregada;media
2020-03-21;1.1545833333333333;24;True;0;2463;vazao;Epagri;;;2;False;diaria;f590d034c85bf207_diario_derivado;;interna;horaria_agregada;media
2020-03-22;1.1458333333333333;24;True;0;2463;vazao;Epagri;;;2;False;diaria;f590d034c85bf207_diario_derivado;;interna;horaria_agregada;media
2020-03-23;1.1866666666666665;24;True;0;2463;vazao;Epagri;;;2;False;diaria;f590d034c85bf207_diario_derivado;;interna;horaria_agregada;media
2020-03-24;1.1125;24;True;0;2463;vazao;Epagri;;;2;False;diaria;f590d034c85bf207_diario_derivado;;interna;horaria_agregada;media
2020-03-25;1.08;24;True;0;2463;vazao;Epagri;;;2;False;diaria;f590d034c85bf207_diario_derivado;;interna;horaria_agregada;media
2020-03-26;1.0625;24;True;0;2463;vazao;Epagri;;;2;False;diaria;f590d034c85bf207_diario_derivado;;interna;horaria_agregada;media
2020-03-27;1.1125;24;True;0;2463;vazao;Epagri;;;2;False;diaria;f590d034c85bf207_diario_derivado;;interna;horaria_agregada;media
2020-03-28;1.0825;24;True;0;2463;vazao;Epagri;;;2;False;diaria;f590d034c85bf207_diario_derivado;;interna;horaria_agregada;media
2020-03-29;1.0225;24;True;0;2463;vazao;Epagri;;;2;False;diaria;f590d034c85bf207_diario_derivado;;interna;horaria_agregada;media
2020-03-30;1.02;24;True;0;2463;vazao;Epagri;;;2;False;diaria;f590d034c85bf207_diario_derivado;;interna;horaria_agregada;media
2020-03-31;1.1466666666666667;24;True;0;2463;vazao;Epagri;;;2;False;diaria;f590d034c85bf207_diario_derivado;;interna;horaria_agregada;media
2020-04-01;1.6191666666666666;24;True;0;2463;vazao;Epagri;;;2;False;diaria;f590d034c85bf207_diario_derivado;;interna;horaria_agregada;media
2020-04-02;1.1516666666666666;24;True;0;2463;vazao;Epagri;;;2;False;diaria;f590d034c85bf207_diario_derivado;;interna;horaria_agregada;media
2020-04-03;1.0725;24;True;0;2463;vazao;Epagri;;;2;False;diaria;f590d034c85bf207_diario_derivado;;interna;horaria_agregada;media
2020-04-04;0.985;24;True;0;2463;vazao;Epagri;;;2;False;diaria;f590d034c85bf207_diario_derivado;;interna;horaria_agregada;media
2020-04-05;0.96;24;True;0;2463;vazao;Epagri;;;2;False;diaria;f590d034c85bf207_diario_derivado;;interna;horaria_agregada;media
2020-04-06;0.98;24;True;0;2463;vazao;Epagri;;;2;False;diaria;f590d034c85bf207_diario_derivado;;interna;horaria_agregada;media
2020-04-07;1.16;24;True;0;2463;vazao;Epagri;;;2;False;diaria;f590d034c85bf207_diario_derivado;;interna;horaria_agregada;media
2020-04-08;0.9899999999999999;24;True;0;2463;vazao;Epagri;;;2;False;diaria;f590d034c85bf207_diario_derivado;;interna;horaria_agregada;media
2020-04-09;0.9075000000000001;24;True;0;2463;vazao;Epagri;;;2;False;diaria;f590d034c85bf207_diario_derivado;;interna;horaria_agregada;media
2020-04-10;0.9;24;True;0;2463;vazao;Epagri;;;2;False;diaria;f590d034c85bf207_diario_derivado;;interna;horaria_agregada;media
2020-04-11;0.8850000000000001;24;True;0;2463;vazao;Epagri;;;2;False;diaria;f590d034c85bf207_diario_derivado;;interna;horaria_agregada;media
2020-04-12;0.85;24;True;0;2463;vazao;Epagri;;;2;False;diaria;f590d034c85bf207_diario_derivado;;interna;horaria_agregada;media
2020-04-13;0.84;24;True;0;2463;vazao;Epagri;;;2;False;diaria;f590d034c85bf207_diario_derivado;;interna;horaria_agregada;media
2020-04-14;0.91;24;True;0;2463;vazao;Epagri;;;2;False;diaria;f590d034c85bf207_diario_derivado;;interna;horaria_agregada;media
2020-04-15;0.8875000000000001;24;True;0;2463;vazao;Epagri;;;2;False;diaria;f590d034c85bf207_diario_derivado;;interna;horaria_agregada;media
2020-04-16;0.8316666666666667;24;True;0;2463;vazao;Epagri;;;2;False;diaria;f590d034c85bf207_diario_derivado;;interna;horaria_agregada;media
2020-04-17;0.79;24;True;0;2463;vazao;Epagri;;;2;False;diaria;f590d034c85bf207_diario_derivado;;interna;horaria_agregada;media
2020-04-18;0.79;24;True;0;2463;vazao;Epagri;;;2;False;diaria;f590d034c85bf207_diario_derivado;;interna;horaria_agregada;media
2020-04-19;0.79;24;True;0;2463;vazao;Epagri;;;2;False;diaria;f590d034c85bf207_diario_derivado;;interna;horaria_agregada;media
2020-04-20;0.79;24;True;0;2463;vazao;Epagri;;;2;False;diaria;f590d034c85bf207_diario_derivado;;interna;horaria_agregada;media
2020-04-21;0.79;24;True;0;2463;vazao;Epagri;;;2;False;diaria;f590d034c85bf207_diario_derivado;;interna;horaria_agregada;media
2020-04-22;0.79;24;True;0;2463;vazao;Epagri;;;2;False;diaria;f590d034c85bf207_diario_derivado;;interna;horaria_agregada;media
2020-04-23;0.7858333333333333;24;True;0;2463;vazao;Epagri;;;2;False;diaria;f590d034c85bf207_diario_derivado;;interna;horaria_agregada;media
2020-04-24;0.7733333333333334;24;True;0;2463;vazao;Epagri;;;2;False;diaria;f590d034c85bf207_diario_derivado;;interna;horaria_agregada;media
2020-04-25;0.7420833333333333;24;True;0;2463;vazao;Epagri;;;2;False;diaria;f590d034c85bf207_diario_derivado;;interna;horaria_agregada;media
2020-04-26;0.7399999999999999;24;True;0;2463;vazao;Epagri;;;2;False;diaria;f590d034c85bf207_diario_derivado;;interna;horaria_agregada;media
2020-04-27;0.75875;24;True;0;2463;vazao;Epagri;;;2;False;diaria;f590d034c85bf207_diario_derivado;;interna;horaria_agregada;media
2020-04-28;1.2529166666666667;24;True;0;2463;vazao;Epagri;;;2;False;diaria;f590d034c85bf207_diario_derivado;;interna;horaria_agregada;media
2020-04-29;1.2620833333333332;24;True;0;2463;vazao;Epagri;;;2;False;diaria;f590d034c85bf207_diario_derivado;;interna;horaria_agregada;media
2020-04-30;0.8975;24;True;0;2463;vazao;Epagri;;;2;False;diaria;f590d034c85bf207_diario_derivado;;interna;horaria_agregada;media
2020-05-01;0.8170833333333333;24;True;0;2463;vazao;Epagri;;;2;False;diaria;f590d034c85bf207_diario_derivado;;interna;horaria_agregada;media
2020-05-02;0.79;24;True;0;2463;vazao;Epagri;;;2;False;diaria;f590d034c85bf207_diario_derivado;;interna;horaria_agregada;media
2020-05-03;0.7525;24;True;0;2463;vazao;Epagri;;;2;False;diaria;f590d034c85bf207_diario_derivado;;interna;horaria_agregada;media
2020-05-04;0.7399999999999999;24;True;0;2463;vazao;Epagri;;;2;False;diaria;f590d034c85bf207_diario_derivado;;interna;horaria_agregada;media
2020-05-05;0.7399999999999999;24;True;0;2463;vazao;Epagri;;;2;False;diaria;f590d034c85bf207_diario_derivado;;interna;horaria_agregada;media
2020-05-06;0.765;24;True;0;2463;vazao;Epagri;;;2;False;diaria;f590d034c85bf207_diario_derivado;;interna;horaria_agregada;media
2020-05-07;0.7545833333333333;24;True;0;2463;vazao;Epagri;;;2;False;diaria;f590d034c85bf207_diario_derivado;;interna;horaria_agregada;media
2020-05-08;0.7108333333333333;24;True;0;2463;vazao;Epagri;;;2;False;diaria;f590d034c85bf207_diario_derivado;;interna;horaria_agregada;media
2020-05-09;0.69;24;True;0;2463;vazao;Epagri;;;2;False;diaria;f590d034c85bf207_diario_derivado;;interna;horaria_agregada;media
2020-05-10;0.69;24;True;0;2463;vazao;Epagri;;;2;False;diaria;f590d034c85bf207_diario_derivado;;interna;horaria_agregada;media
2020-05-11;0.69;24;True;0;2463;vazao;Epagri;;;2;False;diaria;f590d034c85bf207_diario_derivado;;interna;horaria_agregada;media
2020-05-12;0.69;24;True;0;2463;vazao;Epagri;;;2;False;diaria;f590d034c85bf207_diario_derivado;;interna;horaria_agregada;media
2020-05-13;0.69;24;True;0;2463;vazao;Epagri;;;2;False;diaria;f590d034c85bf207_diario_derivado;;interna;horaria_agregada;media
2020-05-14;0.7004166666666666;24;True;0;2463;vazao;Epagri;;;2;False;diaria;f590d034c85bf207_diario_derivado;;interna;horaria_agregada;media
2020-05-15;0.6774999999999999;24;True;0;2463;vazao;Epagri;;;2;False;diaria;f590d034c85bf207_diario_derivado;;interna;horaria_agregada;media
2020-05-16;0.6629166666666667;24;True;0;2463;vazao;Epagri;;;2;False;diaria;f590d034c85bf207_diario_derivado;;interna;horaria_agregada;media
2020-05-17;0.64;24;True;0;2463;vazao;Epagri;;;2;False;diaria;f590d034c85bf207_diario_derivado;;interna;horaria_agregada;media
2020-05-18;0.64;24;True;0;2463;vazao;Epagri;;;2;False;diaria;f590d034c85bf207_diario_derivado;;interna;horaria_agregada;media
2020-05-19;0.64;24;True;0;2463;vazao;Epagri;;;2;False;diaria;f590d034c85bf207_diario_derivado;;interna;horaria_agregada;media
2020-05-20;0.64;24;True;0;2463;vazao;Epagri;;;2;False;diaria;f590d034c85bf207_diario_derivado;;interna;horaria_agregada;media
2020-05-21;0.64;24;True;0;2463;vazao;Epagri;;;2;False;diaria;f590d034c85bf207_diario_derivado;;interna;horaria_agregada;media
2020-05-22;0.6691666666666666;24;True;0;2463;vazao;Epagri;;;2;False;diaria;f590d034c85bf207_diario_derivado;;interna;horaria_agregada;media
2020-05-23;0.67125;24;True;0;2463;vazao;Epagri;;;2;False;diaria;f590d034c85bf207_diario_derivado;;interna;horaria_agregada;media
2020-05-24;0.63375;24;True;0;2463;vazao;Epagri;;;2;False;diaria;f590d034c85bf207_diario_derivado;;interna;horaria_agregada;media
2020-05-25;0.6108333333333333;24;True;0;2463;vazao;Epagri;;;2;False;diaria;f590d034c85bf207_diario_derivado;;interna;horaria_agregada;media
2020-05-26;0.59;24;True;0;2463;vazao;Epagri;;;2;False;diaria;f590d034c85bf207_diario_derivado;;interna;horaria_agregada;media
2020-05-27;0.59;24;True;0;2463;vazao;Epagri;;;2;False;diaria;f590d034c85bf207_diario_derivado;;interna;horaria_agregada;media
2020-05-28;0.59;24;True;0;2463;vazao;Epagri;;;2;False;diaria;f590d034c85bf207_diario_derivado;;interna;horaria_agregada;media
2020-05-29;0.59;24;True;0;2463;vazao;Epagri;;;2;False;diaria;f590d034c85bf207_diario_derivado;;interna;horaria_agregada;media
2020-05-30;;18;False;0;2463;vazao;Epagri;;;2;False;diaria;f590d034c85bf207_diario_derivado;;interna;horaria_agregada;media
2020-05-31;0.5716666666666667;24;True;0;2463;vazao;Epagri;;;2;False;diaria;f590d034c85bf207_diario_derivado;;interna;horaria_agregada;media
2020-06-01;0.5766666666666667;24;True;0;2463;vazao;Epagri;;;2;False;diaria;f590d034c85bf207_diario_derivado;;interna;horaria_agregada;media
2020-06-02;0.59;24;True;0;2463;vazao;Epagri;;;2;False;diaria;f590d034c85bf207_diario_derivado;;interna;horaria_agregada;media
2020-06-03;0.59;24;True;0;2463;vazao;Epagri;;;2;False;diaria;f590d034c85bf207_diario_derivado;;interna;horaria_agregada;media
2020-06-04;0.59;24;True;0;2463;vazao;Epagri;;;2;False;diaria;f590d034c85bf207_diario_derivado;;interna;horaria_agregada;media
2020-06-05;1.8529166666666665;24;True;0;2463;vazao;Epagri;;;2;False;diaria;f590d034c85bf207_diario_derivado;;interna;horaria_agregada;media
2020-06-06;20.738333333333333;24;True;0;2463;vazao;Epagri;;;2;False;diaria;f590d034c85bf207_diario_derivado;;interna;horaria_agregada;media
2020-06-07;1.8483333333333334;24;True;0;2463;vazao;Epagri;;;2;False;diaria;f590d034c85bf207_diario_derivado;;interna;horaria_agregada;media
2020-06-08;1.1033333333333333;24;True;0;2463;vazao;Epagri;;;2;False;diaria;f590d034c85bf207_diario_derivado;;interna;horaria_agregada;media
2020-06-09;1.7966666666666669;24;True;0;2463;vazao;Epagri;;;2;False;diaria;f590d034c85bf207_diario_derivado;;interna;horaria_agregada;media
2020-06-10;5.172916666666667;24;True;0;2463;vazao;Epagri;;;2;False;diaria;f590d034c85bf207_diario_derivado;;interna;horaria_agregada;media
2020-06-11;9.09;24;True;0;2463;vazao;Epagri;;;2;False;diaria;f590d034c85bf207_diario_derivado;;interna;horaria_agregada;media
2020-06-12;1.9233333333333331;24;True;0;2463;vazao;Epagri;;;2;False;diaria;f590d034c85bf207_diario_derivado;;interna;horaria_agregada;media
2020-06-13;1.3533333333333335;24;True;0;2463;vazao;Epagri;;;2;False;diaria;f590d034c85bf207_diario_derivado;;interna;horaria_agregada;media
2020-06-14;1.1379166666666667;24;True;0;2463;vazao;Epagri;;;2;False;diaria;f590d034c85bf207_diario_derivado;;interna;horaria_agregada;media
2020-06-15;1.0250000000000001;24;True;0;2463;vazao;Epagri;;;2;False;diaria;f590d034c85bf207_diario_derivado;;interna;horaria_agregada;media
2020-06-16;0.965;24;True;0;2463;vazao;Epagri;;;2;False;diaria;f590d034c85bf207_diario_derivado;;interna;horaria_agregada;media
2020-06-17;2.8383333333333334;24;True;0;2463;vazao;Epagri;;;2;False;diaria;f590d034c85bf207_diario_derivado;;interna;horaria_agregada;media
2020-06-18;2.4633333333333334;24;True;0;2463;vazao;Epagri;;;2;False;diaria;f590d034c85bf207_diario_derivado;;interna;horaria_agregada;media
2020-06-19;1.8870833333333332;24;True;0;2463;vazao;Epagri;;;2;False;diaria;f590d034c85bf207_diario_derivado;;interna;horaria_agregada;media
2020-06-20;1.5220833333333335;24;True;0;2463;vazao;Epagri;;;2;False;diaria;f590d034c85bf207_diario_derivado;;interna;horaria_agregada;media
2020-06-21;1.3462500000000002;24;True;0;2463;vazao;Epagri;;;2;False;diaria;f590d034c85bf207_diario_derivado;;interna;horaria_agregada;media
2020-06-22;1.2391666666666665;24;True;0;2463;vazao;Epagri;;;2;False;diaria;f590d034c85bf207_diario_derivado;;interna;horaria_agregada;media
2020-06-23;1.21;24;True;0;2463;vazao;Epagri;;;2;False;diaria;f590d034c85bf207_diario_derivado;;interna;horaria_agregada;media
2020-06-24;1.14;24;True;0;2463;vazao;Epagri;;;2;False;diaria;f590d034c85bf207_diario_derivado;;interna;horaria_agregada;media
2020-06-25;1.1025;24;True;0;2463;vazao;Epagri;;;2;False;diaria;f590d034c85bf207_diario_derivado;;interna;horaria_agregada;media
2020-06-26;0.89125;24;True;0;2463;vazao;Epagri;;;2;False;diaria;f590d034c85bf207_diario_derivado;;interna;horaria_agregada;media
2020-06-27;0.5333333333333333;24;True;0;2463;vazao;Epagri;;;2;False;diaria;f590d034c85bf207_diario_derivado;;interna;horaria_agregada;media
2020-06-28;0.6525;24;True;0;2463;vazao;Epagri;;;2;False;diaria;f590d034c85bf207_diario_derivado;;interna;horaria_agregada;media
2020-06-29;0.56;24;True;0;2463;vazao;Epagri;;;2;False;diaria;f590d034c85bf207_diario_derivado;;interna;horaria_agregada;media
2020-06-30;4.09125;24;True;0;2463;vazao;Epagri;;;2;False;diaria;f590d034c85bf207_diario_derivado;;interna;horaria_agregada;media
2020-07-01;2.4983333333333335;24;True;0;2463;vazao;Epagri;;;2;False;diaria;f590d034c85bf207_diario_derivado;;interna;horaria_agregada;media
2020-07-02;0.9679166666666666;24;True;0;2463;vazao;Epagri;;;2;False;diaria;f590d034c85bf207_diario_derivado;;interna;horaria_agregada;media
2020-07-03;0.7629166666666666;24;True;0;2463;vazao;Epagri;;;2;False;diaria;f590d034c85bf207_diario_derivado;;interna;horaria_agregada;media
2020-07-04;0.6795833333333333;24;True;0;2463;vazao;Epagri;;;2;False;diaria;f590d034c85bf207_diario_derivado;;interna;horaria_agregada;media
2020-07-05;0.64;24;True;0;2463;vazao;Epagri;;;2;False;diaria;f590d034c85bf207_diario_derivado;;interna;horaria_agregada;media
2020-07-06;0.6733333333333333;24;True;0;2463;vazao;Epagri;;;2;False;diaria;f590d034c85bf207_diario_derivado;;interna;horaria_agregada;media
2020-07-07;6.100833333333333;24;True;0;2463;vazao;Epagri;;;2;False;diaria;f590d034c85bf207_diario_derivado;;interna;horaria_agregada;media
2020-07-08;2.9483333333333337;24;True;0;2463;vazao;Epagri;;;2;False;diaria;f590d034c85bf207_diario_derivado;;interna;horaria_agregada;media
2020-07-09;1.7833333333333332;24;True;0;2463;vazao;Epagri;;;2;False;diaria;f590d034c85bf207_diario_derivado;;interna;horaria_agregada;media
2020-07-10;1.1058333333333332;24;True;0;2463;vazao;Epagri;;;2;False;diaria;f590d034c85bf207_diario_derivado;;interna;horaria_agregada;media
2020-07-11;0.9812500000000001;24;True;0;2463;vazao;Epagri;;;2;False;diaria;f590d034c85bf207_diario_derivado;;interna;horaria_agregada;media
2020-07-12;2.6950000000000003;24;True;0;2463;vazao;Epagri;;;2;False;diaria;f590d034c85bf207_diario_derivado;;interna;horaria_agregada;media
2020-07-13;1.3679166666666667;24;True;0;2463;vazao;Epagri;;;2;False;diaria;f590d034c85bf207_diario_derivado;;interna;horaria_agregada;media
2020-07-14;1.14125;24;True;0;2463;vazao;Epagri;;;2;False;diaria;f590d034c85bf207_diario_derivado;;interna;horaria_agregada;media
2020-07-15;0.9575;24;True;0;2463;vazao;Epagri;;;2;False;diaria;f590d034c85bf207_diario_derivado;;interna;horaria_agregada;media
2020-07-16;;15;False;0;2463;vazao;Epagri;;;2;False;diaria;f590d034c85bf207_diario_derivado;;interna;horaria_agregada;media
2020-07-17;;0;False;0;2463;vazao;Epagri;;;2;False;diaria;f590d034c85bf207_diario_derivado;;interna;horaria_agregada;media
2020-07-18;;0;False;0;2463;vazao;Epagri;;;2;False;diaria;f590d034c85bf207_diario_derivado;;interna;horaria_agregada;media
2020-07-19;;0;False;0;2463;vazao;Epagri;;;2;False;diaria;f590d034c85bf207_diario_derivado;;interna;horaria_agregada;media
2020-07-20;;0;False;0;2463;vazao;Epagri;;;2;False;diaria;f590d034c85bf207_diario_derivado;;interna;horaria_agregada;media
2020-07-21;;0;False;0;2463;vazao;Epagri;;;2;False;diaria;f590d034c85bf207_diario_derivado;;interna;horaria_agregada;media
2020-07-22;;0;False;0;2463;vazao;Epagri;;;2;False;diaria;f590d034c85bf207_diario_derivado;;interna;horaria_agregada;media
2020-07-23;;9;False;0;2463;vazao;Epagri;;;2;False;diaria;f590d034c85bf207_diario_derivado;;interna;horaria_agregada;media
2020-07-24;1.3500000000000003;24;True;0;2463;vazao;Epagri;;;2;False;diaria;f590d034c85bf207_diario_derivado;;interna;horaria_agregada;media
2020-07-25;1.3004166666666668;24;True;0;2463;vazao;Epagri;;;2;False;diaria;f590d034c85bf207_diario_derivado;;interna;horaria_agregada;media
2020-07-26;1.2625;24;True;0;2463;vazao;Epagri;;;2;False;diaria;f590d034c85bf207_diario_derivado;;interna;horaria_agregada;media
2020-07-27;1.2245833333333334;24;True;0;2463;vazao;Epagri;;;2;False;diaria;f590d034c85bf207_diario_derivado;;interna;horaria_agregada;media
2020-07-28;1.2691666666666668;24;True;0;2463;vazao;Epagri;;;2;False;diaria;f590d034c85bf207_diario_derivado;;interna;horaria_agregada;media
2020-07-29;1.46125;24;True;0;2463;vazao;Epagri;;;2;False;diaria;f590d034c85bf207_diario_derivado;;interna;horaria_agregada;media
2020-07-30;1.28;24;True;0;2463;vazao;Epagri;;;2;False;diaria;f590d034c85bf207_diario_derivado;;interna;horaria_agregada;media
2020-07-31;1.2275;24;True;0;2463;vazao;Epagri;;;2;False;diaria;f590d034c85bf207_diario_derivado;;interna;horaria_agregada;media
2020-08-01;1.28;24;True;0;2463;vazao;Epagri;;;2;False;diaria;f590d034c85bf207_diario_derivado;;interna;horaria_agregada;media
2020-08-02;1.21875;24;True;0;2463;vazao;Epagri;;;2;False;diaria;f590d034c85bf207_diario_derivado;;interna;horaria_agregada;media
2020-08-03;1.1429166666666666;24;True;0;2463;vazao;Epagri;;;2;False;diaria;f590d034c85bf207_diario_derivado;;interna;horaria_agregada;media
2020-08-04;1.0999999999999999;24;True;0;2463;vazao;Epagri;;;2;False;diaria;f590d034c85bf207_diario_derivado;;interna;horaria_agregada;media
2020-08-05;1.08;24;True;0;2463;vazao;Epagri;;;2;False;diaria;f590d034c85bf207_diario_derivado;;interna;horaria_agregada;media
2020-08-06;1.08;24;True;0;2463;vazao;Epagri;;;2;False;diaria;f590d034c85bf207_diario_derivado;;interna;horaria_agregada;media
2020-08-07;1.0375;24;True;0;2463;vazao;Epagri;;;2;False;diaria;f590d034c85bf207_diario_derivado;;interna;horaria_agregada;media
2020-08-08;1.02;24;True;0;2463;vazao;Epagri;;;2;False;diaria;f590d034c85bf207_diario_derivado;;interna;horaria_agregada;media
2020-08-09;1.02;24;True;0;2463;vazao;Epagri;;;2;False;diaria;f590d034c85bf207_diario_derivado;;interna;horaria_agregada;media
2020-08-10;1.0075;24;True;0;2463;vazao;Epagri;;;2;False;diaria;f590d034c85bf207_diario_derivado;;interna;horaria_agregada;media
2020-08-11;0.965;24;True;0;2463;vazao;Epagri;;;2;False;diaria;f590d034c85bf207_diario_derivado;;interna;horaria_agregada;media
2020-08-12;0.9904166666666666;24;True;0;2463;vazao;Epagri;;;2;False;diaria;f590d034c85bf207_diario_derivado;;interna;horaria_agregada;media
2020-08-13;2.87375;24;True;0;2463;vazao;Epagri;;;2;False;diaria;f590d034c85bf207_diario_derivado;;interna;horaria_agregada;media
2020-08-14;1.7520833333333332;24;True;0;2463;vazao;Epagri;;;2;False;diaria;f590d034c85bf207_diario_derivado;;interna;horaria_agregada;media
2020-08-15;31.075833333333332;24;True;0;2463;vazao;Epagri;;;2;False;diaria;f590d034c85bf207_diario_derivado;;interna;horaria_agregada;media
2020-08-16;3.38875;24;True;0;2463;vazao;Epagri;;;2;False;diaria;f590d034c85bf207_diario_derivado;;interna;horaria_agregada;media
2020-08-17;4.17125;24;True;0;2463;vazao;Epagri;;;2;False;diaria;f590d034c85bf207_diario_derivado;;interna;horaria_agregada;media
2020-08-18;3.140833333333333;24;True;0;2463;vazao;Epagri;;;2;False;diaria;f590d034c85bf207_diario_derivado;;interna;horaria_agregada;media
2020-08-19;3.7412500000000004;24;True;0;2463;vazao;Epagri;;;2;False;diaria;f590d034c85bf207_diario_derivado;;interna;horaria_agregada;media
2020-08-20;5.6575;24;True;0;2463;vazao;Epagri;;;2;False;diaria;f590d034c85bf207_diario_derivado;;interna;horaria_agregada;media
2020-08-21;3.2691666666666666;24;True;0;2463;vazao;Epagri;;;2;False;diaria;f590d034c85bf207_diario_derivado;;interna;horaria_agregada;media
2020-08-22;2.4366666666666665;24;True;0;2463;vazao;Epagri;;;2;False;diaria;f590d034c85bf207_diario_derivado;;interna;horaria_agregada;media
2020-08-23;2.0866666666666664;24;True;0;2463;vazao;Epagri;;;2;False;diaria;f590d034c85bf207_diario_derivado;;interna;horaria_agregada;media
2020-08-24;2.245833333333333;24;True;0;2463;vazao;Epagri;;;2;False;diaria;f590d034c85bf207_diario_derivado;;interna;horaria_agregada;media
2020-08-25;1.9649999999999999;24;True;0;2463;vazao;Epagri;;;2;False;diaria;f590d034c85bf207_diario_derivado;;interna;horaria_agregada;media
2020-08-26;1.7479166666666668;24;True;0;2463;vazao;Epagri;;;2;False;diaria;f590d034c85bf207_diario_derivado;;interna;horaria_agregada;media
2020-08-27;1.61;24;True;0;2463;vazao;Epagri;;;2;False;diaria;f590d034c85bf207_diario_derivado;;interna;horaria_agregada;media
2020-08-28;1.51;24;True;0;2463;vazao;Epagri;;;2;False;diaria;f590d034c85bf207_diario_derivado;;interna;horaria_agregada;media
2020-08-29;1.4562499999999998;24;True;0;2463;vazao;Epagri;;;2;False;diaria;f590d034c85bf207_diario_derivado;;interna;horaria_agregada;media
2020-08-30;1.3866666666666667;24;True;0;2463;vazao;Epagri;;;2;False;diaria;f590d034c85bf207_diario_derivado;;interna;horaria_agregada;media
2020-08-31;1.3500000000000003;24;True;0;2463;vazao;Epagri;;;2;False;diaria;f590d034c85bf207_diario_derivado;;interna;horaria_agregada;media
2020-09-01;1.3566666666666667;24;True;0;2463;vazao;Epagri;;;2;False;diaria;f590d034c85bf207_diario_derivado;;interna;horaria_agregada;media
2020-09-02;3.4683333333333333;24;True;0;2463;vazao;Epagri;;;2;False;diaria;f590d034c85bf207_diario_derivado;;interna;horaria_agregada;media
2020-09-03;2.486666666666667;24;True;0;2463;vazao;Epagri;;;2;False;diaria;f590d034c85bf207_diario_derivado;;interna;horaria_agregada;media
2020-09-04;2.0658333333333334;24;True;0;2463;vazao;Epagri;;;2;False;diaria;f590d034c85bf207_diario_derivado;;interna;horaria_agregada;media
2020-09-05;1.73625;24;True;0;2463;vazao;Epagri;;;2;False;diaria;f590d034c85bf207_diario_derivado;;interna;horaria_agregada;media
2020-09-06;1.6674999999999998;24;True;0;2463;vazao;Epagri;;;2;False;diaria;f590d034c85bf207_diario_derivado;;interna;horaria_agregada;media
2020-09-07;5.021666666666667;24;True;0;2463;vazao;Epagri;;;2;False;diaria;f590d034c85bf207_diario_derivado;;interna;horaria_agregada;media
2020-09-08;23.450416666666666;24;True;0;2463;vazao;Epagri;;;2;False;diaria;f590d034c85bf207_diario_derivado;;interna;horaria_agregada;media
2020-09-09;21.49083333333333;24;True;0;2463;vazao;Epagri;;;2;False;diaria;f590d034c85bf207_diario_derivado;;interna;horaria_agregada;media
2020-09-10;10.298333333333334;24;True;0;2463;vazao;Epagri;;;2;False;diaria;f590d034c85bf207_diario_derivado;;interna;horaria_agregada;media
2020-09-11;5.0225;24;True;0;2463;vazao;Epagri;;;2;False;diaria;f590d034c85bf207_diario_derivado;;interna;horaria_agregada;media
2020-09-12;3.6316666666666664;24;True;0;2463;vazao;Epagri;;;2;False;diaria;f590d034c85bf207_diario_derivado;;interna;horaria_agregada;media
2020-09-13;2.9637499999999997;24;True;0;2463;vazao;Epagri;;;2;False;diaria;f590d034c85bf207_diario_derivado;;interna;horaria_agregada;media
2020-09-14;2.5749999999999997;24;True;0;2463;vazao;Epagri;;;2;False;diaria;f590d034c85bf207_diario_derivado;;interna;horaria_agregada;media
2020-09-15;2.2583333333333333;24;True;0;2463;vazao;Epagri;;;2;False;diaria;f590d034c85bf207_diario_derivado;;interna;horaria_agregada;media
2020-09-16;2.1375;24;True;0;2463;vazao;Epagri;;;2;False;diaria;f590d034c85bf207_diario_derivado;;interna;horaria_agregada;media
2020-09-17;2.279166666666667;24;True;0;2463;vazao;Epagri;;;2;False;diaria;f590d034c85bf207_diario_derivado;;interna;horaria_agregada;media
2020-09-18;2.183333333333333;24;True;0;2463;vazao;Epagri;;;2;False;diaria;f590d034c85bf207_diario_derivado;;interna;horaria_agregada;media
2020-09-19;1.9874999999999998;24;True;0;2463;vazao;Epagri;;;2;False;diaria;f590d034c85bf207_diario_derivado;;interna;horaria_agregada;media
2020-09-20;1.83125;24;True;0;2463;vazao;Epagri;;;2;False;diaria;f590d034c85bf207_diario_derivado;;interna;horaria_agregada;media
2020-09-21;1.7462499999999999;24;True;0;2463;vazao;Epagri;;;2;False;diaria;f590d034c85bf207_diario_derivado;;interna;horaria_agregada;media
2020-09-22;1.66;24;True;0;2463;vazao;Epagri;;;2;False;diaria;f590d034c85bf207_diario_derivado;;interna;horaria_agregada;media
2020-09-23;1.6066666666666667;24;True;0;2463;vazao;Epagri;;;2;False;diaria;f590d034c85bf207_diario_derivado;;interna;horaria_agregada;media
2020-09-24;1.58;24;True;0;2463;vazao;Epagri;;;2;False;diaria;f590d034c85bf207_diario_derivado;;interna;horaria_agregada;media
2020-09-25;1.5133333333333334;24;True;0;2463;vazao;Epagri;;;2;False;diaria;f590d034c85bf207_diario_derivado;;interna;horaria_agregada;media
2020-09-26;1.4795833333333333;24;True;0;2463;vazao;Epagri;;;2;False;diaria;f590d034c85bf207_diario_derivado;;interna;horaria_agregada;media
2020-09-27;1.4725;24;True;0;2463;vazao;Epagri;;;2;False;diaria;f590d034c85bf207_diario_derivado;;interna;horaria_agregada;media
2020-09-28;2.9375;24;True;0;2463;vazao;Epagri;;;2;False;diaria;f590d034c85bf207_diario_derivado;;interna;horaria_agregada;media
2020-09-29;2.02375;24;True;0;2463;vazao;Epagri;;;2;False;diaria;f590d034c85bf207_diario_derivado;;interna;horaria_agregada;media
2020-09-30;1.665;24;True;0;2463;vazao;Epagri;;;2;False;diaria;f590d034c85bf207_diario_derivado;;interna;horaria_agregada;media
2020-10-01;2.4266666666666667;24;True;0;2463;vazao;Epagri;;;2;False;diaria;f590d034c85bf207_diario_derivado;;interna;horaria_agregada;media
2020-10-02;1.8016666666666667;24;True;0;2463;vazao;Epagri;;;2;False;diaria;f590d034c85bf207_diario_derivado;;interna;horaria_agregada;media
2020-10-03;1.5433333333333332;24;True;0;2463;vazao;Epagri;;;2;False;diaria;f590d034c85bf207_diario_derivado;;interna;horaria_agregada;media
2020-10-04;5.6745833333333335;24;True;0;2463;vazao;Epagri;;;2;False;diaria;f590d034c85bf207_diario_derivado;;interna;horaria_agregada;media
2020-10-05;10.695;24;True;0;2463;vazao;Epagri;;;2;False;diaria;f590d034c85bf207_diario_derivado;;interna;horaria_agregada;media
2020-10-06;3.8370833333333336;24;True;0;2463;vazao;Epagri;;;2;False;diaria;f590d034c85bf207_diario_derivado;;interna;horaria_agregada;media
2020-10-07;2.66125;24;True;0;2463;vazao;Epagri;;;2;False;diaria;f590d034c85bf207_diario_derivado;;interna;horaria_agregada;media
2020-10-08;2.2666666666666666;24;True;0;2463;vazao;Epagri;;;2;False;diaria;f590d034c85bf207_diario_derivado;;interna;horaria_agregada;media
2020-10-09;2.1958333333333333;24;True;0;2463;vazao;Epagri;;;2;False;diaria;f590d034c85bf207_diario_derivado;;interna;horaria_agregada;media
2020-10-10;2.38875;24;True;0;2463;vazao;Epagri;;;2;False;diaria;f590d034c85bf207_diario_derivado;;interna;horaria_agregada;media
2020-10-11;1.99125;24;True;0;2463;vazao;Epagri;;;2;False;diaria;f590d034c85bf207_diario_derivado;;interna;horaria_agregada;media
2020-10-12;1.8066666666666666;24;True;0;2463;vazao;Epagri;;;2;False;diaria;f590d034c85bf207_diario_derivado;;interna;horaria_agregada;media
2020-10-13;1.6900000000000002;24;True;0;2463;vazao;Epagri;;;2;False;diaria;f590d034c85bf207_diario_derivado;;interna;horaria_agregada;media
2020-10-14;1.6466666666666665;24;True;0;2463;vazao;Epagri;;;2;False;diaria;f590d034c85bf207_diario_derivado;;interna;horaria_agregada;media
2020-10-15;1.57;24;True;0;2463;vazao;Epagri;;;2;False;diaria;f590d034c85bf207_diario_derivado;;interna;horaria_agregada;media
2020-10-16;1.5;24;True;0;2463;vazao;Epagri;;;2;False;diaria;f590d034c85bf207_diario_derivado;;interna;horaria_agregada;media
2020-10-17;1.4358333333333333;24;True;0;2463;vazao;Epagri;;;2;False;diaria;f590d034c85bf207_diario_derivado;;interna;horaria_agregada;media
2020-10-18;1.4233333333333331;24;True;0;2463;vazao;Epagri;;;2;False;diaria;f590d034c85bf207_diario_derivado;;interna;horaria_agregada;media
2020-10-19;;12;False;0;2463;vazao;Epagri;;;2;False;diaria;f590d034c85bf207_diario_derivado;;interna;horaria_agregada;media
2020-10-20;;12;False;0;2463;vazao;Epagri;;;2;False;diaria;f590d034c85bf207_diario_derivado;;interna;horaria_agregada;media
2020-10-21;1.2770833333333333;24;True;0;2463;vazao;Epagri;;;2;False;diaria;f590d034c85bf207_diario_derivado;;interna;horaria_agregada;media
2020-10-22;7.885833333333333;24;True;0;2463;vazao;Epagri;;;2;False;diaria;f590d034c85bf207_diario_derivado;;interna;horaria_agregada;media
2020-10-23;17.734583333333333;24;True;0;2463;vazao;Epagri;;;2;False;diaria;f590d034c85bf207_diario_derivado;;interna;horaria_agregada;media
2020-10-24;4.079583333333333;24;True;0;2463;vazao;Epagri;;;2;False;diaria;f590d034c85bf207_diario_derivado;;interna;horaria_agregada;media
2020-10-25;2.6791666666666667;24;True;0;2463;vazao;Epagri;;;2;False;diaria;f590d034c85bf207_diario_derivado;;interna;horaria_agregada;media
2020-10-26;5.073333333333333;24;True;0;2463;vazao;Epagri;;;2;False;diaria;f590d034c85bf207_diario_derivado;;interna;horaria_agregada;media
2020-10-27;14.055833333333332;24;True;0;2463;vazao;Epagri;;;2;False;diaria;f590d034c85bf207_diario_derivado;;interna;horaria_agregada;media
2020-10-28;4.166666666666667;24;True;0;2463;vazao;Epagri;;;2;False;diaria;f590d034c85bf207_diario_derivado;;interna;horaria_agregada;media
2020-10-29;;23;False;0;2463;vazao;Epagri;;;2;False;diaria;f590d034c85bf207_diario_derivado;;interna;horaria_agregada;media
2020-10-30;3.0;24;True;0;2463;vazao;Epagri;;;2;False;diaria;f590d034c85bf207_diario_derivado;;interna;horaria_agregada;media
2020-10-31;2.72;24;True;0;2463;vazao;Epagri;;;2;False;diaria;f590d034c85bf207_diario_derivado;;interna;horaria_agregada;media
2020-11-01;3.2095833333333332;24;True;0;2463;vazao;Epagri;;;2;False;diaria;f590d034c85bf207_diario_derivado;;interna;horaria_agregada;media
2020-11-02;2.5691666666666664;24;True;0;2463;vazao;Epagri;;;2;False;diaria;f590d034c85bf207_diario_derivado;;interna;horaria_agregada;media
2020-11-03;4.834583333333334;24;True;0;2463;vazao;Epagri;;;2;False;diaria;f590d034c85bf207_diario_derivado;;interna;horaria_agregada;media
2020-11-04;4.167916666666667;24;True;0;2463;vazao;Epagri;;;2;False;diaria;f590d034c85bf207_diario_derivado;;interna;horaria_agregada;media
2020-11-05;2.652083333333333;24;True;0;2463;vazao;Epagri;;;2;False;diaria;f590d034c85bf207_diario_derivado;;interna;horaria_agregada;media
2020-11-06;2.3041666666666667;24;True;0;2463;vazao;Epagri;;;2;False;diaria;f590d034c85bf207_diario_derivado;;interna;horaria_agregada;media
2020-11-07;2.09375;24;True;0;2463;vazao;Epagri;;;2;False;diaria;f590d034c85bf207_diario_derivado;;interna;horaria_agregada;media
2020-11-08;1.9725;24;True;0;2463;vazao;Epagri;;;2;False;diaria;f590d034c85bf207_diario_derivado;;interna;horaria_agregada;media
2020-11-09;2.5454166666666667;24;True;0;2463;vazao;Epagri;;;2;False;diaria;f590d034c85bf207_diario_derivado;;interna;horaria_agregada;media
2020-11-10;6.333333333333333;24;True;0;2463;vazao;Epagri;;;2;False;diaria;f590d034c85bf207_diario_derivado;;interna;horaria_agregada;media
2020-11-11;4.240833333333334;24;True;0;2463;vazao;Epagri;;;2;False;diaria;f590d034c85bf207_diario_derivado;;interna;horaria_agregada;media
2020-11-12;5.374583333333334;24;True;0;2463;vazao;Epagri;;;2;False;diaria;f590d034c85bf207_diario_derivado;;interna;horaria_agregada;media
2020-11-13;11.805833333333334;24;True;0;2463;vazao;Epagri;;;2;False;diaria;f590d034c85bf207_diario_derivado;;interna;horaria_agregada;media
2020-11-14;5.626666666666666;24;True;0;2463;vazao;Epagri;;;2;False;diaria;f590d034c85bf207_diario_derivado;;interna;horaria_agregada;media
2020-11-15;3.7045833333333333;24;True;0;2463;vazao;Epagri;;;2;False;diaria;f590d034c85bf207_diario_derivado;;interna;horaria_agregada;media
2020-11-16;13.459583333333333;24;True;0;2463;vazao;Epagri;;;2;False;diaria;f590d034c85bf207_diario_derivado;;interna;horaria_agregada;media
2020-11-17;10.761249999999999;24;True;0;2463;vazao;Epagri;;;2;False;diaria;f590d034c85bf207_diario_derivado;;interna;horaria_agregada;media
2020-11-18;4.545416666666667;24;True;0;2463;vazao;Epagri;;;2;False;diaria;f590d034c85bf207_diario_derivado;;interna;horaria_agregada;media
2020-11-19;;23;False;0;2463;vazao;Epagri;;;2;False;diaria;f590d034c85bf207_diario_derivado;;interna;horaria_agregada;media
2020-11-20;7.27625;24;True;0;2463;vazao;Epagri;;;2;False;diaria;f590d034c85bf207_diario_derivado;;interna;horaria_agregada;media
2020-11-21;5.701666666666667;24;True;0;2463;vazao;Epagri;;;2;False;diaria;f590d034c85bf207_diario_derivado;;interna;horaria_agregada;media
2020-11-22;3.800416666666667;24;True;0;2463;vazao;Epagri;;;2;False;diaria;f590d034c85bf207_diario_derivado;;interna;horaria_agregada;media
2020-11-23;3.27;24;True;0;2463;vazao;Epagri;;;2;False;diaria;f590d034c85bf207_diario_derivado;;interna;horaria_agregada;media
2020-11-24;2.924166666666667;24;True;0;2463;vazao;Epagri;;;2;False;diaria;f590d034c85bf207_diario_derivado;;interna;horaria_agregada;media
2020-11-25;;19;False;0;2463;vazao;Epagri;;;2;False;diaria;f590d034c85bf207_diario_derivado;;interna;horaria_agregada;media
2020-11-26;;16;False;0;2463;vazao;Epagri;;;2;False;diaria;f590d034c85bf207_diario_derivado;;interna;horaria_agregada;media
2020-11-27;2.375;24;True;0;2463;vazao;Epagri;;;2;False;diaria;f590d034c85bf207_diario_derivado;;interna;horaria_agregada;media
2020-11-28;4.4887500000000005;24;True;0;2463;vazao;Epagri;;;2;False;diaria;f590d034c85bf207_diario_derivado;;interna;horaria_agregada;media
2020-11-29;2.7633333333333336;24;True;0;2463;vazao;Epagri;;;2;False;diaria;f590d034c85bf207_diario_derivado;;interna;horaria_agregada;media
2020-11-30;18.652916666666666;24;True;0;2463;vazao;Epagri;;;2;False;diaria;f590d034c85bf207_diario_derivado;;interna;horaria_agregada;media
2020-12-01;9.315416666666666;24;True;0;2463;vazao;Epagri;;;2;False;diaria;f590d034c85bf207_diario_derivado;;interna;horaria_agregada;media
2020-12-02;4.8933333333333335;24;True;0;2463;vazao;Epagri;;;2;False;diaria;f590d034c85bf207_diario_derivado;;interna;horaria_agregada;media
2020-12-03;24.157083333333333;24;True;0;2463;vazao;Epagri;;;2;False;diaria;f590d034c85bf207_diario_derivado;;interna;horaria_agregada;media
2020-12-04;6.027083333333334;24;True;0;2463;vazao;Epagri;;;2;False;diaria;f590d034c85bf207_diario_derivado;;interna;horaria_agregada;media
2020-12-05;4.639583333333333;24;True;0;2463;vazao;Epagri;;;2;False;diaria;f590d034c85bf207_diario_derivado;;interna;horaria_agregada;media
2020-12-06;15.279166666666667;24;True;0;2463;vazao;Epagri;;;2;False;diaria;f590d034c85bf207_diario_derivado;;interna;horaria_agregada;media
2020-12-07;18.399166666666666;24;True;0;2463;vazao;Epagri;;;2;False;diaria;f590d034c85bf207_diario_derivado;;interna;horaria_agregada;media
2020-12-08;9.54875;24;True;0;2463;vazao;Epagri;;;2;False;diaria;f590d034c85bf207_diario_derivado;;interna;horaria_agregada;media
2020-12-09;6.163333333333333;24;True;0;2463;vazao;Epagri;;;2;False;diaria;f590d034c85bf207_diario_derivado;;interna;horaria_agregada;media
2020-12-10;5.0775;24;True;0;2463;vazao;Epagri;;;2;False;diaria;f590d034c85bf207_diario_derivado;;interna;horaria_agregada;media
2020-12-11;4.369166666666667;24;True;0;2463;vazao;Epagri;;;2;False;diaria;f590d034c85bf207_diario_derivado;;interna;horaria_agregada;media
2020-12-12;6.21875;24;True;0;2463;vazao;Epagri;;;2;False;diaria;f590d034c85bf207_diario_derivado;;interna;horaria_agregada;media
2020-12-13;5.320833333333334;24;True;0;2463;vazao;Epagri;;;2;False;diaria;f590d034c85bf207_diario_derivado;;interna;horaria_agregada;media
2020-12-14;6.826666666666667;24;True;0;2463;vazao;Epagri;;;2;False;diaria;f590d034c85bf207_diario_derivado;;interna;horaria_agregada;media
2020-12-15;12.51375;24;True;0;2463;vazao;Epagri;;;2;False;diaria;f590d034c85bf207_diario_derivado;;interna;horaria_agregada;media
2020-12-16;5.864166666666667;24;True;0;2463;vazao;Epagri;;;2;False;diaria;f590d034c85bf207_diario_derivado;;interna;horaria_agregada;media
2020-12-17;18.319166666666668;24;True;0;2463;vazao;Epagri;;;2;False;diaria;f590d034c85bf207_diario_derivado;;interna;horaria_agregada;media
2020-12-18;9.093333333333334;24;True;0;2463;vazao;Epagri;;;2;False;diaria;f590d034c85bf207_diario_derivado;;interna;horaria_agregada;media
2020-12-19;6.24625;24;True;0;2463;vazao;Epagri;;;2;False;diaria;f590d034c85bf207_diario_derivado;;interna;horaria_agregada;media
2020-12-20;5.0304166666666665;24;True;0;2463;vazao;Epagri;;;2;False;diaria;f590d034c85bf207_diario_derivado;;interna;horaria_agregada;media
2020-12-21;4.435;24;True;0;2463;vazao;Epagri;;;2;False;diaria;f590d034c85bf207_diario_derivado;;interna;horaria_agregada;media
2020-12-22;3.9616666666666664;24;True;0;2463;vazao;Epagri;;;2;False;diaria;f590d034c85bf207_diario_derivado;;interna;horaria_agregada;media
2020-12-23;3.65875;24;True;0;2463;vazao;Epagri;;;2;False;diaria;f590d034c85bf207_diario_derivado;;interna;horaria_agregada;media
2020-12-24;10.3225;24;True;0;2463;vazao;Epagri;;;2;False;diaria;f590d034c85bf207_diario_derivado;;interna;horaria_agregada;media
2020-12-25;6.366666666666667;24;True;0;2463;vazao;Epagri;;;2;False;diaria;f590d034c85bf207_diario_derivado;;interna;horaria_agregada;media
2020-12-26;4.37625;24;True;0;2463;vazao;Epagri;;;2;False;diaria;f590d034c85bf207_diario_derivado;;interna;horaria_agregada;media
2020-12-27;6.877083333333334;24;True;0;2463;vazao;Epagri;;;2;False;diaria;f590d034c85bf207_diario_derivado;;interna;horaria_agregada;media
2020-12-28;6.491666666666667;24;True;0;2463;vazao;Epagri;;;2;False;diaria;f590d034c85bf207_diario_derivado;;interna;horaria_agregada;media
2020-12-29;6.9875;24;True;0;2463;vazao;Epagri;;;2;False;diaria;f590d034c85bf207_diario_derivado;;interna;horaria_agregada;media
2020-12-30;4.7375;24;True;0;2463;vazao;Epagri;;;2;False;diaria;f590d034c85bf207_diario_derivado;;interna;horaria_agregada;media
2020-12-31;4.380416666666666;24;True;0;2463;vazao;Epagri;;;2;False;diaria;f590d034c85bf207_diario_derivado;;interna;horaria_agregada;media
2021-01-01;4.8308333333333335;24;True;0;2463;vazao;Epagri;;;2;False;diaria;f590d034c85bf207_diario_derivado;;interna;horaria_agregada;media
2021-01-02;3.7433333333333336;24;True;0;2463;vazao;Epagri;;;2;False;diaria;f590d034c85bf207_diario_derivado;;interna;horaria_agregada;media
2021-01-03;3.310416666666667;24;True;0;2463;vazao;Epagri;;;2;False;diaria;f590d034c85bf207_diario_derivado;;interna;horaria_agregada;media
2021-01-04;9.11125;24;True;0;2463;vazao;Epagri;;;2;False;diaria;f590d034c85bf207_diario_derivado;;interna;horaria_agregada;media
2021-01-05;3.7275000000000005;24;True;0;2463;vazao;Epagri;;;2;False;diaria;f590d034c85bf207_diario_derivado;;interna;horaria_agregada;media
2021-01-06;7.947083333333334;24;True;0;2463;vazao;Epagri;;;2;False;diaria;f590d034c85bf207_diario_derivado;;interna;horaria_agregada;media
2021-01-07;12.037916666666668;24;True;0;2463;vazao;Epagri;;;2;False;diaria;f590d034c85bf207_diario_derivado;;interna;horaria_agregada;media
2021-01-08;16.388333333333332;24;True;0;2463;vazao;Epagri;;;2;False;diaria;f590d034c85bf207_diario_derivado;;interna;horaria_agregada;media
2021-01-09;8.63625;24;True;0;2463;vazao;Epagri;;;2;False;diaria;f590d034c85bf207_diario_derivado;;interna;horaria_agregada;media
2021-01-10;5.434583333333333;24;True;0;2463;vazao;Epagri;;;2;False;diaria;f590d034c85bf207_diario_derivado;;interna;horaria_agregada;media
2021-01-11;4.7825;24;True;0;2463;vazao;Epagri;;;2;False;diaria;f590d034c85bf207_diario_derivado;;interna;horaria_agregada;media
2021-01-12;7.074583333333333;24;True;0;2463;vazao;Epagri;;;2;False;diaria;f590d034c85bf207_diario_derivado;;interna;horaria_agregada;media
2021-01-13;5.605;24;True;0;2463;vazao;Epagri;;;2;False;diaria;f590d034c85bf207_diario_derivado;;interna;horaria_agregada;media
2021-01-14;5.364166666666667;24;True;0;2463;vazao;Epagri;;;2;False;diaria;f590d034c85bf207_diario_derivado;;interna;horaria_agregada;media
2021-01-15;20.14125;24;True;0;2463;vazao;Epagri;;;2;False;diaria;f590d034c85bf207_diario_derivado;;interna;horaria_agregada;media
2021-01-16;7.0254166666666675;24;True;0;2463;vazao;Epagri;;;2;False;diaria;f590d034c85bf207_diario_derivado;;interna;horaria_agregada;media
2021-01-17;24.339583333333334;24;True;0;2463;vazao;Epagri;;;2;False;diaria;f590d034c85bf207_diario_derivado;;interna;horaria_agregada;media
2021-01-18;12.275833333333333;24;True;0;2463;vazao;Epagri;;;2;False;diaria;f590d034c85bf207_diario_derivado;;interna;horaria_agregada;media
2021-01-19;7.482916666666667;24;True;0;2463;vazao;Epagri;;;2;False;diaria;f590d034c85bf207_diario_derivado;;interna;horaria_agregada;media
2021-01-20;19.67875;24;True;0;2463;vazao;Epagri;;;2;False;diaria;f590d034c85bf207_diario_derivado;;interna;horaria_agregada;media
2021-01-21;29.17625;24;True;0;2463;vazao;Epagri;;;2;False;diaria;f590d034c85bf207_diario_derivado;;interna;horaria_agregada;media
2021-01-22;36.85583333333333;24;True;0;2463;vazao;Epagri;;;2;False;diaria;f590d034c85bf207_diario_derivado;;interna;horaria_agregada;media
2021-01-23;19.450833333333332;24;True;0;2463;vazao;Epagri;;;2;False;diaria;f590d034c85bf207_diario_derivado;;interna;horaria_agregada;media
2021-01-24;20.0725;24;True;0;2463;vazao;Epagri;;;2;False;diaria;f590d034c85bf207_diario_derivado;;interna;horaria_agregada;media
2021-01-25;16.140833333333333;24;True;0;2463;vazao;Epagri;;;2;False;diaria;f590d034c85bf207_diario_derivado;;interna;horaria_agregada;media
2021-01-26;11.2475;24;True;0;2463;vazao;Epagri;;;2;False;diaria;f590d034c85bf207_diario_derivado;;interna;horaria_agregada;media
2021-01-27;9.200416666666667;24;True;0;2463;vazao;Epagri;;;2;False;diaria;f590d034c85bf207_diario_derivado;;interna;horaria_agregada;media
2021-01-28;30.324583333333333;24;True;0;2463;vazao;Epagri;;;2;False;diaria;f590d034c85bf207_diario_derivado;;interna;horaria_agregada;media
2021-01-29;90.18916666666667;24;True;0;2463;vazao;Epagri;;;2;False;diaria;f590d034c85bf207_diario_derivado;;interna;horaria_agregada;media
2021-01-30;18.934583333333332;24;True;0;2463;vazao;Epagri;;;2;False;diaria;f590d034c85bf207_diario_derivado;;interna;horaria_agregada;media
2021-01-31;12.40875;24;True;0;2463;vazao;Epagri;;;2;False;diaria;f590d034c85bf207_diario_derivado;;interna;horaria_agregada;media
2021-02-01;14.275833333333333;24;True;0;2463;vazao;Epagri;;;2;False;diaria;f590d034c85bf207_diario_derivado;;interna;horaria_agregada;media
2021-02-02;11.310833333333333;24;True;0;2463;vazao;Epagri;;;2;False;diaria;f590d034c85bf207_diario_derivado;;interna;horaria_agregada;media
2021-02-03;8.765;24;True;0;2463;vazao;Epagri;;;2;False;diaria;f590d034c85bf207_diario_derivado;;interna;horaria_agregada;media
2021-02-04;7.502916666666667;24;True;0;2463;vazao;Epagri;;;2;False;diaria;f590d034c85bf207_diario_derivado;;interna;horaria_agregada;media
2021-02-05;6.56125;24;True;0;2463;vazao;Epagri;;;2;False;diaria;f590d034c85bf207_diario_derivado;;interna;horaria_agregada;media
2021-02-06;5.83875;24;True;0;2463;vazao;Epagri;;;2;False;diaria;f590d034c85bf207_diario_derivado;;interna;horaria_agregada;media
2021-02-07;5.335416666666667;24;True;0;2463;vazao;Epagri;;;2;False;diaria;f590d034c85bf207_diario_derivado;;interna;horaria_agregada;media
2021-02-08;4.94125;24;True;0;2463;vazao;Epagri;;;2;False;diaria;f590d034c85bf207_diario_derivado;;interna;horaria_agregada;media
2021-02-09;4.595;24;True;0;2463;vazao;Epagri;;;2;False;diaria;f590d034c85bf207_diario_derivado;;interna;horaria_agregada;media
2021-02-10;4.323333333333333;24;True;0;2463;vazao;Epagri;;;2;False;diaria;f590d034c85bf207_diario_derivado;;interna;horaria_agregada;media
2021-02-11;4.101666666666667;24;True;0;2463;vazao;Epagri;;;2;False;diaria;f590d034c85bf207_diario_derivado;;interna;horaria_agregada;media
2021-02-12;5.348333333333334;24;True;0;2463;vazao;Epagri;;;2;False;diaria;f590d034c85bf207_diario_derivado;;interna;horaria_agregada;media
2021-02-13;7.517499999999999;24;True;0;2463;vazao;Epagri;;;2;False;diaria;f590d034c85bf207_diario_derivado;;interna;horaria_agregada;media
2021-02-14;13.83875;24;True;0;2463;vazao;Epagri;;;2;False;diaria;f590d034c85bf207_diario_derivado;;interna;horaria_agregada;media
2021-02-15;10.54625;24;True;0;2463;vazao;Epagri;;;2;False;diaria;f590d034c85bf207_diario_derivado;;interna;horaria_agregada;media
2021-02-16;15.300416666666665;24;True;0;2463;vazao;Epagri;;;2;False;diaria;f590d034c85bf207_diario_derivado;;interna;horaria_agregada;media
2021-02-17;13.0175;24;True;0;2463;vazao;Epagri;;;2;False;diaria;f590d034c85bf207_diario_derivado;;interna;horaria_agregada;media
2021-02-18;8.203750000000001;24;True;0;2463;vazao;Epagri;;;2;False;diaria;f590d034c85bf207_diario_derivado;;interna;horaria_agregada;media
2021-02-19;5.680833333333333;24;True;0;2463;vazao;Epagri;;;2;False;diaria;f590d034c85bf207_diario_derivado;;interna;horaria_agregada;media
2021-02-20;4.99125;24;True;0;2463;vazao;Epagri;;;2;False;diaria;f590d034c85bf207_diario_derivado;;interna;horaria_agregada;media
2021-02-21;4.367916666666667;24;True;0;2463;vazao;Epagri;;;2;False;diaria;f590d034c85bf207_diario_derivado;;interna;horaria_agregada;media
2021-02-22;4.025833333333334;24;True;0;2463;vazao;Epagri;;;2;False;diaria;f590d034c85bf207_diario_derivado;;interna;horaria_agregada;media
2021-02-23;4.744166666666667;24;True;0;2463;vazao;Epagri;;;2;False;diaria;f590d034c85bf207_diario_derivado;;interna;horaria_agregada;media
2021-02-24;7.002083333333334;24;True;0;2463;vazao;Epagri;;;2;False;diaria;f590d034c85bf207_diario_derivado;;interna;horaria_agregada;media
2021-02-25;8.703333333333333;24;True;0;2463;vazao;Epagri;;;2;False;diaria;f590d034c85bf207_diario_derivado;;interna;horaria_agregada;media
2021-02-26;6.21625;24;True;0;2463;vazao;Epagri;;;2;False;diaria;f590d034c85bf207_diario_derivado;;interna;horaria_agregada;media
2021-02-27;35.69916666666666;24;True;0;2463;vazao;Epagri;;;2;False;diaria;f590d034c85bf207_diario_derivado;;interna;horaria_agregada;media
2021-02-28;67.27;24;True;0;2463;vazao;Epagri;;;2;False;diaria;f590d034c85bf207_diario_derivado;;interna;horaria_agregada;media
2021-03-01;26.181250000000002;24;True;0;2463;vazao;Epagri;;;2;False;diaria;f590d034c85bf207_diario_derivado;;interna;horaria_agregada;media
2021-03-02;25.83;24;True;0;2463;vazao;Epagri;;;2;False;diaria;f590d034c85bf207_diario_derivado;;interna;horaria_agregada;media
2021-03-03;46.68666666666667;24;True;0;2463;vazao;Epagri;;;2;False;diaria;f590d034c85bf207_diario_derivado;;interna;horaria_agregada;media
2021-03-04;17.59625;24;True;0;2463;vazao;Epagri;;;2;False;diaria;f590d034c85bf207_diario_derivado;;interna;horaria_agregada;media
2021-03-05;12.97375;24;True;0;2463;vazao;Epagri;;;2;False;diaria;f590d034c85bf207_diario_derivado;;interna;horaria_agregada;media
2021-03-06;10.587083333333334;24;True;0;2463;vazao;Epagri;;;2;False;diaria;f590d034c85bf207_diario_derivado;;interna;horaria_agregada;media
2021-03-07;8.716666666666667;24;True;0;2463;vazao;Epagri;;;2;False;diaria;f590d034c85bf207_diario_derivado;;interna;horaria_agregada;media
2021-03-08;7.5375000000000005;24;True;0;2463;vazao;Epagri;;;2;False;diaria;f590d034c85bf207_diario_derivado;;interna;horaria_agregada;media
2021-03-09;10.626666666666667;24;True;0;2463;vazao;Epagri;;;2;False;diaria;f590d034c85bf207_diario_derivado;;interna;horaria_agregada;media
2021-03-10;7.167083333333333;24;True;0;2463;vazao;Epagri;;;2;False;diaria;f590d034c85bf207_diario_derivado;;interna;horaria_agregada;media
2021-03-11;6.12125;24;True;0;2463;vazao;Epagri;;;2;False;diaria;f590d034c85bf207_diario_derivado;;interna;horaria_agregada;media
2021-03-12;5.609583333333333;24;True;0;2463;vazao;Epagri;;;2;False;diaria;f590d034c85bf207_diario_derivado;;interna;horaria_agregada;media
2021-03-13;5.272083333333334;24;True;0;2463;vazao;Epagri;;;2;False;diaria;f590d034c85bf207_diario_derivado;;interna;horaria_agregada;media
2021-03-14;5.66125;24;True;0;2463;vazao;Epagri;;;2;False;diaria;f590d034c85bf207_diario_derivado;;interna;horaria_agregada;media
2021-03-15;7.5475;24;True;0;2463;vazao;Epagri;;;2;False;diaria;f590d034c85bf207_diario_derivado;;interna;horaria_agregada;media
2021-03-16;5.965416666666666;24;True;0;2463;vazao;Epagri;;;2;False;diaria;f590d034c85bf207_diario_derivado;;interna;horaria_agregada;media
2021-03-17;4.76375;24;True;0;2463;vazao;Epagri;;;2;False;diaria;f590d034c85bf207_diario_derivado;;interna;horaria_agregada;media
2021-03-18;4.68875;24;True;0;2463;vazao;Epagri;;;2;False;diaria;f590d034c85bf207_diario_derivado;;interna;horaria_agregada;media
2021-03-19;4.3012500000000005;24;True;0;2463;vazao;Epagri;;;2;False;diaria;f590d034c85bf207_diario_derivado;;interna;horaria_agregada;media
2021-03-20;4.025833333333334;24;True;0;2463;vazao;Epagri;;;2;False;diaria;f590d034c85bf207_diario_derivado;;interna;horaria_agregada;media
2021-03-21;3.829166666666667;24;True;0;2463;vazao;Epagri;;;2;False;diaria;f590d034c85bf207_diario_derivado;;interna;horaria_agregada;media
2021-03-22;3.68;24;True;0;2463;vazao;Epagri;;;2;False;diaria;f590d034c85bf207_diario_derivado;;interna;horaria_agregada;media
2021-03-23;3.9458333333333333;24;True;0;2463;vazao;Epagri;;;2;False;diaria;f590d034c85bf207_diario_derivado;;interna;horaria_agregada;media
2021-03-24;4.85625;24;True;0;2463;vazao;Epagri;;;2;False;diaria;f590d034c85bf207_diario_derivado;;interna;horaria_agregada;media
2021-03-25;3.7395833333333335;24;True;0;2463;vazao;Epagri;;;2;False;diaria;f590d034c85bf207_diario_derivado;;interna;horaria_agregada;media
2021-03-26;5.014583333333333;24;True;0;2463;vazao;Epagri;;;2;False;diaria;f590d034c85bf207_diario_derivado;;interna;horaria_agregada;media
2021-03-27;9.22125;24;True;0;2463;vazao;Epagri;;;2;False;diaria;f590d034c85bf207_diario_derivado;;interna;horaria_agregada;media
2021-03-28;7.157916666666666;24;True;0;2463;vazao;Epagri;;;2;False;diaria;f590d034c85bf207_diario_derivado;;interna;horaria_agregada;media
2021-03-29;8.755;24;True;0;2463;vazao;Epagri;;;2;False;diaria;f590d034c85bf207_diario_derivado;;interna;horaria_agregada;media
2021-03-30;5.740416666666667;24;True;0;2463;vazao;Epagri;;;2;False;diaria;f590d034c85bf207_diario_derivado;;interna;horaria_agregada;media
2021-03-31;4.22;24;True;0;2463;vazao;Epagri;;;2;False;diaria;f590d034c85bf207_diario_derivado;;interna;horaria_agregada;media
2021-04-01;3.7779166666666666;24;True;0;2463;vazao;Epagri;;;2;False;diaria;f590d034c85bf207_diario_derivado;;interna;horaria_agregada;media
2021-04-02;3.53375;24;True;0;2463;vazao;Epagri;;;2;False;diaria;f590d034c85bf207_diario_derivado;;interna;horaria_agregada;media
2021-04-03;3.7295833333333337;24;True;0;2463;vazao;Epagri;;;2;False;diaria;f590d034c85bf207_diario_derivado;;interna;horaria_agregada;media
2021-04-04;3.998333333333333;24;True;0;2463;vazao;Epagri;;;2;False;diaria;f590d034c85bf207_diario_derivado;;interna;horaria_agregada;media
2021-04-05;5.939166666666666;24;True;0;2463;vazao;Epagri;;;2;False;diaria;f590d034c85bf207_diario_derivado;;interna;horaria_agregada;media
2021-04-06;4.1812499999999995;24;True;0;2463;vazao;Epagri;;;2;False;diaria;f590d034c85bf207_diario_derivado;;interna;horaria_agregada;media
2021-04-07;4.434166666666667;24;True;0;2463;vazao;Epagri;;;2;False;diaria;f590d034c85bf207_diario_derivado;;interna;horaria_agregada;media
2021-04-08;18.74833333333333;24;True;0;2463;vazao;Epagri;;;2;False;diaria;f590d034c85bf207_diario_derivado;;interna;horaria_agregada;media
2021-04-09;7.380416666666666;24;True;0;2463;vazao;Epagri;;;2;False;diaria;f590d034c85bf207_diario_derivado;;interna;horaria_agregada;media
2021-04-10;4.716666666666667;24;True;0;2463;vazao;Epagri;;;2;False;diaria;f590d034c85bf207_diario_derivado;;interna;horaria_agregada;media
2021-04-11;3.9916666666666667;24;True;0;2463;vazao;Epagri;;;2;False;diaria;f590d034c85bf207_diario_derivado;;interna;horaria_agregada;media
2021-04-12;3.5716666666666668;24;True;0;2463;vazao;Epagri;;;2;False;diaria;f590d034c85bf207_diario_derivado;;interna;horaria_agregada;media
2021-04-13;3.32;24;True;0;2463;vazao;Epagri;;;2;False;diaria;f590d034c85bf207_diario_derivado;;interna;horaria_agregada;media
2021-04-14;3.145;24;True;0;2463;vazao;Epagri;;;2;False;diaria;f590d034c85bf207_diario_derivado;;interna;horaria_agregada;media
2021-04-15;3.02;24;True;0;2463;vazao;Epagri;;;2;False;diaria;f590d034c85bf207_diario_derivado;;interna;horaria_agregada;media
2021-04-16;2.907916666666667;24;True;0;2463;vazao;Epagri;;;2;False;diaria;f590d034c85bf207_diario_derivado;;interna;horaria_agregada;media
2021-04-17;3.157916666666667;24;True;0;2463;vazao;Epagri;;;2;False;diaria;f590d034c85bf207_diario_derivado;;interna;horaria_agregada;media
2021-04-18;3.41;24;True;0;2463;vazao;Epagri;;;2;False;diaria;f590d034c85bf207_diario_derivado;;interna;horaria_agregada;media
2021-04-19;5.515;24;True;0;2463;vazao;Epagri;;;2;False;diaria;f590d034c85bf207_diario_derivado;;interna;horaria_agregada;media
2021-04-20;4.764583333333333;24;True;0;2463;vazao;Epagri;;;2;False;diaria;f590d034c85bf207_diario_derivado;;interna;horaria_agregada;media
2021-04-21;33.117916666666666;24;True;0;2463;vazao;Epagri;;;2;False;diaria;f590d034c85bf207_diario_derivado;;interna;horaria_agregada;media
2021-04-22;20.899583333333332;24;True;0;2463;vazao;Epagri;;;2;False;diaria;f590d034c85bf207_diario_derivado;;interna;horaria_agregada;media
2021-04-23;6.175833333333333;24;True;0;2463;vazao;Epagri;;;2;False;diaria;f590d034c85bf207_diario_derivado;;interna;horaria_agregada;media
2021-04-24;4.919583333333333;24;True;0;2463;vazao;Epagri;;;2;False;diaria;f590d034c85bf207_diario_derivado;;interna;horaria_agregada;media
2021-04-25;4.248333333333334;24;True;0;2463;vazao;Epagri;;;2;False;diaria;f590d034c85bf207_diario_derivado;;interna;horaria_agregada;media
2021-04-26;3.8025;24;True;0;2463;vazao;Epagri;;;2;False;diaria;f590d034c85bf207_diario_derivado;;interna;horaria_agregada;media
2021-04-27;3.4804166666666667;24;True;0;2463;vazao;Epagri;;;2;False;diaria;f590d034c85bf207_diario_derivado;;interna;horaria_agregada;media
2021-04-28;3.27;24;True;0;2463;vazao;Epagri;;;2;False;diaria;f590d034c85bf207_diario_derivado;;interna;horaria_agregada;media
2021-04-29;3.1;24;True;0;2463;vazao;Epagri;;;2;False;diaria;f590d034c85bf207_diario_derivado;;interna;horaria_agregada;media
2021-04-30;2.9308333333333336;24;True;0;2463;vazao;Epagri;;;2;False;diaria;f590d034c85bf207_diario_derivado;;interna;horaria_agregada;media
2021-05-01;2.83;24;True;0;2463;vazao;Epagri;;;2;False;diaria;f590d034c85bf207_diario_derivado;;interna;horaria_agregada;media
2021-05-02;2.8070833333333334;24;True;0;2463;vazao;Epagri;;;2;False;diaria;f590d034c85bf207_diario_derivado;;interna;horaria_agregada;media
2021-05-03;2.7016666666666667;24;True;0;2463;vazao;Epagri;;;2;False;diaria;f590d034c85bf207_diario_derivado;;interna;horaria_agregada;media
2021-05-04;2.61;24;True;0;2463;vazao;Epagri;;;2;False;diaria;f590d034c85bf207_diario_derivado;;interna;horaria_agregada;media
2021-05-05;2.532083333333333;24;True;0;2463;vazao;Epagri;;;2;False;diaria;f590d034c85bf207_diario_derivado;;interna;horaria_agregada;media
2021-05-06;7.659166666666667;24;True;0;2463;vazao;Epagri;;;2;False;diaria;f590d034c85bf207_diario_derivado;;interna;horaria_agregada;media
2021-05-07;6.965;24;True;0;2463;vazao;Epagri;;;2;False;diaria;f590d034c85bf207_diario_derivado;;interna;horaria_agregada;media
2021-05-08;3.1758333333333333;24;True;0;2463;vazao;Epagri;;;2;False;diaria;f590d034c85bf207_diario_derivado;;interna;horaria_agregada;media
2021-05-09;2.797916666666667;24;True;0;2463;vazao;Epagri;;;2;False;diaria;f590d034c85bf207_diario_derivado;;interna;horaria_agregada;media
2021-05-10;6.633333333333333;24;True;0;2463;vazao;Epagri;;;2;False;diaria;f590d034c85bf207_diario_derivado;;interna;horaria_agregada;media
2021-05-11;3.84125;24;True;0;2463;vazao;Epagri;;;2;False;diaria;f590d034c85bf207_diario_derivado;;interna;horaria_agregada;media
2021-05-12;5.870416666666667;24;True;0;2463;vazao;Epagri;;;2;False;diaria;f590d034c85bf207_diario_derivado;;interna;horaria_agregada;media
2021-05-13;3.8316666666666666;24;True;0;2463;vazao;Epagri;;;2;False;diaria;f590d034c85bf207_diario_derivado;;interna;horaria_agregada;media
2021-05-14;3.1300000000000003;24;True;0;2463;vazao;Epagri;;;2;False;diaria;f590d034c85bf207_diario_derivado;;interna;horaria_agregada;media
2021-05-15;2.9033333333333338;24;True;0;2463;vazao;Epagri;;;2;False;diaria;f590d034c85bf207_diario_derivado;;interna;horaria_agregada;media
2021-05-16;2.7612500000000004;24;True;0;2463;vazao;Epagri;;;2;False;diaria;f590d034c85bf207_diario_derivado;;interna;horaria_agregada;media
2021-05-17;2.65125;24;True;0;2463;vazao;Epagri;;;2;False;diaria;f590d034c85bf207_diario_derivado;;interna;horaria_agregada;media
2021-05-18;2.5091666666666668;24;True;0;2463;vazao;Epagri;;;2;False;diaria;f590d034c85bf207_diario_derivado;;interna;horaria_agregada;media
2021-05-19;2.408333333333333;24;True;0;2463;vazao;Epagri;;;2;False;diaria;f590d034c85bf207_diario_derivado;;interna;horaria_agregada;media
2021-05-20;2.3833333333333333;24;True;0;2463;vazao;Epagri;;;2;False;diaria;f590d034c85bf207_diario_derivado;;interna;horaria_agregada;media
2021-05-21;2.3;24;True;0;2463;vazao;Epagri;;;2;False;diaria;f590d034c85bf207_diario_derivado;;interna;horaria_agregada;media
2021-05-22;4.875416666666667;24;True;0;2463;vazao;Epagri;;;2;False;diaria;f590d034c85bf207_diario_derivado;;interna;horaria_agregada;media
2021-05-23;2.714166666666667;24;True;0;2463;vazao;Epagri;;;2;False;diaria;f590d034c85bf207_diario_derivado;;interna;horaria_agregada;media
2021-05-24;2.3208333333333333;24;True;0;2463;vazao;Epagri;;;2;False;diaria;f590d034c85bf207_diario_derivado;;interna;horaria_agregada;media
2021-05-25;2.2;24;True;0;2463;vazao;Epagri;;;2;False;diaria;f590d034c85bf207_diario_derivado;;interna;horaria_agregada;media
2021-05-26;2.1333333333333333;24;True;0;2463;vazao;Epagri;;;2;False;diaria;f590d034c85bf207_diario_derivado;;interna;horaria_agregada;media
2021-05-27;2.1;24;True;0;2463;vazao;Epagri;;;2;False;diaria;f590d034c85bf207_diario_derivado;;interna;horaria_agregada;media
2021-05-28;2.05125;24;True;0;2463;vazao;Epagri;;;2;False;diaria;f590d034c85bf207_diario_derivado;;interna;horaria_agregada;media
2021-05-29;6.9816666666666665;24;True;0;2463;vazao;Epagri;;;2;False;diaria;f590d034c85bf207_diario_derivado;;interna;horaria_agregada;media
2021-05-30;2.8562499999999997;24;True;0;2463;vazao;Epagri;;;2;False;diaria;f590d034c85bf207_diario_derivado;;interna;horaria_agregada;media
2021-05-31;2.433333333333333;24;True;0;2463;vazao;Epagri;;;2;False;diaria;f590d034c85bf207_diario_derivado;;interna;horaria_agregada;media
2021-06-01;2.2791666666666663;24;True;0;2463;vazao;Epagri;;;2;False;diaria;f590d034c85bf207_diario_derivado;;interna;horaria_agregada;media
2021-06-02;2.1875000000000004;24;True;0;2463;vazao;Epagri;;;2;False;diaria;f590d034c85bf207_diario_derivado;;interna;horaria_agregada;media
2021-06-03;2.1;24;True;0;2463;vazao;Epagri;;;2;False;diaria;f590d034c85bf207_diario_derivado;;interna;horaria_agregada;media
2021-06-04;2.0925;24;True;0;2463;vazao;Epagri;;;2;False;diaria;f590d034c85bf207_diario_derivado;;interna;horaria_agregada;media
2021-06-05;2.01;24;True;0;2463;vazao;Epagri;;;2;False;diaria;f590d034c85bf207_diario_derivado;;interna;horaria_agregada;media
2021-06-06;2.01375;24;True;0;2463;vazao;Epagri;;;2;False;diaria;f590d034c85bf207_diario_derivado;;interna;horaria_agregada;media
2021-06-07;4.375416666666667;24;True;0;2463;vazao;Epagri;;;2;False;diaria;f590d034c85bf207_diario_derivado;;interna;horaria_agregada;media
2021-06-08;5.552083333333333;24;True;0;2463;vazao;Epagri;;;2;False;diaria;f590d034c85bf207_diario_derivado;;interna;horaria_agregada;media
2021-06-09;90.42375;24;True;0;2463;vazao;Epagri;;;2;False;diaria;f590d034c85bf207_diario_derivado;;interna;horaria_agregada;media
2021-06-10;13.560833333333333;24;True;0;2463;vazao;Epagri;;;2;False;diaria;f590d034c85bf207_diario_derivado;;interna;horaria_agregada;media
2021-06-11;9.8425;24;True;0;2463;vazao;Epagri;;;2;False;diaria;f590d034c85bf207_diario_derivado;;interna;horaria_agregada;media
2021-06-12;5.962083333333333;24;True;0;2463;vazao;Epagri;;;2;False;diaria;f590d034c85bf207_diario_derivado;;interna;horaria_agregada;media
2021-06-13;4.835;24;True;0;2463;vazao;Epagri;;;2;False;diaria;f590d034c85bf207_diario_derivado;;interna;horaria_agregada;media
2021-06-14;4.206666666666667;24;True;0;2463;vazao;Epagri;;;2;False;diaria;f590d034c85bf207_diario_derivado;;interna;horaria_agregada;media
2021-06-15;3.795833333333334;24;True;0;2463;vazao;Epagri;;;2;False;diaria;f590d034c85bf207_diario_derivado;;interna;horaria_agregada;media
2021-06-16;3.5175;24;True;0;2463;vazao;Epagri;;;2;False;diaria;f590d034c85bf207_diario_derivado;;interna;horaria_agregada;media
2021-06-17;3.285;24;True;0;2463;vazao;Epagri;;;2;False;diaria;f590d034c85bf207_diario_derivado;;interna;horaria_agregada;media
2021-06-18;3.1300000000000003;24;True;0;2463;vazao;Epagri;;;2;False;diaria;f590d034c85bf207_diario_derivado;;interna;horaria_agregada;media
2021-06-19;48.02166666666667;24;True;0;2463;vazao;Epagri;;;2;False;diaria;f590d034c85bf207_diario_derivado;;interna;horaria_agregada;media
2021-06-20;32.10125;24;True;0;2463;vazao;Epagri;;;2;False;diaria;f590d034c85bf207_diario_derivado;;interna;horaria_agregada;media
2021-06-21;8.84875;24;True;0;2463;vazao;Epagri;;;2;False;diaria;f590d034c85bf207_diario_derivado;;interna;horaria_agregada;media
2021-06-22;6.595;24;True;0;2463;vazao;Epagri;;;2;False;diaria;f590d034c85bf207_diario_derivado;;interna;horaria_agregada;media
2021-06-23;5.595833333333334;24;True;0;2463;vazao;Epagri;;;2;False;diaria;f590d034c85bf207_diario_derivado;;interna;horaria_agregada;media
2021-06-24;5.2525;24;True;0;2463;vazao;Epagri;;;2;False;diaria;f590d034c85bf207_diario_derivado;;interna;horaria_agregada;media
2021-06-25;4.958749999999999;24;True;0;2463;vazao;Epagri;;;2;False;diaria;f590d034c85bf207_diario_derivado;;interna;horaria_agregada;media
2021-06-26;6.939166666666666;24;True;0;2463;vazao;Epagri;;;2;False;diaria;f590d034c85bf207_diario_derivado;;interna;horaria_agregada;media
2021-06-27;4.791666666666667;24;True;0;2463;vazao;Epagri;;;2;False;diaria;f590d034c85bf207_diario_derivado;;interna;horaria_agregada;media
2021-06-28;22.290000000000003;24;True;0;2463;vazao;Epagri;;;2;False;diaria;f590d034c85bf207_diario_derivado;;interna;horaria_agregada;media
2021-06-29;22.139166666666668;24;True;0;2463;vazao;Epagri;;;2;False;diaria;f590d034c85bf207_diario_derivado;;interna;horaria_agregada;media
2021-06-30;7.476666666666667;24;True;0;2463;vazao;Epagri;;;2;False;diaria;f590d034c85bf207_diario_derivado;;interna;horaria_agregada;media
2021-07-01;6.070416666666667;24;True;0;2463;vazao;Epagri;;;2;False;diaria;f590d034c85bf207_diario_derivado;;interna;horaria_agregada;media
2021-07-02;5.388750000000001;24;True;0;2463;vazao;Epagri;;;2;False;diaria;f590d034c85bf207_diario_derivado;;interna;horaria_agregada;media
2021-07-03;4.8325000000000005;24;True;0;2463;vazao;Epagri;;;2;False;diaria;f590d034c85bf207_diario_derivado;;interna;horaria_agregada;media
2021-07-04;4.457916666666667;24;True;0;2463;vazao;Epagri;;;2;False;diaria;f590d034c85bf207_diario_derivado;;interna;horaria_agregada;media
2021-07-05;4.183333333333334;24;True;0;2463;vazao;Epagri;;;2;False;diaria;f590d034c85bf207_diario_derivado;;interna;horaria_agregada;media
2021-07-06;3.9499999999999997;24;True;0;2463;vazao;Epagri;;;2;False;diaria;f590d034c85bf207_diario_derivado;;interna;horaria_agregada;media
2021-07-07;4.072500000000001;24;True;0;2463;vazao;Epagri;;;2;False;diaria;f590d034c85bf207_diario_derivado;;interna;horaria_agregada;media
2021-07-08;3.7016666666666667;24;True;0;2463;vazao;Epagri;;;2;False;diaria;f590d034c85bf207_diario_derivado;;interna;horaria_agregada;media
2021-07-09;3.485;24;True;0;2463;vazao;Epagri;;;2;False;diaria;f590d034c85bf207_diario_derivado;;interna;horaria_agregada;media
2021-07-10;3.3699999999999997;24;True;0;2463;vazao;Epagri;;;2;False;diaria;f590d034c85bf207_diario_derivado;;interna;horaria_agregada;media
2021-07-11;3.19;24;True;0;2463;vazao;Epagri;;;2;False;diaria;f590d034c85bf207_diario_derivado;;interna;horaria_agregada;media
2021-07-12;3.06;24;True;0;2463;vazao;Epagri;;;2;False;diaria;f590d034c85bf207_diario_derivado;;interna;horaria_agregada;media
2021-07-13;3.015;24;True;0;2463;vazao;Epagri;;;2;False;diaria;f590d034c85bf207_diario_derivado;;interna;horaria_agregada;media
2021-07-14;2.9125;24;True;0;2463;vazao;Epagri;;;2;False;diaria;f590d034c85bf207_diario_derivado;;interna;horaria_agregada;media
2021-07-15;2.8575;24;True;0;2463;vazao;Epagri;;;2;False;diaria;f590d034c85bf207_diario_derivado;;interna;horaria_agregada;media
2021-07-16;2.839166666666667;24;True;0;2463;vazao;Epagri;;;2;False;diaria;f590d034c85bf207_diario_derivado;;interna;horaria_agregada;media
2021-07-17;2.8575;24;True;0;2463;vazao;Epagri;;;2;False;diaria;f590d034c85bf207_diario_derivado;;interna;horaria_agregada;media
2021-07-18;2.72;24;True;0;2463;vazao;Epagri;;;2;False;diaria;f590d034c85bf207_diario_derivado;;interna;horaria_agregada;media
2021-07-19;2.504583333333333;24;True;0;2463;vazao;Epagri;;;2;False;diaria;f590d034c85bf207_diario_derivado;;interna;horaria_agregada;media
2021-07-20;2.4;24;True;0;2463;vazao;Epagri;;;2;False;diaria;f590d034c85bf207_diario_derivado;;interna;horaria_agregada;media
2021-07-21;2.3958333333333335;24;True;0;2463;vazao;Epagri;;;2;False;diaria;f590d034c85bf207_diario_derivado;;interna;horaria_agregada;media
2021-07-22;2.3;24;True;0;2463;vazao;Epagri;;;2;False;diaria;f590d034c85bf207_diario_derivado;;interna;horaria_agregada;media
2021-07-23;2.295833333333333;24;True;0;2463;vazao;Epagri;;;2;False;diaria;f590d034c85bf207_diario_derivado;;interna;horaria_agregada;media
2021-07-24;2.25;24;True;0;2463;vazao;Epagri;;;2;False;diaria;f590d034c85bf207_diario_derivado;;interna;horaria_agregada;media
2021-07-25;2.2;24;True;0;2463;vazao;Epagri;;;2;False;diaria;f590d034c85bf207_diario_derivado;;interna;horaria_agregada;media
2021-07-26;2.1958333333333333;24;True;0;2463;vazao;Epagri;;;2;False;diaria;f590d034c85bf207_diario_derivado;;interna;horaria_agregada;media
2021-07-27;2.311666666666667;24;True;0;2463;vazao;Epagri;;;2;False;diaria;f590d034c85bf207_diario_derivado;;interna;horaria_agregada;media
2021-07-28;2.3133333333333335;24;True;0;2463;vazao;Epagri;;;2;False;diaria;f590d034c85bf207_diario_derivado;;interna;horaria_agregada;media
2021-07-29;2.05875;24;True;0;2463;vazao;Epagri;;;2;False;diaria;f590d034c85bf207_diario_derivado;;interna;horaria_agregada;media
2021-07-30;2.01;24;True;0;2463;vazao;Epagri;;;2;False;diaria;f590d034c85bf207_diario_derivado;;interna;horaria_agregada;media
2021-07-31;2.0025;24;True;0;2463;vazao;Epagri;;;2;False;diaria;f590d034c85bf207_diario_derivado;;interna;horaria_agregada;media
2021-08-01;2.01;24;True;0;2463;vazao;Epagri;;;2;False;diaria;f590d034c85bf207_diario_derivado;;interna;horaria_agregada;media
2021-08-02;2.01;24;True;0;2463;vazao;Epagri;;;2;False;diaria;f590d034c85bf207_diario_derivado;;interna;horaria_agregada;media
2021-08-03;1.9912499999999997;24;True;0;2463;vazao;Epagri;;;2;False;diaria;f590d034c85bf207_diario_derivado;;interna;horaria_agregada;media
2021-08-04;1.92;24;True;0;2463;vazao;Epagri;;;2;False;diaria;f590d034c85bf207_diario_derivado;;interna;horaria_agregada;media
2021-08-05;2.23;24;True;0;2463;vazao;Epagri;;;2;False;diaria;f590d034c85bf207_diario_derivado;;interna;horaria_agregada;media
2021-08-06;2.3979166666666667;24;True;0;2463;vazao;Epagri;;;2;False;diaria;f590d034c85bf207_diario_derivado;;interna;horaria_agregada;media
2021-08-07;5.5825;24;True;0;2463;vazao;Epagri;;;2;False;diaria;f590d034c85bf207_diario_derivado;;interna;horaria_agregada;media
2021-08-08;3.060416666666667;24;True;0;2463;vazao;Epagri;;;2;False;diaria;f590d034c85bf207_diario_derivado;;interna;horaria_agregada;media
2021-08-09;2.2708333333333335;24;True;0;2463;vazao;Epagri;;;2;False;diaria;f590d034c85bf207_diario_derivado;;interna;horaria_agregada;media
2021-08-10;2.0662499999999997;24;True;0;2463;vazao;Epagri;;;2;False;diaria;f590d034c85bf207_diario_derivado;;interna;horaria_agregada;media
2021-08-11;3.2470833333333338;24;True;0;2463;vazao;Epagri;;;2;False;diaria;f590d034c85bf207_diario_derivado;;interna;horaria_agregada;media
2021-08-12;2.4133333333333336;24;True;0;2463;vazao;Epagri;;;2;False;diaria;f590d034c85bf207_diario_derivado;;interna;horaria_agregada;media
2021-08-13;2.085;24;True;0;2463;vazao;Epagri;;;2;False;diaria;f590d034c85bf207_diario_derivado;;interna;horaria_agregada;media
2021-08-14;4.70625;24;True;0;2463;vazao;Epagri;;;2;False;diaria;f590d034c85bf207_diario_derivado;;interna;horaria_agregada;media
2021-08-15;3.1320833333333336;24;True;0;2463;vazao;Epagri;;;2;False;diaria;f590d034c85bf207_diario_derivado;;interna;horaria_agregada;media
2021-08-16;2.4475;24;True;0;2463;vazao;Epagri;;;2;False;diaria;f590d034c85bf207_diario_derivado;;interna;horaria_agregada;media
2021-08-17;2.2208333333333337;24;True;0;2463;vazao;Epagri;;;2;False;diaria;f590d034c85bf207_diario_derivado;;interna;horaria_agregada;media
2021-08-18;2.0812500000000003;24;True;0;2463;vazao;Epagri;;;2;False;diaria;f590d034c85bf207_diario_derivado;;interna;horaria_agregada;media
2021-08-19;2.0025;24;True;0;2463;vazao;Epagri;;;2;False;diaria;f590d034c85bf207_diario_derivado;;interna;horaria_agregada;media
2021-08-20;1.905;24;True;0;2463;vazao;Epagri;;;2;False;diaria;f590d034c85bf207_diario_derivado;;interna;horaria_agregada;media
2021-08-21;1.8166666666666667;24;True;0;2463;vazao;Epagri;;;2;False;diaria;f590d034c85bf207_diario_derivado;;interna;horaria_agregada;media
2021-08-22;1.75;24;True;0;2463;vazao;Epagri;;;2;False;diaria;f590d034c85bf207_diario_derivado;;interna;horaria_agregada;media
2021-08-23;1.7462499999999999;24;True;0;2463;vazao;Epagri;;;2;False;diaria;f590d034c85bf207_diario_derivado;;interna;horaria_agregada;media
2021-08-24;1.705;24;True;0;2463;vazao;Epagri;;;2;False;diaria;f590d034c85bf207_diario_derivado;;interna;horaria_agregada;media
2021-08-25;1.6749999999999998;24;True;0;2463;vazao;Epagri;;;2;False;diaria;f590d034c85bf207_diario_derivado;;interna;horaria_agregada;media
2021-08-26;1.66;24;True;0;2463;vazao;Epagri;;;2;False;diaria;f590d034c85bf207_diario_derivado;;interna;horaria_agregada;media
2021-08-27;1.63;24;True;0;2463;vazao;Epagri;;;2;False;diaria;f590d034c85bf207_diario_derivado;;interna;horaria_agregada;media
2021-08-28;1.58;24;True;0;2463;vazao;Epagri;;;2;False;diaria;f590d034c85bf207_diario_derivado;;interna;horaria_agregada;media
2021-08-29;1.6266666666666667;24;True;0;2463;vazao;Epagri;;;2;False;diaria;f590d034c85bf207_diario_derivado;;interna;horaria_agregada;media
2021-08-30;1.9475;24;True;0;2463;vazao;Epagri;;;2;False;diaria;f590d034c85bf207_diario_derivado;;interna;horaria_agregada;media
2021-08-31;3.4608333333333334;24;True;0;2463;vazao;Epagri;;;2;False;diaria;f590d034c85bf207_diario_derivado;;interna;horaria_agregada;media
2021-09-01;2.0570833333333334;24;True;0;2463;vazao;Epagri;;;2;False;diaria;f590d034c85bf207_diario_derivado;;interna;horaria_agregada;media
2021-09-02;1.8254166666666667;24;True;0;2463;vazao;Epagri;;;2;False;diaria;f590d034c85bf207_diario_derivado;;interna;horaria_agregada;media
2021-09-03;1.7291666666666667;24;True;0;2463;vazao;Epagri;;;2;False;diaria;f590d034c85bf207_diario_derivado;;interna;horaria_agregada;media
2021-09-04;1.7633333333333334;24;True;0;2463;vazao;Epagri;;;2;False;diaria;f590d034c85bf207_diario_derivado;;interna;horaria_agregada;media
2021-09-05;1.95875;24;True;0;2463;vazao;Epagri;;;2;False;diaria;f590d034c85bf207_diario_derivado;;interna;horaria_agregada;media
2021-09-06;1.8016666666666667;24;True;0;2463;vazao;Epagri;;;2;False;diaria;f590d034c85bf207_diario_derivado;;interna;horaria_agregada;media
2021-09-07;9.375;24;True;0;2463;vazao;Epagri;;;2;False;diaria;f590d034c85bf207_diario_derivado;;interna;horaria_agregada;media
2021-09-08;22.757500000000004;24;True;0;2463;vazao;Epagri;;;2;False;diaria;f590d034c85bf207_diario_derivado;;interna;horaria_agregada;media
2021-09-09;8.383750000000001;24;True;0;2463;vazao;Epagri;;;2;False;diaria;f590d034c85bf207_diario_derivado;;interna;horaria_agregada;media
2021-09-10;3.52;24;True;0;2463;vazao;Epagri;;;2;False;diaria;f590d034c85bf207_diario_derivado;;interna;horaria_agregada;media
2021-09-11;2.752083333333333;24;True;0;2463;vazao;Epagri;;;2;False;diaria;f590d034c85bf207_diario_derivado;;interna;horaria_agregada;media
2021-09-12;2.4499999999999997;24;True;0;2463;vazao;Epagri;;;2;False;diaria;f590d034c85bf207_diario_derivado;;interna;horaria_agregada;media
2021-09-13;2.275;24;True;0;2463;vazao;Epagri;;;2;False;diaria;f590d034c85bf207_diario_derivado;;interna;horaria_agregada;media
2021-09-14;4.645833333333333;24;True;0;2463;vazao;Epagri;;;2;False;diaria;f590d034c85bf207_diario_derivado;;interna;horaria_agregada;media
2021-09-15;3.0220833333333332;24;True;0;2463;vazao;Epagri;;;2;False;diaria;f590d034c85bf207_diario_derivado;;interna;horaria_agregada;media
2021-09-16;2.375;24;True;0;2463;vazao;Epagri;;;2;False;diaria;f590d034c85bf207_diario_derivado;;interna;horaria_agregada;media
2021-09-17;13.379166666666668;24;True;0;2463;vazao;Epagri;;;2;False;diaria;f590d034c85bf207_diario_derivado;;interna;horaria_agregada;media
2021-09-18;10.627083333333333;24;True;0;2463;vazao;Epagri;;;2;False;diaria;f590d034c85bf207_diario_derivado;;interna;horaria_agregada;media
2021-09-19;4.2575;24;True;0;2463;vazao;Epagri;;;2;False;diaria;f590d034c85bf207_diario_derivado;;interna;horaria_agregada;media
2021-09-20;3.686666666666667;24;True;0;2463;vazao;Epagri;;;2;False;diaria;f590d034c85bf207_diario_derivado;;interna;horaria_agregada;media
2021-09-21;3.2112499999999997;24;True;0;2463;vazao;Epagri;;;2;False;diaria;f590d034c85bf207_diario_derivado;;interna;horaria_agregada;media
2021-09-22;2.7475;24;True;0;2463;vazao;Epagri;;;2;False;diaria;f590d034c85bf207_diario_derivado;;interna;horaria_agregada;media
2021-09-23;2.5195833333333333;24;True;0;2463;vazao;Epagri;;;2;False;diaria;f590d034c85bf207_diario_derivado;;interna;horaria_agregada;media
2021-09-24;2.4;24;True;0;2463;vazao;Epagri;;;2;False;diaria;f590d034c85bf207_diario_derivado;;interna;horaria_agregada;media
2021-09-25;2.295833333333333;24;True;0;2463;vazao;Epagri;;;2;False;diaria;f590d034c85bf207_diario_derivado;;interna;horaria_agregada;media
2021-09-26;2.191666666666667;24;True;0;2463;vazao;Epagri;;;2;False;diaria;f590d034c85bf207_diario_derivado;;interna;horaria_agregada;media
2021-09-27;2.09625;24;True;0;2463;vazao;Epagri;;;2;False;diaria;f590d034c85bf207_diario_derivado;;interna;horaria_agregada;media
2021-09-28;2.0254166666666666;24;True;0;2463;vazao;Epagri;;;2;False;diaria;f590d034c85bf207_diario_derivado;;interna;horaria_agregada;media
2021-09-29;2.637916666666667;24;True;0;2463;vazao;Epagri;;;2;False;diaria;f590d034c85bf207_diario_derivado;;interna;horaria_agregada;media
2021-09-30;2.7929166666666667;24;True;0;2463;vazao;Epagri;;;2;False;diaria;f590d034c85bf207_diario_derivado;;interna;horaria_agregada;media
2021-10-01;19.235833333333336;24;True;0;2463;vazao;Epagri;;;2;False;diaria;f590d034c85bf207_diario_derivado;;interna;horaria_agregada;media
2021-10-02;4.13375;24;True;0;2463;vazao;Epagri;;;2;False;diaria;f590d034c85bf207_diario_derivado;;interna;horaria_agregada;media
2021-10-03;3.1750000000000003;24;True;0;2463;vazao;Epagri;;;2;False;diaria;f590d034c85bf207_diario_derivado;;interna;horaria_agregada;media
2021-10-04;2.848333333333333;24;True;0;2463;vazao;Epagri;;;2;False;diaria;f590d034c85bf207_diario_derivado;;interna;horaria_agregada;media
2021-10-05;2.7062500000000003;24;True;0;2463;vazao;Epagri;;;2;False;diaria;f590d034c85bf207_diario_derivado;;interna;horaria_agregada;media
2021-10-06;3.861666666666667;24;True;0;2463;vazao;Epagri;;;2;False;diaria;f590d034c85bf207_diario_derivado;;interna;horaria_agregada;media
2021-10-07;5.864583333333333;24;True;0;2463;vazao;Epagri;;;2;False;diaria;f590d034c85bf207_diario_derivado;;interna;horaria_agregada;media
2021-10-08;3.155416666666667;24;True;0;2463;vazao;Epagri;;;2;False;diaria;f590d034c85bf207_diario_derivado;;interna;horaria_agregada;media
2021-10-09;21.21291666666667;24;True;0;2463;vazao;Epagri;;;2;False;diaria;f590d034c85bf207_diario_derivado;;interna;horaria_agregada;media
2021-10-10;17.768333333333334;24;True;0;2463;vazao;Epagri;;;2;False;diaria;f590d034c85bf207_diario_derivado;;interna;horaria_agregada;media
2021-10-11;13.757916666666667;24;True;0;2463;vazao;Epagri;;;2;False;diaria;f590d034c85bf207_diario_derivado;;interna;horaria_agregada;media
2021-10-12;154.45208333333332;24;True;0;2463;vazao;Epagri;;;2;False;diaria;f590d034c85bf207_diario_derivado;;interna;horaria_agregada;media
2021-10-13;47.72125;24;True;0;2463;vazao;Epagri;;;2;False;diaria;f590d034c85bf207_diario_derivado;;interna;horaria_agregada;media
2021-10-14;23.746666666666666;24;True;0;2463;vazao;Epagri;;;2;False;diaria;f590d034c85bf207_diario_derivado;;interna;horaria_agregada;media
2021-10-15;17.483333333333334;24;True;0;2463;vazao;Epagri;;;2;False;diaria;f590d034c85bf207_diario_derivado;;interna;horaria_agregada;media
2021-10-16;14.739166666666668;24;True;0;2463;vazao;Epagri;;;2;False;diaria;f590d034c85bf207_diario_derivado;;interna;horaria_agregada;media
2021-10-17;10.163333333333334;24;True;0;2463;vazao;Epagri;;;2;False;diaria;f590d034c85bf207_diario_derivado;;interna;horaria_agregada;media
2021-10-18;10.19375;24;True;0;2463;vazao;Epagri;;;2;False;diaria;f590d034c85bf207_diario_derivado;;interna;horaria_agregada;media
2021-10-19;7.965833333333333;24;True;0;2463;vazao;Epagri;;;2;False;diaria;f590d034c85bf207_diario_derivado;;interna;horaria_agregada;media
2021-10-20;6.636666666666667;24;True;0;2463;vazao;Epagri;;;2;False;diaria;f590d034c85bf207_diario_derivado;;interna;horaria_agregada;media
2021-10-21;8.92125;24;True;0;2463;vazao;Epagri;;;2;False;diaria;f590d034c85bf207_diario_derivado;;interna;horaria_agregada;media
2021-10-22;6.230416666666667;24;True;0;2463;vazao;Epagri;;;2;False;diaria;f590d034c85bf207_diario_derivado;;interna;horaria_agregada;media
2021-10-23;5.442916666666666;24;True;0;2463;vazao;Epagri;;;2;False;diaria;f590d034c85bf207_diario_derivado;;interna;horaria_agregada;media
2021-10-24;5.0525;24;True;0;2463;vazao;Epagri;;;2;False;diaria;f590d034c85bf207_diario_derivado;;interna;horaria_agregada;media
2021-10-25;4.538749999999999;24;True;0;2463;vazao;Epagri;;;2;False;diaria;f590d034c85bf207_diario_derivado;;interna;horaria_agregada;media
2021-10-26;4.235833333333334;24;True;0;2463;vazao;Epagri;;;2;False;diaria;f590d034c85bf207_diario_derivado;;interna;horaria_agregada;media
2021-10-27;3.938333333333333;24;True;0;2463;vazao;Epagri;;;2;False;diaria;f590d034c85bf207_diario_derivado;;interna;horaria_agregada;media
2021-10-28;3.7775;24;True;0;2463;vazao;Epagri;;;2;False;diaria;f590d034c85bf207_diario_derivado;;interna;horaria_agregada;media
2021-10-29;5.858750000000001;24;True;0;2463;vazao;Epagri;;;2;False;diaria;f590d034c85bf207_diario_derivado;;interna;horaria_agregada;media
2021-10-30;13.881666666666668;24;True;0;2463;vazao;Epagri;;;2;False;diaria;f590d034c85bf207_diario_derivado;;interna;horaria_agregada;media
2021-10-31;31.655416666666667;24;True;0;2463;vazao;Epagri;;;2;False;diaria;f590d034c85bf207_diario_derivado;;interna;horaria_agregada;media
2021-11-01;19.690833333333334;24;True;0;2463;vazao;Epagri;;;2;False;diaria;f590d034c85bf207_diario_derivado;;interna;horaria_agregada;media
2021-11-02;11.977083333333333;24;True;0;2463;vazao;Epagri;;;2;False;diaria;f590d034c85bf207_diario_derivado;;interna;horaria_agregada;media
2021-11-03;7.540833333333333;24;True;0;2463;vazao;Epagri;;;2;False;diaria;f590d034c85bf207_diario_derivado;;interna;horaria_agregada;media
2021-11-04;;17;False;0;2463;vazao;Epagri;;;2;False;diaria;f590d034c85bf207_diario_derivado;;interna;horaria_agregada;media
2021-11-05;7.2375;24;True;0;2463;vazao;Epagri;;;2;False;diaria;f590d034c85bf207_diario_derivado;;interna;horaria_agregada;media
2021-11-06;10.45125;24;True;0;2463;vazao;Epagri;;;2;False;diaria;f590d034c85bf207_diario_derivado;;interna;horaria_agregada;media
2021-11-07;9.553749999999999;24;True;0;2463;vazao;Epagri;;;2;False;diaria;f590d034c85bf207_diario_derivado;;interna;horaria_agregada;media
2021-11-08;6.357500000000001;24;True;0;2463;vazao;Epagri;;;2;False;diaria;f590d034c85bf207_diario_derivado;;interna;horaria_agregada;media
2021-11-09;5.6375;24;True;0;2463;vazao;Epagri;;;2;False;diaria;f590d034c85bf207_diario_derivado;;interna;horaria_agregada;media
2021-11-10;5.1175;24;True;0;2463;vazao;Epagri;;;2;False;diaria;f590d034c85bf207_diario_derivado;;interna;horaria_agregada;media
2021-11-11;5.075833333333334;24;True;0;2463;vazao;Epagri;;;2;False;diaria;f590d034c85bf207_diario_derivado;;interna;horaria_agregada;media
2021-11-12;4.958333333333333;24;True;0;2463;vazao;Epagri;;;2;False;diaria;f590d034c85bf207_diario_derivado;;interna;horaria_agregada;media
2021-11-13;5.204166666666667;24;True;0;2463;vazao;Epagri;;;2;False;diaria;f590d034c85bf207_diario_derivado;;interna;horaria_agregada;media
2021-11-14;4.702083333333333;24;True;0;2463;vazao;Epagri;;;2;False;diaria;f590d034c85bf207_diario_derivado;;interna;horaria_agregada;media
2021-11-15;4.195;24;True;0;2463;vazao;Epagri;;;2;False;diaria;f590d034c85bf207_diario_derivado;;interna;horaria_agregada;media
2021-11-16;3.9499999999999997;24;True;0;2463;vazao;Epagri;;;2;False;diaria;f590d034c85bf207_diario_derivado;;interna;horaria_agregada;media
2021-11-17;3.7558333333333334;24;True;0;2463;vazao;Epagri;;;2;False;diaria;f590d034c85bf207_diario_derivado;;interna;horaria_agregada;media
2021-11-18;36.72375;24;True;0;2463;vazao;Epagri;;;2;False;diaria;f590d034c85bf207_diario_derivado;;interna;horaria_agregada;media
2021-11-19;10.25125;24;True;0;2463;vazao;Epagri;;;2;False;diaria;f590d034c85bf207_diario_derivado;;interna;horaria_agregada;media
2021-11-20;6.345;24;True;0;2463;vazao;Epagri;;;2;False;diaria;f590d034c85bf207_diario_derivado;;interna;horaria_agregada;media
2021-11-21;5.29375;24;True;0;2463;vazao;Epagri;;;2;False;diaria;f590d034c85bf207_diario_derivado;;interna;horaria_agregada;media
2021-11-22;4.72625;24;True;0;2463;vazao;Epagri;;;2;False;diaria;f590d034c85bf207_diario_derivado;;interna;horaria_agregada;media
2021-11-23;4.288333333333333;24;True;0;2463;vazao;Epagri;;;2;False;diaria;f590d034c85bf207_diario_derivado;;interna;horaria_agregada;media
2021-11-24;4.0025;24;True;0;2463;vazao;Epagri;;;2;False;diaria;f590d034c85bf207_diario_derivado;;interna;horaria_agregada;media
2021-11-25;;23;False;0;2463;vazao;Epagri;;;2;False;diaria;f590d034c85bf207_diario_derivado;;interna;horaria_agregada;media
2021-11-26;4.531666666666667;24;True;0;2463;vazao;Epagri;;;2;False;diaria;f590d034c85bf207_diario_derivado;;interna;horaria_agregada;media
2021-11-27;3.7408333333333332;24;True;0;2463;vazao;Epagri;;;2;False;diaria;f590d034c85bf207_diario_derivado;;interna;horaria_agregada;media
2021-11-28;3.5066666666666664;24;True;0;2463;vazao;Epagri;;;2;False;diaria;f590d034c85bf207_diario_derivado;;interna;horaria_agregada;media
2021-11-29;3.3699999999999997;24;True;0;2463;vazao;Epagri;;;2;False;diaria;f590d034c85bf207_diario_derivado;;interna;horaria_agregada;media
2021-11-30;3.145;24;True;0;2463;vazao;Epagri;;;2;False;diaria;f590d034c85bf207_diario_derivado;;interna;horaria_agregada;media
2021-12-01;3.0400000000000005;24;True;0;2463;vazao;Epagri;;;2;False;diaria;f590d034c85bf207_diario_derivado;;interna;horaria_agregada;media
2021-12-02;2.94;24;True;0;2463;vazao;Epagri;;;2;False;diaria;f590d034c85bf207_diario_derivado;;interna;horaria_agregada;media
2021-12-03;2.94;24;True;0;2463;vazao;Epagri;;;2;False;diaria;f590d034c85bf207_diario_derivado;;interna;horaria_agregada;media
2021-12-04;3.5483333333333333;24;True;0;2463;vazao;Epagri;;;2;False;diaria;f590d034c85bf207_diario_derivado;;interna;horaria_agregada;media
2021-12-05;3.2770833333333336;24;True;0;2463;vazao;Epagri;;;2;False;diaria;f590d034c85bf207_diario_derivado;;interna;horaria_agregada;media
2021-12-06;3.90625;24;True;0;2463;vazao;Epagri;;;2;False;diaria;f590d034c85bf207_diario_derivado;;interna;horaria_agregada;media
2021-12-07;14.4375;24;True;0;2463;vazao;Epagri;;;2;False;diaria;f590d034c85bf207_diario_derivado;;interna;horaria_agregada;media
2021-12-08;4.405;24;True;0;2463;vazao;Epagri;;;2;False;diaria;f590d034c85bf207_diario_derivado;;interna;horaria_agregada;media
2021-12-09;3.43875;24;True;0;2463;vazao;Epagri;;;2;False;diaria;f590d034c85bf207_diario_derivado;;interna;horaria_agregada;media
2021-12-10;3.16;24;True;0;2463;vazao;Epagri;;;2;False;diaria;f590d034c85bf207_diario_derivado;;interna;horaria_agregada;media
2021-12-11;3.25;24;True;0;2463;vazao;Epagri;;;2;False;diaria;f590d034c85bf207_diario_derivado;;interna;horaria_agregada;media
2021-12-12;9.345;24;True;0;2463;vazao;Epagri;;;2;False;diaria;f590d034c85bf207_diario_derivado;;interna;horaria_agregada;media
2021-12-13;6.1175;24;True;0;2463;vazao;Epagri;;;2;False;diaria;f590d034c85bf207_diario_derivado;;interna;horaria_agregada;media
2021-12-14;3.9645833333333336;24;True;0;2463;vazao;Epagri;;;2;False;diaria;f590d034c85bf207_diario_derivado;;interna;horaria_agregada;media
2021-12-15;7.974583333333334;24;True;0;2463;vazao;Epagri;;;2;False;diaria;f590d034c85bf207_diario_derivado;;interna;horaria_agregada;media
2021-12-16;5.296666666666667;24;True;0;2463;vazao;Epagri;;;2;False;diaria;f590d034c85bf207_diario_derivado;;interna;horaria_agregada;media
2021-12-17;3.8825000000000003;24;True;0;2463;vazao;Epagri;;;2;False;diaria;f590d034c85bf207_diario_derivado;;interna;horaria_agregada;media
2021-12-18;5.53625;24;True;0;2463;vazao;Epagri;;;2;False;diaria;f590d034c85bf207_diario_derivado;;interna;horaria_agregada;media
2021-12-19;5.360833333333333;24;True;0;2463;vazao;Epagri;;;2;False;diaria;f590d034c85bf207_diario_derivado;;interna;horaria_agregada;media
2021-12-20;3.68125;24;True;0;2463;vazao;Epagri;;;2;False;diaria;f590d034c85bf207_diario_derivado;;interna;horaria_agregada;media
2021-12-21;3.3654166666666665;24;True;0;2463;vazao;Epagri;;;2;False;diaria;f590d034c85bf207_diario_derivado;;interna;horaria_agregada;media
2021-12-22;3.404166666666667;24;True;0;2463;vazao;Epagri;;;2;False;diaria;f590d034c85bf207_diario_derivado;;interna;horaria_agregada;media
2021-12-23;3.065;24;True;0;2463;vazao;Epagri;;;2;False;diaria;f590d034c85bf207_diario_derivado;;interna;horaria_agregada;media
2021-12-24;2.84375;24;True;0;2463;vazao;Epagri;;;2;False;diaria;f590d034c85bf207_diario_derivado;;interna;horaria_agregada;media
2021-12-25;2.73375;24;True;0;2463;vazao;Epagri;;;2;False;diaria;f590d034c85bf207_diario_derivado;;interna;horaria_agregada;media
2021-12-26;6.7925;24;True;0;2463;vazao;Epagri;;;2;False;diaria;f590d034c85bf207_diario_derivado;;interna;horaria_agregada;media
2021-12-27;5.039583333333334;24;True;0;2463;vazao;Epagri;;;2;False;diaria;f590d034c85bf207_diario_derivado;;interna;horaria_agregada;media
2021-12-28;3.1008333333333336;24;True;0;2463;vazao;Epagri;;;2;False;diaria;f590d034c85bf207_diario_derivado;;interna;horaria_agregada;media
2021-12-29;2.8541666666666665;24;True;0;2463;vazao;Epagri;;;2;False;diaria;f590d034c85bf207_diario_derivado;;interna;horaria_agregada;media
2021-12-30;3.8358333333333334;24;True;0;2463;vazao;Epagri;;;2;False;diaria;f590d034c85bf207_diario_derivado;;interna;horaria_agregada;media
2021-12-31;2.938333333333333;24;True;0;2463;vazao;Epagri;;;2;False;diaria;f590d034c85bf207_diario_derivado;;interna;horaria_agregada;media
2022-01-01;2.7016666666666667;24;True;0;2463;vazao;Epagri;;;2;False;diaria;f590d034c85bf207_diario_derivado;;interna;horaria_agregada;media
2022-01-02;2.59625;24;True;0;2463;vazao;Epagri;;;2;False;diaria;f590d034c85bf207_diario_derivado;;interna;horaria_agregada;media
2022-01-03;2.7245833333333334;24;True;0;2463;vazao;Epagri;;;2;False;diaria;f590d034c85bf207_diario_derivado;;interna;horaria_agregada;media
2022-01-04;2.5;24;True;0;2463;vazao;Epagri;;;2;False;diaria;f590d034c85bf207_diario_derivado;;interna;horaria_agregada;media
2022-01-05;5.879583333333333;24;True;0;2463;vazao;Epagri;;;2;False;diaria;f590d034c85bf207_diario_derivado;;interna;horaria_agregada;media
2022-01-06;25.647499999999997;24;True;0;2463;vazao;Epagri;;;2;False;diaria;f590d034c85bf207_diario_derivado;;interna;horaria_agregada;media
2022-01-07;6.097083333333334;24;True;0;2463;vazao;Epagri;;;2;False;diaria;f590d034c85bf207_diario_derivado;;interna;horaria_agregada;media
2022-01-08;4.545833333333333;24;True;0;2463;vazao;Epagri;;;2;False;diaria;f590d034c85bf207_diario_derivado;;interna;horaria_agregada;media
2022-01-09;4.629583333333334;24;True;0;2463;vazao;Epagri;;;2;False;diaria;f590d034c85bf207_diario_derivado;;interna;horaria_agregada;media
2022-01-10;6.570416666666667;24;True;0;2463;vazao;Epagri;;;2;False;diaria;f590d034c85bf207_diario_derivado;;interna;horaria_agregada;media
2022-01-11;4.2804166666666665;24;True;0;2463;vazao;Epagri;;;2;False;diaria;f590d034c85bf207_diario_derivado;;interna;horaria_agregada;media
2022-01-12;3.620416666666667;24;True;0;2463;vazao;Epagri;;;2;False;diaria;f590d034c85bf207_diario_derivado;;interna;horaria_agregada;media
2022-01-13;3.265;24;True;0;2463;vazao;Epagri;;;2;False;diaria;f590d034c85bf207_diario_derivado;;interna;horaria_agregada;media
2022-01-14;;13;False;0;2463;vazao;Epagri;;;2;False;diaria;f590d034c85bf207_diario_derivado;;interna;horaria_agregada;media
2022-01-15;;0;False;0;2463;vazao;Epagri;;;2;False;diaria;f590d034c85bf207_diario_derivado;;interna;horaria_agregada;media
2022-01-16;;0;False;0;2463;vazao;Epagri;;;2;False;diaria;f590d034c85bf207_diario_derivado;;interna;horaria_agregada;media
2022-01-17;;0;False;0;2463;vazao;Epagri;;;2;False;diaria;f590d034c85bf207_diario_derivado;;interna;horaria_agregada;media
2022-01-18;;10;False;0;2463;vazao;Epagri;;;2;False;diaria;f590d034c85bf207_diario_derivado;;interna;horaria_agregada;media
2022-01-19;2.7016666666666667;24;True;0;2463;vazao;Epagri;;;2;False;diaria;f590d034c85bf207_diario_derivado;;interna;horaria_agregada;media
2022-01-20;2.8695833333333334;24;True;0;2463;vazao;Epagri;;;2;False;diaria;f590d034c85bf207_diario_derivado;;interna;horaria_agregada;media
2022-01-21;2.6145833333333335;24;True;0;2463;vazao;Epagri;;;2;False;diaria;f590d034c85bf207_diario_derivado;;interna;horaria_agregada;media
2022-01-22;2.475;24;True;0;2463;vazao;Epagri;;;2;False;diaria;f590d034c85bf207_diario_derivado;;interna;horaria_agregada;media
2022-01-23;2.375;24;True;0;2463;vazao;Epagri;;;2;False;diaria;f590d034c85bf207_diario_derivado;;interna;horaria_agregada;media
2022-01-24;2.3;24;True;0;2463;vazao;Epagri;;;2;False;diaria;f590d034c85bf207_diario_derivado;;interna;horaria_agregada;media
2022-01-25;2.2208333333333337;24;True;0;2463;vazao;Epagri;;;2;False;diaria;f590d034c85bf207_diario_derivado;;interna;horaria_agregada;media
2022-01-26;2.2333333333333334;24;True;0;2463;vazao;Epagri;;;2;False;diaria;f590d034c85bf207_diario_derivado;;interna;horaria_agregada;media
2022-01-27;2.2375000000000003;24;True;0;2463;vazao;Epagri;;;2;False;diaria;f590d034c85bf207_diario_derivado;;interna;horaria_agregada;media
2022-01-28;3.9320833333333334;24;True;0;2463;vazao;Epagri;;;2;False;diaria;f590d034c85bf207_diario_derivado;;interna;horaria_agregada;media
2022-01-29;4.378333333333333;24;True;0;2463;vazao;Epagri;;;2;False;diaria;f590d034c85bf207_diario_derivado;;interna;horaria_agregada;media
2022-01-30;4.392083333333333;24;True;0;2463;vazao;Epagri;;;2;False;diaria;f590d034c85bf207_diario_derivado;;interna;horaria_agregada;media
2022-01-31;6.950833333333333;24;True;0;2463;vazao;Epagri;;;2;False;diaria;f590d034c85bf207_diario_derivado;;interna;horaria_agregada;media
2022-02-01;4.7562500000000005;24;True;0;2463;vazao;Epagri;;;2;False;diaria;f590d034c85bf207_diario_derivado;;interna;horaria_agregada;media
2022-02-02;3.28375;24;True;0;2463;vazao;Epagri;;;2;False;diaria;f590d034c85bf207_diario_derivado;;interna;horaria_agregada;media
2022-02-03;3.2525;24;True;0;2463;vazao;Epagri;;;2;False;diaria;f590d034c85bf207_diario_derivado;;interna;horaria_agregada;media
2022-02-04;2.905416666666667;24;True;0;2463;vazao;Epagri;;;2;False;diaria;f590d034c85bf207_diario_derivado;;interna;horaria_agregada;media
2022-02-05;3.723333333333333;24;True;0;2463;vazao;Epagri;;;2;False;diaria;f590d034c85bf207_diario_derivado;;interna;horaria_agregada;media
2022-02-06;3.079166666666667;24;True;0;2463;vazao;Epagri;;;2;False;diaria;f590d034c85bf207_diario_derivado;;interna;horaria_agregada;media
2022-02-07;2.555833333333333;24;True;0;2463;vazao;Epagri;;;2;False;diaria;f590d034c85bf207_diario_derivado;;interna;horaria_agregada;media
2022-02-08;2.370833333333333;24;True;0;2463;vazao;Epagri;;;2;False;diaria;f590d034c85bf207_diario_derivado;;interna;horaria_agregada;media
2022-02-09;2.2666666666666666;24;True;0;2463;vazao;Epagri;;;2;False;diaria;f590d034c85bf207_diario_derivado;;interna;horaria_agregada;media
2022-02-10;2.308333333333333;24;True;0;2463;vazao;Epagri;;;2;False;diaria;f590d034c85bf207_diario_derivado;;interna;horaria_agregada;media
2022-02-11;2.1958333333333333;24;True;0;2463;vazao;Epagri;;;2;False;diaria;f590d034c85bf207_diario_derivado;;interna;horaria_agregada;media
2022-02-12;2.1;24;True;0;2463;vazao;Epagri;;;2;False;diaria;f590d034c85bf207_diario_derivado;;interna;horaria_agregada;media
2022-02-13;2.06875;24;True;0;2463;vazao;Epagri;;;2;False;diaria;f590d034c85bf207_diario_derivado;;interna;horaria_agregada;media
2022-02-14;5.156666666666667;24;True;0;2463;vazao;Epagri;;;2;False;diaria;f590d034c85bf207_diario_derivado;;interna;horaria_agregada;media
2022-02-15;2.419166666666667;24;True;0;2463;vazao;Epagri;;;2;False;diaria;f590d034c85bf207_diario_derivado;;interna;horaria_agregada;media
2022-02-16;2.105;24;True;0;2463;vazao;Epagri;;;2;False;diaria;f590d034c85bf207_diario_derivado;;interna;horaria_agregada;media
2022-02-17;2.512083333333333;24;True;0;2463;vazao;Epagri;;;2;False;diaria;f590d034c85bf207_diario_derivado;;interna;horaria_agregada;media
2022-02-18;3.2383333333333333;24;True;0;2463;vazao;Epagri;;;2;False;diaria;f590d034c85bf207_diario_derivado;;interna;horaria_agregada;media
2022-02-19;2.985416666666667;24;True;0;2463;vazao;Epagri;;;2;False;diaria;f590d034c85bf207_diario_derivado;;interna;horaria_agregada;media
2022-02-20;2.2208333333333337;24;True;0;2463;vazao;Epagri;;;2;False;diaria;f590d034c85bf207_diario_derivado;;interna;horaria_agregada;media
2022-02-21;2.1212500000000003;24;True;0;2463;vazao;Epagri;;;2;False;diaria;f590d034c85bf207_diario_derivado;;interna;horaria_agregada;media
2022-02-22;6.557083333333334;24;True;0;2463;vazao;Epagri;;;2;False;diaria;f590d034c85bf207_diario_derivado;;interna;horaria_agregada;media
2022-02-23;6.254166666666666;24;True;0;2463;vazao;Epagri;;;2;False;diaria;f590d034c85bf207_diario_derivado;;interna;horaria_agregada;media
2022-02-24;2.9575;24;True;0;2463;vazao;Epagri;;;2;False;diaria;f590d034c85bf207_diario_derivado;;interna;horaria_agregada;media
2022-02-25;2.6420833333333333;24;True;0;2463;vazao;Epagri;;;2;False;diaria;f590d034c85bf207_diario_derivado;;interna;horaria_agregada;media
2022-02-26;2.52;24;True;0;2463;vazao;Epagri;;;2;False;diaria;f590d034c85bf207_diario_derivado;;interna;horaria_agregada;media
2022-02-27;2.35;24;True;0;2463;vazao;Epagri;;;2;False;diaria;f590d034c85bf207_diario_derivado;;interna;horaria_agregada;media
2022-02-28;2.1708333333333334;24;True;0;2463;vazao;Epagri;;;2;False;diaria;f590d034c85bf207_diario_derivado;;interna;horaria_agregada;media
2022-03-01;4.067916666666666;24;True;0;2463;vazao;Epagri;;;2;False;diaria;f590d034c85bf207_diario_derivado;;interna;horaria_agregada;media
2022-03-02;7.102916666666666;24;True;0;2463;vazao;Epagri;;;2;False;diaria;f590d034c85bf207_diario_derivado;;interna;horaria_agregada;media
2022-03-03;6.577083333333333;24;True;0;2463;vazao;Epagri;;;2;False;diaria;f590d034c85bf207_diario_derivado;;interna;horaria_agregada;media
2022-03-04;3.591666666666667;24;True;0;2463;vazao;Epagri;;;2;False;diaria;f590d034c85bf207_diario_derivado;;interna;horaria_agregada;media
2022-03-05;3.0279166666666666;24;True;0;2463;vazao;Epagri;;;2;False;diaria;f590d034c85bf207_diario_derivado;;interna;horaria_agregada;media
2022-03-06;2.6558333333333333;24;True;0;2463;vazao;Epagri;;;2;False;diaria;f590d034c85bf207_diario_derivado;;interna;horaria_agregada;media
2022-03-07;4.330416666666667;24;True;0;2463;vazao;Epagri;;;2;False;diaria;f590d034c85bf207_diario_derivado;;interna;horaria_agregada;media
2022-03-08;2.94;24;True;0;2463;vazao;Epagri;;;2;False;diaria;f590d034c85bf207_diario_derivado;;interna;horaria_agregada;media
2022-03-09;2.5412500000000002;24;True;0;2463;vazao;Epagri;;;2;False;diaria;f590d034c85bf207_diario_derivado;;interna;horaria_agregada;media
2022-03-10;2.4604166666666667;24;True;0;2463;vazao;Epagri;;;2;False;diaria;f590d034c85bf207_diario_derivado;;interna;horaria_agregada;media
2022-03-11;7.075;24;True;0;2463;vazao;Epagri;;;2;False;diaria;f590d034c85bf207_diario_derivado;;interna;horaria_agregada;media
2022-03-12;8.665000000000001;24;True;0;2463;vazao;Epagri;;;2;False;diaria;f590d034c85bf207_diario_derivado;;interna;horaria_agregada;media
2022-03-13;8.611666666666666;24;True;0;2463;vazao;Epagri;;;2;False;diaria;f590d034c85bf207_diario_derivado;;interna;horaria_agregada;media
2022-03-14;7.27625;24;True;0;2463;vazao;Epagri;;;2;False;diaria;f590d034c85bf207_diario_derivado;;interna;horaria_agregada;media
2022-03-15;5.2924999999999995;24;True;0;2463;vazao;Epagri;;;2;False;diaria;f590d034c85bf207_diario_derivado;;interna;horaria_agregada;media
2022-03-16;12.959583333333333;24;True;0;2463;vazao;Epagri;;;2;False;diaria;f590d034c85bf207_diario_derivado;;interna;horaria_agregada;media
2022-03-17;8.07625;24;True;0;2463;vazao;Epagri;;;2;False;diaria;f590d034c85bf207_diario_derivado;;interna;horaria_agregada;media
2022-03-18;11.721666666666666;24;True;0;2463;vazao;Epagri;;;2;False;diaria;f590d034c85bf207_diario_derivado;;interna;horaria_agregada;media
2022-03-19;15.576666666666666;24;True;0;2463;vazao;Epagri;;;2;False;diaria;f590d034c85bf207_diario_derivado;;interna;horaria_agregada;media
2022-03-20;6.120416666666667;24;True;0;2463;vazao;Epagri;;;2;False;diaria;f590d034c85bf207_diario_derivado;;interna;horaria_agregada;media
2022-03-21;8.015;24;True;0;2463;vazao;Epagri;;;2;False;diaria;f590d034c85bf207_diario_derivado;;interna;horaria_agregada;media
2022-03-22;7.27875;24;True;0;2463;vazao;Epagri;;;2;False;diaria;f590d034c85bf207_diario_derivado;;interna;horaria_agregada;media
2022-03-23;5.649166666666667;24;True;0;2463;vazao;Epagri;;;2;False;diaria;f590d034c85bf207_diario_derivado;;interna;horaria_agregada;media
2022-03-24;10.24875;24;True;0;2463;vazao;Epagri;;;2;False;diaria;f590d034c85bf207_diario_derivado;;interna;horaria_agregada;media
2022-03-25;5.5975;24;True;0;2463;vazao;Epagri;;;2;False;diaria;f590d034c85bf207_diario_derivado;;interna;horaria_agregada;media
2022-03-26;4.474583333333333;24;True;0;2463;vazao;Epagri;;;2;False;diaria;f590d034c85bf207_diario_derivado;;interna;horaria_agregada;media
2022-03-27;3.864166666666667;24;True;0;2463;vazao;Epagri;;;2;False;diaria;f590d034c85bf207_diario_derivado;;interna;horaria_agregada;media
2022-03-28;3.5500000000000003;24;True;0;2463;vazao;Epagri;;;2;False;diaria;f590d034c85bf207_diario_derivado;;interna;horaria_agregada;media
2022-03-29;3.3049999999999997;24;True;0;2463;vazao;Epagri;;;2;False;diaria;f590d034c85bf207_diario_derivado;;interna;horaria_agregada;media
2022-03-30;3.235;24;True;0;2463;vazao;Epagri;;;2;False;diaria;f590d034c85bf207_diario_derivado;;interna;horaria_agregada;media
2022-03-31;3.4254166666666666;24;True;0;2463;vazao;Epagri;;;2;False;diaria;f590d034c85bf207_diario_derivado;;interna;horaria_agregada;media
2022-04-01;2.9091666666666662;24;True;0;2463;vazao;Epagri;;;2;False;diaria;f590d034c85bf207_diario_derivado;;interna;horaria_agregada;media
2022-04-02;3.120416666666667;24;True;0;2463;vazao;Epagri;;;2;False;diaria;f590d034c85bf207_diario_derivado;;interna;horaria_agregada;media
2022-04-03;4.5129166666666665;24;True;0;2463;vazao;Epagri;;;2;False;diaria;f590d034c85bf207_diario_derivado;;interna;horaria_agregada;media
2022-04-04;9.089583333333334;24;True;0;2463;vazao;Epagri;;;2;False;diaria;f590d034c85bf207_diario_derivado;;interna;horaria_agregada;media
2022-04-05;3.9004166666666666;24;True;0;2463;vazao;Epagri;;;2;False;diaria;f590d034c85bf207_diario_derivado;;interna;horaria_agregada;media
2022-04-06;3.2550000000000003;24;True;0;2463;vazao;Epagri;;;2;False;diaria;f590d034c85bf207_diario_derivado;;interna;horaria_agregada;media
2022-04-07;3.02;24;True;0;2463;vazao;Epagri;;;2;False;diaria;f590d034c85bf207_diario_derivado;;interna;horaria_agregada;media
2022-04-08;2.9233333333333333;24;True;0;2463;vazao;Epagri;;;2;False;diaria;f590d034c85bf207_diario_derivado;;interna;horaria_agregada;media
2022-04-09;2.922916666666667;24;True;0;2463;vazao;Epagri;;;2;False;diaria;f590d034c85bf207_diario_derivado;;interna;horaria_agregada;media
2022-04-10;2.90375;24;True;0;2463;vazao;Epagri;;;2;False;diaria;f590d034c85bf207_diario_derivado;;interna;horaria_agregada;media
2022-04-11;9.7575;24;True;0;2463;vazao;Epagri;;;2;False;diaria;f590d034c85bf207_diario_derivado;;interna;horaria_agregada;media
2022-04-12;7.895833333333333;24;True;0;2463;vazao;Epagri;;;2;False;diaria;f590d034c85bf207_diario_derivado;;interna;horaria_agregada;media
2022-04-13;4.664166666666667;24;True;0;2463;vazao;Epagri;;;2;False;diaria;f590d034c85bf207_diario_derivado;;interna;horaria_agregada;media
2022-04-14;3.767916666666667;24;True;0;2463;vazao;Epagri;;;2;False;diaria;f590d034c85bf207_diario_derivado;;interna;horaria_agregada;media
2022-04-15;3.3275;24;True;0;2463;vazao;Epagri;;;2;False;diaria;f590d034c85bf207_diario_derivado;;interna;horaria_agregada;media
2022-04-16;2.985416666666667;24;True;0;2463;vazao;Epagri;;;2;False;diaria;f590d034c85bf207_diario_derivado;;interna;horaria_agregada;media
2022-04-17;2.83;24;True;0;2463;vazao;Epagri;;;2;False;diaria;f590d034c85bf207_diario_derivado;;interna;horaria_agregada;media
2022-04-18;2.8025;24;True;0;2463;vazao;Epagri;;;2;False;diaria;f590d034c85bf207_diario_derivado;;interna;horaria_agregada;media
2022-04-19;3.1683333333333334;24;True;0;2463;vazao;Epagri;;;2;False;diaria;f590d034c85bf207_diario_derivado;;interna;horaria_agregada;media
2022-04-20;3.2291666666666665;24;True;0;2463;vazao;Epagri;;;2;False;diaria;f590d034c85bf207_diario_derivado;;interna;horaria_agregada;media
2022-04-21;2.65125;24;True;0;2463;vazao;Epagri;;;2;False;diaria;f590d034c85bf207_diario_derivado;;interna;horaria_agregada;media
2022-04-22;2.4875000000000003;24;True;0;2463;vazao;Epagri;;;2;False;diaria;f590d034c85bf207_diario_derivado;;interna;horaria_agregada;media
2022-04-23;2.4291666666666667;24;True;0;2463;vazao;Epagri;;;2;False;diaria;f590d034c85bf207_diario_derivado;;interna;horaria_agregada;media
2022-04-24;2.3;24;True;0;2463;vazao;Epagri;;;2;False;diaria;f590d034c85bf207_diario_derivado;;interna;horaria_agregada;media
2022-04-25;2.283333333333333;24;True;0;2463;vazao;Epagri;;;2;False;diaria;f590d034c85bf207_diario_derivado;;interna;horaria_agregada;media
2022-04-26;2.2;24;True;0;2463;vazao;Epagri;;;2;False;diaria;f590d034c85bf207_diario_derivado;;interna;horaria_agregada;media
2022-04-27;2.2;24;True;0;2463;vazao;Epagri;;;2;False;diaria;f590d034c85bf207_diario_derivado;;interna;horaria_agregada;media
2022-04-28;2.129166666666667;24;True;0;2463;vazao;Epagri;;;2;False;diaria;f590d034c85bf207_diario_derivado;;interna;horaria_agregada;media
2022-04-29;2.5841666666666665;24;True;0;2463;vazao;Epagri;;;2;False;diaria;f590d034c85bf207_diario_derivado;;interna;horaria_agregada;media
2022-04-30;2.2333333333333334;24;True;0;2463;vazao;Epagri;;;2;False;diaria;f590d034c85bf207_diario_derivado;;interna;horaria_agregada;media
2022-05-01;2.9804166666666667;24;True;0;2463;vazao;Epagri;;;2;False;diaria;f590d034c85bf207_diario_derivado;;interna;horaria_agregada;media
2022-05-02;22.637083333333333;24;True;0;2463;vazao;Epagri;;;2;False;diaria;f590d034c85bf207_diario_derivado;;interna;horaria_agregada;media
2022-05-03;72.89041666666667;24;True;0;2463;vazao;Epagri;;;2;False;diaria;f590d034c85bf207_diario_derivado;;interna;horaria_agregada;media
2022-05-04;97.46416666666666;24;True;0;2463;vazao;Epagri;;;2;False;diaria;f590d034c85bf207_diario_derivado;;interna;horaria_agregada;media
2022-05-05;88.14;24;True;0;2463;vazao;Epagri;;;2;False;diaria;f590d034c85bf207_diario_derivado;;interna;horaria_agregada;media
2022-05-06;16.77;24;True;0;2463;vazao;Epagri;;;2;False;diaria;f590d034c85bf207_diario_derivado;;interna;horaria_agregada;media
2022-05-07;10.579166666666667;24;True;0;2463;vazao;Epagri;;;2;False;diaria;f590d034c85bf207_diario_derivado;;interna;horaria_agregada;media
2022-05-08;8.156666666666666;24;True;0;2463;vazao;Epagri;;;2;False;diaria;f590d034c85bf207_diario_derivado;;interna;horaria_agregada;media
2022-05-09;6.84875;24;True;0;2463;vazao;Epagri;;;2;False;diaria;f590d034c85bf207_diario_derivado;;interna;horaria_agregada;media
2022-05-10;6.076666666666667;24;True;0;2463;vazao;Epagri;;;2;False;diaria;f590d034c85bf207_diario_derivado;;interna;horaria_agregada;media
2022-05-11;5.780833333333334;24;True;0;2463;vazao;Epagri;;;2;False;diaria;f590d034c85bf207_diario_derivado;;interna;horaria_agregada;media
2022-05-12;5.1187499999999995;24;True;0;2463;vazao;Epagri;;;2;False;diaria;f590d034c85bf207_diario_derivado;;interna;horaria_agregada;media
2022-05-13;4.68875;24;True;0;2463;vazao;Epagri;;;2;False;diaria;f590d034c85bf207_diario_derivado;;interna;horaria_agregada;media
2022-05-14;4.4262500000000005;24;True;0;2463;vazao;Epagri;;;2;False;diaria;f590d034c85bf207_diario_derivado;;interna;horaria_agregada;media
2022-05-15;4.200833333333334;24;True;0;2463;vazao;Epagri;;;2;False;diaria;f590d034c85bf207_diario_derivado;;interna;horaria_agregada;media
2022-05-16;4.0025;24;True;0;2463;vazao;Epagri;;;2;False;diaria;f590d034c85bf207_diario_derivado;;interna;horaria_agregada;media
2022-05-17;3.717916666666667;24;True;0;2463;vazao;Epagri;;;2;False;diaria;f590d034c85bf207_diario_derivado;;interna;horaria_agregada;media
2022-05-18;3.5499999999999994;24;True;0;2463;vazao;Epagri;;;2;False;diaria;f590d034c85bf207_diario_derivado;;interna;horaria_agregada;media
2022-05-19;3.5066666666666664;24;True;0;2463;vazao;Epagri;;;2;False;diaria;f590d034c85bf207_diario_derivado;;interna;horaria_agregada;media
2022-05-20;3.345;24;True;0;2463;vazao;Epagri;;;2;False;diaria;f590d034c85bf207_diario_derivado;;interna;horaria_agregada;media
2022-05-21;3.225;24;True;0;2463;vazao;Epagri;;;2;False;diaria;f590d034c85bf207_diario_derivado;;interna;horaria_agregada;media
2022-05-22;3.17;24;True;0;2463;vazao;Epagri;;;2;False;diaria;f590d034c85bf207_diario_derivado;;interna;horaria_agregada;media
2022-05-23;3.06;24;True;0;2463;vazao;Epagri;;;2;False;diaria;f590d034c85bf207_diario_derivado;;interna;horaria_agregada;media
2022-05-24;3.03;24;True;0;2463;vazao;Epagri;;;2;False;diaria;f590d034c85bf207_diario_derivado;;interna;horaria_agregada;media
2022-05-25;2.94;24;True;0;2463;vazao;Epagri;;;2;False;diaria;f590d034c85bf207_diario_derivado;;interna;horaria_agregada;media
2022-05-26;2.848333333333333;24;True;0;2463;vazao;Epagri;;;2;False;diaria;f590d034c85bf207_diario_derivado;;interna;horaria_agregada;media
2022-05-27;2.83;24;True;0;2463;vazao;Epagri;;;2;False;diaria;f590d034c85bf207_diario_derivado;;interna;horaria_agregada;media
2022-05-28;2.73375;24;True;0;2463;vazao;Epagri;;;2;False;diaria;f590d034c85bf207_diario_derivado;;interna;horaria_agregada;media
2022-05-29;3.909166666666667;24;True;0;2463;vazao;Epagri;;;2;False;diaria;f590d034c85bf207_diario_derivado;;interna;horaria_agregada;media
2022-05-30;4.29875;24;True;0;2463;vazao;Epagri;;;2;False;diaria;f590d034c85bf207_diario_derivado;;interna;horaria_agregada;media
2022-05-31;3.00125;24;True;0;2463;vazao;Epagri;;;2;False;diaria;f590d034c85bf207_diario_derivado;;interna;horaria_agregada;media
2022-06-01;2.9808333333333334;24;True;0;2463;vazao;Epagri;;;2;False;diaria;f590d034c85bf207_diario_derivado;;interna;horaria_agregada;media
2022-06-02;5.8758333333333335;24;True;0;2463;vazao;Epagri;;;2;False;diaria;f590d034c85bf207_diario_derivado;;interna;horaria_agregada;media
2022-06-03;4.039583333333334;24;True;0;2463;vazao;Epagri;;;2;False;diaria;f590d034c85bf207_diario_derivado;;interna;horaria_agregada;media
2022-06-04;3.185833333333333;24;True;0;2463;vazao;Epagri;;;2;False;diaria;f590d034c85bf207_diario_derivado;;interna;horaria_agregada;media
2022-06-05;4.892916666666667;24;True;0;2463;vazao;Epagri;;;2;False;diaria;f590d034c85bf207_diario_derivado;;interna;horaria_agregada;media
2022-06-06;15.780833333333334;24;True;0;2463;vazao;Epagri;;;2;False;diaria;f590d034c85bf207_diario_derivado;;interna;horaria_agregada;media
2022-06-07;6.8566666666666665;24;True;0;2463;vazao;Epagri;;;2;False;diaria;f590d034c85bf207_diario_derivado;;interna;horaria_agregada;media
2022-06-08;6.189166666666666;24;True;0;2463;vazao;Epagri;;;2;False;diaria;f590d034c85bf207_diario_derivado;;interna;horaria_agregada;media
2022-06-09;4.3341666666666665;24;True;0;2463;vazao;Epagri;;;2;False;diaria;f590d034c85bf207_diario_derivado;;interna;horaria_agregada;media
2022-06-10;4.215;24;True;0;2463;vazao;Epagri;;;2;False;diaria;f590d034c85bf207_diario_derivado;;interna;horaria_agregada;media
2022-06-11;3.5029166666666662;24;True;0;2463;vazao;Epagri;;;2;False;diaria;f590d034c85bf207_diario_derivado;;interna;horaria_agregada;media
2022-06-12;3.1650000000000005;24;True;0;2463;vazao;Epagri;;;2;False;diaria;f590d034c85bf207_diario_derivado;;interna;horaria_agregada;media
2022-06-13;2.955;24;True;0;2463;vazao;Epagri;;;2;False;diaria;f590d034c85bf207_diario_derivado;;interna;horaria_agregada;media
2022-06-14;2.8666666666666667;24;True;0;2463;vazao;Epagri;;;2;False;diaria;f590d034c85bf207_diario_derivado;;interna;horaria_agregada;media
2022-06-15;2.81625;24;True;0;2463;vazao;Epagri;;;2;False;diaria;f590d034c85bf207_diario_derivado;;interna;horaria_agregada;media
2022-06-16;2.72;24;True;0;2463;vazao;Epagri;;;2;False;diaria;f590d034c85bf207_diario_derivado;;interna;horaria_agregada;media
2022-06-17;2.8175000000000003;24;True;0;2463;vazao;Epagri;;;2;False;diaria;f590d034c85bf207_diario_derivado;;interna;horaria_agregada;media
2022-06-18;3.36;24;True;0;2463;vazao;Epagri;;;2;False;diaria;f590d034c85bf207_diario_derivado;;interna;horaria_agregada;media
2022-06-19;2.7154166666666666;24;True;0;2463;vazao;Epagri;;;2;False;diaria;f590d034c85bf207_diario_derivado;;interna;horaria_agregada;media
2022-06-20;2.5916666666666663;24;True;0;2463;vazao;Epagri;;;2;False;diaria;f590d034c85bf207_diario_derivado;;interna;horaria_agregada;media
2022-06-21;2.6375;24;True;0;2463;vazao;Epagri;;;2;False;diaria;f590d034c85bf207_diario_derivado;;interna;horaria_agregada;media
2022-06-22;13.582500000000001;24;True;0;2463;vazao;Epagri;;;2;False;diaria;f590d034c85bf207_diario_derivado;;interna;horaria_agregada;media
2022-06-23;5.80875;24;True;0;2463;vazao;Epagri;;;2;False;diaria;f590d034c85bf207_diario_derivado;;interna;horaria_agregada;media
2022-06-24;5.385000000000001;24;True;0;2463;vazao;Epagri;;;2;False;diaria;f590d034c85bf207_diario_derivado;;interna;horaria_agregada;media
2022-06-25;6.189166666666666;24;True;0;2463;vazao;Epagri;;;2;False;diaria;f590d034c85bf207_diario_derivado;;interna;horaria_agregada;media
2022-06-26;4.1466666666666665;24;True;0;2463;vazao;Epagri;;;2;False;diaria;f590d034c85bf207_diario_derivado;;interna;horaria_agregada;media
2022-06-27;3.544583333333333;24;True;0;2463;vazao;Epagri;;;2;False;diaria;f590d034c85bf207_diario_derivado;;interna;horaria_agregada;media
2022-06-28;3.265;24;True;0;2463;vazao;Epagri;;;2;False;diaria;f590d034c85bf207_diario_derivado;;interna;horaria_agregada;media
2022-06-29;3.055;24;True;0;2463;vazao;Epagri;;;2;False;diaria;f590d034c85bf207_diario_derivado;;interna;horaria_agregada;media
2022-06-30;2.848333333333333;24;True;0;2463;vazao;Epagri;;;2;False;diaria;f590d034c85bf207_diario_derivado;;interna;horaria_agregada;media
2022-07-01;2.7291666666666665;24;True;0;2463;vazao;Epagri;;;2;False;diaria;f590d034c85bf207_diario_derivado;;interna;horaria_agregada;media
2022-07-02;2.72;24;True;0;2463;vazao;Epagri;;;2;False;diaria;f590d034c85bf207_diario_derivado;;interna;horaria_agregada;media
2022-07-03;2.61;24;True;0;2463;vazao;Epagri;;;2;False;diaria;f590d034c85bf207_diario_derivado;;interna;horaria_agregada;media
2022-07-04;2.5733333333333333;24;True;0;2463;vazao;Epagri;;;2;False;diaria;f590d034c85bf207_diario_derivado;;interna;horaria_agregada;media
2022-07-05;2.4833333333333334;24;True;0;2463;vazao;Epagri;;;2;False;diaria;f590d034c85bf207_diario_derivado;;interna;horaria_agregada;media
2022-07-06;2.4;24;True;0;2463;vazao;Epagri;;;2;False;diaria;f590d034c85bf207_diario_derivado;;interna;horaria_agregada;media
2022-07-07;2.3166666666666664;24;True;0;2463;vazao;Epagri;;;2;False;diaria;f590d034c85bf207_diario_derivado;;interna;horaria_agregada;media
2022-07-08;2.3;24;True;0;2463;vazao;Epagri;;;2;False;diaria;f590d034c85bf207_diario_derivado;;interna;horaria_agregada;media
2022-07-09;2.3;24;True;0;2463;vazao;Epagri;;;2;False;diaria;f590d034c85bf207_diario_derivado;;interna;horaria_agregada;media
2022-07-10;2.2125;24;True;0;2463;vazao;Epagri;;;2;False;diaria;f590d034c85bf207_diario_derivado;;interna;horaria_agregada;media
2022-07-11;2.2;24;True;0;2463;vazao;Epagri;;;2;False;diaria;f590d034c85bf207_diario_derivado;;interna;horaria_agregada;media
2022-07-12;2.1875000000000004;24;True;0;2463;vazao;Epagri;;;2;False;diaria;f590d034c85bf207_diario_derivado;;interna;horaria_agregada;media
2022-07-13;2.1125000000000003;24;True;0;2463;vazao;Epagri;;;2;False;diaria;f590d034c85bf207_diario_derivado;;interna;horaria_agregada;media
2022-07-14;3.095416666666667;24;True;0;2463;vazao;Epagri;;;2;False;diaria;f590d034c85bf207_diario_derivado;;interna;horaria_agregada;media
2022-07-15;5.297916666666667;24;True;0;2463;vazao;Epagri;;;2;False;diaria;f590d034c85bf207_diario_derivado;;interna;horaria_agregada;media
2022-07-16;2.7641666666666667;24;True;0;2463;vazao;Epagri;;;2;False;diaria;f590d034c85bf207_diario_derivado;;interna;horaria_agregada;media
2022-07-17;2.358333333333333;24;True;0;2463;vazao;Epagri;;;2;False;diaria;f590d034c85bf207_diario_derivado;;interna;horaria_agregada;media
2022-07-18;2.1958333333333333;24;True;0;2463;vazao;Epagri;;;2;False;diaria;f590d034c85bf207_diario_derivado;;interna;horaria_agregada;media
2022-07-19;2.1;24;True;0;2463;vazao;Epagri;;;2;False;diaria;f590d034c85bf207_diario_derivado;;interna;horaria_agregada;media
2022-07-20;2.1;24;True;0;2463;vazao;Epagri;;;2;False;diaria;f590d034c85bf207_diario_derivado;;interna;horaria_agregada;media
2022-07-21;2.1;24;True;0;2463;vazao;Epagri;;;2;False;diaria;f590d034c85bf207_diario_derivado;;interna;horaria_agregada;media
2022-07-22;2.01;24;True;0;2463;vazao;Epagri;;;2;False;diaria;f590d034c85bf207_diario_derivado;;interna;horaria_agregada;media
2022-07-23;2.01;24;True;0;2463;vazao;Epagri;;;2;False;diaria;f590d034c85bf207_diario_derivado;;interna;horaria_agregada;media
2022-07-24;1.9462499999999998;24;True;0;2463;vazao;Epagri;;;2;False;diaria;f590d034c85bf207_diario_derivado;;interna;horaria_agregada;media
2022-07-25;1.92;24;True;0;2463;vazao;Epagri;;;2;False;diaria;f590d034c85bf207_diario_derivado;;interna;horaria_agregada;media
2022-07-26;1.905;24;True;0;2463;vazao;Epagri;;;2;False;diaria;f590d034c85bf207_diario_derivado;;interna;horaria_agregada;media
2022-07-27;1.83;24;True;0;2463;vazao;Epagri;;;2;False;diaria;f590d034c85bf207_diario_derivado;;interna;horaria_agregada;media
2022-07-28;1.83;24;True;0;2463;vazao;Epagri;;;2;False;diaria;f590d034c85bf207_diario_derivado;;interna;horaria_agregada;media
2022-07-29;1.95;24;True;0;2463;vazao;Epagri;;;2;False;diaria;f590d034c85bf207_diario_derivado;;interna;horaria_agregada;media
2022-07-30;1.7766666666666666;24;True;0;2463;vazao;Epagri;;;2;False;diaria;f590d034c85bf207_diario_derivado;;interna;horaria_agregada;media
2022-07-31;1.75;24;True;0;2463;vazao;Epagri;;;2;False;diaria;f590d034c85bf207_diario_derivado;;interna;horaria_agregada;media
2022-08-01;1.75;24;True;0;2463;vazao;Epagri;;;2;False;diaria;f590d034c85bf207_diario_derivado;;interna;horaria_agregada;media
2022-08-02;1.75;24;True;0;2463;vazao;Epagri;;;2;False;diaria;f590d034c85bf207_diario_derivado;;interna;horaria_agregada;media
2022-08-03;1.75;24;True;0;2463;vazao;Epagri;;;2;False;diaria;f590d034c85bf207_diario_derivado;;interna;horaria_agregada;media
2022-08-04;1.75;24;True;0;2463;vazao;Epagri;;;2;False;diaria;f590d034c85bf207_diario_derivado;;interna;horaria_agregada;media
2022-08-05;1.6674999999999998;24;True;0;2463;vazao;Epagri;;;2;False;diaria;f590d034c85bf207_diario_derivado;;interna;horaria_agregada;media
2022-08-06;1.6779166666666665;24;True;0;2463;vazao;Epagri;;;2;False;diaria;f590d034c85bf207_diario_derivado;;interna;horaria_agregada;media
2022-08-07;4.043333333333334;24;True;0;2463;vazao;Epagri;;;2;False;diaria;f590d034c85bf207_diario_derivado;;interna;horaria_agregada;media
2022-08-08;2.7841666666666662;24;True;0;2463;vazao;Epagri;;;2;False;diaria;f590d034c85bf207_diario_derivado;;interna;horaria_agregada;media
2022-08-09;17.265416666666667;24;True;0;2463;vazao;Epagri;;;2;False;diaria;f590d034c85bf207_diario_derivado;;interna;horaria_agregada;media
2022-08-10;77.29041666666667;24;True;0;2463;vazao;Epagri;;;2;False;diaria;f590d034c85bf207_diario_derivado;;interna;horaria_agregada;media
2022-08-11;13.419166666666667;24;True;0;2463;vazao;Epagri;;;2;False;diaria;f590d034c85bf207_diario_derivado;;interna;horaria_agregada;media
2022-08-12;7.269166666666667;24;True;0;2463;vazao;Epagri;;;2;False;diaria;f590d034c85bf207_diario_derivado;;interna;horaria_agregada;media
2022-08-13;5.582083333333333;24;True;0;2463;vazao;Epagri;;;2;False;diaria;f590d034c85bf207_diario_derivado;;interna;horaria_agregada;media
2022-08-14;4.34625;24;True;0;2463;vazao;Epagri;;;2;False;diaria;f590d034c85bf207_diario_derivado;;interna;horaria_agregada;media
2022-08-15;3.841666666666667;24;True;0;2463;vazao;Epagri;;;2;False;diaria;f590d034c85bf207_diario_derivado;;interna;horaria_agregada;media
2022-08-16;3.469583333333333;24;True;0;2463;vazao;Epagri;;;2;False;diaria;f590d034c85bf207_diario_derivado;;interna;horaria_agregada;media
2022-08-17;3.24;24;True;0;2463;vazao;Epagri;;;2;False;diaria;f590d034c85bf207_diario_derivado;;interna;horaria_agregada;media
2022-08-18;16.1225;24;True;0;2463;vazao;Epagri;;;2;False;diaria;f590d034c85bf207_diario_derivado;;interna;horaria_agregada;media
2022-08-19;5.40875;24;True;0;2463;vazao;Epagri;;;2;False;diaria;f590d034c85bf207_diario_derivado;;interna;horaria_agregada;media
2022-08-20;3.9225;24;True;0;2463;vazao;Epagri;;;2;False;diaria;f590d034c85bf207_diario_derivado;;interna;horaria_agregada;media
2022-08-21;3.53375;24;True;0;2463;vazao;Epagri;;;2;False;diaria;f590d034c85bf207_diario_derivado;;interna;horaria_agregada;media
2022-08-22;3.2899999999999996;24;True;0;2463;vazao;Epagri;;;2;False;diaria;f590d034c85bf207_diario_derivado;;interna;horaria_agregada;media
2022-08-23;3.3699999999999997;24;True;0;2463;vazao;Epagri;;;2;False;diaria;f590d034c85bf207_diario_derivado;;interna;horaria_agregada;media
2022-08-24;3.6462499999999998;24;True;0;2463;vazao;Epagri;;;2;False;diaria;f590d034c85bf207_diario_derivado;;interna;horaria_agregada;media
2022-08-25;3.125;24;True;0;2463;vazao;Epagri;;;2;False;diaria;f590d034c85bf207_diario_derivado;;interna;horaria_agregada;media
2022-08-26;2.921666666666667;24;True;0;2463;vazao;Epagri;;;2;False;diaria;f590d034c85bf207_diario_derivado;;interna;horaria_agregada;media
2022-08-27;2.81625;24;True;0;2463;vazao;Epagri;;;2;False;diaria;f590d034c85bf207_diario_derivado;;interna;horaria_agregada;media
2022-08-28;2.7108333333333334;24;True;0;2463;vazao;Epagri;;;2;False;diaria;f590d034c85bf207_diario_derivado;;interna;horaria_agregada;media
2022-08-29;2.5825;24;True;0;2463;vazao;Epagri;;;2;False;diaria;f590d034c85bf207_diario_derivado;;interna;horaria_agregada;media
2022-08-30;2.5;24;True;0;2463;vazao;Epagri;;;2;False;diaria;f590d034c85bf207_diario_derivado;;interna;horaria_agregada;media
2022-08-31;2.5;24;True;0;2463;vazao;Epagri;;;2;False;diaria;f590d034c85bf207_diario_derivado;;interna;horaria_agregada;media
2022-09-01;2.4208333333333334;24;True;0;2463;vazao;Epagri;;;2;False;diaria;f590d034c85bf207_diario_derivado;;interna;horaria_agregada;media
2022-09-02;2.4;24;True;0;2463;vazao;Epagri;;;2;False;diaria;f590d034c85bf207_diario_derivado;;interna;horaria_agregada;media
2022-09-03;2.3791666666666664;24;True;0;2463;vazao;Epagri;;;2;False;diaria;f590d034c85bf207_diario_derivado;;interna;horaria_agregada;media
2022-09-04;2.2875;24;True;0;2463;vazao;Epagri;;;2;False;diaria;f590d034c85bf207_diario_derivado;;interna;horaria_agregada;media
2022-09-05;2.2416666666666667;24;True;0;2463;vazao;Epagri;;;2;False;diaria;f590d034c85bf207_diario_derivado;;interna;horaria_agregada;media
2022-09-06;4.662916666666667;24;True;0;2463;vazao;Epagri;;;2;False;diaria;f590d034c85bf207_diario_derivado;;interna;horaria_agregada;media
2022-09-07;13.438333333333334;24;True;0;2463;vazao;Epagri;;;2;False;diaria;f590d034c85bf207_diario_derivado;;interna;horaria_agregada;media
2022-09-08;5.019583333333333;24;True;0;2463;vazao;Epagri;;;2;False;diaria;f590d034c85bf207_diario_derivado;;interna;horaria_agregada;media
2022-09-09;3.3925;24;True;0;2463;vazao;Epagri;;;2;False;diaria;f590d034c85bf207_diario_derivado;;interna;horaria_agregada;media
2022-09-10;2.9295833333333334;24;True;0;2463;vazao;Epagri;;;2;False;diaria;f590d034c85bf207_diario_derivado;;interna;horaria_agregada;media
2022-09-11;2.6374999999999997;24;True;0;2463;vazao;Epagri;;;2;False;diaria;f590d034c85bf207_diario_derivado;;interna;horaria_agregada;media
2022-09-12;4.530833333333334;24;True;0;2463;vazao;Epagri;;;2;False;diaria;f590d034c85bf207_diario_derivado;;interna;horaria_agregada;media
2022-09-13;8.52125;24;True;0;2463;vazao;Epagri;;;2;False;diaria;f590d034c85bf207_diario_derivado;;interna;horaria_agregada;media
2022-09-14;3.5875;24;True;0;2463;vazao;Epagri;;;2;False;diaria;f590d034c85bf207_diario_derivado;;interna;horaria_agregada;media
2022-09-15;3.4779166666666668;24;True;0;2463;vazao;Epagri;;;2;False;diaria;f590d034c85bf207_diario_derivado;;interna;horaria_agregada;media
2022-09-16;4.5575;24;True;0;2463;vazao;Epagri;;;2;False;diaria;f590d034c85bf207_diario_derivado;;interna;horaria_agregada;media
2022-09-17;3.970416666666667;24;True;0;2463;vazao;Epagri;;;2;False;diaria;f590d034c85bf207_diario_derivado;;interna;horaria_agregada;media
2022-09-18;3.2904166666666668;24;True;0;2463;vazao;Epagri;;;2;False;diaria;f590d034c85bf207_diario_derivado;;interna;horaria_agregada;media
2022-09-19;3.285;24;True;0;2463;vazao;Epagri;;;2;False;diaria;f590d034c85bf207_diario_derivado;;interna;horaria_agregada;media
2022-09-20;4.803333333333334;24;True;0;2463;vazao;Epagri;;;2;False;diaria;f590d034c85bf207_diario_derivado;;interna;horaria_agregada;media
2022-09-21;3.2258333333333336;24;True;0;2463;vazao;Epagri;;;2;False;diaria;f590d034c85bf207_diario_derivado;;interna;horaria_agregada;media
2022-09-22;3.0104166666666665;24;True;0;2463;vazao;Epagri;;;2;False;diaria;f590d034c85bf207_diario_derivado;;interna;horaria_agregada;media
2022-09-23;2.72;24;True;0;2463;vazao;Epagri;;;2;False;diaria;f590d034c85bf207_diario_derivado;;interna;horaria_agregada;media
2022-09-24;2.51375;24;True;0;2463;vazao;Epagri;;;2;False;diaria;f590d034c85bf207_diario_derivado;;interna;horaria_agregada;media
2022-09-25;2.484583333333333;24;True;0;2463;vazao;Epagri;;;2;False;diaria;f590d034c85bf207_diario_derivado;;interna;horaria_agregada;media
2022-09-26;2.9491666666666667;24;True;0;2463;vazao;Epagri;;;2;False;diaria;f590d034c85bf207_diario_derivado;;interna;horaria_agregada;media
2022-09-27;2.61;24;True;0;2463;vazao;Epagri;;;2;False;diaria;f590d034c85bf207_diario_derivado;;interna;horaria_agregada;media
2022-09-28;2.4125;24;True;0;2463;vazao;Epagri;;;2;False;diaria;f590d034c85bf207_diario_derivado;;interna;horaria_agregada;media
2022-09-29;2.3166666666666664;24;True;0;2463;vazao;Epagri;;;2;False;diaria;f590d034c85bf207_diario_derivado;;interna;horaria_agregada;media
2022-09-30;2.3375;24;True;0;2463;vazao;Epagri;;;2;False;diaria;f590d034c85bf207_diario_derivado;;interna;horaria_agregada;media
2022-10-01;3.5545833333333334;24;True;0;2463;vazao;Epagri;;;2;False;diaria;f590d034c85bf207_diario_derivado;;interna;horaria_agregada;media
2022-10-02;3.4829166666666667;24;True;0;2463;vazao;Epagri;;;2;False;diaria;f590d034c85bf207_diario_derivado;;interna;horaria_agregada;media
2022-10-03;2.560416666666667;24;True;0;2463;vazao;Epagri;;;2;False;diaria;f590d034c85bf207_diario_derivado;;interna;horaria_agregada;media
2022-10-04;2.4;24;True;0;2463;vazao;Epagri;;;2;False;diaria;f590d034c85bf207_diario_derivado;;interna;horaria_agregada;media
2022-10-05;2.3166666666666664;24;True;0;2463;vazao;Epagri;;;2;False;diaria;f590d034c85bf207_diario_derivado;;interna;horaria_agregada;media
2022-10-06;11.904166666666667;24;True;0;2463;vazao;Epagri;;;2;False;diaria;f590d034c85bf207_diario_derivado;;interna;horaria_agregada;media
2022-10-07;7.271249999999999;24;True;0;2463;vazao;Epagri;;;2;False;diaria;f590d034c85bf207_diario_derivado;;interna;horaria_agregada;media
2022-10-08;3.4825;24;True;0;2463;vazao;Epagri;;;2;False;diaria;f590d034c85bf207_diario_derivado;;interna;horaria_agregada;media
2022-10-09;2.922916666666667;24;True;0;2463;vazao;Epagri;;;2;False;diaria;f590d034c85bf207_diario_derivado;;interna;horaria_agregada;media
2022-10-10;22.640416666666667;24;True;0;2463;vazao;Epagri;;;2;False;diaria;f590d034c85bf207_diario_derivado;;interna;horaria_agregada;media
2022-10-11;22.515416666666667;24;True;0;2463;vazao;Epagri;;;2;False;diaria;f590d034c85bf207_diario_derivado;;interna;horaria_agregada;media
2022-10-12;8.245;24;True;0;2463;vazao;Epagri;;;2;False;diaria;f590d034c85bf207_diario_derivado;;interna;horaria_agregada;media
2022-10-13;5.482916666666667;24;True;0;2463;vazao;Epagri;;;2;False;diaria;f590d034c85bf207_diario_derivado;;interna;horaria_agregada;media
2022-10-14;8.627916666666666;24;True;0;2463;vazao;Epagri;;;2;False;diaria;f590d034c85bf207_diario_derivado;;interna;horaria_agregada;media
2022-10-15;18.422083333333333;24;True;0;2463;vazao;Epagri;;;2;False;diaria;f590d034c85bf207_diario_derivado;;interna;horaria_agregada;media
2022-10-16;33.20916666666667;24;True;0;2463;vazao;Epagri;;;2;False;diaria;f590d034c85bf207_diario_derivado;;interna;horaria_agregada;media
2022-10-17;10.853333333333333;24;True;0;2463;vazao;Epagri;;;2;False;diaria;f590d034c85bf207_diario_derivado;;interna;horaria_agregada;media
2022-10-18;7.232500000000001;24;True;0;2463;vazao;Epagri;;;2;False;diaria;f590d034c85bf207_diario_derivado;;interna;horaria_agregada;media
2022-10-19;5.962083333333333;24;True;0;2463;vazao;Epagri;;;2;False;diaria;f590d034c85bf207_diario_derivado;;interna;horaria_agregada;media
2022-10-20;5.24625;24;True;0;2463;vazao;Epagri;;;2;False;diaria;f590d034c85bf207_diario_derivado;;interna;horaria_agregada;media
2022-10-21;6.026666666666667;24;True;0;2463;vazao;Epagri;;;2;False;diaria;f590d034c85bf207_diario_derivado;;interna;horaria_agregada;media
2022-10-22;6.134583333333333;24;True;0;2463;vazao;Epagri;;;2;False;diaria;f590d034c85bf207_diario_derivado;;interna;horaria_agregada;media
2022-10-23;7.7775;24;True;0;2463;vazao;Epagri;;;2;False;diaria;f590d034c85bf207_diario_derivado;;interna;horaria_agregada;media
2022-10-24;7.843333333333334;24;True;0;2463;vazao;Epagri;;;2;False;diaria;f590d034c85bf207_diario_derivado;;interna;horaria_agregada;media
2022-10-25;4.797083333333333;24;True;0;2463;vazao;Epagri;;;2;False;diaria;f590d034c85bf207_diario_derivado;;interna;horaria_agregada;media
2022-10-26;4.265;24;True;0;2463;vazao;Epagri;;;2;False;diaria;f590d034c85bf207_diario_derivado;;interna;horaria_agregada;media
2022-10-27;3.955833333333333;24;True;0;2463;vazao;Epagri;;;2;False;diaria;f590d034c85bf207_diario_derivado;;interna;horaria_agregada;media
2022-10-28;3.68;24;True;0;2463;vazao;Epagri;;;2;False;diaria;f590d034c85bf207_diario_derivado;;interna;horaria_agregada;media
2022-10-29;3.5229166666666667;24;True;0;2463;vazao;Epagri;;;2;False;diaria;f590d034c85bf207_diario_derivado;;interna;horaria_agregada;media
2022-10-30;3.355;24;True;0;2463;vazao;Epagri;;;2;False;diaria;f590d034c85bf207_diario_derivado;;interna;horaria_agregada;media
2022-10-31;3.2550000000000003;24;True;0;2463;vazao;Epagri;;;2;False;diaria;f590d034c85bf207_diario_derivado;;interna;horaria_agregada;media
2022-11-01;3.7308333333333334;24;True;0;2463;vazao;Epagri;;;2;False;diaria;f590d034c85bf207_diario_derivado;;interna;horaria_agregada;media
2022-11-02;3.1999999999999997;24;True;0;2463;vazao;Epagri;;;2;False;diaria;f590d034c85bf207_diario_derivado;;interna;horaria_agregada;media
2022-11-03;2.955;24;True;0;2463;vazao;Epagri;;;2;False;diaria;f590d034c85bf207_diario_derivado;;interna;horaria_agregada;media
2022-11-04;2.8804166666666666;24;True;0;2463;vazao;Epagri;;;2;False;diaria;f590d034c85bf207_diario_derivado;;interna;horaria_agregada;media
2022-11-05;2.83;24;True;0;2463;vazao;Epagri;;;2;False;diaria;f590d034c85bf207_diario_derivado;;interna;horaria_agregada;media
2022-11-06;2.9425000000000003;24;True;0;2463;vazao;Epagri;;;2;False;diaria;f590d034c85bf207_diario_derivado;;interna;horaria_agregada;media
2022-11-07;2.9949999999999997;24;True;0;2463;vazao;Epagri;;;2;False;diaria;f590d034c85bf207_diario_derivado;;interna;horaria_agregada;media
2022-11-08;2.8804166666666666;24;True;0;2463;vazao;Epagri;;;2;False;diaria;f590d034c85bf207_diario_derivado;;interna;horaria_agregada;media
2022-11-09;2.7612500000000004;24;True;0;2463;vazao;Epagri;;;2;False;diaria;f590d034c85bf207_diario_derivado;;interna;horaria_agregada;media
2022-11-10;2.7016666666666667;24;True;0;2463;vazao;Epagri;;;2;False;diaria;f590d034c85bf207_diario_derivado;;interna;horaria_agregada;media
2022-11-11;2.61;24;True;0;2463;vazao;Epagri;;;2;False;diaria;f590d034c85bf207_diario_derivado;;interna;horaria_agregada;media
2022-11-12;2.587083333333333;24;True;0;2463;vazao;Epagri;;;2;False;diaria;f590d034c85bf207_diario_derivado;;interna;horaria_agregada;media
2022-11-13;2.5641666666666665;24;True;0;2463;vazao;Epagri;;;2;False;diaria;f590d034c85bf207_diario_derivado;;interna;horaria_agregada;media
2022-11-14;4.57125;24;True;0;2463;vazao;Epagri;;;2;False;diaria;f590d034c85bf207_diario_derivado;;interna;horaria_agregada;media
2022-11-15;2.9499999999999997;24;True;0;2463;vazao;Epagri;;;2;False;diaria;f590d034c85bf207_diario_derivado;;interna;horaria_agregada;media
2022-11-16;;23;False;0;2463;vazao;Epagri;;;2;False;diaria;f590d034c85bf207_diario_derivado;;interna;horaria_agregada;media
2022-11-17;2.07375;24;True;0;2463;vazao;Epagri;;;2;False;diaria;f590d034c85bf207_diario_derivado;;interna;horaria_agregada;media
2022-11-18;2.01;24;True;0;2463;vazao;Epagri;;;2;False;diaria;f590d034c85bf207_diario_derivado;;interna;horaria_agregada;media
2022-11-19;1.9874999999999998;24;True;0;2463;vazao;Epagri;;;2;False;diaria;f590d034c85bf207_diario_derivado;;interna;horaria_agregada;media
2022-11-20;1.9574999999999998;24;True;0;2463;vazao;Epagri;;;2;False;diaria;f590d034c85bf207_diario_derivado;;interna;horaria_agregada;media
2022-11-21;1.9612499999999997;24;True;0;2463;vazao;Epagri;;;2;False;diaria;f590d034c85bf207_diario_derivado;;interna;horaria_agregada;media
2022-11-22;1.92;24;True;0;2463;vazao;Epagri;;;2;False;diaria;f590d034c85bf207_diario_derivado;;interna;horaria_agregada;media
2022-11-23;2.09375;24;True;0;2463;vazao;Epagri;;;2;False;diaria;f590d034c85bf207_diario_derivado;;interna;horaria_agregada;media
2022-11-24;2.1304166666666666;24;True;0;2463;vazao;Epagri;;;2;False;diaria;f590d034c85bf207_diario_derivado;;interna;horaria_agregada;media
2022-11-25;;20;False;0;2463;vazao;Epagri;;;2;False;diaria;f590d034c85bf207_diario_derivado;;interna;horaria_agregada;media
2022-11-26;42.2875;24;True;0;2463;vazao;Epagri;;;2;False;diaria;f590d034c85bf207_diario_derivado;;interna;horaria_agregada;media
2022-11-27;124.55041666666666;24;True;0;2463;vazao;Epagri;;;2;False;diaria;f590d034c85bf207_diario_derivado;;interna;horaria_agregada;media
2022-11-28;71.60416666666667;24;True;0;2463;vazao;Epagri;;;2;False;diaria;f590d034c85bf207_diario_derivado;;interna;horaria_agregada;media
2022-11-29;112.05916666666667;24;True;0;2463;vazao;Epagri;;;2;False;diaria;f590d034c85bf207_diario_derivado;;interna;horaria_agregada;media
2022-11-30;170.98041666666666;24;True;0;2463;vazao;Epagri;;;2;False;diaria;f590d034c85bf207_diario_derivado;;interna;horaria_agregada;media
2022-12-01;371.32124999999996;24;True;0;2463;vazao;Epagri;;;2;False;diaria;f590d034c85bf207_diario_derivado;;interna;horaria_agregada;media
2022-12-02;60.339166666666664;24;True;0;2463;vazao;Epagri;;;2;False;diaria;f590d034c85bf207_diario_derivado;;interna;horaria_agregada;media
2022-12-03;31.542916666666667;24;True;0;2463;vazao;Epagri;;;2;False;diaria;f590d034c85bf207_diario_derivado;;interna;horaria_agregada;media
2022-12-04;27.515;24;True;0;2463;vazao;Epagri;;;2;False;diaria;f590d034c85bf207_diario_derivado;;interna;horaria_agregada;media
2022-12-05;31.433333333333334;24;True;0;2463;vazao;Epagri;;;2;False;diaria;f590d034c85bf207_diario_derivado;;interna;horaria_agregada;media
2022-12-06;17.077916666666667;24;True;0;2463;vazao;Epagri;;;2;False;diaria;f590d034c85bf207_diario_derivado;;interna;horaria_agregada;media
2022-12-07;13.133333333333333;24;True;0;2463;vazao;Epagri;;;2;False;diaria;f590d034c85bf207_diario_derivado;;interna;horaria_agregada;media
2022-12-08;10.968333333333334;24;True;0;2463;vazao;Epagri;;;2;False;diaria;f590d034c85bf207_diario_derivado;;interna;horaria_agregada;media
2022-12-09;9.585833333333333;24;True;0;2463;vazao;Epagri;;;2;False;diaria;f590d034c85bf207_diario_derivado;;interna;horaria_agregada;media
2022-12-10;8.69375;24;True;0;2463;vazao;Epagri;;;2;False;diaria;f590d034c85bf207_diario_derivado;;interna;horaria_agregada;media
2022-12-11;7.966666666666666;24;True;0;2463;vazao;Epagri;;;2;False;diaria;f590d034c85bf207_diario_derivado;;interna;horaria_agregada;media
2022-12-12;8.178749999999999;24;True;0;2463;vazao;Epagri;;;2;False;diaria;f590d034c85bf207_diario_derivado;;interna;horaria_agregada;media
2022-12-13;7.997916666666666;24;True;0;2463;vazao;Epagri;;;2;False;diaria;f590d034c85bf207_diario_derivado;;interna;horaria_agregada;media
2022-12-14;6.519166666666667;24;True;0;2463;vazao;Epagri;;;2;False;diaria;f590d034c85bf207_diario_derivado;;interna;horaria_agregada;media
2022-12-15;6.04625;24;True;0;2463;vazao;Epagri;;;2;False;diaria;f590d034c85bf207_diario_derivado;;interna;horaria_agregada;media
2022-12-16;5.79;24;True;0;2463;vazao;Epagri;;;2;False;diaria;f590d034c85bf207_diario_derivado;;interna;horaria_agregada;media
2022-12-17;5.498333333333334;24;True;0;2463;vazao;Epagri;;;2;False;diaria;f590d034c85bf207_diario_derivado;;interna;horaria_agregada;media
2022-12-18;6.197083333333333;24;True;0;2463;vazao;Epagri;;;2;False;diaria;f590d034c85bf207_diario_derivado;;interna;horaria_agregada;media
2022-12-19;45.86333333333334;24;True;0;2463;vazao;Epagri;;;2;False;diaria;f590d034c85bf207_diario_derivado;;interna;horaria_agregada;media
2022-12-20;128.59583333333333;24;True;0;2463;vazao;Epagri;;;2;False;diaria;f590d034c85bf207_diario_derivado;;interna;horaria_agregada;media
2022-12-21;;23;False;0;2463;vazao;Epagri;;;2;False;diaria;f590d034c85bf207_diario_derivado;;interna;horaria_agregada;media
2022-12-22;17.93875;24;True;0;2463;vazao;Epagri;;;2;False;diaria;f590d034c85bf207_diario_derivado;;interna;horaria_agregada;media
2022-12-23;11.981666666666667;24;True;0;2463;vazao;Epagri;;;2;False;diaria;f590d034c85bf207_diario_derivado;;interna;horaria_agregada;media
2022-12-24;9.995416666666667;24;True;0;2463;vazao;Epagri;;;2;False;diaria;f590d034c85bf207_diario_derivado;;interna;horaria_agregada;media
2022-12-25;9.969166666666666;24;True;0;2463;vazao;Epagri;;;2;False;diaria;f590d034c85bf207_diario_derivado;;interna;horaria_agregada;media
2022-12-26;11.436250000000001;24;True;0;2463;vazao;Epagri;;;2;False;diaria;f590d034c85bf207_diario_derivado;;interna;horaria_agregada;media
2022-12-27;8.9275;24;True;0;2463;vazao;Epagri;;;2;False;diaria;f590d034c85bf207_diario_derivado;;interna;horaria_agregada;media
2022-12-28;24.97791666666667;24;True;0;2463;vazao;Epagri;;;2;False;diaria;f590d034c85bf207_diario_derivado;;interna;horaria_agregada;media
2022-12-29;11.812916666666666;24;True;0;2463;vazao;Epagri;;;2;False;diaria;f590d034c85bf207_diario_derivado;;interna;horaria_agregada;media
2022-12-30;8.797083333333333;24;True;0;2463;vazao;Epagri;;;2;False;diaria;f590d034c85bf207_diario_derivado;;interna;horaria_agregada;media
2022-12-31;7.568333333333334;24;True;0;2463;vazao;Epagri;;;2;False;diaria;f590d034c85bf207_diario_derivado;;interna;horaria_agregada;media
2023-01-01;7.040833333333333;24;True;0;2463;vazao;Epagri;;;2;False;diaria;f590d034c85bf207_diario_derivado;;interna;horaria_agregada;media
2023-01-02;6.519583333333333;24;True;0;2463;vazao;Epagri;;;2;False;diaria;f590d034c85bf207_diario_derivado;;interna;horaria_agregada;media
2023-01-03;6.238333333333333;24;True;0;2463;vazao;Epagri;;;2;False;diaria;f590d034c85bf207_diario_derivado;;interna;horaria_agregada;media
2023-01-04;6.02625;24;True;0;2463;vazao;Epagri;;;2;False;diaria;f590d034c85bf207_diario_derivado;;interna;horaria_agregada;media
2023-01-05;5.511666666666667;24;True;0;2463;vazao;Epagri;;;2;False;diaria;f590d034c85bf207_diario_derivado;;interna;horaria_agregada;media
2023-01-06;5.13;24;True;0;2463;vazao;Epagri;;;2;False;diaria;f590d034c85bf207_diario_derivado;;interna;horaria_agregada;media
2023-01-07;5.0633333333333335;24;True;0;2463;vazao;Epagri;;;2;False;diaria;f590d034c85bf207_diario_derivado;;interna;horaria_agregada;media
2023-01-08;4.959583333333334;24;True;0;2463;vazao;Epagri;;;2;False;diaria;f590d034c85bf207_diario_derivado;;interna;horaria_agregada;media
2023-01-09;4.745;24;True;0;2463;vazao;Epagri;;;2;False;diaria;f590d034c85bf207_diario_derivado;;interna;horaria_agregada;media
2023-01-10;6.440833333333333;24;True;0;2463;vazao;Epagri;;;2;False;diaria;f590d034c85bf207_diario_derivado;;interna;horaria_agregada;media
2023-01-11;36.02833333333333;24;True;0;2463;vazao;Epagri;;;2;False;diaria;f590d034c85bf207_diario_derivado;;interna;horaria_agregada;media
2023-01-12;7.478333333333333;24;True;0;2463;vazao;Epagri;;;2;False;diaria;f590d034c85bf207_diario_derivado;;interna;horaria_agregada;media
2023-01-13;5.689166666666666;24;True;0;2463;vazao;Epagri;;;2;False;diaria;f590d034c85bf207_diario_derivado;;interna;horaria_agregada;media
2023-01-14;7.288333333333333;24;True;0;2463;vazao;Epagri;;;2;False;diaria;f590d034c85bf207_diario_derivado;;interna;horaria_agregada;media
2023-01-15;17.541666666666668;24;True;0;2463;vazao;Epagri;;;2;False;diaria;f590d034c85bf207_diario_derivado;;interna;horaria_agregada;media
2023-01-16;15.036666666666667;24;True;0;2463;vazao;Epagri;;;2;False;diaria;f590d034c85bf207_diario_derivado;;interna;horaria_agregada;media
2023-01-17;7.740416666666667;24;True;0;2463;vazao;Epagri;;;2;False;diaria;f590d034c85bf207_diario_derivado;;interna;horaria_agregada;media
2023-01-18;8.455416666666666;24;True;0;2463;vazao;Epagri;;;2;False;diaria;f590d034c85bf207_diario_derivado;;interna;horaria_agregada;media
2023-01-19;14.665833333333333;24;True;0;2463;vazao;Epagri;;;2;False;diaria;f590d034c85bf207_diario_derivado;;interna;horaria_agregada;media
2023-01-20;15.803333333333333;24;True;0;2463;vazao;Epagri;;;2;False;diaria;f590d034c85bf207_diario_derivado;;interna;horaria_agregada;media
2023-01-21;8.583333333333334;24;True;0;2463;vazao;Epagri;;;2;False;diaria;f590d034c85bf207_diario_derivado;;interna;horaria_agregada;media
2023-01-22;12.070833333333333;24;True;0;2463;vazao;Epagri;;;2;False;diaria;f590d034c85bf207_diario_derivado;;interna;horaria_agregada;media
2023-01-23;7.764166666666667;24;True;0;2463;vazao;Epagri;;;2;False;diaria;f590d034c85bf207_diario_derivado;;interna;horaria_agregada;media
2023-01-24;6.991666666666667;24;True;0;2463;vazao;Epagri;;;2;False;diaria;f590d034c85bf207_diario_derivado;;interna;horaria_agregada;media
2023-01-25;;23;False;0;2463;vazao;Epagri;;;2;False;diaria;f590d034c85bf207_diario_derivado;;interna;horaria_agregada;media
2023-01-26;5.32125;24;True;0;2463;vazao;Epagri;;;2;False;diaria;f590d034c85bf207_diario_derivado;;interna;horaria_agregada;media
2023-01-27;4.952916666666667;24;True;0;2463;vazao;Epagri;;;2;False;diaria;f590d034c85bf207_diario_derivado;;interna;horaria_agregada;media
2023-01-28;4.67;24;True;0;2463;vazao;Epagri;;;2;False;diaria;f590d034c85bf207_diario_derivado;;interna;horaria_agregada;media
2023-01-29;19.375;24;True;0;2463;vazao;Epagri;;;2;False;diaria;f590d034c85bf207_diario_derivado;;interna;horaria_agregada;media
2023-01-30;7.509166666666666;24;True;0;2463;vazao;Epagri;;;2;False;diaria;f590d034c85bf207_diario_derivado;;interna;horaria_agregada;media
2023-01-31;7.372083333333333;24;True;0;2463;vazao;Epagri;;;2;False;diaria;f590d034c85bf207_diario_derivado;;interna;horaria_agregada;media
2023-02-01;7.226666666666667;24;True;0;2463;vazao;Epagri;;;2;False;diaria;f590d034c85bf207_diario_derivado;;interna;horaria_agregada;media
2023-02-02;17.5;24;True;0;2463;vazao;Epagri;;;2;False;diaria;f590d034c85bf207_diario_derivado;;interna;horaria_agregada;media
2023-02-03;81.2675;24;True;0;2463;vazao;Epagri;;;2;False;diaria;f590d034c85bf207_diario_derivado;;interna;horaria_agregada;media
2023-02-04;29.542916666666667;24;True;0;2463;vazao;Epagri;;;2;False;diaria;f590d034c85bf207_diario_derivado;;interna;horaria_agregada;media
2023-02-05;16.767500000000002;24;True;0;2463;vazao;Epagri;;;2;False;diaria;f590d034c85bf207_diario_derivado;;interna;horaria_agregada;media
2023-02-06;10.065;24;True;0;2463;vazao;Epagri;;;2;False;diaria;f590d034c85bf207_diario_derivado;;interna;horaria_agregada;media
2023-02-07;9.195833333333333;24;True;0;2463;vazao;Epagri;;;2;False;diaria;f590d034c85bf207_diario_derivado;;interna;horaria_agregada;media
2023-02-08;9.981250000000001;24;True;0;2463;vazao;Epagri;;;2;False;diaria;f590d034c85bf207_diario_derivado;;interna;horaria_agregada;media
2023-02-09;8.308333333333334;24;True;0;2463;vazao;Epagri;;;2;False;diaria;f590d034c85bf207_diario_derivado;;interna;horaria_agregada;media
2023-02-10;7.0808333333333335;24;True;0;2463;vazao;Epagri;;;2;False;diaria;f590d034c85bf207_diario_derivado;;interna;horaria_agregada;media
2023-02-11;6.543333333333333;24;True;0;2463;vazao;Epagri;;;2;False;diaria;f590d034c85bf207_diario_derivado;;interna;horaria_agregada;media
2023-02-12;6.020833333333333;24;True;0;2463;vazao;Epagri;;;2;False;diaria;f590d034c85bf207_diario_derivado;;interna;horaria_agregada;media
2023-02-13;5.4437500000000005;24;True;0;2463;vazao;Epagri;;;2;False;diaria;f590d034c85bf207_diario_derivado;;interna;horaria_agregada;media
2023-02-14;10.980833333333335;24;True;0;2463;vazao;Epagri;;;2;False;diaria;f590d034c85bf207_diario_derivado;;interna;horaria_agregada;media
2023-02-15;7.2625;24;True;0;2463;vazao;Epagri;;;2;False;diaria;f590d034c85bf207_diario_derivado;;interna;horaria_agregada;media
2023-02-16;5.6025;24;True;0;2463;vazao;Epagri;;;2;False;diaria;f590d034c85bf207_diario_derivado;;interna;horaria_agregada;media
2023-02-17;5.554166666666667;24;True;0;2463;vazao;Epagri;;;2;False;diaria;f590d034c85bf207_diario_derivado;;interna;horaria_agregada;media
2023-02-18;6.771666666666667;24;True;0;2463;vazao;Epagri;;;2;False;diaria;f590d034c85bf207_diario_derivado;;interna;horaria_agregada;media
2023-02-19;4.777083333333334;24;True;0;2463;vazao;Epagri;;;2;False;diaria;f590d034c85bf207_diario_derivado;;interna;horaria_agregada;media
2023-02-20;35.314166666666665;24;True;0;2463;vazao;Epagri;;;2;False;diaria;f590d034c85bf207_diario_derivado;;interna;horaria_agregada;media
2023-02-21;25.29625;24;True;0;2463;vazao;Epagri;;;2;False;diaria;f590d034c85bf207_diario_derivado;;interna;horaria_agregada;media
2023-02-22;8.50375;24;True;0;2463;vazao;Epagri;;;2;False;diaria;f590d034c85bf207_diario_derivado;;interna;horaria_agregada;media
2023-02-23;7.564583333333334;24;True;0;2463;vazao;Epagri;;;2;False;diaria;f590d034c85bf207_diario_derivado;;interna;horaria_agregada;media
2023-02-24;8.242083333333333;24;True;0;2463;vazao;Epagri;;;2;False;diaria;f590d034c85bf207_diario_derivado;;interna;horaria_agregada;media
2023-02-25;6.28875;24;True;0;2463;vazao;Epagri;;;2;False;diaria;f590d034c85bf207_diario_derivado;;interna;horaria_agregada;media
2023-02-26;8.534583333333334;24;True;0;2463;vazao;Epagri;;;2;False;diaria;f590d034c85bf207_diario_derivado;;interna;horaria_agregada;media
2023-02-27;7.864166666666667;24;True;0;2463;vazao;Epagri;;;2;False;diaria;f590d034c85bf207_diario_derivado;;interna;horaria_agregada;media
2023-02-28;5.624583333333334;24;True;0;2463;vazao;Epagri;;;2;False;diaria;f590d034c85bf207_diario_derivado;;interna;horaria_agregada;media
2023-03-01;5.156666666666666;24;True;0;2463;vazao;Epagri;;;2;False;diaria;f590d034c85bf207_diario_derivado;;interna;horaria_agregada;media
2023-03-02;5.078333333333333;24;True;0;2463;vazao;Epagri;;;2;False;diaria;f590d034c85bf207_diario_derivado;;interna;horaria_agregada;media
2023-03-03;4.9825;24;True;0;2463;vazao;Epagri;;;2;False;diaria;f590d034c85bf207_diario_derivado;;interna;horaria_agregada;media
2023-03-04;6.943333333333334;24;True;0;2463;vazao;Epagri;;;2;False;diaria;f590d034c85bf207_diario_derivado;;interna;horaria_agregada;media
2023-03-05;6.417083333333333;24;True;0;2463;vazao;Epagri;;;2;False;diaria;f590d034c85bf207_diario_derivado;;interna;horaria_agregada;media
2023-03-06;6.899166666666667;24;True;0;2463;vazao;Epagri;;;2;False;diaria;f590d034c85bf207_diario_derivado;;interna;horaria_agregada;media
2023-03-07;12.743333333333332;24;True;0;2463;vazao;Epagri;;;2;False;diaria;f590d034c85bf207_diario_derivado;;interna;horaria_agregada;media
2023-03-08;10.271666666666667;24;True;0;2463;vazao;Epagri;;;2;False;diaria;f590d034c85bf207_diario_derivado;;interna;horaria_agregada;media
2023-03-09;5.76875;24;True;0;2463;vazao;Epagri;;;2;False;diaria;f590d034c85bf207_diario_derivado;;interna;horaria_agregada;media
2023-03-10;5.265416666666667;24;True;0;2463;vazao;Epagri;;;2;False;diaria;f590d034c85bf207_diario_derivado;;interna;horaria_agregada;media
2023-03-11;7.1937500000000005;24;True;0;2463;vazao;Epagri;;;2;False;diaria;f590d034c85bf207_diario_derivado;;interna;horaria_agregada;media
2023-03-12;7.443333333333334;24;True;0;2463;vazao;Epagri;;;2;False;diaria;f590d034c85bf207_diario_derivado;;interna;horaria_agregada;media
2023-03-13;19.24;24;True;0;2463;vazao;Epagri;;;2;False;diaria;f590d034c85bf207_diario_derivado;;interna;horaria_agregada;media
2023-03-14;9.664583333333335;24;True;0;2463;vazao;Epagri;;;2;False;diaria;f590d034c85bf207_diario_derivado;;interna;horaria_agregada;media
2023-03-15;14.244583333333333;24;True;0;2463;vazao;Epagri;;;2;False;diaria;f590d034c85bf207_diario_derivado;;interna;horaria_agregada;media
2023-03-16;8.054583333333333;24;True;0;2463;vazao;Epagri;;;2;False;diaria;f590d034c85bf207_diario_derivado;;interna;horaria_agregada;media
2023-03-17;6.745833333333334;24;True;0;2463;vazao;Epagri;;;2;False;diaria;f590d034c85bf207_diario_derivado;;interna;horaria_agregada;media
2023-03-18;5.8183333333333325;24;True;0;2463;vazao;Epagri;;;2;False;diaria;f590d034c85bf207_diario_derivado;;interna;horaria_agregada;media
2023-03-19;5.210833333333333;24;True;0;2463;vazao;Epagri;;;2;False;diaria;f590d034c85bf207_diario_derivado;;interna;horaria_agregada;media
2023-03-20;4.83875;24;True;0;2463;vazao;Epagri;;;2;False;diaria;f590d034c85bf207_diario_derivado;;interna;horaria_agregada;media
2023-03-21;4.5325;24;True;0;2463;vazao;Epagri;;;2;False;diaria;f590d034c85bf207_diario_derivado;;interna;horaria_agregada;media
2023-03-22;7.3975;24;True;0;2463;vazao;Epagri;;;2;False;diaria;f590d034c85bf207_diario_derivado;;interna;horaria_agregada;media
2023-03-23;48.67791666666667;24;True;0;2463;vazao;Epagri;;;2;False;diaria;f590d034c85bf207_diario_derivado;;interna;horaria_agregada;media
2023-03-24;10.0525;24;True;0;2463;vazao;Epagri;;;2;False;diaria;f590d034c85bf207_diario_derivado;;interna;horaria_agregada;media
2023-03-25;7.227083333333333;24;True;0;2463;vazao;Epagri;;;2;False;diaria;f590d034c85bf207_diario_derivado;;interna;horaria_agregada;media
2023-03-26;6.293333333333333;24;True;0;2463;vazao;Epagri;;;2;False;diaria;f590d034c85bf207_diario_derivado;;interna;horaria_agregada;media
2023-03-27;5.553333333333334;24;True;0;2463;vazao;Epagri;;;2;False;diaria;f590d034c85bf207_diario_derivado;;interna;horaria_agregada;media
2023-03-28;5.11;24;True;0;2463;vazao;Epagri;;;2;False;diaria;f590d034c85bf207_diario_derivado;;interna;horaria_agregada;media
2023-03-29;7.115833333333334;24;True;0;2463;vazao;Epagri;;;2;False;diaria;f590d034c85bf207_diario_derivado;;interna;horaria_agregada;media
2023-03-30;6.440416666666667;24;True;0;2463;vazao;Epagri;;;2;False;diaria;f590d034c85bf207_diario_derivado;;interna;horaria_agregada;media
2023-03-31;;23;False;0;2463;vazao;Epagri;;;2;False;diaria;f590d034c85bf207_diario_derivado;;interna;horaria_agregada;media
2023-04-01;4.4525;24;True;0;2463;vazao;Epagri;;;2;False;diaria;f590d034c85bf207_diario_derivado;;interna;horaria_agregada;media
2023-04-02;4.1425;24;True;0;2463;vazao;Epagri;;;2;False;diaria;f590d034c85bf207_diario_derivado;;interna;horaria_agregada;media
2023-04-03;4.008333333333334;24;True;0;2463;vazao;Epagri;;;2;False;diaria;f590d034c85bf207_diario_derivado;;interna;horaria_agregada;media
2023-04-04;3.8858333333333337;24;True;0;2463;vazao;Epagri;;;2;False;diaria;f590d034c85bf207_diario_derivado;;interna;horaria_agregada;media
2023-04-05;3.76125;24;True;0;2463;vazao;Epagri;;;2;False;diaria;f590d034c85bf207_diario_derivado;;interna;horaria_agregada;media
2023-04-06;3.7579166666666666;24;True;0;2463;vazao;Epagri;;;2;False;diaria;f590d034c85bf207_diario_derivado;;interna;horaria_agregada;media
2023-04-07;6.449583333333333;24;True;0;2463;vazao;Epagri;;;2;False;diaria;f590d034c85bf207_diario_derivado;;interna;horaria_agregada;media
2023-04-08;5.454583333333333;24;True;0;2463;vazao;Epagri;;;2;False;diaria;f590d034c85bf207_diario_derivado;;interna;horaria_agregada;media
2023-04-09;5.172916666666667;24;True;0;2463;vazao;Epagri;;;2;False;diaria;f590d034c85bf207_diario_derivado;;interna;horaria_agregada;media
2023-04-10;4.63875;24;True;0;2463;vazao;Epagri;;;2;False;diaria;f590d034c85bf207_diario_derivado;;interna;horaria_agregada;media
2023-04-11;4.060833333333334;24;True;0;2463;vazao;Epagri;;;2;False;diaria;f590d034c85bf207_diario_derivado;;interna;horaria_agregada;media
2023-04-12;3.6529166666666666;24;True;0;2463;vazao;Epagri;;;2;False;diaria;f590d034c85bf207_diario_derivado;;interna;horaria_agregada;media
2023-04-13;3.4370833333333333;24;True;0;2463;vazao;Epagri;;;2;False;diaria;f590d034c85bf207_diario_derivado;;interna;horaria_agregada;media
2023-04-14;3.4758333333333336;24;True;0;2463;vazao;Epagri;;;2;False;diaria;f590d034c85bf207_diario_derivado;;interna;horaria_agregada;media
2023-04-15;6.170000000000001;24;True;0;2463;vazao;Epagri;;;2;False;diaria;f590d034c85bf207_diario_derivado;;interna;horaria_agregada;media
2023-04-16;4.157916666666667;24;True;0;2463;vazao;Epagri;;;2;False;diaria;f590d034c85bf207_diario_derivado;;interna;horaria_agregada;media
2023-04-17;11.884166666666667;24;True;0;2463;vazao;Epagri;;;2;False;diaria;f590d034c85bf207_diario_derivado;;interna;horaria_agregada;media
2023-04-18;10.974583333333333;24;True;0;2463;vazao;Epagri;;;2;False;diaria;f590d034c85bf207_diario_derivado;;interna;horaria_agregada;media
2023-04-19;5.70625;24;True;0;2463;vazao;Epagri;;;2;False;diaria;f590d034c85bf207_diario_derivado;;interna;horaria_agregada;media
2023-04-20;4.142916666666667;24;True;0;2463;vazao;Epagri;;;2;False;diaria;f590d034c85bf207_diario_derivado;;interna;horaria_agregada;media
2023-04-21;3.7287500000000002;24;True;0;2463;vazao;Epagri;;;2;False;diaria;f590d034c85bf207_diario_derivado;;interna;horaria_agregada;media
2023-04-22;3.6366666666666667;24;True;0;2463;vazao;Epagri;;;2;False;diaria;f590d034c85bf207_diario_derivado;;interna;horaria_agregada;media
2023-04-23;3.560833333333333;24;True;0;2463;vazao;Epagri;;;2;False;diaria;f590d034c85bf207_diario_derivado;;interna;horaria_agregada;media
2023-04-24;6.06125;24;True;0;2463;vazao;Epagri;;;2;False;diaria;f590d034c85bf207_diario_derivado;;interna;horaria_agregada;media
2023-04-25;3.9179166666666667;24;True;0;2463;vazao;Epagri;;;2;False;diaria;f590d034c85bf207_diario_derivado;;interna;horaria_agregada;media
2023-04-26;3.50125;24;True;0;2463;vazao;Epagri;;;2;False;diaria;f590d034c85bf207_diario_derivado;;interna;horaria_agregada;media
2023-04-27;3.2899999999999996;24;True;0;2463;vazao;Epagri;;;2;False;diaria;f590d034c85bf207_diario_derivado;;interna;horaria_agregada;media
2023-04-28;3.155;24;True;0;2463;vazao;Epagri;;;2;False;diaria;f590d034c85bf207_diario_derivado;;interna;horaria_agregada;media
2023-04-29;3.06;24;True;0;2463;vazao;Epagri;;;2;False;diaria;f590d034c85bf207_diario_derivado;;interna;horaria_agregada;media
2023-04-30;2.965;24;True;0;2463;vazao;Epagri;;;2;False;diaria;f590d034c85bf207_diario_derivado;;interna;horaria_agregada;media
2023-05-01;2.92625;24;True;0;2463;vazao;Epagri;;;2;False;diaria;f590d034c85bf207_diario_derivado;;interna;horaria_agregada;media
2023-05-02;2.83;24;True;0;2463;vazao;Epagri;;;2;False;diaria;f590d034c85bf207_diario_derivado;;interna;horaria_agregada;media
2023-05-03;2.83;24;True;0;2463;vazao;Epagri;;;2;False;diaria;f590d034c85bf207_diario_derivado;;interna;horaria_agregada;media
2023-05-04;10.189583333333333;24;True;0;2463;vazao;Epagri;;;2;False;diaria;f590d034c85bf207_diario_derivado;;interna;horaria_agregada;media
2023-05-05;3.8699999999999997;24;True;0;2463;vazao;Epagri;;;2;False;diaria;f590d034c85bf207_diario_derivado;;interna;horaria_agregada;media
2023-05-06;3.3654166666666665;24;True;0;2463;vazao;Epagri;;;2;False;diaria;f590d034c85bf207_diario_derivado;;interna;horaria_agregada;media
2023-05-07;3.16;24;True;0;2463;vazao;Epagri;;;2;False;diaria;f590d034c85bf207_diario_derivado;;interna;horaria_agregada;media
2023-05-08;3.055;24;True;0;2463;vazao;Epagri;;;2;False;diaria;f590d034c85bf207_diario_derivado;;interna;horaria_agregada;media
2023-05-09;2.9170833333333337;24;True;0;2463;vazao;Epagri;;;2;False;diaria;f590d034c85bf207_diario_derivado;;interna;horaria_agregada;media
2023-05-10;2.7933333333333334;24;True;0;2463;vazao;Epagri;;;2;False;diaria;f590d034c85bf207_diario_derivado;;interna;horaria_agregada;media
2023-05-11;2.6787500000000004;24;True;0;2463;vazao;Epagri;;;2;False;diaria;f590d034c85bf207_diario_derivado;;interna;horaria_agregada;media
2023-05-12;2.6054166666666663;24;True;0;2463;vazao;Epagri;;;2;False;diaria;f590d034c85bf207_diario_derivado;;interna;horaria_agregada;media
2023-05-13;2.504583333333333;24;True;0;2463;vazao;Epagri;;;2;False;diaria;f590d034c85bf207_diario_derivado;;interna;horaria_agregada;media
2023-05-14;2.466666666666667;24;True;0;2463;vazao;Epagri;;;2;False;diaria;f590d034c85bf207_diario_derivado;;interna;horaria_agregada;media
2023-05-15;2.4;24;True;0;2463;vazao;Epagri;;;2;False;diaria;f590d034c85bf207_diario_derivado;;interna;horaria_agregada;media
2023-05-16;2.3874999999999997;24;True;0;2463;vazao;Epagri;;;2;False;diaria;f590d034c85bf207_diario_derivado;;interna;horaria_agregada;media
2023-05-17;2.3;24;True;0;2463;vazao;Epagri;;;2;False;diaria;f590d034c85bf207_diario_derivado;;interna;horaria_agregada;media
2023-05-18;2.3;24;True;0;2463;vazao;Epagri;;;2;False;diaria;f590d034c85bf207_diario_derivado;;interna;horaria_agregada;media
2023-05-19;2.3;24;True;0;2463;vazao;Epagri;;;2;False;diaria;f590d034c85bf207_diario_derivado;;interna;horaria_agregada;media
2023-05-20;2.225;24;True;0;2463;vazao;Epagri;;;2;False;diaria;f590d034c85bf207_diario_derivado;;interna;horaria_agregada;media
2023-05-21;2.2;24;True;0;2463;vazao;Epagri;;;2;False;diaria;f590d034c85bf207_diario_derivado;;interna;horaria_agregada;media
2023-05-22;2.2;24;True;0;2463;vazao;Epagri;;;2;False;diaria;f590d034c85bf207_diario_derivado;;interna;horaria_agregada;media
2023-05-23;2.2;24;True;0;2463;vazao;Epagri;;;2;False;diaria;f590d034c85bf207_diario_derivado;;interna;horaria_agregada;media
2023-05-24;2.129166666666667;24;True;0;2463;vazao;Epagri;;;2;False;diaria;f590d034c85bf207_diario_derivado;;interna;horaria_agregada;media
2023-05-25;2.1458333333333335;24;True;0;2463;vazao;Epagri;;;2;False;diaria;f590d034c85bf207_diario_derivado;;interna;horaria_agregada;media
2023-05-26;2.154166666666667;24;True;0;2463;vazao;Epagri;;;2;False;diaria;f590d034c85bf207_diario_derivado;;interna;horaria_agregada;media
2023-05-27;2.1333333333333333;24;True;0;2463;vazao;Epagri;;;2;False;diaria;f590d034c85bf207_diario_derivado;;interna;horaria_agregada;media
2023-05-28;2.2291666666666665;24;True;0;2463;vazao;Epagri;;;2;False;diaria;f590d034c85bf207_diario_derivado;;interna;horaria_agregada;media
2023-05-29;2.283333333333333;24;True;0;2463;vazao;Epagri;;;2;False;diaria;f590d034c85bf207_diario_derivado;;interna;horaria_agregada;media
2023-05-30;2.129166666666667;24;True;0;2463;vazao;Epagri;;;2;False;diaria;f590d034c85bf207_diario_derivado;;interna;horaria_agregada;media
2023-05-31;2.1;24;True;0;2463;vazao;Epagri;;;2;False;diaria;f590d034c85bf207_diario_derivado;;interna;horaria_agregada;media
2023-06-01;2.0174999999999996;24;True;0;2463;vazao;Epagri;;;2;False;diaria;f590d034c85bf207_diario_derivado;;interna;horaria_agregada;media
2023-06-02;1.9912499999999997;24;True;0;2463;vazao;Epagri;;;2;False;diaria;f590d034c85bf207_diario_derivado;;interna;horaria_agregada;media
2023-06-03;1.92;24;True;0;2463;vazao;Epagri;;;2;False;diaria;f590d034c85bf207_diario_derivado;;interna;horaria_agregada;media
2023-06-04;1.92;24;True;0;2463;vazao;Epagri;;;2;False;diaria;f590d034c85bf207_diario_derivado;;interna;horaria_agregada;media
2023-06-05;1.8712499999999999;24;True;0;2463;vazao;Epagri;;;2;False;diaria;f590d034c85bf207_diario_derivado;;interna;horaria_agregada;media
2023-06-06;1.875;24;True;0;2463;vazao;Epagri;;;2;False;diaria;f590d034c85bf207_diario_derivado;;interna;horaria_agregada;media
2023-06-07;1.845;24;True;0;2463;vazao;Epagri;;;2;False;diaria;f590d034c85bf207_diario_derivado;;interna;horaria_agregada;media
2023-06-08;1.83;24;True;0;2463;vazao;Epagri;;;2;False;diaria;f590d034c85bf207_diario_derivado;;interna;horaria_agregada;media
2023-06-09;1.7966666666666669;24;True;0;2463;vazao;Epagri;;;2;False;diaria;f590d034c85bf207_diario_derivado;;interna;horaria_agregada;media
2023-06-10;1.75;24;True;0;2463;vazao;Epagri;;;2;False;diaria;f590d034c85bf207_diario_derivado;;interna;horaria_agregada;media
2023-06-11;1.7766666666666666;24;True;0;2463;vazao;Epagri;;;2;False;diaria;f590d034c85bf207_diario_derivado;;interna;horaria_agregada;media
2023-06-12;2.1991666666666667;24;True;0;2463;vazao;Epagri;;;2;False;diaria;f590d034c85bf207_diario_derivado;;interna;horaria_agregada;media
2023-06-13;2.6191666666666666;24;True;0;2463;vazao;Epagri;;;2;False;diaria;f590d034c85bf207_diario_derivado;;interna;horaria_agregada;media
2023-06-14;7.938333333333333;24;True;0;2463;vazao;Epagri;;;2;False;diaria;f590d034c85bf207_diario_derivado;;interna;horaria_agregada;media
2023-06-15;29.423333333333332;24;True;0;2463;vazao;Epagri;;;2;False;diaria;f590d034c85bf207_diario_derivado;;interna;horaria_agregada;media
2023-06-16;8.224583333333333;24;True;0;2463;vazao;Epagri;;;2;False;diaria;f590d034c85bf207_diario_derivado;;interna;horaria_agregada;media
2023-06-17;3.3533333333333335;24;True;0;2463;vazao;Epagri;;;2;False;diaria;f590d034c85bf207_diario_derivado;;interna;horaria_agregada;media
2023-06-18;2.72;24;True;0;2463;vazao;Epagri;;;2;False;diaria;f590d034c85bf207_diario_derivado;;interna;horaria_agregada;media
2023-06-19;2.425;24;True;0;2463;vazao;Epagri;;;2;False;diaria;f590d034c85bf207_diario_derivado;;interna;horaria_agregada;media
2023-06-20;2.2916666666666665;24;True;0;2463;vazao;Epagri;;;2;False;diaria;f590d034c85bf207_diario_derivado;;interna;horaria_agregada;media
2023-06-21;2.2;24;True;0;2463;vazao;Epagri;;;2;False;diaria;f590d034c85bf207_diario_derivado;;interna;horaria_agregada;media
2023-06-22;2.2;24;True;0;2463;vazao;Epagri;;;2;False;diaria;f590d034c85bf207_diario_derivado;;interna;horaria_agregada;media
2023-06-23;2.30625;24;True;0;2463;vazao;Epagri;;;2;False;diaria;f590d034c85bf207_diario_derivado;;interna;horaria_agregada;media
2023-06-24;2.487083333333333;24;True;0;2463;vazao;Epagri;;;2;False;diaria;f590d034c85bf207_diario_derivado;;interna;horaria_agregada;media
2023-06-25;2.1875;24;True;0;2463;vazao;Epagri;;;2;False;diaria;f590d034c85bf207_diario_derivado;;interna;horaria_agregada;media
2023-06-26;2.0399999999999996;24;True;0;2463;vazao;Epagri;;;2;False;diaria;f590d034c85bf207_diario_derivado;;interna;horaria_agregada;media
2023-06-27;1.5024999999999997;24;True;0;2463;vazao;Epagri;;;2;False;diaria;f590d034c85bf207_diario_derivado;;interna;horaria_agregada;media
2023-06-28;1.3500000000000003;24;True;0;2463;vazao;Epagri;;;2;False;diaria;f590d034c85bf207_diario_derivado;;interna;horaria_agregada;media
2023-06-29;1.3295833333333333;24;True;0;2463;vazao;Epagri;;;2;False;diaria;f590d034c85bf207_diario_derivado;;interna;horaria_agregada;media
2023-06-30;1.28;24;True;0;2463;vazao;Epagri;;;2;False;diaria;f590d034c85bf207_diario_derivado;;interna;horaria_agregada;media
2023-07-01;1.28;24;True;0;2463;vazao;Epagri;;;2;False;diaria;f590d034c85bf207_diario_derivado;;interna;horaria_agregada;media
2023-07-02;1.28;24;True;0;2463;vazao;Epagri;;;2;False;diaria;f590d034c85bf207_diario_derivado;;interna;horaria_agregada;media
2023-07-03;0.8341666666666666;24;True;0;2463;vazao;Epagri;;;2;False;diaria;f590d034c85bf207_diario_derivado;;interna;horaria_agregada;media
2023-07-04;0.7399999999999999;24;True;0;2463;vazao;Epagri;;;2;False;diaria;f590d034c85bf207_diario_derivado;;interna;horaria_agregada;media
2023-07-05;0.7066666666666667;24;True;0;2463;vazao;Epagri;;;2;False;diaria;f590d034c85bf207_diario_derivado;;interna;horaria_agregada;media
2023-07-06;0.69;24;True;0;2463;vazao;Epagri;;;2;False;diaria;f590d034c85bf207_diario_derivado;;interna;horaria_agregada;media
2023-07-07;0.64;24;True;0;2463;vazao;Epagri;;;2;False;diaria;f590d034c85bf207_diario_derivado;;interna;horaria_agregada;media
2023-07-08;3.5054166666666666;24;True;0;2463;vazao;Epagri;;;2;False;diaria;f590d034c85bf207_diario_derivado;;interna;horaria_agregada;media
2023-07-09;1.4016666666666666;24;True;0;2463;vazao;Epagri;;;2;False;diaria;f590d034c85bf207_diario_derivado;;interna;horaria_agregada;media
2023-07-10;2.8529166666666668;24;True;0;2463;vazao;Epagri;;;2;False;diaria;f590d034c85bf207_diario_derivado;;interna;horaria_agregada;media
2023-07-11;2.723333333333333;24;True;0;2463;vazao;Epagri;;;2;False;diaria;f590d034c85bf207_diario_derivado;;interna;horaria_agregada;media
2023-07-12;25.88;24;True;0;2463;vazao;Epagri;;;2;False;diaria;f590d034c85bf207_diario_derivado;;interna;horaria_agregada;media
2023-07-13;10.553333333333333;24;True;0;2463;vazao;Epagri;;;2;False;diaria;f590d034c85bf207_diario_derivado;;interna;horaria_agregada;media
2023-07-14;2.1350000000000002;24;True;0;2463;vazao;Epagri;;;2;False;diaria;f590d034c85bf207_diario_derivado;;interna;horaria_agregada;media
2023-07-15;1.4783333333333333;24;True;0;2463;vazao;Epagri;;;2;False;diaria;f590d034c85bf207_diario_derivado;;interna;horaria_agregada;media
2023-07-16;1.2104166666666667;24;True;0;2463;vazao;Epagri;;;2;False;diaria;f590d034c85bf207_diario_derivado;;interna;horaria_agregada;media
2023-07-17;1.0525;24;True;0;2463;vazao;Epagri;;;2;False;diaria;f590d034c85bf207_diario_derivado;;interna;horaria_agregada;media
2023-07-18;0.9925;24;True;0;2463;vazao;Epagri;;;2;False;diaria;f590d034c85bf207_diario_derivado;;interna;horaria_agregada;media
2023-07-19;1.7462499999999999;24;True;0;2463;vazao;Epagri;;;2;False;diaria;f590d034c85bf207_diario_derivado;;interna;horaria_agregada;media
2023-07-20;3.3191666666666664;24;True;0;2463;vazao;Epagri;;;2;False;diaria;f590d034c85bf207_diario_derivado;;interna;horaria_agregada;media
2023-07-21;5.415416666666666;24;True;0;2463;vazao;Epagri;;;2;False;diaria;f590d034c85bf207_diario_derivado;;interna;horaria_agregada;media
2023-07-22;3.5004166666666667;24;True;0;2463;vazao;Epagri;;;2;False;diaria;f590d034c85bf207_diario_derivado;;interna;horaria_agregada;media
2023-07-23;2.9966666666666666;24;True;0;2463;vazao;Epagri;;;2;False;diaria;f590d034c85bf207_diario_derivado;;interna;horaria_agregada;media
2023-07-24;2.6879166666666667;24;True;0;2463;vazao;Epagri;;;2;False;diaria;f590d034c85bf207_diario_derivado;;interna;horaria_agregada;media
2023-07-25;2.518333333333333;24;True;0;2463;vazao;Epagri;;;2;False;diaria;f590d034c85bf207_diario_derivado;;interna;horaria_agregada;media
2023-07-26;2.3874999999999997;24;True;0;2463;vazao;Epagri;;;2;False;diaria;f590d034c85bf207_diario_derivado;;interna;horaria_agregada;media
2023-07-27;2.3;24;True;0;2463;vazao;Epagri;;;2;False;diaria;f590d034c85bf207_diario_derivado;;interna;horaria_agregada;media
2023-07-28;2.2875;24;True;0;2463;vazao;Epagri;;;2;False;diaria;f590d034c85bf207_diario_derivado;;interna;horaria_agregada;media
2023-07-29;2.1791666666666667;24;True;0;2463;vazao;Epagri;;;2;False;diaria;f590d034c85bf207_diario_derivado;;interna;horaria_agregada;media
2023-07-30;2.1;24;True;0;2463;vazao;Epagri;;;2;False;diaria;f590d034c85bf207_diario_derivado;;interna;horaria_agregada;media
2023-07-31;2.03625;24;True;0;2463;vazao;Epagri;;;2;False;diaria;f590d034c85bf207_diario_derivado;;interna;horaria_agregada;media
2023-08-01;2.01;24;True;0;2463;vazao;Epagri;;;2;False;diaria;f590d034c85bf207_diario_derivado;;interna;horaria_agregada;media
2023-08-02;2.01;24;True;0;2463;vazao;Epagri;;;2;False;diaria;f590d034c85bf207_diario_derivado;;interna;horaria_agregada;media
2023-08-03;1.92;24;True;0;2463;vazao;Epagri;;;2;False;diaria;f590d034c85bf207_diario_derivado;;interna;horaria_agregada;media
2023-08-04;1.92;24;True;0;2463;vazao;Epagri;;;2;False;diaria;f590d034c85bf207_diario_derivado;;interna;horaria_agregada;media
2023-08-05;1.92;24;True;0;2463;vazao;Epagri;;;2;False;diaria;f590d034c85bf207_diario_derivado;;interna;horaria_agregada;media
2023-08-06;1.89;24;True;0;2463;vazao;Epagri;;;2;False;diaria;f590d034c85bf207_diario_derivado;;interna;horaria_agregada;media
2023-08-07;1.85625;24;True;0;2463;vazao;Epagri;;;2;False;diaria;f590d034c85bf207_diario_derivado;;interna;horaria_agregada;media
2023-08-08;1.9349999999999998;24;True;0;2463;vazao;Epagri;;;2;False;diaria;f590d034c85bf207_diario_derivado;;interna;horaria_agregada;media
2023-08-09;4.51375;24;True;0;2463;vazao;Epagri;;;2;False;diaria;f590d034c85bf207_diario_derivado;;interna;horaria_agregada;media
2023-08-10;14.0725;24;True;0;2463;vazao;Epagri;;;2;False;diaria;f590d034c85bf207_diario_derivado;;interna;horaria_agregada;media
2023-08-11;4.759166666666666;24;True;0;2463;vazao;Epagri;;;2;False;diaria;f590d034c85bf207_diario_derivado;;interna;horaria_agregada;media
2023-08-12;4.273333333333333;24;True;0;2463;vazao;Epagri;;;2;False;diaria;f590d034c85bf207_diario_derivado;;interna;horaria_agregada;media
2023-08-13;3.3987499999999997;24;True;0;2463;vazao;Epagri;;;2;False;diaria;f590d034c85bf207_diario_derivado;;interna;horaria_agregada;media
2023-08-14;2.674166666666667;24;True;0;2463;vazao;Epagri;;;2;False;diaria;f590d034c85bf207_diario_derivado;;interna;horaria_agregada;media
2023-08-15;2.425;24;True;0;2463;vazao;Epagri;;;2;False;diaria;f590d034c85bf207_diario_derivado;;interna;horaria_agregada;media
2023-08-16;2.283333333333333;24;True;0;2463;vazao;Epagri;;;2;False;diaria;f590d034c85bf207_diario_derivado;;interna;horaria_agregada;media
2023-08-17;2.2;24;True;0;2463;vazao;Epagri;;;2;False;diaria;f590d034c85bf207_diario_derivado;;interna;horaria_agregada;media
2023-08-18;3.2762499999999997;24;True;0;2463;vazao;Epagri;;;2;False;diaria;f590d034c85bf207_diario_derivado;;interna;horaria_agregada;media
2023-08-19;9.905416666666666;24;True;0;2463;vazao;Epagri;;;2;False;diaria;f590d034c85bf207_diario_derivado;;interna;horaria_agregada;media
2023-08-20;3.219583333333333;24;True;0;2463;vazao;Epagri;;;2;False;diaria;f590d034c85bf207_diario_derivado;;interna;horaria_agregada;media
2023-08-21;2.674166666666667;24;True;0;2463;vazao;Epagri;;;2;False;diaria;f590d034c85bf207_diario_derivado;;interna;horaria_agregada;media
2023-08-22;2.4458333333333333;24;True;0;2463;vazao;Epagri;;;2;False;diaria;f590d034c85bf207_diario_derivado;;interna;horaria_agregada;media
2023-08-23;2.3416666666666663;24;True;0;2463;vazao;Epagri;;;2;False;diaria;f590d034c85bf207_diario_derivado;;interna;horaria_agregada;media
2023-08-24;2.275;24;True;0;2463;vazao;Epagri;;;2;False;diaria;f590d034c85bf207_diario_derivado;;interna;horaria_agregada;media
2023-08-25;2.7279166666666668;24;True;0;2463;vazao;Epagri;;;2;False;diaria;f590d034c85bf207_diario_derivado;;interna;horaria_agregada;media
2023-08-26;2.3;24;True;0;2463;vazao;Epagri;;;2;False;diaria;f590d034c85bf207_diario_derivado;;interna;horaria_agregada;media
2023-08-27;2.0970833333333334;24;True;0;2463;vazao;Epagri;;;2;False;diaria;f590d034c85bf207_diario_derivado;;interna;horaria_agregada;media
2023-08-28;2.01;24;True;0;2463;vazao;Epagri;;;2;False;diaria;f590d034c85bf207_diario_derivado;;interna;horaria_agregada;media
2023-08-29;1.9349999999999998;24;True;0;2463;vazao;Epagri;;;2;False;diaria;f590d034c85bf207_diario_derivado;;interna;horaria_agregada;media
2023-08-30;2.1395833333333334;24;True;0;2463;vazao;Epagri;;;2;False;diaria;f590d034c85bf207_diario_derivado;;interna;horaria_agregada;media
2023-08-31;2.0933333333333333;24;True;0;2463;vazao;Epagri;;;2;False;diaria;f590d034c85bf207_diario_derivado;;interna;horaria_agregada;media
2023-09-01;1.9349999999999998;24;True;0;2463;vazao;Epagri;;;2;False;diaria;f590d034c85bf207_diario_derivado;;interna;horaria_agregada;media
2023-09-02;1.9425;24;True;0;2463;vazao;Epagri;;;2;False;diaria;f590d034c85bf207_diario_derivado;;interna;horaria_agregada;media
2023-09-03;2.609583333333333;24;True;0;2463;vazao;Epagri;;;2;False;diaria;f590d034c85bf207_diario_derivado;;interna;horaria_agregada;media
2023-09-04;5.0008333333333335;24;True;0;2463;vazao;Epagri;;;2;False;diaria;f590d034c85bf207_diario_derivado;;interna;horaria_agregada;media
2023-09-05;4.873333333333334;24;True;0;2463;vazao;Epagri;;;2;False;diaria;f590d034c85bf207_diario_derivado;;interna;horaria_agregada;media
2023-09-06;2.572083333333333;24;True;0;2463;vazao;Epagri;;;2;False;diaria;f590d034c85bf207_diario_derivado;;interna;horaria_agregada;media
2023-09-07;2.6870833333333333;24;True;0;2463;vazao;Epagri;;;2;False;diaria;f590d034c85bf207_diario_derivado;;interna;horaria_agregada;media
2023-09-08;6.19;24;True;0;2463;vazao;Epagri;;;2;False;diaria;f590d034c85bf207_diario_derivado;;interna;horaria_agregada;media
2023-09-09;3.0195833333333333;24;True;0;2463;vazao;Epagri;;;2;False;diaria;f590d034c85bf207_diario_derivado;;interna;horaria_agregada;media
2023-09-10;2.6008333333333336;24;True;0;2463;vazao;Epagri;;;2;False;diaria;f590d034c85bf207_diario_derivado;;interna;horaria_agregada;media
2023-09-11;2.4791666666666665;24;True;0;2463;vazao;Epagri;;;2;False;diaria;f590d034c85bf207_diario_derivado;;interna;horaria_agregada;media
2023-09-12;2.3041666666666667;24;True;0;2463;vazao;Epagri;;;2;False;diaria;f590d034c85bf207_diario_derivado;;interna;horaria_agregada;media
2023-09-13;2.1458333333333335;24;True;0;2463;vazao;Epagri;;;2;False;diaria;f590d034c85bf207_diario_derivado;;interna;horaria_agregada;media
2023-09-14;2.0625;24;True;0;2463;vazao;Epagri;;;2;False;diaria;f590d034c85bf207_diario_derivado;;interna;horaria_agregada;media
2023-09-15;1.92;24;True;0;2463;vazao;Epagri;;;2;False;diaria;f590d034c85bf207_diario_derivado;;interna;horaria_agregada;media
2023-09-16;1.8787500000000001;24;True;0;2463;vazao;Epagri;;;2;False;diaria;f590d034c85bf207_diario_derivado;;interna;horaria_agregada;media
2023-09-17;1.85625;24;True;0;2463;vazao;Epagri;;;2;False;diaria;f590d034c85bf207_diario_derivado;;interna;horaria_agregada;media
2023-09-18;1.8412500000000003;24;True;0;2463;vazao;Epagri;;;2;False;diaria;f590d034c85bf207_diario_derivado;;interna;horaria_agregada;media
2023-09-19;2.3983333333333334;24;True;0;2463;vazao;Epagri;;;2;False;diaria;f590d034c85bf207_diario_derivado;;interna;horaria_agregada;media
2023-09-20;3.5104166666666665;24;True;0;2463;vazao;Epagri;;;2;False;diaria;f590d034c85bf207_diario_derivado;;interna;horaria_agregada;media
2023-09-21;2.2087499999999998;24;True;0;2463;vazao;Epagri;;;2;False;diaria;f590d034c85bf207_diario_derivado;;interna;horaria_agregada;media
2023-09-22;2.0025;24;True;0;2463;vazao;Epagri;;;2;False;diaria;f590d034c85bf207_diario_derivado;;interna;horaria_agregada;media
2023-09-23;1.9162499999999998;24;True;0;2463;vazao;Epagri;;;2;False;diaria;f590d034c85bf207_diario_derivado;;interna;horaria_agregada;media
2023-09-24;1.875;24;True;0;2463;vazao;Epagri;;;2;False;diaria;f590d034c85bf207_diario_derivado;;interna;horaria_agregada;media
2023-09-25;3.47125;24;True;0;2463;vazao;Epagri;;;2;False;diaria;f590d034c85bf207_diario_derivado;;interna;horaria_agregada;media
2023-09-26;5.3675;24;True;0;2463;vazao;Epagri;;;2;False;diaria;f590d034c85bf207_diario_derivado;;interna;horaria_agregada;media
2023-09-27;14.1575;24;True;0;2463;vazao;Epagri;;;2;False;diaria;f590d034c85bf207_diario_derivado;;interna;horaria_agregada;media
2023-09-28;4.086666666666667;24;True;0;2463;vazao;Epagri;;;2;False;diaria;f590d034c85bf207_diario_derivado;;interna;horaria_agregada;media
2023-09-29;4.674166666666666;24;True;0;2463;vazao;Epagri;;;2;False;diaria;f590d034c85bf207_diario_derivado;;interna;horaria_agregada;media
2023-09-30;5.74875;24;True;0;2463;vazao;Epagri;;;2;False;diaria;f590d034c85bf207_diario_derivado;;interna;horaria_agregada;media
2023-10-01;4.795;24;True;0;2463;vazao;Epagri;;;2;False;diaria;f590d034c85bf207_diario_derivado;;interna;horaria_agregada;media
2023-10-02;3.42125;24;True;0;2463;vazao;Epagri;;;2;False;diaria;f590d034c85bf207_diario_derivado;;interna;horaria_agregada;media
2023-10-03;2.9566666666666666;24;True;0;2463;vazao;Epagri;;;2;False;diaria;f590d034c85bf207_diario_derivado;;interna;horaria_agregada;media
2023-10-04;31.811666666666667;24;True;0;2463;vazao;Epagri;;;2;False;diaria;f590d034c85bf207_diario_derivado;;interna;horaria_agregada;media
2023-10-05;7.8775;24;True;0;2463;vazao;Epagri;;;2;False;diaria;f590d034c85bf207_diario_derivado;;interna;horaria_agregada;media
2023-10-06;5.42625;24;True;0;2463;vazao;Epagri;;;2;False;diaria;f590d034c85bf207_diario_derivado;;interna;horaria_agregada;media
2023-10-07;112.63041666666668;24;True;0;2463;vazao;Epagri;;;2;False;diaria;f590d034c85bf207_diario_derivado;;interna;horaria_agregada;media
2023-10-08;45.815;24;True;0;2463;vazao;Epagri;;;2;False;diaria;f590d034c85bf207_diario_derivado;;interna;horaria_agregada;media
2023-10-09;26.810833333333335;24;True;0;2463;vazao;Epagri;;;2;False;diaria;f590d034c85bf207_diario_derivado;;interna;horaria_agregada;media
2023-10-10;11.494583333333333;24;True;0;2463;vazao;Epagri;;;2;False;diaria;f590d034c85bf207_diario_derivado;;interna;horaria_agregada;media
2023-10-11;8.141250000000001;24;True;0;2463;vazao;Epagri;;;2;False;diaria;f590d034c85bf207_diario_derivado;;interna;horaria_agregada;media
2023-10-12;45.513749999999995;24;True;0;2463;vazao;Epagri;;;2;False;diaria;f590d034c85bf207_diario_derivado;;interna;horaria_agregada;media
2023-10-13;14.729166666666666;24;True;0;2463;vazao;Epagri;;;2;False;diaria;f590d034c85bf207_diario_derivado;;interna;horaria_agregada;media
2023-10-14;9.342083333333333;24;True;0;2463;vazao;Epagri;;;2;False;diaria;f590d034c85bf207_diario_derivado;;interna;horaria_agregada;media
2023-10-15;10.352083333333335;24;True;0;2463;vazao;Epagri;;;2;False;diaria;f590d034c85bf207_diario_derivado;;interna;horaria_agregada;media
2023-10-16;11.655416666666667;24;True;0;2463;vazao;Epagri;;;2;False;diaria;f590d034c85bf207_diario_derivado;;interna;horaria_agregada;media
2023-10-17;14.65;24;True;0;2463;vazao;Epagri;;;2;False;diaria;f590d034c85bf207_diario_derivado;;interna;horaria_agregada;media
2023-10-18;7.450833333333333;24;True;0;2463;vazao;Epagri;;;2;False;diaria;f590d034c85bf207_diario_derivado;;interna;horaria_agregada;media
2023-10-19;6.3825;24;True;0;2463;vazao;Epagri;;;2;False;diaria;f590d034c85bf207_diario_derivado;;interna;horaria_agregada;media
2023-10-20;5.815;24;True;0;2463;vazao;Epagri;;;2;False;diaria;f590d034c85bf207_diario_derivado;;interna;horaria_agregada;media
2023-10-21;5.477083333333333;24;True;0;2463;vazao;Epagri;;;2;False;diaria;f590d034c85bf207_diario_derivado;;interna;horaria_agregada;media
2023-10-22;5.2725;24;True;0;2463;vazao;Epagri;;;2;False;diaria;f590d034c85bf207_diario_derivado;;interna;horaria_agregada;media
2023-10-23;4.72;24;True;0;2463;vazao;Epagri;;;2;False;diaria;f590d034c85bf207_diario_derivado;;interna;horaria_agregada;media
2023-10-24;4.36;24;True;0;2463;vazao;Epagri;;;2;False;diaria;f590d034c85bf207_diario_derivado;;interna;horaria_agregada;media
2023-10-25;4.060833333333333;24;True;0;2463;vazao;Epagri;;;2;False;diaria;f590d034c85bf207_diario_derivado;;interna;horaria_agregada;media
2023-10-26;3.8800000000000003;24;True;0;2463;vazao;Epagri;;;2;False;diaria;f590d034c85bf207_diario_derivado;;interna;horaria_agregada;media
2023-10-27;3.8066666666666666;24;True;0;2463;vazao;Epagri;;;2;False;diaria;f590d034c85bf207_diario_derivado;;interna;horaria_agregada;media
2023-10-28;26.505416666666665;24;True;0;2463;vazao;Epagri;;;2;False;diaria;f590d034c85bf207_diario_derivado;;interna;horaria_agregada;media
2023-10-29;16.417916666666667;24;True;0;2463;vazao;Epagri;;;2;False;diaria;f590d034c85bf207_diario_derivado;;interna;horaria_agregada;media
2023-10-30;;23;False;0;2463;vazao;Epagri;;;2;False;diaria;f590d034c85bf207_diario_derivado;;interna;horaria_agregada;media
2023-10-31;12.262916666666667;24;True;0;2463;vazao;Epagri;;;2;False;diaria;f590d034c85bf207_diario_derivado;;interna;horaria_agregada;media
2023-11-01;9.393749999999999;24;True;0;2463;vazao;Epagri;;;2;False;diaria;f590d034c85bf207_diario_derivado;;interna;horaria_agregada;media
2023-11-02;12.61625;24;True;0;2463;vazao;Epagri;;;2;False;diaria;f590d034c85bf207_diario_derivado;;interna;horaria_agregada;media
2023-11-03;45.43166666666667;24;True;0;2463;vazao;Epagri;;;2;False;diaria;f590d034c85bf207_diario_derivado;;interna;horaria_agregada;media
2023-11-04;14.369583333333333;24;True;0;2463;vazao;Epagri;;;2;False;diaria;f590d034c85bf207_diario_derivado;;interna;horaria_agregada;media
2023-11-05;8.98875;24;True;0;2463;vazao;Epagri;;;2;False;diaria;f590d034c85bf207_diario_derivado;;interna;horaria_agregada;media
2023-11-06;7.34875;24;True;0;2463;vazao;Epagri;;;2;False;diaria;f590d034c85bf207_diario_derivado;;interna;horaria_agregada;media
2023-11-07;6.579583333333333;24;True;0;2463;vazao;Epagri;;;2;False;diaria;f590d034c85bf207_diario_derivado;;interna;horaria_agregada;media
2023-11-08;6.18;24;True;0;2463;vazao;Epagri;;;2;False;diaria;f590d034c85bf207_diario_derivado;;interna;horaria_agregada;media
2023-11-09;5.679166666666667;24;True;0;2463;vazao;Epagri;;;2;False;diaria;f590d034c85bf207_diario_derivado;;interna;horaria_agregada;media
2023-11-10;5.354166666666667;24;True;0;2463;vazao;Epagri;;;2;False;diaria;f590d034c85bf207_diario_derivado;;interna;horaria_agregada;media
2023-11-11;5.156666666666666;24;True;0;2463;vazao;Epagri;;;2;False;diaria;f590d034c85bf207_diario_derivado;;interna;horaria_agregada;media
2023-11-12;5.269583333333333;24;True;0;2463;vazao;Epagri;;;2;False;diaria;f590d034c85bf207_diario_derivado;;interna;horaria_agregada;media
2023-11-13;5.841666666666666;24;True;0;2463;vazao;Epagri;;;2;False;diaria;f590d034c85bf207_diario_derivado;;interna;horaria_agregada;media
2023-11-14;8.22375;24;True;0;2463;vazao;Epagri;;;2;False;diaria;f590d034c85bf207_diario_derivado;;interna;horaria_agregada;media
2023-11-15;5.953749999999999;24;True;0;2463;vazao;Epagri;;;2;False;diaria;f590d034c85bf207_diario_derivado;;interna;horaria_agregada;media
2023-11-16;18.966666666666665;24;True;0;2463;vazao;Epagri;;;2;False;diaria;f590d034c85bf207_diario_derivado;;interna;horaria_agregada;media
2023-11-17;57.006249999999994;24;True;0;2463;vazao;Epagri;;;2;False;diaria;f590d034c85bf207_diario_derivado;;interna;horaria_agregada;media
2023-11-18;20.817916666666665;24;True;0;2463;vazao;Epagri;;;2;False;diaria;f590d034c85bf207_diario_derivado;;interna;horaria_agregada;media
2023-11-19;10.105416666666667;24;True;0;2463;vazao;Epagri;;;2;False;diaria;f590d034c85bf207_diario_derivado;;interna;horaria_agregada;media
2023-11-20;7.859583333333333;24;True;0;2463;vazao;Epagri;;;2;False;diaria;f590d034c85bf207_diario_derivado;;interna;horaria_agregada;media
2023-11-21;6.872083333333333;24;True;0;2463;vazao;Epagri;;;2;False;diaria;f590d034c85bf207_diario_derivado;;interna;horaria_agregada;media
2023-11-22;6.459166666666667;24;True;0;2463;vazao;Epagri;;;2;False;diaria;f590d034c85bf207_diario_derivado;;interna;horaria_agregada;media
2023-11-23;6.810416666666666;24;True;0;2463;vazao;Epagri;;;2;False;diaria;f590d034c85bf207_diario_derivado;;interna;horaria_agregada;media
2023-11-24;5.675416666666667;24;True;0;2463;vazao;Epagri;;;2;False;diaria;f590d034c85bf207_diario_derivado;;interna;horaria_agregada;media
2023-11-25;5.116666666666666;24;True;0;2463;vazao;Epagri;;;2;False;diaria;f590d034c85bf207_diario_derivado;;interna;horaria_agregada;media
2023-11-26;4.913749999999999;24;True;0;2463;vazao;Epagri;;;2;False;diaria;f590d034c85bf207_diario_derivado;;interna;horaria_agregada;media
2023-11-27;5.334583333333334;24;True;0;2463;vazao;Epagri;;;2;False;diaria;f590d034c85bf207_diario_derivado;;interna;horaria_agregada;media
2023-11-28;58.48208333333333;24;True;0;2463;vazao;Epagri;;;2;False;diaria;f590d034c85bf207_diario_derivado;;interna;horaria_agregada;media
2023-11-29;22.845416666666665;24;True;0;2463;vazao;Epagri;;;2;False;diaria;f590d034c85bf207_diario_derivado;;interna;horaria_agregada;media
2023-11-30;9.854166666666666;24;True;0;2463;vazao;Epagri;;;2;False;diaria;f590d034c85bf207_diario_derivado;;interna;horaria_agregada;media
2023-12-01;7.7820833333333335;24;True;0;2463;vazao;Epagri;;;2;False;diaria;f590d034c85bf207_diario_derivado;;interna;horaria_agregada;media
2023-12-02;6.90375;24;True;0;2463;vazao;Epagri;;;2;False;diaria;f590d034c85bf207_diario_derivado;;interna;horaria_agregada;media
2023-12-03;6.305;24;True;0;2463;vazao;Epagri;;;2;False;diaria;f590d034c85bf207_diario_derivado;;interna;horaria_agregada;media
2023-12-04;5.98875;24;True;0;2463;vazao;Epagri;;;2;False;diaria;f590d034c85bf207_diario_derivado;;interna;horaria_agregada;media
2023-12-05;8.09875;24;True;0;2463;vazao;Epagri;;;2;False;diaria;f590d034c85bf207_diario_derivado;;interna;horaria_agregada;media
2023-12-06;7.3379166666666675;24;True;0;2463;vazao;Epagri;;;2;False;diaria;f590d034c85bf207_diario_derivado;;interna;horaria_agregada;media
2023-12-07;8.749583333333334;24;True;0;2463;vazao;Epagri;;;2;False;diaria;f590d034c85bf207_diario_derivado;;interna;horaria_agregada;media
2023-12-08;9.585416666666667;24;True;0;2463;vazao;Epagri;;;2;False;diaria;f590d034c85bf207_diario_derivado;;interna;horaria_agregada;media
2023-12-09;5.829583333333333;24;True;0;2463;vazao;Epagri;;;2;False;diaria;f590d034c85bf207_diario_derivado;;interna;horaria_agregada;media
2023-12-10;7.7475;24;True;0;2463;vazao;Epagri;;;2;False;diaria;f590d034c85bf207_diario_derivado;;interna;horaria_agregada;media
2023-12-11;13.248750000000001;24;True;0;2463;vazao;Epagri;;;2;False;diaria;f590d034c85bf207_diario_derivado;;interna;horaria_agregada;media
2023-12-12;7.9070833333333335;24;True;0;2463;vazao;Epagri;;;2;False;diaria;f590d034c85bf207_diario_derivado;;interna;horaria_agregada;media
2023-12-13;6.129583333333334;24;True;0;2463;vazao;Epagri;;;2;False;diaria;f590d034c85bf207_diario_derivado;;interna;horaria_agregada;media
2023-12-14;5.497916666666666;24;True;0;2463;vazao;Epagri;;;2;False;diaria;f590d034c85bf207_diario_derivado;;interna;horaria_agregada;media
2023-12-15;5.123333333333333;24;True;0;2463;vazao;Epagri;;;2;False;diaria;f590d034c85bf207_diario_derivado;;interna;horaria_agregada;media
2023-12-16;4.795;24;True;0;2463;vazao;Epagri;;;2;False;diaria;f590d034c85bf207_diario_derivado;;interna;horaria_agregada;media
2023-12-17;4.601249999999999;24;True;0;2463;vazao;Epagri;;;2;False;diaria;f590d034c85bf207_diario_derivado;;interna;horaria_agregada;media
2023-12-18;4.46375;24;True;0;2463;vazao;Epagri;;;2;False;diaria;f590d034c85bf207_diario_derivado;;interna;horaria_agregada;media
2023-12-19;4.200833333333334;24;True;0;2463;vazao;Epagri;;;2;False;diaria;f590d034c85bf207_diario_derivado;;interna;horaria_agregada;media
2023-12-20;4.055;24;True;0;2463;vazao;Epagri;;;2;False;diaria;f590d034c85bf207_diario_derivado;;interna;horaria_agregada;media
2023-12-21;4.043333333333333;24;True;0;2463;vazao;Epagri;;;2;False;diaria;f590d034c85bf207_diario_derivado;;interna;horaria_agregada;media
2023-12-22;3.909166666666667;24;True;0;2463;vazao;Epagri;;;2;False;diaria;f590d034c85bf207_diario_derivado;;interna;horaria_agregada;media
2023-12-23;6.795416666666667;24;True;0;2463;vazao;Epagri;;;2;False;diaria;f590d034c85bf207_diario_derivado;;interna;horaria_agregada;media
2023-12-24;4.031666666666667;24;True;0;2463;vazao;Epagri;;;2;False;diaria;f590d034c85bf207_diario_derivado;;interna;horaria_agregada;media
2023-12-25;3.766666666666667;24;True;0;2463;vazao;Epagri;;;2;False;diaria;f590d034c85bf207_diario_derivado;;interna;horaria_agregada;media
2023-12-26;3.53375;24;True;0;2463;vazao;Epagri;;;2;False;diaria;f590d034c85bf207_diario_derivado;;interna;horaria_agregada;media
2023-12-27;3.405;24;True;0;2463;vazao;Epagri;;;2;False;diaria;f590d034c85bf207_diario_derivado;;interna;horaria_agregada;media
2023-12-28;3.34;24;True;0;2463;vazao;Epagri;;;2;False;diaria;f590d034c85bf207_diario_derivado;;interna;horaria_agregada;media
2023-12-29;3.2999999999999994;24;True;0;2463;vazao;Epagri;;;2;False;diaria;f590d034c85bf207_diario_derivado;;interna;horaria_agregada;media
2023-12-30;3.19;24;True;0;2463;vazao;Epagri;;;2;False;diaria;f590d034c85bf207_diario_derivado;;interna;horaria_agregada;media
2023-12-31;3.18;24;True;0;2463;vazao;Epagri;;;2;False;diaria;f590d034c85bf207_diario_derivado;;interna;horaria_agregada;media
2024-01-01;3.24;24;True;0;2463;vazao;Epagri;;;2;False;diaria;f590d034c85bf207_diario_derivado;;interna;horaria_agregada;media
2024-01-02;5.1312500000000005;24;True;0;2463;vazao;Epagri;;;2;False;diaria;f590d034c85bf207_diario_derivado;;interna;horaria_agregada;media
2024-01-03;7.9125000000000005;24;True;0;2463;vazao;Epagri;;;2;False;diaria;f590d034c85bf207_diario_derivado;;interna;horaria_agregada;media
2024-01-04;4.824583333333334;24;True;0;2463;vazao;Epagri;;;2;False;diaria;f590d034c85bf207_diario_derivado;;interna;horaria_agregada;media
2024-01-05;8.447083333333333;24;True;0;2463;vazao;Epagri;;;2;False;diaria;f590d034c85bf207_diario_derivado;;interna;horaria_agregada;media
2024-01-06;7.712083333333333;24;True;0;2463;vazao;Epagri;;;2;False;diaria;f590d034c85bf207_diario_derivado;;interna;horaria_agregada;media
2024-01-07;4.7370833333333335;24;True;0;2463;vazao;Epagri;;;2;False;diaria;f590d034c85bf207_diario_derivado;;interna;horaria_agregada;media
2024-01-08;4.285;24;True;0;2463;vazao;Epagri;;;2;False;diaria;f590d034c85bf207_diario_derivado;;interna;horaria_agregada;media
2024-01-09;4.319583333333333;24;True;0;2463;vazao;Epagri;;;2;False;diaria;f590d034c85bf207_diario_derivado;;interna;horaria_agregada;media
2024-01-10;11.312083333333334;24;True;0;2463;vazao;Epagri;;;2;False;diaria;f590d034c85bf207_diario_derivado;;interna;horaria_agregada;media
2024-01-11;20.813333333333333;24;True;0;2463;vazao;Epagri;;;2;False;diaria;f590d034c85bf207_diario_derivado;;interna;horaria_agregada;media
2024-01-12;11.292083333333332;24;True;0;2463;vazao;Epagri;;;2;False;diaria;f590d034c85bf207_diario_derivado;;interna;horaria_agregada;media
2024-01-13;7.0475;24;True;0;2463;vazao;Epagri;;;2;False;diaria;f590d034c85bf207_diario_derivado;;interna;horaria_agregada;media
2024-01-14;5.827916666666667;24;True;0;2463;vazao;Epagri;;;2;False;diaria;f590d034c85bf207_diario_derivado;;interna;horaria_agregada;media
2024-01-15;5.29375;24;True;0;2463;vazao;Epagri;;;2;False;diaria;f590d034c85bf207_diario_derivado;;interna;horaria_agregada;media
2024-01-16;4.746666666666667;24;True;0;2463;vazao;Epagri;;;2;False;diaria;f590d034c85bf207_diario_derivado;;interna;horaria_agregada;media
2024-01-17;5.937083333333334;24;True;0;2463;vazao;Epagri;;;2;False;diaria;f590d034c85bf207_diario_derivado;;interna;horaria_agregada;media
2024-01-18;14.036666666666667;24;True;0;2463;vazao;Epagri;;;2;False;diaria;f590d034c85bf207_diario_derivado;;interna;horaria_agregada;media
2024-01-19;8.843333333333334;24;True;0;2463;vazao;Epagri;;;2;False;diaria;f590d034c85bf207_diario_derivado;;interna;horaria_agregada;media
2024-01-20;17.7275;24;True;0;2463;vazao;Epagri;;;2;False;diaria;f590d034c85bf207_diario_derivado;;interna;horaria_agregada;media
2024-01-21;17.29625;24;True;0;2463;vazao;Epagri;;;2;False;diaria;f590d034c85bf207_diario_derivado;;interna;horaria_agregada;media
2024-01-22;12.457916666666668;24;True;0;2463;vazao;Epagri;;;2;False;diaria;f590d034c85bf207_diario_derivado;;interna;horaria_agregada;media
2024-01-23;18.056250000000002;24;True;0;2463;vazao;Epagri;;;2;False;diaria;f590d034c85bf207_diario_derivado;;interna;horaria_agregada;media
2024-01-24;35.850833333333334;24;True;0;2463;vazao;Epagri;;;2;False;diaria;f590d034c85bf207_diario_derivado;;interna;horaria_agregada;media
2024-01-25;18.332083333333333;24;True;0;2463;vazao;Epagri;;;2;False;diaria;f590d034c85bf207_diario_derivado;;interna;horaria_agregada;media
2024-01-26;22.094166666666666;24;True;0;2463;vazao;Epagri;;;2;False;diaria;f590d034c85bf207_diario_derivado;;interna;horaria_agregada;media
2024-01-27;15.5475;24;True;0;2463;vazao;Epagri;;;2;False;diaria;f590d034c85bf207_diario_derivado;;interna;horaria_agregada;media
2024-01-28;12.823749999999999;24;True;0;2463;vazao;Epagri;;;2;False;diaria;f590d034c85bf207_diario_derivado;;interna;horaria_agregada;media
2024-01-29;13.439166666666667;24;True;0;2463;vazao;Epagri;;;2;False;diaria;f590d034c85bf207_diario_derivado;;interna;horaria_agregada;media
2024-01-30;9.72125;24;True;0;2463;vazao;Epagri;;;2;False;diaria;f590d034c85bf207_diario_derivado;;interna;horaria_agregada;media
2024-01-31;7.987916666666667;24;True;0;2463;vazao;Epagri;;;2;False;diaria;f590d034c85bf207_diario_derivado;;interna;horaria_agregada;media
2024-02-01;6.951250000000001;24;True;0;2463;vazao;Epagri;;;2;False;diaria;f590d034c85bf207_diario_derivado;;interna;horaria_agregada;media
2024-02-02;6.276666666666666;24;True;0;2463;vazao;Epagri;;;2;False;diaria;f590d034c85bf207_diario_derivado;;interna;horaria_agregada;media
2024-02-03;5.8;24;True;0;2463;vazao;Epagri;;;2;False;diaria;f590d034c85bf207_diario_derivado;;interna;horaria_agregada;media
2024-02-04;5.437083333333334;24;True;0;2463;vazao;Epagri;;;2;False;diaria;f590d034c85bf207_diario_derivado;;interna;horaria_agregada;media
2024-02-05;5.123333333333333;24;True;0;2463;vazao;Epagri;;;2;False;diaria;f590d034c85bf207_diario_derivado;;interna;horaria_agregada;media
2024-02-06;4.913749999999999;24;True;0;2463;vazao;Epagri;;;2;False;diaria;f590d034c85bf207_diario_derivado;;interna;horaria_agregada;media
2024-02-07;4.7700000000000005;24;True;0;2463;vazao;Epagri;;;2;False;diaria;f590d034c85bf207_diario_derivado;;interna;horaria_agregada;media
2024-02-08;4.632499999999999;24;True;0;2463;vazao;Epagri;;;2;False;diaria;f590d034c85bf207_diario_derivado;;interna;horaria_agregada;media
2024-02-09;4.574166666666667;24;True;0;2463;vazao;Epagri;;;2;False;diaria;f590d034c85bf207_diario_derivado;;interna;horaria_agregada;media
2024-02-10;8.305833333333334;24;True;0;2463;vazao;Epagri;;;2;False;diaria;f590d034c85bf207_diario_derivado;;interna;horaria_agregada;media
2024-02-11;4.664166666666667;24;True;0;2463;vazao;Epagri;;;2;False;diaria;f590d034c85bf207_diario_derivado;;interna;horaria_agregada;media
2024-02-12;4.224166666666667;24;True;0;2463;vazao;Epagri;;;2;False;diaria;f590d034c85bf207_diario_derivado;;interna;horaria_agregada;media
2024-02-13;4.232083333333333;24;True;0;2463;vazao;Epagri;;;2;False;diaria;f590d034c85bf207_diario_derivado;;interna;horaria_agregada;media
2024-02-14;15.688749999999999;24;True;0;2463;vazao;Epagri;;;2;False;diaria;f590d034c85bf207_diario_derivado;;interna;horaria_agregada;media
2024-02-15;6.589166666666666;24;True;0;2463;vazao;Epagri;;;2;False;diaria;f590d034c85bf207_diario_derivado;;interna;horaria_agregada;media
2024-02-16;5.246666666666667;24;True;0;2463;vazao;Epagri;;;2;False;diaria;f590d034c85bf207_diario_derivado;;interna;horaria_agregada;media
2024-02-17;6.99625;24;True;0;2463;vazao;Epagri;;;2;False;diaria;f590d034c85bf207_diario_derivado;;interna;horaria_agregada;media
2024-02-18;8.229583333333332;24;True;0;2463;vazao;Epagri;;;2;False;diaria;f590d034c85bf207_diario_derivado;;interna;horaria_agregada;media
2024-02-19;5.74625;24;True;0;2463;vazao;Epagri;;;2;False;diaria;f590d034c85bf207_diario_derivado;;interna;horaria_agregada;media
2024-02-20;4.998333333333333;24;True;0;2463;vazao;Epagri;;;2;False;diaria;f590d034c85bf207_diario_derivado;;interna;horaria_agregada;media
2024-02-21;4.62625;24;True;0;2463;vazao;Epagri;;;2;False;diaria;f590d034c85bf207_diario_derivado;;interna;horaria_agregada;media
2024-02-22;4.407916666666667;24;True;0;2463;vazao;Epagri;;;2;False;diaria;f590d034c85bf207_diario_derivado;;interna;horaria_agregada;media
2024-02-23;7.971666666666667;24;True;0;2463;vazao;Epagri;;;2;False;diaria;f590d034c85bf207_diario_derivado;;interna;horaria_agregada;media
2024-02-24;6.014583333333333;24;True;0;2463;vazao;Epagri;;;2;False;diaria;f590d034c85bf207_diario_derivado;;interna;horaria_agregada;media
2024-02-25;5.2091666666666665;24;True;0;2463;vazao;Epagri;;;2;False;diaria;f590d034c85bf207_diario_derivado;;interna;horaria_agregada;media
2024-02-26;14.787916666666668;24;True;0;2463;vazao;Epagri;;;2;False;diaria;f590d034c85bf207_diario_derivado;;interna;horaria_agregada;media
2024-02-27;17.7425;24;True;0;2463;vazao;Epagri;;;2;False;diaria;f590d034c85bf207_diario_derivado;;interna;horaria_agregada;media
2024-02-28;9.749166666666666;24;True;0;2463;vazao;Epagri;;;2;False;diaria;f590d034c85bf207_diario_derivado;;interna;horaria_agregada;media
2024-02-29;8.286666666666667;24;True;0;2463;vazao;Epagri;;;2;False;diaria;f590d034c85bf207_diario_derivado;;interna;horaria_agregada;media
2024-03-01;7.123333333333334;24;True;0;2463;vazao;Epagri;;;2;False;diaria;f590d034c85bf207_diario_derivado;;interna;horaria_agregada;media
2024-03-02;5.896249999999999;24;True;0;2463;vazao;Epagri;;;2;False;diaria;f590d034c85bf207_diario_derivado;;interna;horaria_agregada;media
2024-03-03;5.2175;24;True;0;2463;vazao;Epagri;;;2;False;diaria;f590d034c85bf207_diario_derivado;;interna;horaria_agregada;media
2024-03-04;8.749166666666666;24;True;0;2463;vazao;Epagri;;;2;False;diaria;f590d034c85bf207_diario_derivado;;interna;horaria_agregada;media
2024-03-05;13.435833333333333;24;True;0;2463;vazao;Epagri;;;2;False;diaria;f590d034c85bf207_diario_derivado;;interna;horaria_agregada;media
2024-03-06;6.8445833333333335;24;True;0;2463;vazao;Epagri;;;2;False;diaria;f590d034c85bf207_diario_derivado;;interna;horaria_agregada;media
2024-03-07;5.361249999999999;24;True;0;2463;vazao;Epagri;;;2;False;diaria;f590d034c85bf207_diario_derivado;;interna;horaria_agregada;media
2024-03-08;30.849166666666665;24;True;0;2463;vazao;Epagri;;;2;False;diaria;f590d034c85bf207_diario_derivado;;interna;horaria_agregada;media
2024-03-09;48.21625;24;True;0;2463;vazao;Epagri;;;2;False;diaria;f590d034c85bf207_diario_derivado;;interna;horaria_agregada;media
2024-03-10;13.457083333333335;24;True;0;2463;vazao;Epagri;;;2;False;diaria;f590d034c85bf207_diario_derivado;;interna;horaria_agregada;media
2024-03-11;8.695416666666667;24;True;0;2463;vazao;Epagri;;;2;False;diaria;f590d034c85bf207_diario_derivado;;interna;horaria_agregada;media
2024-03-12;7.113333333333333;24;True;0;2463;vazao;Epagri;;;2;False;diaria;f590d034c85bf207_diario_derivado;;interna;horaria_agregada;media
2024-03-13;6.173333333333333;24;True;0;2463;vazao;Epagri;;;2;False;diaria;f590d034c85bf207_diario_derivado;;interna;horaria_agregada;media
2024-03-14;5.574166666666667;24;True;0;2463;vazao;Epagri;;;2;False;diaria;f590d034c85bf207_diario_derivado;;interna;horaria_agregada;media
2024-03-15;5.13;24;True;0;2463;vazao;Epagri;;;2;False;diaria;f590d034c85bf207_diario_derivado;;interna;horaria_agregada;media
2024-03-16;5.01125;24;True;0;2463;vazao;Epagri;;;2;False;diaria;f590d034c85bf207_diario_derivado;;interna;horaria_agregada;media
2024-03-17;5.404583333333334;24;True;0;2463;vazao;Epagri;;;2;False;diaria;f590d034c85bf207_diario_derivado;;interna;horaria_agregada;media
2024-03-18;4.507499999999999;24;True;0;2463;vazao;Epagri;;;2;False;diaria;f590d034c85bf207_diario_derivado;;interna;horaria_agregada;media
2024-03-19;8.3475;24;True;0;2463;vazao;Epagri;;;2;False;diaria;f590d034c85bf207_diario_derivado;;interna;horaria_agregada;media
2024-03-20;6.004166666666666;24;True;0;2463;vazao;Epagri;;;2;False;diaria;f590d034c85bf207_diario_derivado;;interna;horaria_agregada;media
2024-03-21;4.4975;24;True;0;2463;vazao;Epagri;;;2;False;diaria;f590d034c85bf207_diario_derivado;;interna;horaria_agregada;media
2024-03-22;4.189166666666667;24;True;0;2463;vazao;Epagri;;;2;False;diaria;f590d034c85bf207_diario_derivado;;interna;horaria_agregada;media
2024-03-23;3.9966666666666666;24;True;0;2463;vazao;Epagri;;;2;False;diaria;f590d034c85bf207_diario_derivado;;interna;horaria_agregada;media
2024-03-24;4.383333333333334;24;True;0;2463;vazao;Epagri;;;2;False;diaria;f590d034c85bf207_diario_derivado;;interna;horaria_agregada;media
2024-03-25;4.102083333333334;24;True;0;2463;vazao;Epagri;;;2;False;diaria;f590d034c85bf207_diario_derivado;;interna;horaria_agregada;media
2024-03-26;3.674583333333333;24;True;0;2463;vazao;Epagri;;;2;False;diaria;f590d034c85bf207_diario_derivado;;interna;horaria_agregada;media
2024-03-27;3.5229166666666667;24;True;0;2463;vazao;Epagri;;;2;False;diaria;f590d034c85bf207_diario_derivado;;interna;horaria_agregada;media
2024-03-28;3.4;24;True;0;2463;vazao;Epagri;;;2;False;diaria;f590d034c85bf207_diario_derivado;;interna;horaria_agregada;media
2024-03-29;3.2999999999999994;24;True;0;2463;vazao;Epagri;;;2;False;diaria;f590d034c85bf207_diario_derivado;;interna;horaria_agregada;media
2024-03-30;3.27;24;True;0;2463;vazao;Epagri;;;2;False;diaria;f590d034c85bf207_diario_derivado;;interna;horaria_agregada;media
2024-03-31;3.155;24;True;0;2463;vazao;Epagri;;;2;False;diaria;f590d034c85bf207_diario_derivado;;interna;horaria_agregada;media
2024-04-01;3.06;24;True;0;2463;vazao;Epagri;;;2;False;diaria;f590d034c85bf207_diario_derivado;;interna;horaria_agregada;media
2024-04-02;3.0400000000000005;24;True;0;2463;vazao;Epagri;;;2;False;diaria;f590d034c85bf207_diario_derivado;;interna;horaria_agregada;media
2024-04-03;2.94;24;True;0;2463;vazao;Epagri;;;2;False;diaria;f590d034c85bf207_diario_derivado;;interna;horaria_agregada;media
2024-04-04;3.015;24;True;0;2463;vazao;Epagri;;;2;False;diaria;f590d034c85bf207_diario_derivado;;interna;horaria_agregada;media
2024-04-05;3.06125;24;True;0;2463;vazao;Epagri;;;2;False;diaria;f590d034c85bf207_diario_derivado;;interna;horaria_agregada;media
2024-04-06;4.3187500000000005;24;True;0;2463;vazao;Epagri;;;2;False;diaria;f590d034c85bf207_diario_derivado;;interna;horaria_agregada;media
2024-04-07;3.235;24;True;0;2463;vazao;Epagri;;;2;False;diaria;f590d034c85bf207_diario_derivado;;interna;horaria_agregada;media
2024-04-08;3.16;24;True;0;2463;vazao;Epagri;;;2;False;diaria;f590d034c85bf207_diario_derivado;;interna;horaria_agregada;media
2024-04-09;3.2595833333333335;24;True;0;2463;vazao;Epagri;;;2;False;diaria;f590d034c85bf207_diario_derivado;;interna;horaria_agregada;media
2024-04-10;4.51625;24;True;0;2463;vazao;Epagri;;;2;False;diaria;f590d034c85bf207_diario_derivado;;interna;horaria_agregada;media
2024-04-11;13.667916666666665;24;True;0;2463;vazao;Epagri;;;2;False;diaria;f590d034c85bf207_diario_derivado;;interna;horaria_agregada;media
2024-04-12;33.30375;24;True;0;2463;vazao;Epagri;;;2;False;diaria;f590d034c85bf207_diario_derivado;;interna;horaria_agregada;media
2024-04-13;61.91583333333333;24;True;0;2463;vazao;Epagri;;;2;False;diaria;f590d034c85bf207_diario_derivado;;interna;horaria_agregada;media
2024-04-14;119.68041666666666;24;True;0;2463;vazao;Epagri;;;2;False;diaria;f590d034c85bf207_diario_derivado;;interna;horaria_agregada;media
2024-04-15;224.8975;24;True;0;2463;vazao;Epagri;;;2;False;diaria;f590d034c85bf207_diario_derivado;;interna;horaria_agregada;media
2024-04-16;127.68;24;True;0;2463;vazao;Epagri;;;2;False;diaria;f590d034c85bf207_diario_derivado;;interna;horaria_agregada;media
2024-04-17;45.425000000000004;24;True;0;2463;vazao;Epagri;;;2;False;diaria;f590d034c85bf207_diario_derivado;;interna;horaria_agregada;media
2024-04-18;23.605;24;True;0;2463;vazao;Epagri;;;2;False;diaria;f590d034c85bf207_diario_derivado;;interna;horaria_agregada;media
2024-04-19;16.797916666666666;24;True;0;2463;vazao;Epagri;;;2;False;diaria;f590d034c85bf207_diario_derivado;;interna;horaria_agregada;media
2024-04-20;13.524166666666666;24;True;0;2463;vazao;Epagri;;;2;False;diaria;f590d034c85bf207_diario_derivado;;interna;horaria_agregada;media
2024-04-21;11.584166666666667;24;True;0;2463;vazao;Epagri;;;2;False;diaria;f590d034c85bf207_diario_derivado;;interna;horaria_agregada;media
2024-04-22;10.250416666666666;24;True;0;2463;vazao;Epagri;;;2;False;diaria;f590d034c85bf207_diario_derivado;;interna;horaria_agregada;media
2024-04-23;9.334166666666667;24;True;0;2463;vazao;Epagri;;;2;False;diaria;f590d034c85bf207_diario_derivado;;interna;horaria_agregada;media
2024-04-24;8.597916666666666;24;True;0;2463;vazao;Epagri;;;2;False;diaria;f590d034c85bf207_diario_derivado;;interna;horaria_agregada;media
2024-04-25;12.318333333333333;24;True;0;2463;vazao;Epagri;;;2;False;diaria;f590d034c85bf207_diario_derivado;;interna;horaria_agregada;media
2024-04-26;9.103333333333333;24;True;0;2463;vazao;Epagri;;;2;False;diaria;f590d034c85bf207_diario_derivado;;interna;horaria_agregada;media
2024-04-27;8.022499999999999;24;True;0;2463;vazao;Epagri;;;2;False;diaria;f590d034c85bf207_diario_derivado;;interna;horaria_agregada;media
2024-04-28;7.501666666666666;24;True;0;2463;vazao;Epagri;;;2;False;diaria;f590d034c85bf207_diario_derivado;;interna;horaria_agregada;media
2024-04-29;8.85875;24;True;0;2463;vazao;Epagri;;;2;False;diaria;f590d034c85bf207_diario_derivado;;interna;horaria_agregada;media
2024-04-30;7.35625;24;True;0;2463;vazao;Epagri;;;2;False;diaria;f590d034c85bf207_diario_derivado;;interna;horaria_agregada;media
2024-05-01;6.879583333333334;24;True;0;2463;vazao;Epagri;;;2;False;diaria;f590d034c85bf207_diario_derivado;;interna;horaria_agregada;media
2024-05-02;7.482916666666667;24;True;0;2463;vazao;Epagri;;;2;False;diaria;f590d034c85bf207_diario_derivado;;interna;horaria_agregada;media
2024-05-03;7.050833333333333;24;True;0;2463;vazao;Epagri;;;2;False;diaria;f590d034c85bf207_diario_derivado;;interna;horaria_agregada;media
2024-05-04;8.299999999999999;24;True;0;2463;vazao;Epagri;;;2;False;diaria;f590d034c85bf207_diario_derivado;;interna;horaria_agregada;media
2024-05-05;6.921666666666667;24;True;0;2463;vazao;Epagri;;;2;False;diaria;f590d034c85bf207_diario_derivado;;interna;horaria_agregada;media
2024-05-06;6.232916666666667;24;True;0;2463;vazao;Epagri;;;2;False;diaria;f590d034c85bf207_diario_derivado;;interna;horaria_agregada;media
2024-05-07;5.905;24;True;0;2463;vazao;Epagri;;;2;False;diaria;f590d034c85bf207_diario_derivado;;interna;horaria_agregada;media
2024-05-08;5.708749999999999;24;True;0;2463;vazao;Epagri;;;2;False;diaria;f590d034c85bf207_diario_derivado;;interna;horaria_agregada;media
2024-05-09;5.56375;24;True;0;2463;vazao;Epagri;;;2;False;diaria;f590d034c85bf207_diario_derivado;;interna;horaria_agregada;media
2024-05-10;7.180416666666667;24;True;0;2463;vazao;Epagri;;;2;False;diaria;f590d034c85bf207_diario_derivado;;interna;horaria_agregada;media
2024-05-11;5.96125;24;True;0;2463;vazao;Epagri;;;2;False;diaria;f590d034c85bf207_diario_derivado;;interna;horaria_agregada;media
2024-05-12;7.28125;24;True;0;2463;vazao;Epagri;;;2;False;diaria;f590d034c85bf207_diario_derivado;;interna;horaria_agregada;media
2024-05-13;6.984583333333333;24;True;0;2463;vazao;Epagri;;;2;False;diaria;f590d034c85bf207_diario_derivado;;interna;horaria_agregada;media
2024-05-14;11.50875;24;True;0;2463;vazao;Epagri;;;2;False;diaria;f590d034c85bf207_diario_derivado;;interna;horaria_agregada;media
2024-05-15;6.3758333333333335;24;True;0;2463;vazao;Epagri;;;2;False;diaria;f590d034c85bf207_diario_derivado;;interna;horaria_agregada;media
2024-05-16;5.734166666666667;24;True;0;2463;vazao;Epagri;;;2;False;diaria;f590d034c85bf207_diario_derivado;;interna;horaria_agregada;media
2024-05-17;5.65375;24;True;0;2463;vazao;Epagri;;;2;False;diaria;f590d034c85bf207_diario_derivado;;interna;horaria_agregada;media
2024-05-18;23.43625;24;True;0;2463;vazao;Epagri;;;2;False;diaria;f590d034c85bf207_diario_derivado;;interna;horaria_agregada;media
2024-05-19;30.397499999999997;24;True;0;2463;vazao;Epagri;;;2;False;diaria;f590d034c85bf207_diario_derivado;;interna;horaria_agregada;media
2024-05-20;11.64125;24;True;0;2463;vazao;Epagri;;;2;False;diaria;f590d034c85bf207_diario_derivado;;interna;horaria_agregada;media
2024-05-21;8.11125;24;True;0;2463;vazao;Epagri;;;2;False;diaria;f590d034c85bf207_diario_derivado;;interna;horaria_agregada;media
2024-05-22;7.164166666666667;24;True;0;2463;vazao;Epagri;;;2;False;diaria;f590d034c85bf207_diario_derivado;;interna;horaria_agregada;media
2024-05-23;6.59;24;True;0;2463;vazao;Epagri;;;2;False;diaria;f590d034c85bf207_diario_derivado;;interna;horaria_agregada;media
2024-05-24;11.741666666666667;24;True;0;2463;vazao;Epagri;;;2;False;diaria;f590d034c85bf207_diario_derivado;;interna;horaria_agregada;media
2024-05-25;6.81625;24;True;0;2463;vazao;Epagri;;;2;False;diaria;f590d034c85bf207_diario_derivado;;interna;horaria_agregada;media
2024-05-26;6.111666666666667;24;True;0;2463;vazao;Epagri;;;2;False;diaria;f590d034c85bf207_diario_derivado;;interna;horaria_agregada;media
2024-05-27;18.974166666666665;24;True;0;2463;vazao;Epagri;;;2;False;diaria;f590d034c85bf207_diario_derivado;;interna;horaria_agregada;media
2024-05-28;13.68625;24;True;0;2463;vazao;Epagri;;;2;False;diaria;f590d034c85bf207_diario_derivado;;interna;horaria_agregada;media
2024-05-29;7.4695833333333335;24;True;0;2463;vazao;Epagri;;;2;False;diaria;f590d034c85bf207_diario_derivado;;interna;horaria_agregada;media
2024-05-30;6.663333333333333;24;True;0;2463;vazao;Epagri;;;2;False;diaria;f590d034c85bf207_diario_derivado;;interna;horaria_agregada;media
2024-05-31;6.239166666666667;24;True;0;2463;vazao;Epagri;;;2;False;diaria;f590d034c85bf207_diario_derivado;;interna;horaria_agregada;media
2024-06-01;5.923749999999999;24;True;0;2463;vazao;Epagri;;;2;False;diaria;f590d034c85bf207_diario_derivado;;interna;horaria_agregada;media
2024-06-02;5.739166666666667;24;True;0;2463;vazao;Epagri;;;2;False;diaria;f590d034c85bf207_diario_derivado;;interna;horaria_agregada;media
2024-06-03;5.502916666666667;24;True;0;2463;vazao;Epagri;;;2;False;diaria;f590d034c85bf207_diario_derivado;;interna;horaria_agregada;media
2024-06-04;5.355833333333333;24;True;0;2463;vazao;Epagri;;;2;False;diaria;f590d034c85bf207_diario_derivado;;interna;horaria_agregada;media
2024-06-05;5.1937500000000005;24;True;0;2463;vazao;Epagri;;;2;False;diaria;f590d034c85bf207_diario_derivado;;interna;horaria_agregada;media
2024-06-06;5.069166666666667;24;True;0;2463;vazao;Epagri;;;2;False;diaria;f590d034c85bf207_diario_derivado;;interna;horaria_agregada;media
2024-06-07;4.7875000000000005;24;True;0;2463;vazao;Epagri;;;2;False;diaria;f590d034c85bf207_diario_derivado;;interna;horaria_agregada;media
2024-06-08;4.56;24;True;0;2463;vazao;Epagri;;;2;False;diaria;f590d034c85bf207_diario_derivado;;interna;horaria_agregada;media
2024-06-09;4.44;24;True;0;2463;vazao;Epagri;;;2;False;diaria;f590d034c85bf207_diario_derivado;;interna;horaria_agregada;media
2024-06-10;4.3950000000000005;24;True;0;2463;vazao;Epagri;;;2;False;diaria;f590d034c85bf207_diario_derivado;;interna;horaria_agregada;media
2024-06-11;4.32;24;True;0;2463;vazao;Epagri;;;2;False;diaria;f590d034c85bf207_diario_derivado;;interna;horaria_agregada;media
2024-06-12;4.295000000000001;24;True;0;2463;vazao;Epagri;;;2;False;diaria;f590d034c85bf207_diario_derivado;;interna;horaria_agregada;media
2024-06-13;4.175;24;True;0;2463;vazao;Epagri;;;2;False;diaria;f590d034c85bf207_diario_derivado;;interna;horaria_agregada;media
2024-06-14;4.06;24;True;0;2463;vazao;Epagri;;;2;False;diaria;f590d034c85bf207_diario_derivado;;interna;horaria_agregada;media
2024-06-15;3.9599999999999995;24;True;0;2463;vazao;Epagri;;;2;False;diaria;f590d034c85bf207_diario_derivado;;interna;horaria_agregada;media
2024-06-16;3.965;24;True;0;2463;vazao;Epagri;;;2;False;diaria;f590d034c85bf207_diario_derivado;;interna;horaria_agregada;media
2024-06-17;4.3549999999999995;24;True;0;2463;vazao;Epagri;;;2;False;diaria;f590d034c85bf207_diario_derivado;;interna;horaria_agregada;media
2024-06-18;5.33875;24;True;0;2463;vazao;Epagri;;;2;False;diaria;f590d034c85bf207_diario_derivado;;interna;horaria_agregada;media
2024-06-19;4.3879166666666665;24;True;0;2463;vazao;Epagri;;;2;False;diaria;f590d034c85bf207_diario_derivado;;interna;horaria_agregada;media
2024-06-20;4.670833333333333;24;True;0;2463;vazao;Epagri;;;2;False;diaria;f590d034c85bf207_diario_derivado;;interna;horaria_agregada;media
2024-06-21;4.377916666666667;24;True;0;2463;vazao;Epagri;;;2;False;diaria;f590d034c85bf207_diario_derivado;;interna;horaria_agregada;media
2024-06-22;4.000416666666667;24;True;0;2463;vazao;Epagri;;;2;False;diaria;f590d034c85bf207_diario_derivado;;interna;horaria_agregada;media
2024-06-23;3.8408333333333338;24;True;0;2463;vazao;Epagri;;;2;False;diaria;f590d034c85bf207_diario_derivado;;interna;horaria_agregada;media
2024-06-24;18.862083333333334;24;True;0;2463;vazao;Epagri;;;2;False;diaria;f590d034c85bf207_diario_derivado;;interna;horaria_agregada;media
2024-06-25;7.7941666666666665;24;True;0;2463;vazao;Epagri;;;2;False;diaria;f590d034c85bf207_diario_derivado;;interna;horaria_agregada;media
2024-06-26;20.72791666666667;24;True;0;2463;vazao;Epagri;;;2;False;diaria;f590d034c85bf207_diario_derivado;;interna;horaria_agregada;media
2024-06-27;6.512083333333333;24;True;0;2463;vazao;Epagri;;;2;False;diaria;f590d034c85bf207_diario_derivado;;interna;horaria_agregada;media
2024-06-28;5.204583333333333;24;True;0;2463;vazao;Epagri;;;2;False;diaria;f590d034c85bf207_diario_derivado;;interna;horaria_agregada;media
2024-06-29;4.7225;24;True;0;2463;vazao;Epagri;;;2;False;diaria;f590d034c85bf207_diario_derivado;;interna;horaria_agregada;media
2024-06-30;4.415;24;True;0;2463;vazao;Epagri;;;2;False;diaria;f590d034c85bf207_diario_derivado;;interna;horaria_agregada;media
2024-07-01;4.22;24;True;0;2463;vazao;Epagri;;;2;False;diaria;f590d034c85bf207_diario_derivado;;interna;horaria_agregada;media
2024-07-02;4.09;24;True;0;2463;vazao;Epagri;;;2;False;diaria;f590d034c85bf207_diario_derivado;;interna;horaria_agregada;media
2024-07-03;4.035;24;True;0;2463;vazao;Epagri;;;2;False;diaria;f590d034c85bf207_diario_derivado;;interna;horaria_agregada;media
2024-07-04;3.9599999999999995;24;True;0;2463;vazao;Epagri;;;2;False;diaria;f590d034c85bf207_diario_derivado;;interna;horaria_agregada;media
2024-07-05;3.950833333333333;24;True;0;2463;vazao;Epagri;;;2;False;diaria;f590d034c85bf207_diario_derivado;;interna;horaria_agregada;media
2024-07-06;4.267916666666667;24;True;0;2463;vazao;Epagri;;;2;False;diaria;f590d034c85bf207_diario_derivado;;interna;horaria_agregada;media
2024-07-07;30.552916666666665;24;True;0;2463;vazao;Epagri;;;2;False;diaria;f590d034c85bf207_diario_derivado;;interna;horaria_agregada;media
2024-07-08;17.425;24;True;0;2463;vazao;Epagri;;;2;False;diaria;f590d034c85bf207_diario_derivado;;interna;horaria_agregada;media
2024-07-09;7.615833333333334;24;True;0;2463;vazao;Epagri;;;2;False;diaria;f590d034c85bf207_diario_derivado;;interna;horaria_agregada;media
2024-07-10;20.547916666666666;24;True;0;2463;vazao;Epagri;;;2;False;diaria;f590d034c85bf207_diario_derivado;;interna;horaria_agregada;media
2024-07-11;16.122916666666665;24;True;0;2463;vazao;Epagri;;;2;False;diaria;f590d034c85bf207_diario_derivado;;interna;horaria_agregada;media
2024-07-12;21.15625;24;True;0;2463;vazao;Epagri;;;2;False;diaria;f590d034c85bf207_diario_derivado;;interna;horaria_agregada;media
2024-07-13;11.075833333333334;24;True;0;2463;vazao;Epagri;;;2;False;diaria;f590d034c85bf207_diario_derivado;;interna;horaria_agregada;media
2024-07-14;38.905;24;True;0;2463;vazao;Epagri;;;2;False;diaria;f590d034c85bf207_diario_derivado;;interna;horaria_agregada;media
2024-07-15;23.274583333333336;24;True;0;2463;vazao;Epagri;;;2;False;diaria;f590d034c85bf207_diario_derivado;;interna;horaria_agregada;media
2024-07-16;15.13;24;True;0;2463;vazao;Epagri;;;2;False;diaria;f590d034c85bf207_diario_derivado;;interna;horaria_agregada;media
2024-07-17;11.738750000000001;24;True;0;2463;vazao;Epagri;;;2;False;diaria;f590d034c85bf207_diario_derivado;;interna;horaria_agregada;media
2024-07-18;8.984583333333333;24;True;0;2463;vazao;Epagri;;;2;False;diaria;f590d034c85bf207_diario_derivado;;interna;horaria_agregada;media
2024-07-19;7.769583333333333;24;True;0;2463;vazao;Epagri;;;2;False;diaria;f590d034c85bf207_diario_derivado;;interna;horaria_agregada;media
2024-07-20;7.002916666666667;24;True;0;2463;vazao;Epagri;;;2;False;diaria;f590d034c85bf207_diario_derivado;;interna;horaria_agregada;media
2024-07-21;6.536666666666666;24;True;0;2463;vazao;Epagri;;;2;False;diaria;f590d034c85bf207_diario_derivado;;interna;horaria_agregada;media
2024-07-22;6.111666666666667;24;True;0;2463;vazao;Epagri;;;2;False;diaria;f590d034c85bf207_diario_derivado;;interna;horaria_agregada;media
2024-07-23;5.800416666666667;24;True;0;2463;vazao;Epagri;;;2;False;diaria;f590d034c85bf207_diario_derivado;;interna;horaria_agregada;media
2024-07-24;5.55875;24;True;0;2463;vazao;Epagri;;;2;False;diaria;f590d034c85bf207_diario_derivado;;interna;horaria_agregada;media
2024-07-25;5.320833333333333;24;True;0;2463;vazao;Epagri;;;2;False;diaria;f590d034c85bf207_diario_derivado;;interna;horaria_agregada;media
2024-07-26;5.172083333333333;24;True;0;2463;vazao;Epagri;;;2;False;diaria;f590d034c85bf207_diario_derivado;;interna;horaria_agregada;media
2024-07-27;5.042083333333333;24;True;0;2463;vazao;Epagri;;;2;False;diaria;f590d034c85bf207_diario_derivado;;interna;horaria_agregada;media
2024-07-28;4.879583333333334;24;True;0;2463;vazao;Epagri;;;2;False;diaria;f590d034c85bf207_diario_derivado;;interna;horaria_agregada;media
2024-07-29;5.138333333333334;24;True;0;2463;vazao;Epagri;;;2;False;diaria;f590d034c85bf207_diario_derivado;;interna;horaria_agregada;media
2024-07-30;4.912083333333333;24;True;0;2463;vazao;Epagri;;;2;False;diaria;f590d034c85bf207_diario_derivado;;interna;horaria_agregada;media
2024-07-31;4.749583333333334;24;True;0;2463;vazao;Epagri;;;2;False;diaria;f590d034c85bf207_diario_derivado;;interna;horaria_agregada;media
2024-08-01;;15;False;0;2463;vazao;Epagri;;;2;False;diaria;f590d034c85bf207_diario_derivado;;interna;horaria_agregada;media
2024-08-02;;0;False;0;2463;vazao;Epagri;;;2;False;diaria;f590d034c85bf207_diario_derivado;;interna;horaria_agregada;media
2024-08-03;;0;False;0;2463;vazao;Epagri;;;2;False;diaria;f590d034c85bf207_diario_derivado;;interna;horaria_agregada;media
2024-08-04;;0;False;0;2463;vazao;Epagri;;;2;False;diaria;f590d034c85bf207_diario_derivado;;interna;horaria_agregada;media
2024-08-05;;0;False;0;2463;vazao;Epagri;;;2;False;diaria;f590d034c85bf207_diario_derivado;;interna;horaria_agregada;media
2024-08-06;;0;False;0;2463;vazao;Epagri;;;2;False;diaria;f590d034c85bf207_diario_derivado;;interna;horaria_agregada;media
2024-08-07;;0;False;0;2463;vazao;Epagri;;;2;False;diaria;f590d034c85bf207_diario_derivado;;interna;horaria_agregada;media
2024-08-08;;0;False;0;2463;vazao;Epagri;;;2;False;diaria;f590d034c85bf207_diario_derivado;;interna;horaria_agregada;media
2024-08-09;;0;False;0;2463;vazao;Epagri;;;2;False;diaria;f590d034c85bf207_diario_derivado;;interna;horaria_agregada;media
2024-08-10;;0;False;0;2463;vazao;Epagri;;;2;False;diaria;f590d034c85bf207_diario_derivado;;interna;horaria_agregada;media
2024-08-11;;0;False;0;2463;vazao;Epagri;;;2;False;diaria;f590d034c85bf207_diario_derivado;;interna;horaria_agregada;media
2024-08-12;;0;False;0;2463;vazao;Epagri;;;2;False;diaria;f590d034c85bf207_diario_derivado;;interna;horaria_agregada;media
2024-08-13;;0;False;0;2463;vazao;Epagri;;;2;False;diaria;f590d034c85bf207_diario_derivado;;interna;horaria_agregada;media
2024-08-14;;9;False;0;2463;vazao;Epagri;;;2;False;diaria;f590d034c85bf207_diario_derivado;;interna;horaria_agregada;media
2024-08-15;3.74;24;True;0;2463;vazao;Epagri;;;2;False;diaria;f590d034c85bf207_diario_derivado;;interna;horaria_agregada;media
2024-08-16;3.74;24;True;0;2463;vazao;Epagri;;;2;False;diaria;f590d034c85bf207_diario_derivado;;interna;horaria_agregada;media
2024-08-17;3.7308333333333334;24;True;0;2463;vazao;Epagri;;;2;False;diaria;f590d034c85bf207_diario_derivado;;interna;horaria_agregada;media
2024-08-18;3.6620833333333334;24;True;0;2463;vazao;Epagri;;;2;False;diaria;f590d034c85bf207_diario_derivado;;interna;horaria_agregada;media
2024-08-19;3.6300000000000003;24;True;0;2463;vazao;Epagri;;;2;False;diaria;f590d034c85bf207_diario_derivado;;interna;horaria_agregada;media
2024-08-20;3.5966666666666662;24;True;0;2463;vazao;Epagri;;;2;False;diaria;f590d034c85bf207_diario_derivado;;interna;horaria_agregada;media
2024-08-21;3.735416666666667;24;True;0;2463;vazao;Epagri;;;2;False;diaria;f590d034c85bf207_diario_derivado;;interna;horaria_agregada;media
2024-08-22;3.6620833333333334;24;True;0;2463;vazao;Epagri;;;2;False;diaria;f590d034c85bf207_diario_derivado;;interna;horaria_agregada;media
2024-08-23;3.7108333333333334;24;True;0;2463;vazao;Epagri;;;2;False;diaria;f590d034c85bf207_diario_derivado;;interna;horaria_agregada;media
2024-08-24;4.245833333333334;24;True;0;2463;vazao;Epagri;;;2;False;diaria;f590d034c85bf207_diario_derivado;;interna;horaria_agregada;media
2024-08-25;4.039166666666667;24;True;0;2463;vazao;Epagri;;;2;False;diaria;f590d034c85bf207_diario_derivado;;interna;horaria_agregada;media
2024-08-26;3.5725;24;True;0;2463;vazao;Epagri;;;2;False;diaria;f590d034c85bf207_diario_derivado;;interna;horaria_agregada;media
2024-08-27;3.424583333333333;24;True;0;2463;vazao;Epagri;;;2;False;diaria;f590d034c85bf207_diario_derivado;;interna;horaria_agregada;media
2024-08-28;3.42;24;True;0;2463;vazao;Epagri;;;2;False;diaria;f590d034c85bf207_diario_derivado;;interna;horaria_agregada;media
2024-08-29;3.4116666666666666;24;True;0;2463;vazao;Epagri;;;2;False;diaria;f590d034c85bf207_diario_derivado;;interna;horaria_agregada;media
2024-08-30;3.3616666666666664;24;True;0;2463;vazao;Epagri;;;2;False;diaria;f590d034c85bf207_diario_derivado;;interna;horaria_agregada;media
2024-08-31;3.32;24;True;0;2463;vazao;Epagri;;;2;False;diaria;f590d034c85bf207_diario_derivado;;interna;horaria_agregada;media
2024-09-01;3.3241666666666667;24;True;0;2463;vazao;Epagri;;;2;False;diaria;f590d034c85bf207_diario_derivado;;interna;horaria_agregada;media
2024-09-02;3.3241666666666667;24;True;0;2463;vazao;Epagri;;;2;False;diaria;f590d034c85bf207_diario_derivado;;interna;horaria_agregada;media
2024-09-03;3.2741666666666664;24;True;0;2463;vazao;Epagri;;;2;False;diaria;f590d034c85bf207_diario_derivado;;interna;horaria_agregada;media
2024-09-04;3.224166666666667;24;True;0;2463;vazao;Epagri;;;2;False;diaria;f590d034c85bf207_diario_derivado;;interna;horaria_agregada;media
2024-09-05;3.3845833333333335;24;True;0;2463;vazao;Epagri;;;2;False;diaria;f590d034c85bf207_diario_derivado;;interna;horaria_agregada;media
2024-09-06;3.2825;24;True;0;2463;vazao;Epagri;;;2;False;diaria;f590d034c85bf207_diario_derivado;;interna;horaria_agregada;media
2024-09-07;3.22;24;True;0;2463;vazao;Epagri;;;2;False;diaria;f590d034c85bf207_diario_derivado;;interna;horaria_agregada;media
2024-09-08;3.22;24;True;0;2463;vazao;Epagri;;;2;False;diaria;f590d034c85bf207_diario_derivado;;interna;horaria_agregada;media
2024-09-09;3.2158333333333338;24;True;0;2463;vazao;Epagri;;;2;False;diaria;f590d034c85bf207_diario_derivado;;interna;horaria_agregada;media
2024-09-10;3.161666666666667;24;True;0;2463;vazao;Epagri;;;2;False;diaria;f590d034c85bf207_diario_derivado;;interna;horaria_agregada;media
2024-09-11;3.1199999999999997;24;True;0;2463;vazao;Epagri;;;2;False;diaria;f590d034c85bf207_diario_derivado;;interna;horaria_agregada;media
2024-09-12;3.0975;24;True;0;2463;vazao;Epagri;;;2;False;diaria;f590d034c85bf207_diario_derivado;;interna;horaria_agregada;media
2024-09-13;3.1520833333333336;24;True;0;2463;vazao;Epagri;;;2;False;diaria;f590d034c85bf207_diario_derivado;;interna;horaria_agregada;media
2024-09-14;3.94375;24;True;0;2463;vazao;Epagri;;;2;False;diaria;f590d034c85bf207_diario_derivado;;interna;horaria_agregada;media
2024-09-15;3.470833333333333;24;True;0;2463;vazao;Epagri;;;2;False;diaria;f590d034c85bf207_diario_derivado;;interna;horaria_agregada;media
2024-09-16;5.305000000000001;24;True;0;2463;vazao;Epagri;;;2;False;diaria;f590d034c85bf207_diario_derivado;;interna;horaria_agregada;media
2024-09-17;3.7687500000000003;24;True;0;2463;vazao;Epagri;;;2;False;diaria;f590d034c85bf207_diario_derivado;;interna;horaria_agregada;media
2024-09-18;3.328333333333333;24;True;0;2463;vazao;Epagri;;;2;False;diaria;f590d034c85bf207_diario_derivado;;interna;horaria_agregada;media
2024-09-19;3.2533333333333334;24;True;0;2463;vazao;Epagri;;;2;False;diaria;f590d034c85bf207_diario_derivado;;interna;horaria_agregada;media
2024-09-20;13.697916666666666;24;True;0;2463;vazao;Epagri;;;2;False;diaria;f590d034c85bf207_diario_derivado;;interna;horaria_agregada;media
2024-09-21;5.888333333333333;24;True;0;2463;vazao;Epagri;;;2;False;diaria;f590d034c85bf207_diario_derivado;;interna;horaria_agregada;media
2024-09-22;3.8804166666666666;24;True;0;2463;vazao;Epagri;;;2;False;diaria;f590d034c85bf207_diario_derivado;;interna;horaria_agregada;media
2024-09-23;3.528333333333333;24;True;0;2463;vazao;Epagri;;;2;False;diaria;f590d034c85bf207_diario_derivado;;interna;horaria_agregada;media
2024-09-24;3.3825;24;True;0;2463;vazao;Epagri;;;2;False;diaria;f590d034c85bf207_diario_derivado;;interna;horaria_agregada;media
2024-09-25;3.3074999999999997;24;True;0;2463;vazao;Epagri;;;2;False;diaria;f590d034c85bf207_diario_derivado;;interna;horaria_agregada;media
2024-09-26;3.22;24;True;0;2463;vazao;Epagri;;;2;False;diaria;f590d034c85bf207_diario_derivado;;interna;horaria_agregada;media
2024-09-27;3.22;24;True;0;2463;vazao;Epagri;;;2;False;diaria;f590d034c85bf207_diario_derivado;;interna;horaria_agregada;media
2024-09-28;3.1199999999999997;24;True;0;2463;vazao;Epagri;;;2;False;diaria;f590d034c85bf207_diario_derivado;;interna;horaria_agregada;media
2024-09-29;3.1012500000000003;24;True;0;2463;vazao;Epagri;;;2;False;diaria;f590d034c85bf207_diario_derivado;;interna;horaria_agregada;media
2024-09-30;;23;False;0;2463;vazao;Epagri;;;2;False;diaria;f590d034c85bf207_diario_derivado;;interna;horaria_agregada;media
2024-10-01;;23;False;0;2463;vazao;Epagri;;;2;False;diaria;f590d034c85bf207_diario_derivado;;interna;horaria_agregada;media
2024-10-02;18.914583333333333;24;True;0;2463;vazao;Epagri;;;2;False;diaria;f590d034c85bf207_diario_derivado;;interna;horaria_agregada;media
2024-10-03;8.137500000000001;24;True;0;2463;vazao;Epagri;;;2;False;diaria;f590d034c85bf207_diario_derivado;;interna;horaria_agregada;media
2024-10-04;4.342083333333334;24;True;0;2463;vazao;Epagri;;;2;False;diaria;f590d034c85bf207_diario_derivado;;interna;horaria_agregada;media
2024-10-05;3.785833333333333;24;True;0;2463;vazao;Epagri;;;2;False;diaria;f590d034c85bf207_diario_derivado;;interna;horaria_agregada;media
2024-10-06;3.54625;24;True;0;2463;vazao;Epagri;;;2;False;diaria;f590d034c85bf207_diario_derivado;;interna;horaria_agregada;media
2024-10-07;3.4075;24;True;0;2463;vazao;Epagri;;;2;False;diaria;f590d034c85bf207_diario_derivado;;interna;horaria_agregada;media
2024-10-08;3.5104166666666665;24;True;0;2463;vazao;Epagri;;;2;False;diaria;f590d034c85bf207_diario_derivado;;interna;horaria_agregada;media
2024-10-09;8.3175;24;True;0;2463;vazao;Epagri;;;2;False;diaria;f590d034c85bf207_diario_derivado;;interna;horaria_agregada;media
2024-10-10;27.168333333333333;24;True;0;2463;vazao;Epagri;;;2;False;diaria;f590d034c85bf207_diario_derivado;;interna;horaria_agregada;media
2024-10-11;75.43625;24;True;0;2463;vazao;Epagri;;;2;False;diaria;f590d034c85bf207_diario_derivado;;interna;horaria_agregada;media
2024-10-12;11.594999999999999;24;True;0;2463;vazao;Epagri;;;2;False;diaria;f590d034c85bf207_diario_derivado;;interna;horaria_agregada;media
2024-10-13;7.164166666666667;24;True;0;2463;vazao;Epagri;;;2;False;diaria;f590d034c85bf207_diario_derivado;;interna;horaria_agregada;media
2024-10-14;5.882916666666667;24;True;0;2463;vazao;Epagri;;;2;False;diaria;f590d034c85bf207_diario_derivado;;interna;horaria_agregada;media
2024-10-15;9.74;24;True;0;2463;vazao;Epagri;;;2;False;diaria;f590d034c85bf207_diario_derivado;;interna;horaria_agregada;media
2024-10-16;7.19875;24;True;0;2463;vazao;Epagri;;;2;False;diaria;f590d034c85bf207_diario_derivado;;interna;horaria_agregada;media
2024-10-17;5.578333333333333;24;True;0;2463;vazao;Epagri;;;2;False;diaria;f590d034c85bf207_diario_derivado;;interna;horaria_agregada;media
2024-10-18;5.06375;24;True;0;2463;vazao;Epagri;;;2;False;diaria;f590d034c85bf207_diario_derivado;;interna;horaria_agregada;media
2024-10-19;4.80375;24;True;0;2463;vazao;Epagri;;;2;False;diaria;f590d034c85bf207_diario_derivado;;interna;horaria_agregada;media
2024-10-20;4.594166666666667;24;True;0;2463;vazao;Epagri;;;2;False;diaria;f590d034c85bf207_diario_derivado;;interna;horaria_agregada;media
2024-10-21;6.639583333333333;24;True;0;2463;vazao;Epagri;;;2;False;diaria;f590d034c85bf207_diario_derivado;;interna;horaria_agregada;media
2024-10-22;6.697500000000001;24;True;0;2463;vazao;Epagri;;;2;False;diaria;f590d034c85bf207_diario_derivado;;interna;horaria_agregada;media
2024-10-23;4.92875;24;True;0;2463;vazao;Epagri;;;2;False;diaria;f590d034c85bf207_diario_derivado;;interna;horaria_agregada;media
2024-10-24;4.614166666666667;24;True;0;2463;vazao;Epagri;;;2;False;diaria;f590d034c85bf207_diario_derivado;;interna;horaria_agregada;media
2024-10-25;4.726666666666667;24;True;0;2463;vazao;Epagri;;;2;False;diaria;f590d034c85bf207_diario_derivado;;interna;horaria_agregada;media
2024-10-26;4.17;24;True;0;2463;vazao;Epagri;;;2;False;diaria;f590d034c85bf207_diario_derivado;;interna;horaria_agregada;media
2024-10-27;3.9462499999999996;24;True;0;2463;vazao;Epagri;;;2;False;diaria;f590d034c85bf207_diario_derivado;;interna;horaria_agregada;media
2024-10-28;3.85;24;True;0;2463;vazao;Epagri;;;2;False;diaria;f590d034c85bf207_diario_derivado;;interna;horaria_agregada;media
2024-10-29;3.85;24;True;0;2463;vazao;Epagri;;;2;False;diaria;f590d034c85bf207_diario_derivado;;interna;horaria_agregada;media
2024-10-30;4.14625;24;True;0;2463;vazao;Epagri;;;2;False;diaria;f590d034c85bf207_diario_derivado;;interna;horaria_agregada;media
2024-10-31;6.679583333333333;24;True;0;2463;vazao;Epagri;;;2;False;diaria;f590d034c85bf207_diario_derivado;;interna;horaria_agregada;media
2024-11-01;4.401666666666666;24;True;0;2463;vazao;Epagri;;;2;False;diaria;f590d034c85bf207_diario_derivado;;interna;horaria_agregada;media
2024-11-02;5.583333333333333;24;True;0;2463;vazao;Epagri;;;2;False;diaria;f590d034c85bf207_diario_derivado;;interna;horaria_agregada;media
2024-11-03;45.50083333333333;24;True;0;2463;vazao;Epagri;;;2;False;diaria;f590d034c85bf207_diario_derivado;;interna;horaria_agregada;media
2024-11-04;117.8075;24;True;0;2463;vazao;Epagri;;;2;False;diaria;f590d034c85bf207_diario_derivado;;interna;horaria_agregada;media
2024-11-05;78.78208333333333;24;True;0;2463;vazao;Epagri;;;2;False;diaria;f590d034c85bf207_diario_derivado;;interna;horaria_agregada;media
2024-11-06;25.781666666666666;24;True;0;2463;vazao;Epagri;;;2;False;diaria;f590d034c85bf207_diario_derivado;;interna;horaria_agregada;media
2024-11-07;28.969166666666666;24;True;0;2463;vazao;Epagri;;;2;False;diaria;f590d034c85bf207_diario_derivado;;interna;horaria_agregada;media
2024-11-08;17.031666666666666;24;True;0;2463;vazao;Epagri;;;2;False;diaria;f590d034c85bf207_diario_derivado;;interna;horaria_agregada;media
2024-11-09;11.8975;24;True;0;2463;vazao;Epagri;;;2;False;diaria;f590d034c85bf207_diario_derivado;;interna;horaria_agregada;media
2024-11-10;9.68125;24;True;0;2463;vazao;Epagri;;;2;False;diaria;f590d034c85bf207_diario_derivado;;interna;horaria_agregada;media
2024-11-11;8.520416666666668;24;True;0;2463;vazao;Epagri;;;2;False;diaria;f590d034c85bf207_diario_derivado;;interna;horaria_agregada;media
2024-11-12;7.762083333333333;24;True;0;2463;vazao;Epagri;;;2;False;diaria;f590d034c85bf207_diario_derivado;;interna;horaria_agregada;media
2024-11-13;6.975833333333334;24;True;0;2463;vazao;Epagri;;;2;False;diaria;f590d034c85bf207_diario_derivado;;interna;horaria_agregada;media
2024-11-14;6.489999999999999;24;True;0;2463;vazao;Epagri;;;2;False;diaria;f590d034c85bf207_diario_derivado;;interna;horaria_agregada;media
2024-11-15;6.14875;24;True;0;2463;vazao;Epagri;;;2;False;diaria;f590d034c85bf207_diario_derivado;;interna;horaria_agregada;media
2024-11-16;8.536666666666667;24;True;0;2463;vazao;Epagri;;;2;False;diaria;f590d034c85bf207_diario_derivado;;interna;horaria_agregada;media
2024-11-17;7.147916666666667;24;True;0;2463;vazao;Epagri;;;2;False;diaria;f590d034c85bf207_diario_derivado;;interna;horaria_agregada;media
2024-11-18;6.017916666666667;24;True;0;2463;vazao;Epagri;;;2;False;diaria;f590d034c85bf207_diario_derivado;;interna;horaria_agregada;media
2024-11-19;5.60125;24;True;0;2463;vazao;Epagri;;;2;False;diaria;f590d034c85bf207_diario_derivado;;interna;horaria_agregada;media
2024-11-20;19.28625;24;True;0;2463;vazao;Epagri;;;2;False;diaria;f590d034c85bf207_diario_derivado;;interna;horaria_agregada;media
2024-11-21;16.267083333333332;24;True;0;2463;vazao;Epagri;;;2;False;diaria;f590d034c85bf207_diario_derivado;;interna;horaria_agregada;media
2024-11-22;25.840416666666666;24;True;0;2463;vazao;Epagri;;;2;False;diaria;f590d034c85bf207_diario_derivado;;interna;horaria_agregada;media
2024-11-23;18.048333333333336;24;True;0;2463;vazao;Epagri;;;2;False;diaria;f590d034c85bf207_diario_derivado;;interna;horaria_agregada;media
2024-11-24;12.893749999999999;24;True;0;2463;vazao;Epagri;;;2;False;diaria;f590d034c85bf207_diario_derivado;;interna;horaria_agregada;media
2024-11-25;8.87625;24;True;0;2463;vazao;Epagri;;;2;False;diaria;f590d034c85bf207_diario_derivado;;interna;horaria_agregada;media
2024-11-26;7.583333333333333;24;True;0;2463;vazao;Epagri;;;2;False;diaria;f590d034c85bf207_diario_derivado;;interna;horaria_agregada;media
2024-11-27;7.165;24;True;0;2463;vazao;Epagri;;;2;False;diaria;f590d034c85bf207_diario_derivado;;interna;horaria_agregada;media
2024-11-28;7.619583333333334;24;True;0;2463;vazao;Epagri;;;2;False;diaria;f590d034c85bf207_diario_derivado;;interna;horaria_agregada;media
2024-11-29;6.65125;24;True;0;2463;vazao;Epagri;;;2;False;diaria;f590d034c85bf207_diario_derivado;;interna;horaria_agregada;media
2024-11-30;6.267083333333333;24;True;0;2463;vazao;Epagri;;;2;False;diaria;f590d034c85bf207_diario_derivado;;interna;horaria_agregada;media
2024-12-01;6.234166666666667;24;True;0;2463;vazao;Epagri;;;2;False;diaria;f590d034c85bf207_diario_derivado;;interna;horaria_agregada;media
2024-12-02;6.3875;24;True;0;2463;vazao;Epagri;;;2;False;diaria;f590d034c85bf207_diario_derivado;;interna;horaria_agregada;media
2024-12-03;5.667916666666667;24;True;0;2463;vazao;Epagri;;;2;False;diaria;f590d034c85bf207_diario_derivado;;interna;horaria_agregada;media
2024-12-04;5.3325;24;True;0;2463;vazao;Epagri;;;2;False;diaria;f590d034c85bf207_diario_derivado;;interna;horaria_agregada;media
2024-12-05;5.107083333333334;24;True;0;2463;vazao;Epagri;;;2;False;diaria;f590d034c85bf207_diario_derivado;;interna;horaria_agregada;media
2024-12-06;4.928333333333334;24;True;0;2463;vazao;Epagri;;;2;False;diaria;f590d034c85bf207_diario_derivado;;interna;horaria_agregada;media
2024-12-07;17.820416666666667;24;True;0;2463;vazao;Epagri;;;2;False;diaria;f590d034c85bf207_diario_derivado;;interna;horaria_agregada;media
2024-12-08;8.207916666666668;24;True;0;2463;vazao;Epagri;;;2;False;diaria;f590d034c85bf207_diario_derivado;;interna;horaria_agregada;media
2024-12-09;11.79625;24;True;0;2463;vazao;Epagri;;;2;False;diaria;f590d034c85bf207_diario_derivado;;interna;horaria_agregada;media
2024-12-10;15.722083333333332;24;True;0;2463;vazao;Epagri;;;2;False;diaria;f590d034c85bf207_diario_derivado;;interna;horaria_agregada;media
2024-12-11;8.71875;24;True;0;2463;vazao;Epagri;;;2;False;diaria;f590d034c85bf207_diario_derivado;;interna;horaria_agregada;media
2024-12-12;6.786666666666666;24;True;0;2463;vazao;Epagri;;;2;False;diaria;f590d034c85bf207_diario_derivado;;interna;horaria_agregada;media
2024-12-13;6.055;24;True;0;2463;vazao;Epagri;;;2;False;diaria;f590d034c85bf207_diario_derivado;;interna;horaria_agregada;media
2024-12-14;26.96291666666667;24;True;0;2463;vazao;Epagri;;;2;False;diaria;f590d034c85bf207_diario_derivado;;interna;horaria_agregada;media
2024-12-15;8.922083333333333;24;True;0;2463;vazao;Epagri;;;2;False;diaria;f590d034c85bf207_diario_derivado;;interna;horaria_agregada;media
2024-12-16;8.195416666666667;24;True;0;2463;vazao;Epagri;;;2;False;diaria;f590d034c85bf207_diario_derivado;;interna;horaria_agregada;media
2024-12-17;7.859583333333333;24;True;0;2463;vazao;Epagri;;;2;False;diaria;f590d034c85bf207_diario_derivado;;interna;horaria_agregada;media
2024-12-18;6.2925;24;True;0;2463;vazao;Epagri;;;2;False;diaria;f590d034c85bf207_diario_derivado;;interna;horaria_agregada;media
2024-12-19;6.172916666666667;24;True;0;2463;vazao;Epagri;;;2;False;diaria;f590d034c85bf207_diario_derivado;;interna;horaria_agregada;media
2024-12-20;9.60375;24;True;0;2463;vazao;Epagri;;;2;False;diaria;f590d034c85bf207_diario_derivado;;interna;horaria_agregada;media
2024-12-21;6.133333333333333;24;True;0;2463;vazao;Epagri;;;2;False;diaria;f590d034c85bf207_diario_derivado;;interna;horaria_agregada;media
2024-12-22;6.37875;24;True;0;2463;vazao;Epagri;;;2;False;diaria;f590d034c85bf207_diario_derivado;;interna;horaria_agregada;media
2024-12-23;6.894583333333333;24;True;0;2463;vazao;Epagri;;;2;False;diaria;f590d034c85bf207_diario_derivado;;interna;horaria_agregada;media
2024-12-24;6.230833333333333;24;True;0;2463;vazao;Epagri;;;2;False;diaria;f590d034c85bf207_diario_derivado;;interna;horaria_agregada;media
2024-12-25;11.0725;24;True;0;2463;vazao;Epagri;;;2;False;diaria;f590d034c85bf207_diario_derivado;;interna;horaria_agregada;media
2024-12-26;9.540416666666667;24;True;0;2463;vazao;Epagri;;;2;False;diaria;f590d034c85bf207_diario_derivado;;interna;horaria_agregada;media
2024-12-27;6.458333333333333;24;True;0;2463;vazao;Epagri;;;2;False;diaria;f590d034c85bf207_diario_derivado;;interna;horaria_agregada;media
2024-12-28;5.9675;24;True;0;2463;vazao;Epagri;;;2;False;diaria;f590d034c85bf207_diario_derivado;;interna;horaria_agregada;media
2024-12-29;5.691666666666666;24;True;0;2463;vazao;Epagri;;;2;False;diaria;f590d034c85bf207_diario_derivado;;interna;horaria_agregada;media
2024-12-30;7.6066666666666665;24;True;0;2463;vazao;Epagri;;;2;False;diaria;f590d034c85bf207_diario_derivado;;interna;horaria_agregada;media
2024-12-31;6.4191666666666665;24;True;0;2463;vazao;Epagri;;;2;False;diaria;f590d034c85bf207_diario_derivado;;interna;horaria_agregada;media
2025-01-01;6.4054166666666665;24;True;0;2463;vazao;Epagri;;;2;False;diaria;f590d034c85bf207_diario_derivado;;interna;horaria_agregada;media
2025-01-02;6.306666666666666;24;True;0;2463;vazao;Epagri;;;2;False;diaria;f590d034c85bf207_diario_derivado;;interna;horaria_agregada;media
2025-01-03;5.785833333333334;24;True;0;2463;vazao;Epagri;;;2;False;diaria;f590d034c85bf207_diario_derivado;;interna;horaria_agregada;media
2025-01-04;5.454583333333333;24;True;0;2463;vazao;Epagri;;;2;False;diaria;f590d034c85bf207_diario_derivado;;interna;horaria_agregada;media
2025-01-05;5.036666666666666;24;True;0;2463;vazao;Epagri;;;2;False;diaria;f590d034c85bf207_diario_derivado;;interna;horaria_agregada;media
2025-01-06;5.477916666666666;24;True;0;2463;vazao;Epagri;;;2;False;diaria;f590d034c85bf207_diario_derivado;;interna;horaria_agregada;media
2025-01-07;5.363333333333333;24;True;0;2463;vazao;Epagri;;;2;False;diaria;f590d034c85bf207_diario_derivado;;interna;horaria_agregada;media
2025-01-08;5.246250000000001;24;True;0;2463;vazao;Epagri;;;2;False;diaria;f590d034c85bf207_diario_derivado;;interna;horaria_agregada;media
2025-01-09;9.060833333333333;24;True;0;2463;vazao;Epagri;;;2;False;diaria;f590d034c85bf207_diario_derivado;;interna;horaria_agregada;media
2025-01-10;6.168333333333333;24;True;0;2463;vazao;Epagri;;;2;False;diaria;f590d034c85bf207_diario_derivado;;interna;horaria_agregada;media
2025-01-11;5.2025;24;True;0;2463;vazao;Epagri;;;2;False;diaria;f590d034c85bf207_diario_derivado;;interna;horaria_agregada;media
2025-01-12;5.5375000000000005;24;True;0;2463;vazao;Epagri;;;2;False;diaria;f590d034c85bf207_diario_derivado;;interna;horaria_agregada;media
2025-01-13;4.8525;24;True;0;2463;vazao;Epagri;;;2;False;diaria;f590d034c85bf207_diario_derivado;;interna;horaria_agregada;media
2025-01-14;4.700833333333334;24;True;0;2463;vazao;Epagri;;;2;False;diaria;f590d034c85bf207_diario_derivado;;interna;horaria_agregada;media
2025-01-15;4.4750000000000005;24;True;0;2463;vazao;Epagri;;;2;False;diaria;f590d034c85bf207_diario_derivado;;interna;horaria_agregada;media
2025-01-16;11.135833333333332;24;True;0;2463;vazao;Epagri;;;2;False;diaria;f590d034c85bf207_diario_derivado;;interna;horaria_agregada;media
2025-01-17;104.58375;24;True;0;2463;vazao;Epagri;;;2;False;diaria;f590d034c85bf207_diario_derivado;;interna;horaria_agregada;media
2025-01-18;26.520416666666666;24;True;0;2463;vazao;Epagri;;;2;False;diaria;f590d034c85bf207_diario_derivado;;interna;horaria_agregada;media
2025-01-19;13.978333333333333;24;True;0;2463;vazao;Epagri;;;2;False;diaria;f590d034c85bf207_diario_derivado;;interna;horaria_agregada;media
2025-01-20;10.838333333333333;24;True;0;2463;vazao;Epagri;;;2;False;diaria;f590d034c85bf207_diario_derivado;;interna;horaria_agregada;media
2025-01-21;10.49625;24;True;0;2463;vazao;Epagri;;;2;False;diaria;f590d034c85bf207_diario_derivado;;interna;horaria_agregada;media
2025-01-22;7.807083333333334;24;True;0;2463;vazao;Epagri;;;2;False;diaria;f590d034c85bf207_diario_derivado;;interna;horaria_agregada;media
2025-01-23;7.08625;24;True;0;2463;vazao;Epagri;;;2;False;diaria;f590d034c85bf207_diario_derivado;;interna;horaria_agregada;media
2025-01-24;30.852083333333336;24;True;0;2463;vazao;Epagri;;;2;False;diaria;f590d034c85bf207_diario_derivado;;interna;horaria_agregada;media
2025-01-25;23.97;24;True;0;2463;vazao;Epagri;;;2;False;diaria;f590d034c85bf207_diario_derivado;;interna;horaria_agregada;media
2025-01-26;14.5675;24;True;0;2463;vazao;Epagri;;;2;False;diaria;f590d034c85bf207_diario_derivado;;interna;horaria_agregada;media
2025-01-27;9.8675;24;True;0;2463;vazao;Epagri;;;2;False;diaria;f590d034c85bf207_diario_derivado;;interna;horaria_agregada;media
2025-01-28;9.291666666666666;24;True;0;2463;vazao;Epagri;;;2;False;diaria;f590d034c85bf207_diario_derivado;;interna;horaria_agregada;media
2025-01-29;12.349166666666667;24;True;0;2463;vazao;Epagri;;;2;False;diaria;f590d034c85bf207_diario_derivado;;interna;horaria_agregada;media
2025-01-30;10.405;24;True;0;2463;vazao;Epagri;;;2;False;diaria;f590d034c85bf207_diario_derivado;;interna;horaria_agregada;media
2025-01-31;8.762916666666667;24;True;0;2463;vazao;Epagri;;;2;False;diaria;f590d034c85bf207_diario_derivado;;interna;horaria_agregada;media
2025-02-01;9.825833333333334;24;True;0;2463;vazao;Epagri;;;2;False;diaria;f590d034c85bf207_diario_derivado;;interna;horaria_agregada;media
2025-02-02;9.427916666666667;24;True;0;2463;vazao;Epagri;;;2;False;diaria;f590d034c85bf207_diario_derivado;;interna;horaria_agregada;media
2025-02-03;27.06833333333333;24;True;0;2463;vazao;Epagri;;;2;False;diaria;f590d034c85bf207_diario_derivado;;interna;horaria_agregada;media
2025-02-04;23.115;24;True;0;2463;vazao;Epagri;;;2;False;diaria;f590d034c85bf207_diario_derivado;;interna;horaria_agregada;media
2025-02-05;13.31;24;True;0;2463;vazao;Epagri;;;2;False;diaria;f590d034c85bf207_diario_derivado;;interna;horaria_agregada;media
2025-02-06;17.635416666666668;24;True;0;2463;vazao;Epagri;;;2;False;diaria;f590d034c85bf207_diario_derivado;;interna;horaria_agregada;media
2025-02-07;13.817083333333334;24;True;0;2463;vazao;Epagri;;;2;False;diaria;f590d034c85bf207_diario_derivado;;interna;horaria_agregada;media
2025-02-08;10.308333333333334;24;True;0;2463;vazao;Epagri;;;2;False;diaria;f590d034c85bf207_diario_derivado;;interna;horaria_agregada;media
2025-02-09;8.379583333333334;24;True;0;2463;vazao;Epagri;;;2;False;diaria;f590d034c85bf207_diario_derivado;;interna;horaria_agregada;media
2025-02-10;7.530833333333334;24;True;0;2463;vazao;Epagri;;;2;False;diaria;f590d034c85bf207_diario_derivado;;interna;horaria_agregada;media
2025-02-11;7.016666666666667;24;True;0;2463;vazao;Epagri;;;2;False;diaria;f590d034c85bf207_diario_derivado;;interna;horaria_agregada;media
2025-02-12;6.656666666666666;24;True;0;2463;vazao;Epagri;;;2;False;diaria;f590d034c85bf207_diario_derivado;;interna;horaria_agregada;media
2025-02-13;6.655;24;True;0;2463;vazao;Epagri;;;2;False;diaria;f590d034c85bf207_diario_derivado;;interna;horaria_agregada;media
2025-02-14;7.42625;24;True;0;2463;vazao;Epagri;;;2;False;diaria;f590d034c85bf207_diario_derivado;;interna;horaria_agregada;media
2025-02-15;7.08125;24;True;0;2463;vazao;Epagri;;;2;False;diaria;f590d034c85bf207_diario_derivado;;interna;horaria_agregada;media
2025-02-16;11.514583333333334;24;True;0;2463;vazao;Epagri;;;2;False;diaria;f590d034c85bf207_diario_derivado;;interna;horaria_agregada;media
2025-02-17;31.22208333333333;24;True;0;2463;vazao;Epagri;;;2;False;diaria;f590d034c85bf207_diario_derivado;;interna;horaria_agregada;media
2025-02-18;21.508333333333336;24;True;0;2463;vazao;Epagri;;;2;False;diaria;f590d034c85bf207_diario_derivado;;interna;horaria_agregada;media
2025-02-19;10.217916666666666;24;True;0;2463;vazao;Epagri;;;2;False;diaria;f590d034c85bf207_diario_derivado;;interna;horaria_agregada;media
2025-02-20;8.679583333333333;24;True;0;2463;vazao;Epagri;;;2;False;diaria;f590d034c85bf207_diario_derivado;;interna;horaria_agregada;media
2025-02-21;7.437916666666666;24;True;0;2463;vazao;Epagri;;;2;False;diaria;f590d034c85bf207_diario_derivado;;interna;horaria_agregada;media
2025-02-22;6.88;24;True;0;2463;vazao;Epagri;;;2;False;diaria;f590d034c85bf207_diario_derivado;;interna;horaria_agregada;media
2025-02-23;6.523333333333333;24;True;0;2463;vazao;Epagri;;;2;False;diaria;f590d034c85bf207_diario_derivado;;interna;horaria_agregada;media
2025-02-24;6.1675;24;True;0;2463;vazao;Epagri;;;2;False;diaria;f590d034c85bf207_diario_derivado;;interna;horaria_agregada;media
2025-02-25;5.892499999999999;24;True;0;2463;vazao;Epagri;;;2;False;diaria;f590d034c85bf207_diario_derivado;;interna;horaria_agregada;media
2025-02-26;5.696666666666666;24;True;0;2463;vazao;Epagri;;;2;False;diaria;f590d034c85bf207_diario_derivado;;interna;horaria_agregada;media
2025-02-27;5.466666666666666;24;True;0;2463;vazao;Epagri;;;2;False;diaria;f590d034c85bf207_diario_derivado;;interna;horaria_agregada;media
2025-02-28;5.309166666666666;24;True;0;2463;vazao;Epagri;;;2;False;diaria;f590d034c85bf207_diario_derivado;;interna;horaria_agregada;media
2025-03-01;5.150416666666667;24;True;0;2463;vazao;Epagri;;;2;False;diaria;f590d034c85bf207_diario_derivado;;interna;horaria_agregada;media
2025-03-02;5.015;24;True;0;2463;vazao;Epagri;;;2;False;diaria;f590d034c85bf207_diario_derivado;;interna;horaria_agregada;media
2025-03-03;4.8741666666666665;24;True;0;2463;vazao;Epagri;;;2;False;diaria;f590d034c85bf207_diario_derivado;;interna;horaria_agregada;media
2025-03-04;4.7820833333333335;24;True;0;2463;vazao;Epagri;;;2;False;diaria;f590d034c85bf207_diario_derivado;;interna;horaria_agregada;media
2025-03-05;4.662916666666667;24;True;0;2463;vazao;Epagri;;;2;False;diaria;f590d034c85bf207_diario_derivado;;interna;horaria_agregada;media
2025-03-06;4.57125;24;True;0;2463;vazao;Epagri;;;2;False;diaria;f590d034c85bf207_diario_derivado;;interna;horaria_agregada;media
2025-03-07;4.52;24;True;0;2463;vazao;Epagri;;;2;False;diaria;f590d034c85bf207_diario_derivado;;interna;horaria_agregada;media
2025-03-08;;23;False;0;2463;vazao;Epagri;;;2;False;diaria;f590d034c85bf207_diario_derivado;;interna;horaria_agregada;media
2025-03-09;5.06375;24;True;0;2463;vazao;Epagri;;;2;False;diaria;f590d034c85bf207_diario_derivado;;interna;horaria_agregada;media
2025-03-10;4.961250000000001;24;True;0;2463;vazao;Epagri;;;2;False;diaria;f590d034c85bf207_diario_derivado;;interna;horaria_agregada;media
2025-03-11;4.472083333333334;24;True;0;2463;vazao;Epagri;;;2;False;diaria;f590d034c85bf207_diario_derivado;;interna;horaria_agregada;media
2025-03-12;6.597916666666666;24;True;0;2463;vazao;Epagri;;;2;False;diaria;f590d034c85bf207_diario_derivado;;interna;horaria_agregada;media
2025-03-13;6.25;24;True;0;2463;vazao;Epagri;;;2;False;diaria;f590d034c85bf207_diario_derivado;;interna;horaria_agregada;media
2025-03-14;4.691666666666667;24;True;0;2463;vazao;Epagri;;;2;False;diaria;f590d034c85bf207_diario_derivado;;interna;horaria_agregada;media
2025-03-15;4.315;24;True;0;2463;vazao;Epagri;;;2;False;diaria;f590d034c85bf207_diario_derivado;;interna;horaria_agregada;media
2025-03-16;4.17;24;True;0;2463;vazao;Epagri;;;2;False;diaria;f590d034c85bf207_diario_derivado;;interna;horaria_agregada;media
2025-03-17;4.07;24;True;0;2463;vazao;Epagri;;;2;False;diaria;f590d034c85bf207_diario_derivado;;interna;horaria_agregada;media
2025-03-18;4.385416666666667;24;True;0;2463;vazao;Epagri;;;2;False;diaria;f590d034c85bf207_diario_derivado;;interna;horaria_agregada;media
2025-03-19;6.2375;24;True;0;2463;vazao;Epagri;;;2;False;diaria;f590d034c85bf207_diario_derivado;;interna;horaria_agregada;media
2025-03-20;4.19;24;True;0;2463;vazao;Epagri;;;2;False;diaria;f590d034c85bf207_diario_derivado;;interna;horaria_agregada;media
2025-03-21;;23;False;0;2463;vazao;Epagri;;;2;False;diaria;f590d034c85bf207_diario_derivado;;interna;horaria_agregada;media
2025-03-22;;15;False;0;2463;vazao;Epagri;;;2;False;diaria;f590d034c85bf207_diario_derivado;;interna;horaria_agregada;media
2025-03-23;3.9441666666666664;24;True;0;2463;vazao;Epagri;;;2;False;diaria;f590d034c85bf207_diario_derivado;;interna;horaria_agregada;media
2025-03-24;5.17875;24;True;0;2463;vazao;Epagri;;;2;False;diaria;f590d034c85bf207_diario_derivado;;interna;horaria_agregada;media
2025-03-25;6.017500000000001;24;True;0;2463;vazao;Epagri;;;2;False;diaria;f590d034c85bf207_diario_derivado;;interna;horaria_agregada;media
2025-03-26;4.724166666666667;24;True;0;2463;vazao;Epagri;;;2;False;diaria;f590d034c85bf207_diario_derivado;;interna;horaria_agregada;media
2025-03-27;;22;False;0;2463;vazao;Epagri;;;2;False;diaria;f590d034c85bf207_diario_derivado;;interna;horaria_agregada;media
2025-03-28;;18;False;0;2463;vazao;Epagri;;;2;False;diaria;f590d034c85bf207_diario_derivado;;interna;horaria_agregada;media
2025-03-29;4.007083333333333;24;True;0;2463;vazao;Epagri;;;2;False;diaria;f590d034c85bf207_diario_derivado;;interna;horaria_agregada;media
2025-03-30;4.017916666666667;24;True;0;2463;vazao;Epagri;;;2;False;diaria;f590d034c85bf207_diario_derivado;;interna;horaria_agregada;media
2025-03-31;3.7262500000000003;24;True;0;2463;vazao;Epagri;;;2;False;diaria;f590d034c85bf207_diario_derivado;;interna;horaria_agregada;media
2025-04-01;3.6216666666666666;24;True;0;2463;vazao;Epagri;;;2;False;diaria;f590d034c85bf207_diario_derivado;;interna;horaria_agregada;media
2025-04-02;3.6091666666666664;24;True;0;2463;vazao;Epagri;;;2;False;diaria;f590d034c85bf207_diario_derivado;;interna;horaria_agregada;media
2025-04-03;3.5716666666666668;24;True;0;2463;vazao;Epagri;;;2;False;diaria;f590d034c85bf207_diario_derivado;;interna;horaria_agregada;media
2025-04-04;3.6629166666666664;24;True;0;2463;vazao;Epagri;;;2;False;diaria;f590d034c85bf207_diario_derivado;;interna;horaria_agregada;media
2025-04-05;3.479583333333333;24;True;0;2463;vazao;Epagri;;;2;False;diaria;f590d034c85bf207_diario_derivado;;interna;horaria_agregada;media
2025-04-06;3.3616666666666664;24;True;0;2463;vazao;Epagri;;;2;False;diaria;f590d034c85bf207_diario_derivado;;interna;horaria_agregada;media
2025-04-07;5.9054166666666665;24;True;0;2463;vazao;Epagri;;;2;False;diaria;f590d034c85bf207_diario_derivado;;interna;horaria_agregada;media
2025-04-08;12.228333333333333;24;True;0;2463;vazao;Epagri;;;2;False;diaria;f590d034c85bf207_diario_derivado;;interna;horaria_agregada;media
2025-04-09;8.962916666666667;24;True;0;2463;vazao;Epagri;;;2;False;diaria;f590d034c85bf207_diario_derivado;;interna;horaria_agregada;media
2025-04-10;15.340833333333334;24;True;0;2463;vazao;Epagri;;;2;False;diaria;f590d034c85bf207_diario_derivado;;interna;horaria_agregada;media
2025-04-11;30.677916666666665;24;True;0;2463;vazao;Epagri;;;2;False;diaria;f590d034c85bf207_diario_derivado;;interna;horaria_agregada;media
2025-04-12;6.527083333333334;24;True;0;2463;vazao;Epagri;;;2;False;diaria;f590d034c85bf207_diario_derivado;;interna;horaria_agregada;media
2025-04-13;5.804583333333333;24;True;0;2463;vazao;Epagri;;;2;False;diaria;f590d034c85bf207_diario_derivado;;interna;horaria_agregada;media
2025-04-14;4.837916666666667;24;True;0;2463;vazao;Epagri;;;2;False;diaria;f590d034c85bf207_diario_derivado;;interna;horaria_agregada;media
2025-04-15;3.9450000000000003;24;True;0;2463;vazao;Epagri;;;2;False;diaria;f590d034c85bf207_diario_derivado;;interna;horaria_agregada;media
2025-04-16;;23;False;0;2463;vazao;Epagri;;;2;False;diaria;f590d034c85bf207_diario_derivado;;interna;horaria_agregada;media
2025-04-17;;23;False;0;2463;vazao;Epagri;;;2;False;diaria;f590d034c85bf207_diario_derivado;;interna;horaria_agregada;media
2025-04-18;3.1650000000000005;24;True;0;2463;vazao;Epagri;;;2;False;diaria;f590d034c85bf207_diario_derivado;;interna;horaria_agregada;media
2025-04-19;3.0400000000000005;24;True;0;2463;vazao;Epagri;;;2;False;diaria;f590d034c85bf207_diario_derivado;;interna;horaria_agregada;media
2025-04-20;;22;False;0;2463;vazao;Epagri;;;2;False;diaria;f590d034c85bf207_diario_derivado;;interna;horaria_agregada;media
2025-04-21;2.8070833333333334;24;True;0;2463;vazao;Epagri;;;2;False;diaria;f590d034c85bf207_diario_derivado;;interna;horaria_agregada;media
2025-04-22;2.7062500000000003;24;True;0;2463;vazao;Epagri;;;2;False;diaria;f590d034c85bf207_diario_derivado;;interna;horaria_agregada;media
2025-04-23;2.61;24;True;0;2463;vazao;Epagri;;;2;False;diaria;f590d034c85bf207_diario_derivado;;interna;horaria_agregada;media
2025-04-24;2.5779166666666664;24;True;0;2463;vazao;Epagri;;;2;False;diaria;f590d034c85bf207_diario_derivado;;interna;horaria_agregada;media
2025-04-25;2.5;24;True;0;2463;vazao;Epagri;;;2;False;diaria;f590d034c85bf207_diario_derivado;;interna;horaria_agregada;media
2025-04-26;2.4208333333333334;24;True;0;2463;vazao;Epagri;;;2;False;diaria;f590d034c85bf207_diario_derivado;;interna;horaria_agregada;media
2025-04-27;;22;False;0;2463;vazao;Epagri;;;2;False;diaria;f590d034c85bf207_diario_derivado;;interna;horaria_agregada;media
2025-04-28;;17;False;0;2463;vazao;Epagri;;;2;False;diaria;f590d034c85bf207_diario_derivado;;interna;horaria_agregada;media
2025-04-29;2.3166666666666664;24;True;0;2463;vazao;Epagri;;;2;False;diaria;f590d034c85bf207_diario_derivado;;interna;horaria_agregada;media
2025-04-30;2.2083333333333335;24;True;0;2463;vazao;Epagri;;;2;False;diaria;f590d034c85bf207_diario_derivado;;interna;horaria_agregada;media
2025-05-01;2.2;24;True;0;2463;vazao;Epagri;;;2;False;diaria;f590d034c85bf207_diario_derivado;;interna;horaria_agregada;media
2025-05-02;2.2;24;True;0;2463;vazao;Epagri;;;2;False;diaria;f590d034c85bf207_diario_derivado;;interna;horaria_agregada;media
2025-05-03;2.1750000000000003;24;True;0;2463;vazao;Epagri;;;2;False;diaria;f590d034c85bf207_diario_derivado;;interna;horaria_agregada;media
2025-05-04;2.1;24;True;0;2463;vazao;Epagri;;;2;False;diaria;f590d034c85bf207_diario_derivado;;interna;horaria_agregada;media
2025-05-05;2.1;24;True;0;2463;vazao;Epagri;;;2;False;diaria;f590d034c85bf207_diario_derivado;;interna;horaria_agregada;media
2025-05-06;2.08875;24;True;0;2463;vazao;Epagri;;;2;False;diaria;f590d034c85bf207_diario_derivado;;interna;horaria_agregada;media
2025-05-07;2.07;24;True;0;2463;vazao;Epagri;;;2;False;diaria;f590d034c85bf207_diario_derivado;;interna;horaria_agregada;media
2025-05-08;2.02875;24;True;0;2463;vazao;Epagri;;;2;False;diaria;f590d034c85bf207_diario_derivado;;interna;horaria_agregada;media
2025-05-09;4.195416666666667;24;True;0;2463;vazao;Epagri;;;2;False;diaria;f590d034c85bf207_diario_derivado;;interna;horaria_agregada;media
2025-05-10;7.246666666666666;24;True;0;2463;vazao;Epagri;;;2;False;diaria;f590d034c85bf207_diario_derivado;;interna;horaria_agregada;media
2025-05-11;2.4804166666666667;24;True;0;2463;vazao;Epagri;;;2;False;diaria;f590d034c85bf207_diario_derivado;;interna;horaria_agregada;media
2025-05-12;2.2;24;True;0;2463;vazao;Epagri;;;2;False;diaria;f590d034c85bf207_diario_derivado;;interna;horaria_agregada;media
2025-05-13;2.2904166666666668;24;True;0;2463;vazao;Epagri;;;2;False;diaria;f590d034c85bf207_diario_derivado;;interna;horaria_agregada;media
2025-05-14;8.254166666666666;24;True;0;2463;vazao;Epagri;;;2;False;diaria;f590d034c85bf207_diario_derivado;;interna;horaria_agregada;media
2025-05-15;3.2016666666666667;24;True;0;2463;vazao;Epagri;;;2;False;diaria;f590d034c85bf207_diario_derivado;;interna;horaria_agregada;media
2025-05-16;2.5733333333333333;24;True;0;2463;vazao;Epagri;;;2;False;diaria;f590d034c85bf207_diario_derivado;;interna;horaria_agregada;media
2025-05-17;2.4499999999999997;24;True;0;2463;vazao;Epagri;;;2;False;diaria;f590d034c85bf207_diario_derivado;;interna;horaria_agregada;media
2025-05-18;2.295833333333333;24;True;0;2463;vazao;Epagri;;;2;False;diaria;f590d034c85bf207_diario_derivado;;interna;horaria_agregada;media
2025-05-19;2.2;24;True;0;2463;vazao;Epagri;;;2;False;diaria;f590d034c85bf207_diario_derivado;;interna;horaria_agregada;media
2025-05-20;2.2;24;True;0;2463;vazao;Epagri;;;2;False;diaria;f590d034c85bf207_diario_derivado;;interna;horaria_agregada;media
2025-05-21;2.280416666666667;24;True;0;2463;vazao;Epagri;;;2;False;diaria;f590d034c85bf207_diario_derivado;;interna;horaria_agregada;media
2025-05-22;3.18375;24;True;0;2463;vazao;Epagri;;;2;False;diaria;f590d034c85bf207_diario_derivado;;interna;horaria_agregada;media
2025-05-23;4.097083333333333;24;True;0;2463;vazao;Epagri;;;2;False;diaria;f590d034c85bf207_diario_derivado;;interna;horaria_agregada;media
2025-05-24;3.5820833333333333;24;True;0;2463;vazao;Epagri;;;2;False;diaria;f590d034c85bf207_diario_derivado;;interna;horaria_agregada;media
2025-05-25;12.007083333333334;24;True;0;2463;vazao;Epagri;;;2;False;diaria;f590d034c85bf207_diario_derivado;;interna;horaria_agregada;media
2025-05-26;4.157916666666667;24;True;0;2463;vazao;Epagri;;;2;False;diaria;f590d034c85bf207_diario_derivado;;interna;horaria_agregada;media
2025-05-27;3.0904166666666666;24;True;0;2463;vazao;Epagri;;;2;False;diaria;f590d034c85bf207_diario_derivado;;interna;horaria_agregada;media
2025-05-28;2.7658333333333336;24;True;0;2463;vazao;Epagri;;;2;False;diaria;f590d034c85bf207_diario_derivado;;interna;horaria_agregada;media
2025-05-29;2.5116666666666667;24;True;0;2463;vazao;Epagri;;;2;False;diaria;f590d034c85bf207_diario_derivado;;interna;horaria_agregada;media
2025-05-30;2.308333333333333;24;True;0;2463;vazao;Epagri;;;2;False;diaria;f590d034c85bf207_diario_derivado;;interna;horaria_agregada;media
2025-05-31;2.2416666666666667;24;True;0;2463;vazao;Epagri;;;2;False;diaria;f590d034c85bf207_diario_derivado;;interna;horaria_agregada;media
2025-06-01;2.2;24;True;0;2463;vazao;Epagri;;;2;False;diaria;f590d034c85bf207_diario_derivado;;interna;horaria_agregada;media
2025-06-02;2.1083333333333334;24;True;0;2463;vazao;Epagri;;;2;False;diaria;f590d034c85bf207_diario_derivado;;interna;horaria_agregada;media
2025-06-03;2.15;24;True;0;2463;vazao;Epagri;;;2;False;diaria;f590d034c85bf207_diario_derivado;;interna;horaria_agregada;media
2025-06-04;2.1041666666666665;24;True;0;2463;vazao;Epagri;;;2;False;diaria;f590d034c85bf207_diario_derivado;;interna;horaria_agregada;media
2025-06-05;2.719583333333333;24;True;0;2463;vazao;Epagri;;;2;False;diaria;f590d034c85bf207_diario_derivado;;interna;horaria_agregada;media
2025-06-06;2.5420833333333333;24;True;0;2463;vazao;Epagri;;;2;False;diaria;f590d034c85bf207_diario_derivado;;interna;horaria_agregada;media
2025-06-07;2.2291666666666665;24;True;0;2463;vazao;Epagri;;;2;False;diaria;f590d034c85bf207_diario_derivado;;interna;horaria_agregada;media
2025-06-08;2.646666666666667;24;True;0;2463;vazao;Epagri;;;2;False;diaria;f590d034c85bf207_diario_derivado;;interna;horaria_agregada;media
2025-06-09;2.6;24;True;0;2463;vazao;Epagri;;;2;False;diaria;f590d034c85bf207_diario_derivado;;interna;horaria_agregada;media
2025-06-10;2.2041666666666666;24;True;0;2463;vazao;Epagri;;;2;False;diaria;f590d034c85bf207_diario_derivado;;interna;horaria_agregada;media
2025-06-11;2.0324999999999998;24;True;0;2463;vazao;Epagri;;;2;False;diaria;f590d034c85bf207_diario_derivado;;interna;horaria_agregada;media
2025-06-12;1.93875;24;True;0;2463;vazao;Epagri;;;2;False;diaria;f590d034c85bf207_diario_derivado;;interna;horaria_agregada;media
2025-06-13;1.9462499999999998;24;True;0;2463;vazao;Epagri;;;2;False;diaria;f590d034c85bf207_diario_derivado;;interna;horaria_agregada;media
2025-06-14;4.219166666666667;24;True;0;2463;vazao;Epagri;;;2;False;diaria;f590d034c85bf207_diario_derivado;;interna;horaria_agregada;media
2025-06-15;4.2283333333333335;24;True;0;2463;vazao;Epagri;;;2;False;diaria;f590d034c85bf207_diario_derivado;;interna;horaria_agregada;media
2025-06-16;3.063333333333333;24;True;0;2463;vazao;Epagri;;;2;False;diaria;f590d034c85bf207_diario_derivado;;interna;horaria_agregada;media
2025-06-17;2.3874999999999997;24;True;0;2463;vazao;Epagri;;;2;False;diaria;f590d034c85bf207_diario_derivado;;interna;horaria_agregada;media
2025-06-18;2.2125;24;True;0;2463;vazao;Epagri;;;2;False;diaria;f590d034c85bf207_diario_derivado;;interna;horaria_agregada;media
2025-06-19;;23;False;0;2463;vazao;Epagri;;;2;False;diaria;f590d034c85bf207_diario_derivado;;interna;horaria_agregada;media
2025-06-20;2.815;24;True;0;2463;vazao;Epagri;;;2;False;diaria;f590d034c85bf207_diario_derivado;;interna;horaria_agregada;media
2025-06-21;2.63375;24;True;0;2463;vazao;Epagri;;;2;False;diaria;f590d034c85bf207_diario_derivado;;interna;horaria_agregada;media
2025-06-22;2.2375000000000003;24;True;0;2463;vazao;Epagri;;;2;False;diaria;f590d034c85bf207_diario_derivado;;interna;horaria_agregada;media
2025-06-23;15.919166666666667;24;True;0;2463;vazao;Epagri;;;2;False;diaria;f590d034c85bf207_diario_derivado;;interna;horaria_agregada;media
2025-06-24;3.9429166666666666;24;True;0;2463;vazao;Epagri;;;2;False;diaria;f590d034c85bf207_diario_derivado;;interna;horaria_agregada;media
2025-06-25;2.780416666666667;24;True;0;2463;vazao;Epagri;;;2;False;diaria;f590d034c85bf207_diario_derivado;;interna;horaria_agregada;media
2025-06-26;8.635833333333332;24;True;0;2463;vazao;Epagri;;;2;False;diaria;f590d034c85bf207_diario_derivado;;interna;horaria_agregada;media
2025-06-27;7.456666666666667;24;True;0;2463;vazao;Epagri;;;2;False;diaria;f590d034c85bf207_diario_derivado;;interna;horaria_agregada;media
2025-06-28;5.6025;24;True;0;2463;vazao;Epagri;;;2;False;diaria;f590d034c85bf207_diario_derivado;;interna;horaria_agregada;media
2025-06-29;12.535416666666668;24;True;0;2463;vazao;Epagri;;;2;False;diaria;f590d034c85bf207_diario_derivado;;interna;horaria_agregada;media
2025-06-30;;22;False;0;2463;vazao;Epagri;;;2;False;diaria;f590d034c85bf207_diario_derivado;;interna;horaria_agregada;media
2025-07-01;4.184166666666667;24;True;0;2463;vazao;Epagri;;;2;False;diaria;f590d034c85bf207_diario_derivado;;interna;horaria_agregada;media
2025-07-02;3.47125;24;True;0;2463;vazao;Epagri;;;2;False;diaria;f590d034c85bf207_diario_derivado;;interna;horaria_agregada;media
2025-07-03;3.125;24;True;0;2463;vazao;Epagri;;;2;False;diaria;f590d034c85bf207_diario_derivado;;interna;horaria_agregada;media
2025-07-04;2.99;24;True;0;2463;vazao;Epagri;;;2;False;diaria;f590d034c85bf207_diario_derivado;;interna;horaria_agregada;media
2025-07-05;3.11;24;True;0;2463;vazao;Epagri;;;2;False;diaria;f590d034c85bf207_diario_derivado;;interna;horaria_agregada;media
2025-07-06;2.752083333333333;24;True;0;2463;vazao;Epagri;;;2;False;diaria;f590d034c85bf207_diario_derivado;;interna;horaria_agregada;media
2025-07-07;2.5916666666666663;24;True;0;2463;vazao;Epagri;;;2;False;diaria;f590d034c85bf207_diario_derivado;;interna;horaria_agregada;media
2025-07-08;2.475;24;True;0;2463;vazao;Epagri;;;2;False;diaria;f590d034c85bf207_diario_derivado;;interna;horaria_agregada;media
2025-07-09;2.3874999999999997;24;True;0;2463;vazao;Epagri;;;2;False;diaria;f590d034c85bf207_diario_derivado;;interna;horaria_agregada;media
2025-07-10;2.3;24;True;0;2463;vazao;Epagri;;;2;False;diaria;f590d034c85bf207_diario_derivado;;interna;horaria_agregada;media
2025-07-11;2.3;24;True;0;2463;vazao;Epagri;;;2;False;diaria;f590d034c85bf207_diario_derivado;;interna;horaria_agregada;media
2025-07-12;2.2083333333333335;24;True;0;2463;vazao;Epagri;;;2;False;diaria;f590d034c85bf207_diario_derivado;;interna;horaria_agregada;media
2025-07-13;2.1958333333333333;24;True;0;2463;vazao;Epagri;;;2;False;diaria;f590d034c85bf207_diario_derivado;;interna;horaria_agregada;media
2025-07-14;2.1041666666666665;24;True;0;2463;vazao;Epagri;;;2;False;diaria;f590d034c85bf207_diario_derivado;;interna;horaria_agregada;media
2025-07-15;2.1;24;True;0;2463;vazao;Epagri;;;2;False;diaria;f590d034c85bf207_diario_derivado;;interna;horaria_agregada;media
2025-07-16;2.05125;24;True;0;2463;vazao;Epagri;;;2;False;diaria;f590d034c85bf207_diario_derivado;;interna;horaria_agregada;media
2025-07-17;2.01;24;True;0;2463;vazao;Epagri;;;2;False;diaria;f590d034c85bf207_diario_derivado;;interna;horaria_agregada;media
2025-07-18;1.9912499999999997;24;True;0;2463;vazao;Epagri;;;2;False;diaria;f590d034c85bf207_diario_derivado;;interna;horaria_agregada;media
2025-07-19;;23;False;0;2463;vazao;Epagri;;;2;False;diaria;f590d034c85bf207_diario_derivado;;interna;horaria_agregada;media
2025-07-20;1.92;24;True;0;2463;vazao;Epagri;;;2;False;diaria;f590d034c85bf207_diario_derivado;;interna;horaria_agregada;media
2025-07-21;1.845;24;True;0;2463;vazao;Epagri;;;2;False;diaria;f590d034c85bf207_diario_derivado;;interna;horaria_agregada;media
2025-07-22;1.83;24;True;0;2463;vazao;Epagri;;;2;False;diaria;f590d034c85bf207_diario_derivado;;interna;horaria_agregada;media
2025-07-23;1.83;24;True;0;2463;vazao;Epagri;;;2;False;diaria;f590d034c85bf207_diario_derivado;;interna;horaria_agregada;media
2025-07-24;1.8375000000000001;24;True;0;2463;vazao;Epagri;;;2;False;diaria;f590d034c85bf207_diario_derivado;;interna;horaria_agregada;media
2025-07-25;2.529166666666667;24;True;0;2463;vazao;Epagri;;;2;False;diaria;f590d034c85bf207_diario_derivado;;interna;horaria_agregada;media
2025-07-26;2.7616666666666667;24;True;0;2463;vazao;Epagri;;;2;False;diaria;f590d034c85bf207_diario_derivado;;interna;horaria_agregada;media
2025-07-27;2.13875;24;True;0;2463;vazao;Epagri;;;2;False;diaria;f590d034c85bf207_diario_derivado;;interna;horaria_agregada;media
2025-07-28;4.199166666666667;24;True;0;2463;vazao;Epagri;;;2;False;diaria;f590d034c85bf207_diario_derivado;;interna;horaria_agregada;media
2025-07-29;2.2358333333333333;24;True;0;2463;vazao;Epagri;;;2;False;diaria;f590d034c85bf207_diario_derivado;;interna;horaria_agregada;media
2025-07-30;1.9124999999999999;24;True;0;2463;vazao;Epagri;;;2;False;diaria;f590d034c85bf207_diario_derivado;;interna;horaria_agregada;media
2025-07-31;1.83;24;True;0;2463;vazao;Epagri;;;2;False;diaria;f590d034c85bf207_diario_derivado;;interna;horaria_agregada;media
2025-08-01;;20;False;0;2463;vazao;Epagri;;;2;False;diaria;f590d034c85bf207_diario_derivado;;interna;horaria_agregada;media
2025-08-02;;17;False;0;2463;vazao;Epagri;;;2;False;diaria;f590d034c85bf207_diario_derivado;;interna;horaria_agregada;media
2025-08-03;1.7833333333333332;24;True;0;2463;vazao;Epagri;;;2;False;diaria;f590d034c85bf207_diario_derivado;;interna;horaria_agregada;media
2025-08-04;1.8345833333333335;24;True;0;2463;vazao;Epagri;;;2;False;diaria;f590d034c85bf207_diario_derivado;;interna;horaria_agregada;media
2025-08-05;7.009166666666666;24;True;0;2463;vazao;Epagri;;;2;False;diaria;f590d034c85bf207_diario_derivado;;interna;horaria_agregada;media
2025-08-06;3.5850000000000004;24;True;0;2463;vazao;Epagri;;;2;False;diaria;f590d034c85bf207_diario_derivado;;interna;horaria_agregada;media
2025-08-07;2.6029166666666668;24;True;0;2463;vazao;Epagri;;;2;False;diaria;f590d034c85bf207_diario_derivado;;interna;horaria_agregada;media
2025-08-08;4.857916666666667;24;True;0;2463;vazao;Epagri;;;2;False;diaria;f590d034c85bf207_diario_derivado;;interna;horaria_agregada;media
2025-08-09;4.261666666666667;24;True;0;2463;vazao;Epagri;;;2;False;diaria;f590d034c85bf207_diario_derivado;;interna;horaria_agregada;media
2025-08-10;2.58;24;True;0;2463;vazao;Epagri;;;2;False;diaria;f590d034c85bf207_diario_derivado;;interna;horaria_agregada;media
2025-08-11;2.216666666666667;24;True;0;2463;vazao;Epagri;;;2;False;diaria;f590d034c85bf207_diario_derivado;;interna;horaria_agregada;media
2025-08-12;2.07;24;True;0;2463;vazao;Epagri;;;2;False;diaria;f590d034c85bf207_diario_derivado;;interna;horaria_agregada;media
2025-08-13;1.9912499999999997;24;True;0;2463;vazao;Epagri;;;2;False;diaria;f590d034c85bf207_diario_derivado;;interna;horaria_agregada;media
2025-08-14;1.92;24;True;0;2463;vazao;Epagri;;;2;False;diaria;f590d034c85bf207_diario_derivado;;interna;horaria_agregada;media
2025-08-15;1.845;24;True;0;2463;vazao;Epagri;;;2;False;diaria;f590d034c85bf207_diario_derivado;;interna;horaria_agregada;media
2025-08-16;2.3537500000000002;24;True;0;2463;vazao;Epagri;;;2;False;diaria;f590d034c85bf207_diario_derivado;;interna;horaria_agregada;media
2025-08-17;2.5554166666666664;24;True;0;2463;vazao;Epagri;;;2;False;diaria;f590d034c85bf207_diario_derivado;;interna;horaria_agregada;media
2025-08-18;2.10625;24;True;0;2463;vazao;Epagri;;;2;False;diaria;f590d034c85bf207_diario_derivado;;interna;horaria_agregada;media
2025-08-19;1.9462499999999998;24;True;0;2463;vazao;Epagri;;;2;False;diaria;f590d034c85bf207_diario_derivado;;interna;horaria_agregada;media
2025-08-20;5.892916666666667;24;True;0;2463;vazao;Epagri;;;2;False;diaria;f590d034c85bf207_diario_derivado;;interna;horaria_agregada;media
2025-08-21;3.079166666666667;24;True;0;2463;vazao;Epagri;;;2;False;diaria;f590d034c85bf207_diario_derivado;;interna;horaria_agregada;media
2025-08-22;2.2958333333333334;24;True;0;2463;vazao;Epagri;;;2;False;diaria;f590d034c85bf207_diario_derivado;;interna;horaria_agregada;media
2025-08-23;2.0925;24;True;0;2463;vazao;Epagri;;;2;False;diaria;f590d034c85bf207_diario_derivado;;interna;horaria_agregada;media
2025-08-24;4.638333333333333;24;True;0;2463;vazao;Epagri;;;2;False;diaria;f590d034c85bf207_diario_derivado;;interna;horaria_agregada;media
2025-08-25;7.603333333333333;24;True;0;2463;vazao;Epagri;;;2;False;diaria;f590d034c85bf207_diario_derivado;;interna;horaria_agregada;media
2025-08-26;;22;False;0;2463;vazao;Epagri;;;2;False;diaria;f590d034c85bf207_diario_derivado;;interna;horaria_agregada;media
2025-08-27;;17;False;0;2463;vazao;Epagri;;;2;False;diaria;f590d034c85bf207_diario_derivado;;interna;horaria_agregada;media
2025-08-28;5.159583333333333;24;True;0;2463;vazao;Epagri;;;2;False;diaria;f590d034c85bf207_diario_derivado;;interna;horaria_agregada;media
2025-08-29;3.4595833333333332;24;True;0;2463;vazao;Epagri;;;2;False;diaria;f590d034c85bf207_diario_derivado;;interna;horaria_agregada;media
2025-08-30;2.9820833333333336;24;True;0;2463;vazao;Epagri;;;2;False;diaria;f590d034c85bf207_diario_derivado;;interna;horaria_agregada;media
2025-08-31;4.36625;24;True;0;2463;vazao;Epagri;;;2;False;diaria;f590d034c85bf207_diario_derivado;;interna;horaria_agregada;media
2025-09-01;46.99791666666667;24;True;0;2463;vazao;Epagri;;;2;False;diaria;f590d034c85bf207_diario_derivado;;interna;horaria_agregada;media
2025-09-02;48.032916666666665;24;True;0;2463;vazao;Epagri;;;2;False;diaria;f590d034c85bf207_diario_derivado;;interna;horaria_agregada;media
2025-09-03;22.844583333333333;24;True;0;2463;vazao;Epagri;;;2;False;diaria;f590d034c85bf207_diario_derivado;;interna;horaria_agregada;media
2025-09-04;9.664583333333335;24;True;0;2463;vazao;Epagri;;;2;False;diaria;f590d034c85bf207_diario_derivado;;interna;horaria_agregada;media
2025-09-05;7.339166666666667;24;True;0;2463;vazao;Epagri;;;2;False;diaria;f590d034c85bf207_diario_derivado;;interna;horaria_agregada;media
2025-09-06;8.898333333333333;24;True;0;2463;vazao;Epagri;;;2;False;diaria;f590d034c85bf207_diario_derivado;;interna;horaria_agregada;media
2025-09-07;5.467083333333334;24;True;0;2463;vazao;Epagri;;;2;False;diaria;f590d034c85bf207_diario_derivado;;interna;horaria_agregada;media
2025-09-08;18.524583333333332;24;True;0;2463;vazao;Epagri;;;2;False;diaria;f590d034c85bf207_diario_derivado;;interna;horaria_agregada;media
2025-09-09;24.7825;24;True;0;2463;vazao;Epagri;;;2;False;diaria;f590d034c85bf207_diario_derivado;;interna;horaria_agregada;media
2025-09-10;8.312083333333334;24;True;0;2463;vazao;Epagri;;;2;False;diaria;f590d034c85bf207_diario_derivado;;interna;horaria_agregada;media
2025-09-11;6.25875;24;True;0;2463;vazao;Epagri;;;2;False;diaria;f590d034c85bf207_diario_derivado;;interna;horaria_agregada;media
2025-09-12;5.2404166666666665;24;True;0;2463;vazao;Epagri;;;2;False;diaria;f590d034c85bf207_diario_derivado;;interna;horaria_agregada;media
2025-09-13;4.595;24;True;0;2463;vazao;Epagri;;;2;False;diaria;f590d034c85bf207_diario_derivado;;interna;horaria_agregada;media
2025-09-14;4.195;24;True;0;2463;vazao;Epagri;;;2;False;diaria;f590d034c85bf207_diario_derivado;;interna;horaria_agregada;media
2025-09-15;3.8975000000000004;24;True;0;2463;vazao;Epagri;;;2;False;diaria;f590d034c85bf207_diario_derivado;;interna;horaria_agregada;media
2025-09-16;3.9499999999999997;24;True;0;2463;vazao;Epagri;;;2;False;diaria;f590d034c85bf207_diario_derivado;;interna;horaria_agregada;media
2025-09-17;3.7808333333333337;24;True;0;2463;vazao;Epagri;;;2;False;diaria;f590d034c85bf207_diario_derivado;;interna;horaria_agregada;media
2025-09-18;4.202083333333333;24;True;0;2463;vazao;Epagri;;;2;False;diaria;f590d034c85bf207_diario_derivado;;interna;horaria_agregada;media
2025-09-19;4.160416666666666;24;True;0;2463;vazao;Epagri;;;2;False;diaria;f590d034c85bf207_diario_derivado;;interna;horaria_agregada;media
2025-09-20;3.4929166666666664;24;True;0;2463;vazao;Epagri;;;2;False;diaria;f590d034c85bf207_diario_derivado;;interna;horaria_agregada;media
2025-09-21;6.341666666666666;24;True;0;2463;vazao;Epagri;;;2;False;diaria;f590d034c85bf207_diario_derivado;;interna;horaria_agregada;media
2025-09-22;9.65875;24;True;0;2463;vazao;Epagri;;;2;False;diaria;f590d034c85bf207_diario_derivado;;interna;horaria_agregada;media
2025-09-23;5.3275;24;True;0;2463;vazao;Epagri;;;2;False;diaria;f590d034c85bf207_diario_derivado;;interna;horaria_agregada;media
2025-09-24;3.7145833333333336;24;True;0;2463;vazao;Epagri;;;2;False;diaria;f590d034c85bf207_diario_derivado;;interna;horaria_agregada;media
2025-09-25;3.4;24;True;0;2463;vazao;Epagri;;;2;False;diaria;f590d034c85bf207_diario_derivado;;interna;horaria_agregada;media
2025-09-26;3.205;24;True;0;2463;vazao;Epagri;;;2;False;diaria;f590d034c85bf207_diario_derivado;;interna;horaria_agregada;media
2025-09-27;3.06;24;True;0;2463;vazao;Epagri;;;2;False;diaria;f590d034c85bf207_diario_derivado;;interna;horaria_agregada;media
2025-09-28;3.9741666666666666;24;True;0;2463;vazao;Epagri;;;2;False;diaria;f590d034c85bf207_diario_derivado;;interna;horaria_agregada;media
2025-09-29;3.5141666666666667;24;True;0;2463;vazao;Epagri;;;2;False;diaria;f590d034c85bf207_diario_derivado;;interna;horaria_agregada;media
2025-09-30;3.06;24;True;0;2463;vazao;Epagri;;;2;False;diaria;f590d034c85bf207_diario_derivado;;interna;horaria_agregada;media
2025-10-01;4.199166666666667;24;True;0;2463;vazao;Epagri;;;2;False;diaria;f590d034c85bf207_diario_derivado;;interna;horaria_agregada;media
2025-10-02;3.714166666666667;24;True;0;2463;vazao;Epagri;;;2;False;diaria;f590d034c85bf207_diario_derivado;;interna;horaria_agregada;media
2025-10-03;34.699999999999996;24;True;0;2463;vazao;Epagri;;;2;False;diaria;f590d034c85bf207_diario_derivado;;interna;horaria_agregada;media
2025-10-04;52.43833333333333;24;True;0;2463;vazao;Epagri;;;2;False;diaria;f590d034c85bf207_diario_derivado;;interna;horaria_agregada;media
2025-10-05;9.605;24;True;0;2463;vazao;Epagri;;;2;False;diaria;f590d034c85bf207_diario_derivado;;interna;horaria_agregada;media
2025-10-06;6.828333333333333;24;True;0;2463;vazao;Epagri;;;2;False;diaria;f590d034c85bf207_diario_derivado;;interna;horaria_agregada;media
2025-10-07;5.642083333333333;24;True;0;2463;vazao;Epagri;;;2;False;diaria;f590d034c85bf207_diario_derivado;;interna;horaria_agregada;media
2025-10-08;4.84;24;True;0;2463;vazao;Epagri;;;2;False;diaria;f590d034c85bf207_diario_derivado;;interna;horaria_agregada;media
2025-10-09;6.6312500000000005;24;True;0;2463;vazao;Epagri;;;2;False;diaria;f590d034c85bf207_diario_derivado;;interna;horaria_agregada;media
2025-10-10;11.172916666666666;24;True;0;2463;vazao;Epagri;;;2;False;diaria;f590d034c85bf207_diario_derivado;;interna;horaria_agregada;media
2025-10-11;10.029166666666667;24;True;0;2463;vazao;Epagri;;;2;False;diaria;f590d034c85bf207_diario_derivado;;interna;horaria_agregada;media
2025-10-12;9.24375;24;True;0;2463;vazao;Epagri;;;2;False;diaria;f590d034c85bf207_diario_derivado;;interna;horaria_agregada;media
2025-10-13;7.326666666666667;24;True;0;2463;vazao;Epagri;;;2;False;diaria;f590d034c85bf207_diario_derivado;;interna;horaria_agregada;media
2025-10-14;5.37;24;True;0;2463;vazao;Epagri;;;2;False;diaria;f590d034c85bf207_diario_derivado;;interna;horaria_agregada;media
2025-10-15;4.7387500000000005;24;True;0;2463;vazao;Epagri;;;2;False;diaria;f590d034c85bf207_diario_derivado;;interna;horaria_agregada;media
2025-10-16;4.365833333333334;24;True;0;2463;vazao;Epagri;;;2;False;diaria;f590d034c85bf207_diario_derivado;;interna;horaria_agregada;media
2025-10-17;4.2125;24;True;0;2463;vazao;Epagri;;;2;False;diaria;f590d034c85bf207_diario_derivado;;interna;horaria_agregada;media
2025-10-18;7.595833333333334;24;True;0;2463;vazao;Epagri;;;2;False;diaria;f590d034c85bf207_diario_derivado;;interna;horaria_agregada;media
2025-10-19;5.763333333333333;24;True;0;2463;vazao;Epagri;;;2;False;diaria;f590d034c85bf207_diario_derivado;;interna;horaria_agregada;media
2025-10-20;4.454166666666667;24;True;0;2463;vazao;Epagri;;;2;False;diaria;f590d034c85bf207_diario_derivado;;interna;horaria_agregada;media
2025-10-21;3.9908333333333332;24;True;0;2463;vazao;Epagri;;;2;False;diaria;f590d034c85bf207_diario_derivado;;interna;horaria_agregada;media
2025-10-22;4.055;24;True;0;2463;vazao;Epagri;;;2;False;diaria;f590d034c85bf207_diario_derivado;;interna;horaria_agregada;media
2025-10-23;3.8066666666666666;24;True;0;2463;vazao;Epagri;;;2;False;diaria;f590d034c85bf207_diario_derivado;;interna;horaria_agregada;media
2025-10-24;4.475833333333333;24;True;0;2463;vazao;Epagri;;;2;False;diaria;f590d034c85bf207_diario_derivado;;interna;horaria_agregada;media
2025-10-25;4.119166666666667;24;True;0;2463;vazao;Epagri;;;2;False;diaria;f590d034c85bf207_diario_derivado;;interna;horaria_agregada;media
2025-10-26;3.702083333333333;24;True;0;2463;vazao;Epagri;;;2;False;diaria;f590d034c85bf207_diario_derivado;;interna;horaria_agregada;media
2025-10-27;6.889583333333333;24;True;0;2463;vazao;Epagri;;;2;False;diaria;f590d034c85bf207_diario_derivado;;interna;horaria_agregada;media
2025-10-28;5.151666666666666;24;True;0;2463;vazao;Epagri;;;2;False;diaria;f590d034c85bf207_diario_derivado;;interna;horaria_agregada;media
2025-10-29;31.995833333333334;24;True;0;2463;vazao;Epagri;;;2;False;diaria;f590d034c85bf207_diario_derivado;;interna;horaria_agregada;media
2025-10-30;9.84375;24;True;0;2463;vazao;Epagri;;;2;False;diaria;f590d034c85bf207_diario_derivado;;interna;horaria_agregada;media
2025-10-31;6.197916666666667;24;True;0;2463;vazao;Epagri;;;2;False;diaria;f590d034c85bf207_diario_derivado;;interna;horaria_agregada;media
2025-11-01;6.422916666666667;24;True;0;2463;vazao;Epagri;;;2;False;diaria;f590d034c85bf207_diario_derivado;;interna;horaria_agregada;media
2025-11-02;5.29875;24;True;0;2463;vazao;Epagri;;;2;False;diaria;f590d034c85bf207_diario_derivado;;interna;horaria_agregada;media
2025-11-03;5.766666666666667;24;True;0;2463;vazao;Epagri;;;2;False;diaria;f590d034c85bf207_diario_derivado;;interna;horaria_agregada;media
2025-11-04;5.34;24;True;0;2463;vazao;Epagri;;;2;False;diaria;f590d034c85bf207_diario_derivado;;interna;horaria_agregada;media
2025-11-05;4.429166666666666;24;True;0;2463;vazao;Epagri;;;2;False;diaria;f590d034c85bf207_diario_derivado;;interna;horaria_agregada;media
2025-11-06;3.9675;24;True;0;2463;vazao;Epagri;;;2;False;diaria;f590d034c85bf207_diario_derivado;;interna;horaria_agregada;media
2025-11-07;13.55375;24;True;0;2463;vazao;Epagri;;;2;False;diaria;f590d034c85bf207_diario_derivado;;interna;horaria_agregada;media
2025-11-08;30.499583333333334;24;True;0;2463;vazao;Epagri;;;2;False;diaria;f590d034c85bf207_diario_derivado;;interna;horaria_agregada;media
2025-11-09;9.147916666666667;24;True;0;2463;vazao;Epagri;;;2;False;diaria;f590d034c85bf207_diario_derivado;;interna;horaria_agregada;media
2025-11-10;6.314166666666666;24;True;0;2463;vazao;Epagri;;;2;False;diaria;f590d034c85bf207_diario_derivado;;interna;horaria_agregada;media
2025-11-11;5.28;24;True;0;2463;vazao;Epagri;;;2;False;diaria;f590d034c85bf207_diario_derivado;;interna;horaria_agregada;media
2025-11-12;4.795;24;True;0;2463;vazao;Epagri;;;2;False;diaria;f590d034c85bf207_diario_derivado;;interna;horaria_agregada;media
2025-11-13;4.48875;24;True;0;2463;vazao;Epagri;;;2;False;diaria;f590d034c85bf207_diario_derivado;;interna;horaria_agregada;media
2025-11-14;4.189166666666667;24;True;0;2463;vazao;Epagri;;;2;False;diaria;f590d034c85bf207_diario_derivado;;interna;horaria_agregada;media
2025-11-15;3.973333333333333;24;True;0;2463;vazao;Epagri;;;2;False;diaria;f590d034c85bf207_diario_derivado;;interna;horaria_agregada;media
2025-11-16;3.8045833333333334;24;True;0;2463;vazao;Epagri;;;2;False;diaria;f590d034c85bf207_diario_derivado;;interna;horaria_agregada;media
2025-11-17;3.9275;24;True;0;2463;vazao;Epagri;;;2;False;diaria;f590d034c85bf207_diario_derivado;;interna;horaria_agregada;media
2025-11-18;4.815833333333333;24;True;0;2463;vazao;Epagri;;;2;False;diaria;f590d034c85bf207_diario_derivado;;interna;horaria_agregada;media
2025-11-19;4.9325;24;True;0;2463;vazao;Epagri;;;2;False;diaria;f590d034c85bf207_diario_derivado;;interna;horaria_agregada;media
2025-11-20;3.5179166666666664;24;True;0;2463;vazao;Epagri;;;2;False;diaria;f590d034c85bf207_diario_derivado;;interna;horaria_agregada;media
2025-11-21;3.2899999999999996;24;True;0;2463;vazao;Epagri;;;2;False;diaria;f590d034c85bf207_diario_derivado;;interna;horaria_agregada;media
2025-11-22;3.372916666666667;24;True;0;2463;vazao;Epagri;;;2;False;diaria;f590d034c85bf207_diario_derivado;;interna;horaria_agregada;media
2025-11-23;5.687916666666666;24;True;0;2463;vazao;Epagri;;;2;False;diaria;f590d034c85bf207_diario_derivado;;interna;horaria_agregada;media
2025-11-24;7.892916666666667;24;True;0;2463;vazao;Epagri;;;2;False;diaria;f590d034c85bf207_diario_derivado;;interna;horaria_agregada;media
2025-11-25;4.774583333333333;24;True;0;2463;vazao;Epagri;;;2;False;diaria;f590d034c85bf207_diario_derivado;;interna;horaria_agregada;media
2025-11-26;3.6750000000000003;24;True;0;2463;vazao;Epagri;;;2;False;diaria;f590d034c85bf207_diario_derivado;;interna;horaria_agregada;media
2025-11-27;3.6916666666666664;24;True;0;2463;vazao;Epagri;;;2;False;diaria;f590d034c85bf207_diario_derivado;;interna;horaria_agregada;media
2025-11-28;4.510416666666667;24;True;0;2463;vazao;Epagri;;;2;False;diaria;f590d034c85bf207_diario_derivado;;interna;horaria_agregada;media
2025-11-29;4.3862499999999995;24;True;0;2463;vazao;Epagri;;;2;False;diaria;f590d034c85bf207_diario_derivado;;interna;horaria_agregada;media
2025-11-30;3.315;24;True;0;2463;vazao;Epagri;;;2;False;diaria;f590d034c85bf207_diario_derivado;;interna;horaria_agregada;media
2025-12-01;3.4499999999999997;24;True;0;2463;vazao;Epagri;;;2;False;diaria;f590d034c85bf207_diario_derivado;;interna;horaria_agregada;media
2025-12-02;7.799166666666667;24;True;0;2463;vazao;Epagri;;;2;False;diaria;f590d034c85bf207_diario_derivado;;interna;horaria_agregada;media
2025-12-03;5.53375;24;True;0;2463;vazao;Epagri;;;2;False;diaria;f590d034c85bf207_diario_derivado;;interna;horaria_agregada;media
2025-12-04;3.5825;24;True;0;2463;vazao;Epagri;;;2;False;diaria;f590d034c85bf207_diario_derivado;;interna;horaria_agregada;media
2025-12-05;3.395;24;True;0;2463;vazao;Epagri;;;2;False;diaria;f590d034c85bf207_diario_derivado;;interna;horaria_agregada;media
2025-12-06;3.155;24;True;0;2463;vazao;Epagri;;;2;False;diaria;f590d034c85bf207_diario_derivado;;interna;horaria_agregada;media
2025-12-07;3.015;24;True;0;2463;vazao;Epagri;;;2;False;diaria;f590d034c85bf207_diario_derivado;;interna;horaria_agregada;media
2025-12-08;2.862083333333333;24;True;0;2463;vazao;Epagri;;;2;False;diaria;f590d034c85bf207_diario_derivado;;interna;horaria_agregada;media
2025-12-09;38.277499999999996;24;True;0;2463;vazao;Epagri;;;2;False;diaria;f590d034c85bf207_diario_derivado;;interna;horaria_agregada;media
2025-12-10;9.67875;24;True;0;2463;vazao;Epagri;;;2;False;diaria;f590d034c85bf207_diario_derivado;;interna;horaria_agregada;media
2025-12-11;6.737916666666667;24;True;0;2463;vazao;Epagri;;;2;False;diaria;f590d034c85bf207_diario_derivado;;interna;horaria_agregada;media
2025-12-12;4.50375;24;True;0;2463;vazao;Epagri;;;2;False;diaria;f590d034c85bf207_diario_derivado;;interna;horaria_agregada;media
2025-12-13;3.985;24;True;0;2463;vazao;Epagri;;;2;False;diaria;f590d034c85bf207_diario_derivado;;interna;horaria_agregada;media
2025-12-14;3.6637500000000003;24;True;0;2463;vazao;Epagri;;;2;False;diaria;f590d034c85bf207_diario_derivado;;interna;horaria_agregada;media
2025-12-15;3.560833333333333;24;True;0;2463;vazao;Epagri;;;2;False;diaria;f590d034c85bf207_diario_derivado;;interna;horaria_agregada;media
2025-12-16;3.4812499999999997;24;True;0;2463;vazao;Epagri;;;2;False;diaria;f590d034c85bf207_diario_derivado;;interna;horaria_agregada;media
2025-12-17;3.185;24;True;0;2463;vazao;Epagri;;;2;False;diaria;f590d034c85bf207_diario_derivado;;interna;horaria_agregada;media
2025-12-18;3.045;24;True;0;2463;vazao;Epagri;;;2;False;diaria;f590d034c85bf207_diario_derivado;;interna;horaria_agregada;media
2025-12-19;2.945;24;True;0;2463;vazao;Epagri;;;2;False;diaria;f590d034c85bf207_diario_derivado;;interna;horaria_agregada;media
2025-12-20;2.875833333333333;24;True;0;2463;vazao;Epagri;;;2;False;diaria;f590d034c85bf207_diario_derivado;;interna;horaria_agregada;media
2025-12-21;2.825416666666667;24;True;0;2463;vazao;Epagri;;;2;False;diaria;f590d034c85bf207_diario_derivado;;interna;horaria_agregada;media
2025-12-22;2.7750000000000004;24;True;0;2463;vazao;Epagri;;;2;False;diaria;f590d034c85bf207_diario_derivado;;interna;horaria_agregada;media
2025-12-23;2.749166666666667;24;True;0;2463;vazao;Epagri;;;2;False;diaria;f590d034c85bf207_diario_derivado;;interna;horaria_agregada;media
2025-12-24;12.82;24;True;0;2463;vazao;Epagri;;;2;False;diaria;f590d034c85bf207_diario_derivado;;interna;horaria_agregada;media
2025-12-25;10.367916666666668;24;True;0;2463;vazao;Epagri;;;2;False;diaria;f590d034c85bf207_diario_derivado;;interna;horaria_agregada;media
2025-12-26;6.399166666666667;24;True;0;2463;vazao;Epagri;;;2;False;diaria;f590d034c85bf207_diario_derivado;;interna;horaria_agregada;media
2025-12-27;13.886249999999999;24;True;0;2463;vazao;Epagri;;;2;False;diaria;f590d034c85bf207_diario_derivado;;interna;horaria_agregada;media
2025-12-28;25.70625;24;True;0;2463;vazao;Epagri;;;2;False;diaria;f590d034c85bf207_diario_derivado;;interna;horaria_agregada;media
2025-12-29;40.477916666666665;24;True;0;2463;vazao;Epagri;;;2;False;diaria;f590d034c85bf207_diario_derivado;;interna;horaria_agregada;media
2025-12-30;22.403333333333332;24;True;0;2463;vazao;Epagri;;;2;False;diaria;f590d034c85bf207_diario_derivado;;interna;horaria_agregada;media
2025-12-31;74.31;24;True;0;2463;vazao;Epagri;;;2;False;diaria;f590d034c85bf207_diario_derivado;;interna;horaria_agregada;media
2026-01-01;32.724583333333335;24;True;0;2463;vazao;Epagri;;;2;False;diaria;f590d034c85bf207_diario_derivado;;interna;horaria_agregada;media
2026-01-02;18.638333333333332;24;True;0;2463;vazao;Epagri;;;2;False;diaria;f590d034c85bf207_diario_derivado;;interna;horaria_agregada;media
2026-01-03;11.368333333333332;24;True;0;2463;vazao;Epagri;;;2;False;diaria;f590d034c85bf207_diario_derivado;;interna;horaria_agregada;media
2026-01-04;9.008333333333333;24;True;0;2463;vazao;Epagri;;;2;False;diaria;f590d034c85bf207_diario_derivado;;interna;horaria_agregada;media
2026-01-05;7.8066666666666675;24;True;0;2463;vazao;Epagri;;;2;False;diaria;f590d034c85bf207_diario_derivado;;interna;horaria_agregada;media
2026-01-06;7.114166666666667;24;True;0;2463;vazao;Epagri;;;2;False;diaria;f590d034c85bf207_diario_derivado;;interna;horaria_agregada;media
2026-01-07;6.63;24;True;0;2463;vazao;Epagri;;;2;False;diaria;f590d034c85bf207_diario_derivado;;interna;horaria_agregada;media
2026-01-08;6.343333333333334;24;True;0;2463;vazao;Epagri;;;2;False;diaria;f590d034c85bf207_diario_derivado;;interna;horaria_agregada;media
2026-01-09;6.017500000000001;24;True;0;2463;vazao;Epagri;;;2;False;diaria;f590d034c85bf207_diario_derivado;;interna;horaria_agregada;media
2026-01-10;7.782916666666666;24;True;0;2463;vazao;Epagri;;;2;False;diaria;f590d034c85bf207_diario_derivado;;interna;horaria_agregada;media
2026-01-11;6.110833333333333;24;True;0;2463;vazao;Epagri;;;2;False;diaria;f590d034c85bf207_diario_derivado;;interna;horaria_agregada;media
2026-01-12;6.2491666666666665;24;True;0;2463;vazao;Epagri;;;2;False;diaria;f590d034c85bf207_diario_derivado;;interna;horaria_agregada;media
2026-01-13;6.3445833333333335;24;True;0;2463;vazao;Epagri;;;2;False;diaria;f590d034c85bf207_diario_derivado;;interna;horaria_agregada;media
2026-01-14;5.806666666666666;24;True;0;2463;vazao;Epagri;;;2;False;diaria;f590d034c85bf207_diario_derivado;;interna;horaria_agregada;media
2026-01-15;4.912083333333333;24;True;0;2463;vazao;Epagri;;;2;False;diaria;f590d034c85bf207_diario_derivado;;interna;horaria_agregada;media
2026-01-16;5.999583333333334;24;True;0;2463;vazao;Epagri;;;2;False;diaria;f590d034c85bf207_diario_derivado;;interna;horaria_agregada;media
2026-01-17;5.65625;24;True;0;2463;vazao;Epagri;;;2;False;diaria;f590d034c85bf207_diario_derivado;;interna;horaria_agregada;media
2026-01-18;14.79;24;True;0;2463;vazao;Epagri;;;2;False;diaria;f590d034c85bf207_diario_derivado;;interna;horaria_agregada;media
2026-01-19;16.444166666666664;24;True;0;2463;vazao;Epagri;;;2;False;diaria;f590d034c85bf207_diario_derivado;;interna;horaria_agregada;media
2026-01-20;6.907916666666666;24;True;0;2463;vazao;Epagri;;;2;False;diaria;f590d034c85bf207_diario_derivado;;interna;horaria_agregada;media
2026-01-21;6.105416666666667;24;True;0;2463;vazao;Epagri;;;2;False;diaria;f590d034c85bf207_diario_derivado;;interna;horaria_agregada;media
2026-01-22;5.694166666666667;24;True;0;2463;vazao;Epagri;;;2;False;diaria;f590d034c85bf207_diario_derivado;;interna;horaria_agregada;media
2026-01-23;5.140833333333333;24;True;0;2463;vazao;Epagri;;;2;False;diaria;f590d034c85bf207_diario_derivado;;interna;horaria_agregada;media
2026-01-24;4.8254166666666665;24;True;0;2463;vazao;Epagri;;;2;False;diaria;f590d034c85bf207_diario_derivado;;interna;horaria_agregada;media
2026-01-25;4.615;24;True;0;2463;vazao;Epagri;;;2;False;diaria;f590d034c85bf207_diario_derivado;;interna;horaria_agregada;media
2026-01-26;4.415;24;True;0;2463;vazao;Epagri;;;2;False;diaria;f590d034c85bf207_diario_derivado;;interna;horaria_agregada;media
2026-01-27;4.295000000000001;24;True;0;2463;vazao;Epagri;;;2;False;diaria;f590d034c85bf207_diario_derivado;;interna;horaria_agregada;media
2026-01-28;4.2;24;True;0;2463;vazao;Epagri;;;2;False;diaria;f590d034c85bf207_diario_derivado;;interna;horaria_agregada;media
2026-01-29;4.7179166666666665;24;True;0;2463;vazao;Epagri;;;2;False;diaria;f590d034c85bf207_diario_derivado;;interna;horaria_agregada;media
2026-01-30;4.705;24;True;0;2463;vazao;Epagri;;;2;False;diaria;f590d034c85bf207_diario_derivado;;interna;horaria_agregada;media
2026-01-31;11.40875;24;True;0;2463;vazao;Epagri;;;2;False;diaria;f590d034c85bf207_diario_derivado;;interna;horaria_agregada;media
2026-02-01;8.8125;24;True;0;2463;vazao;Epagri;;;2;False;diaria;f590d034c85bf207_diario_derivado;;interna;horaria_agregada;media
2026-02-02;4.852916666666666;24;True;0;2463;vazao;Epagri;;;2;False;diaria;f590d034c85bf207_diario_derivado;;interna;horaria_agregada;media
2026-02-03;4.704166666666667;24;True;0;2463;vazao;Epagri;;;2;False;diaria;f590d034c85bf207_diario_derivado;;interna;horaria_agregada;media
2026-02-04;6.254583333333334;24;True;0;2463;vazao;Epagri;;;2;False;diaria;f590d034c85bf207_diario_derivado;;interna;horaria_agregada;media
2026-02-05;4.56375;24;True;0;2463;vazao;Epagri;;;2;False;diaria;f590d034c85bf207_diario_derivado;;interna;horaria_agregada;media
2026-02-06;4.29;24;True;0;2463;vazao;Epagri;;;2;False;diaria;f590d034c85bf207_diario_derivado;;interna;horaria_agregada;media
2026-02-07;13.4325;24;True;0;2463;vazao;Epagri;;;2;False;diaria;f590d034c85bf207_diario_derivado;;interna;horaria_agregada;media
2026-02-08;8.233749999999999;24;True;0;2463;vazao;Epagri;;;2;False;diaria;f590d034c85bf207_diario_derivado;;interna;horaria_agregada;media
2026-02-09;5.26625;24;True;0;2463;vazao;Epagri;;;2;False;diaria;f590d034c85bf207_diario_derivado;;interna;horaria_agregada;media
2026-02-10;6.2058333333333335;24;True;0;2463;vazao;Epagri;;;2;False;diaria;f590d034c85bf207_diario_derivado;;interna;horaria_agregada;media
2026-02-11;5.140416666666667;24;True;0;2463;vazao;Epagri;;;2;False;diaria;f590d034c85bf207_diario_derivado;;interna;horaria_agregada;media
2026-02-12;5.070416666666667;24;True;0;2463;vazao;Epagri;;;2;False;diaria;f590d034c85bf207_diario_derivado;;interna;horaria_agregada;media
2026-02-13;20.500833333333336;24;True;0;2463;vazao;Epagri;;;2;False;diaria;f590d034c85bf207_diario_derivado;;interna;horaria_agregada;media
2026-02-14;11.426250000000001;24;True;0;2463;vazao;Epagri;;;2;False;diaria;f590d034c85bf207_diario_derivado;;interna;horaria_agregada;media
2026-02-15;16.544583333333332;24;True;0;2463;vazao;Epagri;;;2;False;diaria;f590d034c85bf207_diario_derivado;;interna;horaria_agregada;media
2026-02-16;7.97125;24;True;0;2463;vazao;Epagri;;;2;False;diaria;f590d034c85bf207_diario_derivado;;interna;horaria_agregada;media
2026-02-17;7.998333333333334;24;True;0;2463;vazao;Epagri;;;2;False;diaria;f590d034c85bf207_diario_derivado;;interna;horaria_agregada;media
2026-02-18;7.6433333333333335;24;True;0;2463;vazao;Epagri;;;2;False;diaria;f590d034c85bf207_diario_derivado;;interna;horaria_agregada;media
2026-02-19;5.795833333333333;24;True;0;2463;vazao;Epagri;;;2;False;diaria;f590d034c85bf207_diario_derivado;;interna;horaria_agregada;media
2026-02-20;5.379583333333333;24;True;0;2463;vazao;Epagri;;;2;False;diaria;f590d034c85bf207_diario_derivado;;interna;horaria_agregada;media
2026-02-21;10.37;24;True;0;2463;vazao;Epagri;;;2;False;diaria;f590d034c85bf207_diario_derivado;;interna;horaria_agregada;media
2026-02-22;5.659166666666667;24;True;0;2463;vazao;Epagri;;;2;False;diaria;f590d034c85bf207_diario_derivado;;interna;horaria_agregada;media
2026-02-23;5.16125;24;True;0;2463;vazao;Epagri;;;2;False;diaria;f590d034c85bf207_diario_derivado;;interna;horaria_agregada;media
2026-02-24;7.527916666666667;24;True;0;2463;vazao;Epagri;;;2;False;diaria;f590d034c85bf207_diario_derivado;;interna;horaria_agregada;media
2026-02-25;9.1425;24;True;0;2463;vazao;Epagri;;;2;False;diaria;f590d034c85bf207_diario_derivado;;interna;horaria_agregada;media
2026-02-26;6.7425;24;True;0;2463;vazao;Epagri;;;2;False;diaria;f590d034c85bf207_diario_derivado;;interna;horaria_agregada;media
2026-02-27;5.3999999999999995;24;True;0;2463;vazao;Epagri;;;2;False;diaria;f590d034c85bf207_diario_derivado;;interna;horaria_agregada;media
2026-02-28;4.95;24;True;0;2463;vazao;Epagri;;;2;False;diaria;f590d034c85bf207_diario_derivado;;interna;horaria_agregada;media
2026-03-01;4.77125;24;True;0;2463;vazao;Epagri;;;2;False;diaria;f590d034c85bf207_diario_derivado;;interna;horaria_agregada;media
2026-03-02;4.646666666666667;24;True;0;2463;vazao;Epagri;;;2;False;diaria;f590d034c85bf207_diario_derivado;;interna;horaria_agregada;media
2026-03-03;4.45;24;True;0;2463;vazao;Epagri;;;2;False;diaria;f590d034c85bf207_diario_derivado;;interna;horaria_agregada;media
2026-03-04;4.345;24;True;0;2463;vazao;Epagri;;;2;False;diaria;f590d034c85bf207_diario_derivado;;interna;horaria_agregada;media
2026-03-05;4.23;24;True;0;2463;vazao;Epagri;;;2;False;diaria;f590d034c85bf207_diario_derivado;;interna;horaria_agregada;media
2026-03-06;4.180000000000001;24;True;0;2463;vazao;Epagri;;;2;False;diaria;f590d034c85bf207_diario_derivado;;interna;horaria_agregada;media
2026-03-07;4.1450000000000005;24;True;0;2463;vazao;Epagri;;;2;False;diaria;f590d034c85bf207_diario_derivado;;interna;horaria_agregada;media
2026-03-08;4.075;24;True;0;2463;vazao;Epagri;;;2;False;diaria;f590d034c85bf207_diario_derivado;;interna;horaria_agregada;media
2026-03-09;4.5720833333333335;24;True;0;2463;vazao;Epagri;;;2;False;diaria;f590d034c85bf207_diario_derivado;;interna;horaria_agregada;media
2026-03-10;4.54625;24;True;0;2463;vazao;Epagri;;;2;False;diaria;f590d034c85bf207_diario_derivado;;interna;horaria_agregada;media
2026-03-11;4.8308333333333335;24;True;0;2463;vazao;Epagri;;;2;False;diaria;f590d034c85bf207_diario_derivado;;interna;horaria_agregada;media
2026-03-12;4.4575000000000005;24;True;0;2463;vazao;Epagri;;;2;False;diaria;f590d034c85bf207_diario_derivado;;interna;horaria_agregada;media
2026-03-13;4.97125;24;True;0;2463;vazao;Epagri;;;2;False;diaria;f590d034c85bf207_diario_derivado;;interna;horaria_agregada;media
2026-03-14;4.28;24;True;0;2463;vazao;Epagri;;;2;False;diaria;f590d034c85bf207_diario_derivado;;interna;horaria_agregada;media
2026-03-15;4.125;24;True;0;2463;vazao;Epagri;;;2;False;diaria;f590d034c85bf207_diario_derivado;;interna;horaria_agregada;media
2026-03-16;3.950833333333333;24;True;0;2463;vazao;Epagri;;;2;False;diaria;f590d034c85bf207_diario_derivado;;interna;horaria_agregada;media
2026-03-17;3.85;24;True;0;2463;vazao;Epagri;;;2;False;diaria;f590d034c85bf207_diario_derivado;;interna;horaria_agregada;media
2026-03-18;3.8408333333333338;24;True;0;2463;vazao;Epagri;;;2;False;diaria;f590d034c85bf207_diario_derivado;;interna;horaria_agregada;media
2026-03-19;3.817916666666667;24;True;0;2463;vazao;Epagri;;;2;False;diaria;f590d034c85bf207_diario_derivado;;interna;horaria_agregada;media
2026-03-20;3.872916666666667;24;True;0;2463;vazao;Epagri;;;2;False;diaria;f590d034c85bf207_diario_derivado;;interna;horaria_agregada;media
2026-03-21;3.827083333333334;24;True;0;2463;vazao;Epagri;;;2;False;diaria;f590d034c85bf207_diario_derivado;;interna;horaria_agregada;media
2026-03-22;5.4750000000000005;24;True;0;2463;vazao;Epagri;;;2;False;diaria;f590d034c85bf207_diario_derivado;;interna;horaria_agregada;media
2026-03-23;4.01375;24;True;0;2463;vazao;Epagri;;;2;False;diaria;f590d034c85bf207_diario_derivado;;interna;horaria_agregada;media
2026-03-24;3.7583333333333333;24;True;0;2463;vazao;Epagri;;;2;False;diaria;f590d034c85bf207_diario_derivado;;interna;horaria_agregada;media
2026-03-25;3.7170833333333335;24;True;0;2463;vazao;Epagri;;;2;False;diaria;f590d034c85bf207_diario_derivado;;interna;horaria_agregada;media
2026-03-26;3.6300000000000003;24;True;0;2463;vazao;Epagri;;;2;False;diaria;f590d034c85bf207_diario_derivado;;interna;horaria_agregada;media
2026-03-27;3.549583333333333;24;True;0;2463;vazao;Epagri;;;2;False;diaria;f590d034c85bf207_diario_derivado;;interna;horaria_agregada;media
2026-03-28;3.4291666666666667;24;True;0;2463;vazao;Epagri;;;2;False;diaria;f590d034c85bf207_diario_derivado;;interna;horaria_agregada;media
2026-03-29;3.4250000000000003;24;True;0;2463;vazao;Epagri;;;2;False;diaria;f590d034c85bf207_diario_derivado;;interna;horaria_agregada;media
2026-03-30;3.49375;24;True;0;2463;vazao;Epagri;;;2;False;diaria;f590d034c85bf207_diario_derivado;;interna;horaria_agregada;media
2026-03-31;5.88;24;True;0;2463;vazao;Epagri;;;2;False;diaria;f590d034c85bf207_diario_derivado;;interna;horaria_agregada;media
2026-04-01;4.07375;24;True;0;2463;vazao;Epagri;;;2;False;diaria;f590d034c85bf207_diario_derivado;;interna;horaria_agregada;media
2026-04-02;3.5591666666666666;24;True;0;2463;vazao;Epagri;;;2;False;diaria;f590d034c85bf207_diario_derivado;;interna;horaria_agregada;media
2026-04-03;3.4737500000000003;24;True;0;2463;vazao;Epagri;;;2;False;diaria;f590d034c85bf207_diario_derivado;;interna;horaria_agregada;media
2026-04-04;4.88375;24;True;0;2463;vazao;Epagri;;;2;False;diaria;f590d034c85bf207_diario_derivado;;interna;horaria_agregada;media
2026-04-05;4.65;24;True;0;2463;vazao;Epagri;;;2;False;diaria;f590d034c85bf207_diario_derivado;;interna;horaria_agregada;media
2026-04-06;9.883333333333333;24;True;0;2463;vazao;Epagri;;;2;False;diaria;f590d034c85bf207_diario_derivado;;interna;horaria_agregada;media
2026-04-07;63.850833333333334;24;True;0;2463;vazao;Epagri;;;2;False;diaria;f590d034c85bf207_diario_derivado;;interna;horaria_agregada;media
2026-04-08;13.852083333333333;24;True;0;2463;vazao;Epagri;;;2;False;diaria;f590d034c85bf207_diario_derivado;;interna;horaria_agregada;media
2026-04-09;6.710416666666667;24;True;0;2463;vazao;Epagri;;;2;False;diaria;f590d034c85bf207_diario_derivado;;interna;horaria_agregada;media
2026-04-10;5.435416666666666;24;True;0;2463;vazao;Epagri;;;2;False;diaria;f590d034c85bf207_diario_derivado;;interna;horaria_agregada;media
2026-04-11;4.9175;24;True;0;2463;vazao;Epagri;;;2;False;diaria;f590d034c85bf207_diario_derivado;;interna;horaria_agregada;media
2026-04-12;5.542083333333333;24;True;0;2463;vazao;Epagri;;;2;False;diaria;f590d034c85bf207_diario_derivado;;interna;horaria_agregada;media
2026-04-13;4.8741666666666665;24;True;0;2463;vazao;Epagri;;;2;False;diaria;f590d034c85bf207_diario_derivado;;interna;horaria_agregada;media
2026-04-14;4.53;24;True;0;2463;vazao;Epagri;;;2;False;diaria;f590d034c85bf207_diario_derivado;;interna;horaria_agregada;media
2026-04-15;4.37;24;True;0;2463;vazao;Epagri;;;2;False;diaria;f590d034c85bf207_diario_derivado;;interna;horaria_agregada;media
2026-04-16;4.305000000000001;24;True;0;2463;vazao;Epagri;;;2;False;diaria;f590d034c85bf207_diario_derivado;;interna;horaria_agregada;media
2026-04-17;4.14;24;True;0;2463;vazao;Epagri;;;2;False;diaria;f590d034c85bf207_diario_derivado;;interna;horaria_agregada;media
2026-04-18;3.98;24;True;0;2463;vazao;Epagri;;;2;False;diaria;f590d034c85bf207_diario_derivado;;interna;horaria_agregada;media
2026-04-19;3.859166666666667;24;True;0;2463;vazao;Epagri;;;2;False;diaria;f590d034c85bf207_diario_derivado;;interna;horaria_agregada;media
2026-04-20;3.80875;24;True;0;2463;vazao;Epagri;;;2;False;diaria;f590d034c85bf207_diario_derivado;;interna;horaria_agregada;media
2026-04-21;3.785833333333333;24;True;0;2463;vazao;Epagri;;;2;False;diaria;f590d034c85bf207_diario_derivado;;interna;horaria_agregada;media
2026-04-22;3.74;24;True;0;2463;vazao;Epagri;;;2;False;diaria;f590d034c85bf207_diario_derivado;;interna;horaria_agregada;media
2026-04-23;3.707916666666667;24;True;0;2463;vazao;Epagri;;;2;False;diaria;f590d034c85bf207_diario_derivado;;interna;horaria_agregada;media
2026-04-24;3.707916666666667;24;True;0;2463;vazao;Epagri;;;2;False;diaria;f590d034c85bf207_diario_derivado;;interna;horaria_agregada;media
2026-04-25;3.6300000000000003;24;True;0;2463;vazao;Epagri;;;2;False;diaria;f590d034c85bf207_diario_derivado;;interna;horaria_agregada;media
2026-04-26;7.551666666666667;24;True;0;2463;vazao;Epagri;;;2;False;diaria;f590d034c85bf207_diario_derivado;;interna;horaria_agregada;media
2026-04-27;4.776666666666666;24;True;0;2463;vazao;Epagri;;;2;False;diaria;f590d034c85bf207_diario_derivado;;interna;horaria_agregada;media
2026-04-28;3.8504166666666664;24;True;0;2463;vazao;Epagri;;;2;False;diaria;f590d034c85bf207_diario_derivado;;interna;horaria_agregada;media
2026-04-29;3.817916666666667;24;True;0;2463;vazao;Epagri;;;2;False;diaria;f590d034c85bf207_diario_derivado;;interna;horaria_agregada;media
2026-04-30;3.74;24;True;0;2463;vazao;Epagri;;;2;False;diaria;f590d034c85bf207_diario_derivado;;interna;horaria_agregada;media
2026-05-01;3.6300000000000003;24;True;0;2463;vazao;Epagri;;;2;False;diaria;f590d034c85bf207_diario_derivado;;interna;horaria_agregada;media
2026-05-02;4.589166666666666;24;True;0;2463;vazao;Epagri;;;2;False;diaria;f590d034c85bf207_diario_derivado;;interna;horaria_agregada;media
2026-05-03;4.111666666666667;24;True;0;2463;vazao;Epagri;;;2;False;diaria;f590d034c85bf207_diario_derivado;;interna;horaria_agregada;media
2026-05-04;3.62625;24;True;0;2463;vazao;Epagri;;;2;False;diaria;f590d034c85bf207_diario_derivado;;interna;horaria_agregada;media
2026-05-05;3.6300000000000003;24;True;0;2463;vazao;Epagri;;;2;False;diaria;f590d034c85bf207_diario_derivado;;interna;horaria_agregada;media
2026-05-06;3.53;24;True;0;2463;vazao;Epagri;;;2;False;diaria;f590d034c85bf207_diario_derivado;;interna;horaria_agregada;media
2026-05-07;3.438333333333333;24;True;0;2463;vazao;Epagri;;;2;False;diaria;f590d034c85bf207_diario_derivado;;interna;horaria_agregada;media
2026-05-08;3.5187500000000003;24;True;0;2463;vazao;Epagri;;;2;False;diaria;f590d034c85bf207_diario_derivado;;interna;horaria_agregada;media
2026-05-09;4.5633333333333335;24;True;0;2463;vazao;Epagri;;;2;False;diaria;f590d034c85bf207_diario_derivado;;interna;horaria_agregada;media
2026-05-10;8.64625;24;True;0;2463;vazao;Epagri;;;2;False;diaria;f590d034c85bf207_diario_derivado;;interna;horaria_agregada;media
2026-05-11;4.015416666666667;24;True;0;2463;vazao;Epagri;;;2;False;diaria;f590d034c85bf207_diario_derivado;;interna;horaria_agregada;media
2026-05-12;3.5679166666666666;24;True;0;2463;vazao;Epagri;;;2;False;diaria;f590d034c85bf207_diario_derivado;;interna;horaria_agregada;media
2026-05-13;3.3991666666666664;24;True;0;2463;vazao;Epagri;;;2;False;diaria;f590d034c85bf207_diario_derivado;;interna;horaria_agregada;media
2026-05-14;3.2575000000000003;24;True;0;2463;vazao;Epagri;;;2;False;diaria;f590d034c85bf207_diario_derivado;;interna;horaria_agregada;media
2026-05-15;3.22;24;True;0;2463;vazao;Epagri;;;2;False;diaria;f590d034c85bf207_diario_derivado;;interna;horaria_agregada;media
2026-05-16;3.22;24;True;0;2463;vazao;Epagri;;;2;False;diaria;f590d034c85bf207_diario_derivado;;interna;horaria_agregada;media
2026-05-17;3.22;24;True;0;2463;vazao;Epagri;;;2;False;diaria;f590d034c85bf207_diario_derivado;;interna;horaria_agregada;media
2026-05-18;3.1325000000000003;24;True;0;2463;vazao;Epagri;;;2;False;diaria;f590d034c85bf207_diario_derivado;;interna;horaria_agregada;media
2026-05-19;3.09375;24;True;0;2463;vazao;Epagri;;;2;False;diaria;f590d034c85bf207_diario_derivado;;interna;horaria_agregada;media
2026-05-20;3.0374999999999996;24;True;0;2463;vazao;Epagri;;;2;False;diaria;f590d034c85bf207_diario_derivado;;interna;horaria_agregada;media
2026-05-21;2.938333333333334;24;True;0;2463;vazao;Epagri;;;2;False;diaria;f590d034c85bf207_diario_derivado;;interna;horaria_agregada;media
2026-05-22;2.9133333333333336;24;True;0;2463;vazao;Epagri;;;2;False;diaria;f590d034c85bf207_diario_derivado;;interna;horaria_agregada;media
2026-05-23;6.806666666666666;24;True;0;2463;vazao;Epagri;;;2;False;diaria;f590d034c85bf207_diario_derivado;;interna;horaria_agregada;media
2026-05-24;4.148750000000001;24;True;0;2463;vazao;Epagri;;;2;False;diaria;f590d034c85bf207_diario_derivado;;interna;horaria_agregada;media
2026-05-25;3.7875;24;True;0;2463;vazao;Epagri;;;2;False;diaria;f590d034c85bf207_diario_derivado;;interna;horaria_agregada;media
2026-05-26;9.731250000000001;24;True;0;2463;vazao;Epagri;;;2;False;diaria;f590d034c85bf207_diario_derivado;;interna;horaria_agregada;media
2026-05-27;4.923333333333333;24;True;0;2463;vazao;Epagri;;;2;False;diaria;f590d034c85bf207_diario_derivado;;interna;horaria_agregada;media
2026-05-28;3.7587500000000005;24;True;0;2463;vazao;Epagri;;;2;False;diaria;f590d034c85bf207_diario_derivado;;interna;horaria_agregada;media
2026-05-29;3.4883333333333333;24;True;0;2463;vazao;Epagri;;;2;False;diaria;f590d034c85bf207_diario_derivado;;interna;horaria_agregada;media
2026-05-30;3.32;24;True;0;2463;vazao;Epagri;;;2;False;diaria;f590d034c85bf207_diario_derivado;;interna;horaria_agregada;media
2026-05-31;3.22;24;True;0;2463;vazao;Epagri;;;2;False;diaria;f590d034c85bf207_diario_derivado;;interna;horaria_agregada;media
2026-06-01;3.1325000000000003;24;True;0;2463;vazao;Epagri;;;2;False;diaria;f590d034c85bf207_diario_derivado;;interna;horaria_agregada;media
2026-06-02;3.105;24;True;0;2463;vazao;Epagri;;;2;False;diaria;f590d034c85bf207_diario_derivado;;interna;horaria_agregada;media
2026-06-03;3.03;24;True;0;2463;vazao;Epagri;;;2;False;diaria;f590d034c85bf207_diario_derivado;;interna;horaria_agregada;media
2026-06-04;3.813333333333333;24;True;0;2463;vazao;Epagri;;;2;False;diaria;f590d034c85bf207_diario_derivado;;interna;horaria_agregada;media
2026-06-05;;23;False;0;2463;vazao;Epagri;;;2;False;diaria;f590d034c85bf207_diario_derivado;;interna;horaria_agregada;media
2026-06-06;;21;False;0;2463;vazao;Epagri;;;2;False;diaria;f590d034c85bf207_diario_derivado;;interna;horaria_agregada;media
2026-06-07;3.1533333333333338;24;True;0;2463;vazao;Epagri;;;2;False;diaria;f590d034c85bf207_diario_derivado;;interna;horaria_agregada;media
2026-06-08;3.10875;24;True;0;2463;vazao;Epagri;;;2;False;diaria;f590d034c85bf207_diario_derivado;;interna;horaria_agregada;media
2026-06-09;3.1354166666666665;24;True;0;2463;vazao;Epagri;;;2;False;diaria;f590d034c85bf207_diario_derivado;;interna;horaria_agregada;media
2026-06-10;3.0875;24;True;0;2463;vazao;Epagri;;;2;False;diaria;f590d034c85bf207_diario_derivado;;interna;horaria_agregada;media
2026-06-11;3.013333333333333;24;True;0;2463;vazao;Epagri;;;2;False;diaria;f590d034c85bf207_diario_derivado;;interna;horaria_agregada;media
2026-06-12;3.182916666666667;24;True;0;2463;vazao;Epagri;;;2;False;diaria;f590d034c85bf207_diario_derivado;;interna;horaria_agregada;media
2026-06-13;3.4183333333333334;24;True;0;2463;vazao;Epagri;;;2;False;diaria;f590d034c85bf207_diario_derivado;;interna;horaria_agregada;media
2026-06-14;3.01625;24;True;0;2463;vazao;Epagri;;;2;False;diaria;f590d034c85bf207_diario_derivado;;interna;horaria_agregada;media
2026-06-15;2.885;24;True;0;2463;vazao;Epagri;;;2;False;diaria;f590d034c85bf207_diario_derivado;;interna;horaria_agregada;media
2026-06-16;2.84;24;True;0;2463;vazao;Epagri;;;2;False;diaria;f590d034c85bf207_diario_derivado;;interna;horaria_agregada;media
2026-06-17;2.7687500000000003;24;True;0;2463;vazao;Epagri;;;2;False;diaria;f590d034c85bf207_diario_derivado;;interna;horaria_agregada;media
2026-06-18;2.70125;24;True;0;2463;vazao;Epagri;;;2;False;diaria;f590d034c85bf207_diario_derivado;;interna;horaria_agregada;media
2026-06-19;2.84;24;True;0;2463;vazao;Epagri;;;2;False;diaria;f590d034c85bf207_diario_derivado;;interna;horaria_agregada;media
2026-06-20;8.717916666666666;24;True;0;2463;vazao;Epagri;;;2;False;diaria;f590d034c85bf207_diario_derivado;;interna;horaria_agregada;media
2026-06-21;7.548333333333333;24;True;0;2463;vazao;Epagri;;;2;False;diaria;f590d034c85bf207_diario_derivado;;interna;horaria_agregada;media
2026-06-22;3.8670833333333334;24;True;0;2463;vazao;Epagri;;;2;False;diaria;f590d034c85bf207_diario_derivado;;interna;horaria_agregada;media
2026-06-23;4.6049999999999995;24;True;0;2463;vazao;Epagri;;;2;False;diaria;f590d034c85bf207_diario_derivado;;interna;horaria_agregada;media
2026-06-24;3.4749999999999996;24;True;0;2463;vazao;Epagri;;;2;False;diaria;f590d034c85bf207_diario_derivado;;interna;horaria_agregada;media
2026-06-25;3.1533333333333338;24;True;0;2463;vazao;Epagri;;;2;False;diaria;f590d034c85bf207_diario_derivado;;interna;horaria_agregada;media
2026-06-26;3.03;24;True;0;2463;vazao;Epagri;;;2;False;diaria;f590d034c85bf207_diario_derivado;;interna;horaria_agregada;media
2026-06-27;2.9633333333333334;24;True;0;2463;vazao;Epagri;;;2;False;diaria;f590d034c85bf207_diario_derivado;;interna;horaria_agregada;media
2026-06-28;3.0629166666666667;24;True;0;2463;vazao;Epagri;;;2;False;diaria;f590d034c85bf207_diario_derivado;;interna;horaria_agregada;media
2026-06-29;4.2091666666666665;24;True;0;2463;vazao;Epagri;;;2;False;diaria;f590d034c85bf207_diario_derivado;;interna;horaria_agregada;media
2026-06-30;5.853333333333333;24;True;0;2463;vazao;Epagri;;;2;False;diaria;f590d034c85bf207_diario_derivado;;interna;horaria_agregada;media
2026-07-01;14.200833333333334;24;True;0;2463;vazao;Epagri;;;2;False;diaria;f590d034c85bf207_diario_derivado;;interna;horaria_agregada;media
2026-07-02;20.22125;24;True;0;2463;vazao;Epagri;;;2;False;diaria;f590d034c85bf207_diario_derivado;;interna;horaria_agregada;media
2026-07-03;9.8375;24;True;0;2463;vazao;Epagri;;;2;False;diaria;f590d034c85bf207_diario_derivado;;interna;horaria_agregada;media
2026-07-04;5.73875;24;True;0;2463;vazao;Epagri;;;2;False;diaria;f590d034c85bf207_diario_derivado;;interna;horaria_agregada;media
2026-07-05;4.734166666666667;24;True;0;2463;vazao;Epagri;;;2;False;diaria;f590d034c85bf207_diario_derivado;;interna;horaria_agregada;media
2026-07-06;4.28;24;True;0;2463;vazao;Epagri;;;2;False;diaria;f590d034c85bf207_diario_derivado;;interna;horaria_agregada;media
2026-07-07;4.2700000000000005;24;True;0;2463;vazao;Epagri;;;2;False;diaria;f590d034c85bf207_diario_derivado;;interna;horaria_agregada;media
2026-07-08;3.859583333333333;24;True;0;2463;vazao;Epagri;;;2;False;diaria;f590d034c85bf207_diario_derivado;;interna;horaria_agregada;media
2026-07-09;3.5841666666666665;24;True;0;2463;vazao;Epagri;;;2;False;diaria;f590d034c85bf207_diario_derivado;;interna;horaria_agregada;media
2026-07-10;3.424583333333333;24;True;0;2463;vazao;Epagri;;;2;False;diaria;f590d034c85bf207_diario_derivado;;interna;horaria_agregada;media
2026-07-11;22.84583333333333;24;True;0;2463;vazao;Epagri;;;2;False;diaria;f590d034c85bf207_diario_derivado;;interna;horaria_agregada;media
2026-07-12;8.0975;24;True;0;2463;vazao;Epagri;;;2;False;diaria;f590d034c85bf207_diario_derivado;;interna;horaria_agregada;media
2026-07-13;5.091666666666667;24;True;0;2463;vazao;Epagri;;;2;False;diaria;f590d034c85bf207_diario_derivado;;interna;horaria_agregada;media
2026-07-14;4.430000000000001;24;True;0;2463;vazao;Epagri;;;2;False;diaria;f590d034c85bf207_diario_derivado;;interna;horaria_agregada;media
2026-07-15;4.24;24;True;0;2463;vazao;Epagri;;;2;False;diaria;f590d034c85bf207_diario_derivado;;interna;horaria_agregada;media
2026-07-16;3.967083333333333;24;True;0;2463;vazao;Epagri;;;2;False;diaria;f590d034c85bf207_diario_derivado;;interna;horaria_agregada;media
2026-07-17;3.7583333333333333;24;True;0;2463;vazao;Epagri;;;2;False;diaria;f590d034c85bf207_diario_derivado;;interna;horaria_agregada;media
2026-07-18;3.5966666666666662;24;True;0;2463;vazao;Epagri;;;2;False;diaria;f590d034c85bf207_diario_derivado;;interna;horaria_agregada;media
2026-07-19;3.4204166666666667;24;True;0;2463;vazao;Epagri;;;2;False;diaria;f590d034c85bf207_diario_derivado;;interna;horaria_agregada;media
2026-07-20;3.32;24;True;0;2463;vazao;Epagri;;;2;False;diaria;f590d034c85bf207_diario_derivado;;interna;horaria_agregada;media
2026-07-21;3.32;24;True;0;2463;vazao;Epagri;;;2;False;diaria;f590d034c85bf207_diario_derivado;;interna;horaria_agregada;media
2026-07-22;7.8445833333333335;24;True;0;2463;vazao;Epagri;;;2;False;diaria;f590d034c85bf207_diario_derivado;;interna;horaria_agregada;media
2026-07-23;4.085416666666666;24;True;0;2463;vazao;Epagri;;;2;False;diaria;f590d034c85bf207_diario_derivado;;interna;horaria_agregada;media
2026-07-24;3.47875;24;True;0;2463;vazao;Epagri;;;2;False;diaria;f590d034c85bf207_diario_derivado;;interna;horaria_agregada;media
2026-07-25;3.328333333333333;24;True;0;2463;vazao;Epagri;;;2;False;diaria;f590d034c85bf207_diario_derivado;;interna;horaria_agregada;media
2026-07-26;3.22;24;True;0;2463;vazao;Epagri;;;2;False;diaria;f590d034c85bf207_diario_derivado;;interna;horaria_agregada;media
2026-07-27;3.161666666666667;24;True;0;2463;vazao;Epagri;;;2;False;diaria;f590d034c85bf207_diario_derivado;;interna;horaria_agregada;media
2026-07-28;;11;False;0;2463;vazao;Epagri;;;2;False;diaria;f590d034c85bf207_diario_derivado;;interna;horaria_agregada;media
2026-07-29;;15;False;0;2463;vazao;Epagri;;;2;False;diaria;f590d034c85bf207_diario_derivado;;interna;horaria_agregada;media
2026-07-30;4.135;24;True;0;2463;vazao;Epagri;;;2;False;diaria;f590d034c85bf207_diario_derivado;;interna;horaria_agregada;media
2026-07-31;3.435416666666667;24;True;0;2463;vazao;Epagri;;;2;False;diaria;f590d034c85bf207_diario_derivado;;interna;horaria_agregada;media
2026-08-01;3.249166666666667;24;True;0;2463;vazao;Epagri;;;2;False;diaria;f590d034c85bf207_diario_derivado;;interna;horaria_agregada;media
2026-08-02;3.186666666666667;24;True;0;2463;vazao;Epagri;;;2;False;diaria;f590d034c85bf207_diario_derivado;;interna;horaria_agregada;media
2026-08-03;3.1199999999999997;24;True;0;2463;vazao;Epagri;;;2;False;diaria;f590d034c85bf207_diario_derivado;;interna;horaria_agregada;media
2026-08-04;3.03375;24;True;0;2463;vazao;Epagri;;;2;False;diaria;f590d034c85bf207_diario_derivado;;interna;horaria_agregada;media
2026-08-05;3.1191666666666666;24;True;0;2463;vazao;Epagri;;;2;False;diaria;f590d034c85bf207_diario_derivado;;interna;horaria_agregada;media
2026-08-06;3.7866666666666666;24;True;0;2463;vazao;Epagri;;;2;False;diaria;f590d034c85bf207_diario_derivado;;interna;horaria_agregada;media
2026-08-07;4.497083333333333;24;True;0;2463;vazao;Epagri;;;2;False;diaria;f590d034c85bf207_diario_derivado;;interna;horaria_agregada;media
2026-08-08;3.7145833333333336;24;True;0;2463;vazao;Epagri;;;2;False;diaria;f590d034c85bf207_diario_derivado;;interna;horaria_agregada;media
2026-08-09;4.162916666666667;24;True;0;2463;vazao;Epagri;;;2;False;diaria;f590d034c85bf207_diario_derivado;;interna;horaria_agregada;media
2026-08-10;3.4316666666666666;24;True;0;2463;vazao;Epagri;;;2;False;diaria;f590d034c85bf207_diario_derivado;;interna;horaria_agregada;media
2026-08-11;3.145;24;True;0;2463;vazao;Epagri;;;2;False;diaria;f590d034c85bf207_diario_derivado;;interna;horaria_agregada;media
2026-08-12;;23;False;0;2463;vazao;Epagri;;;2;False;diaria;f590d034c85bf207_diario_derivado;;interna;horaria_agregada;media
2026-08-13;8.389583333333333;24;True;0;2463;vazao;Epagri;;;2;False;diaria;f590d034c85bf207_diario_derivado;;interna;horaria_agregada;media
2026-08-14;8.011666666666667;24;True;0;2463;vazao;Epagri;;;2;False;diaria;f590d034c85bf207_diario_derivado;;interna;horaria_agregada;media
2026-08-15;18.1925;24;True;0;2463;vazao;Epagri;;;2;False;diaria;f590d034c85bf207_diario_derivado;;interna;horaria_agregada;media
2026-08-16;26.471666666666668;24;True;0;2463;vazao;Epagri;;;2;False;diaria;f590d034c85bf207_diario_derivado;;interna;horaria_agregada;media
2026-08-17;12.240416666666667;24;True;0;2463;vazao;Epagri;;;2;False;diaria;f590d034c85bf207_diario_derivado;;interna;horaria_agregada;media
2026-08-18;;21;False;0;2463;vazao;Epagri;;;2;False;diaria;f590d034c85bf207_diario_derivado;;interna;horaria_agregada;media
2026-08-19;5.840833333333333;24;True;0;2463;vazao;Epagri;;;2;False;diaria;f590d034c85bf207_diario_derivado;;interna;horaria_agregada;media
2026-08-20;5.108333333333333;24;True;0;2463;vazao;Epagri;;;2;False;diaria;f590d034c85bf207_diario_derivado;;interna;horaria_agregada;media
2026-08-21;4.6066666666666665;24;True;0;2463;vazao;Epagri;;;2;False;diaria;f590d034c85bf207_diario_derivado;;interna;horaria_agregada;media
2026-08-22;4.2250000000000005;24;True;0;2463;vazao;Epagri;;;2;False;diaria;f590d034c85bf207_diario_derivado;;interna;horaria_agregada;media
2026-08-23;3.9958333333333336;24;True;0;2463;vazao;Epagri;;;2;False;diaria;f590d034c85bf207_diario_derivado;;interna;horaria_agregada;media
2026-08-24;3.8225000000000002;24;True;0;2463;vazao;Epagri;;;2;False;diaria;f590d034c85bf207_diario_derivado;;interna;horaria_agregada;media
2026-08-25;3.735416666666667;24;True;0;2463;vazao;Epagri;;;2;False;diaria;f590d034c85bf207_diario_derivado;;interna;horaria_agregada;media
2026-08-26;3.6300000000000003;24;True;0;2463;vazao;Epagri;;;2;False;diaria;f590d034c85bf207_diario_derivado;;interna;horaria_agregada;media
2026-08-27;3.6300000000000003;24;True;0;2463;vazao;Epagri;;;2;False;diaria;f590d034c85bf207_diario_derivado;;interna;horaria_agregada;media
2026-08-28;3.6174999999999997;24;True;0;2463;vazao;Epagri;;;2;False;diaria;f590d034c85bf207_diario_derivado;;interna;horaria_agregada;media
2026-08-29;4.470416666666666;24;True;0;2463;vazao;Epagri;;;2;False;diaria;f590d034c85bf207_diario_derivado;;interna;horaria_agregada;media
2026-08-30;9.562916666666666;24;True;0;2463;vazao;Epagri;;;2;False;diaria;f590d034c85bf207_diario_derivado;;interna;horaria_agregada;media
2026-08-31;19.619583333333335;24;True;0;2463;vazao;Epagri;;;2;False;diaria;f590d034c85bf207_diario_derivado;;interna;horaria_agregada;media
2026-09-01;19.34958333333333;24;True;0;2463;vazao;Epagri;;;2;False;diaria;f590d034c85bf207_diario_derivado;;interna;horaria_agregada;media
2026-09-02;6.4870833333333335;24;True;0;2463;vazao;Epagri;;;2;False;diaria;f590d034c85bf207_diario_derivado;;interna;horaria_agregada;media
2026-09-03;5.33625;24;True;0;2463;vazao;Epagri;;;2;False;diaria;f590d034c85bf207_diario_derivado;;interna;horaria_agregada;media
2026-09-04;4.7875000000000005;24;True;0;2463;vazao;Epagri;;;2;False;diaria;f590d034c85bf207_diario_derivado;;interna;horaria_agregada;media
2026-09-05;;21;False;0;2463;vazao;Epagri;;;2;False;diaria;f590d034c85bf207_diario_derivado;;interna;horaria_agregada;media
2026-09-06;4.23;24;True;0;2463;vazao;Epagri;;;2;False;diaria;f590d034c85bf207_diario_derivado;;interna;horaria_agregada;media
2026-09-07;3.9612499999999997;24;True;0;2463;vazao;Epagri;;;2;False;diaria;f590d034c85bf207_diario_derivado;;interna;horaria_agregada;media
2026-09-08;3.8683333333333336;24;True;0;2463;vazao;Epagri;;;2;False;diaria;f590d034c85bf207_diario_derivado;;interna;horaria_agregada;media
2026-09-09;3.80875;24;True;0;2463;vazao;Epagri;;;2;False;diaria;f590d034c85bf207_diario_derivado;;interna;horaria_agregada;media
2026-09-10;5.285;24;True;0;2463;vazao;Epagri;;;2;False;diaria;f590d034c85bf207_diario_derivado;;interna;horaria_agregada;media
2026-09-11;11.365;24;True;0;2463;vazao;Epagri;;;2;False;diaria;f590d034c85bf207_diario_derivado;;interna;horaria_agregada;media
2026-09-12;7.12375;24;True;0;2463;vazao;Epagri;;;2;False;diaria;f590d034c85bf207_diario_derivado;;interna;horaria_agregada;media
2026-09-13;;22;False;0;2463;vazao;Epagri;;;2;False;diaria;f590d034c85bf207_diario_derivado;;interna;horaria_agregada;media
2026-09-14;;16;False;0;2463;vazao;Epagri;;;2;False;diaria;f590d034c85bf207_diario_derivado;;interna;horaria_agregada;media
