data_hora;valor;horas_validas;dia_completo;horas_conflitantes;codigo_estacao;tipo;fonte;longitude;latitude;numero_posicoes_internas;posicao_espacial_ambigua;resolucao;serie_id;nivel_consistencia;relacao_codigo;origem_resolucao;metodo_agregacao
2017-07-21;;0;False;0;2463;nivel;Epagri;;;2;False;diaria;e3e929a1cfadc553_diario_derivado;;interna;horaria_agregada;media
2017-07-22;;0;False;0;2463;nivel;Epagri;;;2;False;diaria;e3e929a1cfadc553_diario_derivado;;interna;horaria_agregada;media
2017-07-23;;0;False;0;2463;nivel;Epagri;;;2;False;diaria;e3e929a1cfadc553_diario_derivado;;interna;horaria_agregada;media
2017-07-24;;0;False;0;2463;nivel;Epagri;;;2;False;diaria;e3e929a1cfadc553_diario_derivado;;interna;horaria_agregada;media
2017-07-25;;0;False;0;2463;nivel;Epagri;;;2;False;diaria;e3e929a1cfadc553_diario_derivado;;interna;horaria_agregada;media
2017-07-26;;0;False;0;2463;nivel;Epagri;;;2;False;diaria;e3e929a1cfadc553_diario_derivado;;interna;horaria_agregada;media
2017-07-27;;0;False;0;2463;nivel;Epagri;;;2;False;diaria;e3e929a1cfadc553_diario_derivado;;interna;horaria_agregada;media
2017-07-28;;0;False;0;2463;nivel;Epagri;;;2;False;diaria;e3e929a1cfadc553_diario_derivado;;interna;horaria_agregada;media
2017-07-29;;0;False;0;2463;nivel;Epagri;;;2;False;diaria;e3e929a1cfadc553_diario_derivado;;interna;horaria_agregada;media
2017-07-30;;0;False;0;2463;nivel;Epagri;;;2;False;diaria;e3e929a1cfadc553_diario_derivado;;interna;horaria_agregada;media
2017-07-31;;0;False;0;2463;nivel;Epagri;;;2;False;diaria;e3e929a1cfadc553_diario_derivado;;interna;horaria_agregada;media
2017-08-01;;0;False;0;2463;nivel;Epagri;;;2;False;diaria;e3e929a1cfadc553_diario_derivado;;interna;horaria_agregada;media
2017-08-02;;0;False;0;2463;nivel;Epagri;;;2;False;diaria;e3e929a1cfadc553_diario_derivado;;interna;horaria_agregada;media
2017-08-03;;0;False;0;2463;nivel;Epagri;;;2;False;diaria;e3e929a1cfadc553_diario_derivado;;interna;horaria_agregada;media
2017-08-04;;0;False;0;2463;nivel;Epagri;;;2;False;diaria;e3e929a1cfadc553_diario_derivado;;interna;horaria_agregada;media
2017-08-05;;0;False;0;2463;nivel;Epagri;;;2;False;diaria;e3e929a1cfadc553_diario_derivado;;interna;horaria_agregada;media
2017-08-06;;0;False;0;2463;nivel;Epagri;;;2;False;diaria;e3e929a1cfadc553_diario_derivado;;interna;horaria_agregada;media
2017-08-07;;0;False;0;2463;nivel;Epagri;;;2;False;diaria;e3e929a1cfadc553_diario_derivado;;interna;horaria_agregada;media
2017-08-08;;0;False;0;2463;nivel;Epagri;;;2;False;diaria;e3e929a1cfadc553_diario_derivado;;interna;horaria_agregada;media
2017-08-09;;0;False;0;2463;nivel;Epagri;;;2;False;diaria;e3e929a1cfadc553_diario_derivado;;interna;horaria_agregada;media
2017-08-10;;0;False;0;2463;nivel;Epagri;;;2;False;diaria;e3e929a1cfadc553_diario_derivado;;interna;horaria_agregada;media
2017-08-11;;0;False;0;2463;nivel;Epagri;;;2;False;diaria;e3e929a1cfadc553_diario_derivado;;interna;horaria_agregada;media
2017-08-12;;0;False;0;2463;nivel;Epagri;;;2;False;diaria;e3e929a1cfadc553_diario_derivado;;interna;horaria_agregada;media
2017-08-13;;0;False;0;2463;nivel;Epagri;;;2;False;diaria;e3e929a1cfadc553_diario_derivado;;interna;horaria_agregada;media
2017-08-14;;0;False;0;2463;nivel;Epagri;;;2;False;diaria;e3e929a1cfadc553_diario_derivado;;interna;horaria_agregada;media
2017-08-15;;0;False;0;2463;nivel;Epagri;;;2;False;diaria;e3e929a1cfadc553_diario_derivado;;interna;horaria_agregada;media
2017-08-16;;0;False;0;2463;nivel;Epagri;;;2;False;diaria;e3e929a1cfadc553_diario_derivado;;interna;horaria_agregada;media
2017-08-17;;0;False;0;2463;nivel;Epagri;;;2;False;diaria;e3e929a1cfadc553_diario_derivado;;interna;horaria_agregada;media
2017-08-18;;0;False;0;2463;nivel;Epagri;;;2;False;diaria;e3e929a1cfadc553_diario_derivado;;interna;horaria_agregada;media
2017-08-19;;0;False;0;2463;nivel;Epagri;;;2;False;diaria;e3e929a1cfadc553_diario_derivado;;interna;horaria_agregada;media
2017-08-20;;0;False;0;2463;nivel;Epagri;;;2;False;diaria;e3e929a1cfadc553_diario_derivado;;interna;horaria_agregada;media
2017-08-21;;0;False;0;2463;nivel;Epagri;;;2;False;diaria;e3e929a1cfadc553_diario_derivado;;interna;horaria_agregada;media
2017-08-22;;0;False;0;2463;nivel;Epagri;;;2;False;diaria;e3e929a1cfadc553_diario_derivado;;interna;horaria_agregada;media
2017-08-23;;0;False;0;2463;nivel;Epagri;;;2;False;diaria;e3e929a1cfadc553_diario_derivado;;interna;horaria_agregada;media
2017-08-24;;0;False;0;2463;nivel;Epagri;;;2;False;diaria;e3e929a1cfadc553_diario_derivado;;interna;horaria_agregada;media
2017-08-25;;0;False;0;2463;nivel;Epagri;;;2;False;diaria;e3e929a1cfadc553_diario_derivado;;interna;horaria_agregada;media
2017-08-26;;0;False;0;2463;nivel;Epagri;;;2;False;diaria;e3e929a1cfadc553_diario_derivado;;interna;horaria_agregada;media
2017-08-27;;0;False;0;2463;nivel;Epagri;;;2;False;diaria;e3e929a1cfadc553_diario_derivado;;interna;horaria_agregada;media
2017-08-28;;0;False;0;2463;nivel;Epagri;;;2;False;diaria;e3e929a1cfadc553_diario_derivado;;interna;horaria_agregada;media
2017-08-29;;0;False;0;2463;nivel;Epagri;;;2;False;diaria;e3e929a1cfadc553_diario_derivado;;interna;horaria_agregada;media
2017-08-30;;0;False;0;2463;nivel;Epagri;;;2;False;diaria;e3e929a1cfadc553_diario_derivado;;interna;horaria_agregada;media
2017-08-31;;0;False;0;2463;nivel;Epagri;;;2;False;diaria;e3e929a1cfadc553_diario_derivado;;interna;horaria_agregada;media
2017-09-01;;0;False;0;2463;nivel;Epagri;;;2;False;diaria;e3e929a1cfadc553_diario_derivado;;interna;horaria_agregada;media
2017-09-02;;0;False;0;2463;nivel;Epagri;;;2;False;diaria;e3e929a1cfadc553_diario_derivado;;interna;horaria_agregada;media
2017-09-03;;0;False;0;2463;nivel;Epagri;;;2;False;diaria;e3e929a1cfadc553_diario_derivado;;interna;horaria_agregada;media
2017-09-04;;8;False;0;2463;nivel;Epagri;;;2;False;diaria;e3e929a1cfadc553_diario_derivado;;interna;horaria_agregada;media
2017-09-05;101.58333333333333;24;True;0;2463;nivel;Epagri;;;2;False;diaria;e3e929a1cfadc553_diario_derivado;;interna;horaria_agregada;media
2017-09-06;101.0;24;True;0;2463;nivel;Epagri;;;2;False;diaria;e3e929a1cfadc553_diario_derivado;;interna;horaria_agregada;media
2017-09-07;101.0;24;True;0;2463;nivel;Epagri;;;2;False;diaria;e3e929a1cfadc553_diario_derivado;;interna;horaria_agregada;media
2017-09-08;100.25;24;True;0;2463;nivel;Epagri;;;2;False;diaria;e3e929a1cfadc553_diario_derivado;;interna;horaria_agregada;media
2017-09-09;100.0;24;True;0;2463;nivel;Epagri;;;2;False;diaria;e3e929a1cfadc553_diario_derivado;;interna;horaria_agregada;media
2017-09-10;100.0;24;True;0;2463;nivel;Epagri;;;2;False;diaria;e3e929a1cfadc553_diario_derivado;;interna;horaria_agregada;media
2017-09-11;100.0;24;True;0;2463;nivel;Epagri;;;2;False;diaria;e3e929a1cfadc553_diario_derivado;;interna;horaria_agregada;media
2017-09-12;99.29166666666667;24;True;0;2463;nivel;Epagri;;;2;False;diaria;e3e929a1cfadc553_diario_derivado;;interna;horaria_agregada;media
2017-09-13;99.0;24;True;0;2463;nivel;Epagri;;;2;False;diaria;e3e929a1cfadc553_diario_derivado;;interna;horaria_agregada;media
2017-09-14;99.0;24;True;0;2463;nivel;Epagri;;;2;False;diaria;e3e929a1cfadc553_diario_derivado;;interna;horaria_agregada;media
2017-09-15;99.54166666666667;24;True;0;2463;nivel;Epagri;;;2;False;diaria;e3e929a1cfadc553_diario_derivado;;interna;horaria_agregada;media
2017-09-16;100.0;24;True;0;2463;nivel;Epagri;;;2;False;diaria;e3e929a1cfadc553_diario_derivado;;interna;horaria_agregada;media
2017-09-17;100.625;24;True;0;2463;nivel;Epagri;;;2;False;diaria;e3e929a1cfadc553_diario_derivado;;interna;horaria_agregada;media
2017-09-18;100.41666666666667;24;True;0;2463;nivel;Epagri;;;2;False;diaria;e3e929a1cfadc553_diario_derivado;;interna;horaria_agregada;media
2017-09-19;99.875;24;True;0;2463;nivel;Epagri;;;2;False;diaria;e3e929a1cfadc553_diario_derivado;;interna;horaria_agregada;media
2017-09-20;99.04166666666667;24;True;0;2463;nivel;Epagri;;;2;False;diaria;e3e929a1cfadc553_diario_derivado;;interna;horaria_agregada;media
2017-09-21;98.95833333333333;24;True;0;2463;nivel;Epagri;;;2;False;diaria;e3e929a1cfadc553_diario_derivado;;interna;horaria_agregada;media
2017-09-22;98.58333333333333;24;True;0;2463;nivel;Epagri;;;2;False;diaria;e3e929a1cfadc553_diario_derivado;;interna;horaria_agregada;media
2017-09-23;98.0;24;True;0;2463;nivel;Epagri;;;2;False;diaria;e3e929a1cfadc553_diario_derivado;;interna;horaria_agregada;media
2017-09-24;98.125;24;True;0;2463;nivel;Epagri;;;2;False;diaria;e3e929a1cfadc553_diario_derivado;;interna;horaria_agregada;media
2017-09-25;99.25;24;True;0;2463;nivel;Epagri;;;2;False;diaria;e3e929a1cfadc553_diario_derivado;;interna;horaria_agregada;media
2017-09-26;99.33333333333333;24;True;0;2463;nivel;Epagri;;;2;False;diaria;e3e929a1cfadc553_diario_derivado;;interna;horaria_agregada;media
2017-09-27;98.0;24;True;0;2463;nivel;Epagri;;;2;False;diaria;e3e929a1cfadc553_diario_derivado;;interna;horaria_agregada;media
2017-09-28;100.625;24;True;0;2463;nivel;Epagri;;;2;False;diaria;e3e929a1cfadc553_diario_derivado;;interna;horaria_agregada;media
2017-09-29;116.75;24;True;0;2463;nivel;Epagri;;;2;False;diaria;e3e929a1cfadc553_diario_derivado;;interna;horaria_agregada;media
2017-09-30;220.125;24;True;0;2463;nivel;Epagri;;;2;False;diaria;e3e929a1cfadc553_diario_derivado;;interna;horaria_agregada;media
2017-10-01;126.04166666666667;24;True;0;2463;nivel;Epagri;;;2;False;diaria;e3e929a1cfadc553_diario_derivado;;interna;horaria_agregada;media
2017-10-02;112.08333333333333;24;True;0;2463;nivel;Epagri;;;2;False;diaria;e3e929a1cfadc553_diario_derivado;;interna;horaria_agregada;media
2017-10-03;139.04166666666666;24;True;0;2463;nivel;Epagri;;;2;False;diaria;e3e929a1cfadc553_diario_derivado;;interna;horaria_agregada;media
2017-10-04;111.20833333333333;24;True;0;2463;nivel;Epagri;;;2;False;diaria;e3e929a1cfadc553_diario_derivado;;interna;horaria_agregada;media
2017-10-05;106.16666666666667;24;True;0;2463;nivel;Epagri;;;2;False;diaria;e3e929a1cfadc553_diario_derivado;;interna;horaria_agregada;media
2017-10-06;105.70833333333333;24;True;0;2463;nivel;Epagri;;;2;False;diaria;e3e929a1cfadc553_diario_derivado;;interna;horaria_agregada;media
2017-10-07;112.0;24;True;0;2463;nivel;Epagri;;;2;False;diaria;e3e929a1cfadc553_diario_derivado;;interna;horaria_agregada;media
2017-10-08;134.875;24;True;0;2463;nivel;Epagri;;;2;False;diaria;e3e929a1cfadc553_diario_derivado;;interna;horaria_agregada;media
2017-10-09;120.70833333333333;24;True;0;2463;nivel;Epagri;;;2;False;diaria;e3e929a1cfadc553_diario_derivado;;interna;horaria_agregada;media
2017-10-10;110.20833333333333;24;True;0;2463;nivel;Epagri;;;2;False;diaria;e3e929a1cfadc553_diario_derivado;;interna;horaria_agregada;media
2017-10-11;107.08333333333333;24;True;0;2463;nivel;Epagri;;;2;False;diaria;e3e929a1cfadc553_diario_derivado;;interna;horaria_agregada;media
2017-10-12;112.83333333333333;24;True;0;2463;nivel;Epagri;;;2;False;diaria;e3e929a1cfadc553_diario_derivado;;interna;horaria_agregada;media
2017-10-13;124.83333333333333;24;True;0;2463;nivel;Epagri;;;2;False;diaria;e3e929a1cfadc553_diario_derivado;;interna;horaria_agregada;media
2017-10-14;118.29166666666667;24;True;0;2463;nivel;Epagri;;;2;False;diaria;e3e929a1cfadc553_diario_derivado;;interna;horaria_agregada;media
2017-10-15;111.29166666666667;24;True;0;2463;nivel;Epagri;;;2;False;diaria;e3e929a1cfadc553_diario_derivado;;interna;horaria_agregada;media
2017-10-16;108.125;24;True;0;2463;nivel;Epagri;;;2;False;diaria;e3e929a1cfadc553_diario_derivado;;interna;horaria_agregada;media
2017-10-17;106.125;24;True;0;2463;nivel;Epagri;;;2;False;diaria;e3e929a1cfadc553_diario_derivado;;interna;horaria_agregada;media
2017-10-18;105.0;24;True;0;2463;nivel;Epagri;;;2;False;diaria;e3e929a1cfadc553_diario_derivado;;interna;horaria_agregada;media
2017-10-19;104.25;24;True;0;2463;nivel;Epagri;;;2;False;diaria;e3e929a1cfadc553_diario_derivado;;interna;horaria_agregada;media
2017-10-20;103.16666666666667;24;True;0;2463;nivel;Epagri;;;2;False;diaria;e3e929a1cfadc553_diario_derivado;;interna;horaria_agregada;media
2017-10-21;103.58333333333333;24;True;0;2463;nivel;Epagri;;;2;False;diaria;e3e929a1cfadc553_diario_derivado;;interna;horaria_agregada;media
2017-10-22;103.875;24;True;0;2463;nivel;Epagri;;;2;False;diaria;e3e929a1cfadc553_diario_derivado;;interna;horaria_agregada;media
2017-10-23;102.375;24;True;0;2463;nivel;Epagri;;;2;False;diaria;e3e929a1cfadc553_diario_derivado;;interna;horaria_agregada;media
2017-10-24;101.0;24;True;0;2463;nivel;Epagri;;;2;False;diaria;e3e929a1cfadc553_diario_derivado;;interna;horaria_agregada;media
2017-10-25;101.45833333333333;24;True;0;2463;nivel;Epagri;;;2;False;diaria;e3e929a1cfadc553_diario_derivado;;interna;horaria_agregada;media
2017-10-26;115.0;24;True;0;2463;nivel;Epagri;;;2;False;diaria;e3e929a1cfadc553_diario_derivado;;interna;horaria_agregada;media
2017-10-27;107.54166666666667;24;True;0;2463;nivel;Epagri;;;2;False;diaria;e3e929a1cfadc553_diario_derivado;;interna;horaria_agregada;media
2017-10-28;102.29166666666667;24;True;0;2463;nivel;Epagri;;;2;False;diaria;e3e929a1cfadc553_diario_derivado;;interna;horaria_agregada;media
2017-10-29;100.29166666666667;24;True;0;2463;nivel;Epagri;;;2;False;diaria;e3e929a1cfadc553_diario_derivado;;interna;horaria_agregada;media
2017-10-30;100.0;24;True;0;2463;nivel;Epagri;;;2;False;diaria;e3e929a1cfadc553_diario_derivado;;interna;horaria_agregada;media
2017-10-31;99.83333333333333;24;True;0;2463;nivel;Epagri;;;2;False;diaria;e3e929a1cfadc553_diario_derivado;;interna;horaria_agregada;media
2017-11-01;99.0;24;True;0;2463;nivel;Epagri;;;2;False;diaria;e3e929a1cfadc553_diario_derivado;;interna;horaria_agregada;media
2017-11-02;98.25;24;True;0;2463;nivel;Epagri;;;2;False;diaria;e3e929a1cfadc553_diario_derivado;;interna;horaria_agregada;media
2017-11-03;98.0;24;True;0;2463;nivel;Epagri;;;2;False;diaria;e3e929a1cfadc553_diario_derivado;;interna;horaria_agregada;media
2017-11-04;100.91666666666667;24;True;0;2463;nivel;Epagri;;;2;False;diaria;e3e929a1cfadc553_diario_derivado;;interna;horaria_agregada;media
2017-11-05;104.0;24;True;0;2463;nivel;Epagri;;;2;False;diaria;e3e929a1cfadc553_diario_derivado;;interna;horaria_agregada;media
2017-11-06;101.20833333333333;24;True;0;2463;nivel;Epagri;;;2;False;diaria;e3e929a1cfadc553_diario_derivado;;interna;horaria_agregada;media
2017-11-07;101.16666666666667;24;True;0;2463;nivel;Epagri;;;2;False;diaria;e3e929a1cfadc553_diario_derivado;;interna;horaria_agregada;media
2017-11-08;119.375;24;True;0;2463;nivel;Epagri;;;2;False;diaria;e3e929a1cfadc553_diario_derivado;;interna;horaria_agregada;media
2017-11-09;128.33333333333334;24;True;0;2463;nivel;Epagri;;;2;False;diaria;e3e929a1cfadc553_diario_derivado;;interna;horaria_agregada;media
2017-11-10;127.16666666666667;24;True;0;2463;nivel;Epagri;;;2;False;diaria;e3e929a1cfadc553_diario_derivado;;interna;horaria_agregada;media
2017-11-11;125.83333333333333;24;True;0;2463;nivel;Epagri;;;2;False;diaria;e3e929a1cfadc553_diario_derivado;;interna;horaria_agregada;media
2017-11-12;106.83333333333333;24;True;0;2463;nivel;Epagri;;;2;False;diaria;e3e929a1cfadc553_diario_derivado;;interna;horaria_agregada;media
2017-11-13;102.75;24;True;0;2463;nivel;Epagri;;;2;False;diaria;e3e929a1cfadc553_diario_derivado;;interna;horaria_agregada;media
2017-11-14;100.75;24;True;0;2463;nivel;Epagri;;;2;False;diaria;e3e929a1cfadc553_diario_derivado;;interna;horaria_agregada;media
2017-11-15;99.79166666666667;24;True;0;2463;nivel;Epagri;;;2;False;diaria;e3e929a1cfadc553_diario_derivado;;interna;horaria_agregada;media
2017-11-16;99.16666666666667;24;True;0;2463;nivel;Epagri;;;2;False;diaria;e3e929a1cfadc553_diario_derivado;;interna;horaria_agregada;media
2017-11-17;102.125;24;True;0;2463;nivel;Epagri;;;2;False;diaria;e3e929a1cfadc553_diario_derivado;;interna;horaria_agregada;media
2017-11-18;147.5;24;True;0;2463;nivel;Epagri;;;2;False;diaria;e3e929a1cfadc553_diario_derivado;;interna;horaria_agregada;media
2017-11-19;122.5;24;True;0;2463;nivel;Epagri;;;2;False;diaria;e3e929a1cfadc553_diario_derivado;;interna;horaria_agregada;media
2017-11-20;108.54166666666667;24;True;0;2463;nivel;Epagri;;;2;False;diaria;e3e929a1cfadc553_diario_derivado;;interna;horaria_agregada;media
2017-11-21;104.95833333333333;24;True;0;2463;nivel;Epagri;;;2;False;diaria;e3e929a1cfadc553_diario_derivado;;interna;horaria_agregada;media
2017-11-22;103.25;24;True;0;2463;nivel;Epagri;;;2;False;diaria;e3e929a1cfadc553_diario_derivado;;interna;horaria_agregada;media
2017-11-23;102.58333333333333;24;True;0;2463;nivel;Epagri;;;2;False;diaria;e3e929a1cfadc553_diario_derivado;;interna;horaria_agregada;media
2017-11-24;101.33333333333333;24;True;0;2463;nivel;Epagri;;;2;False;diaria;e3e929a1cfadc553_diario_derivado;;interna;horaria_agregada;media
2017-11-25;100.125;24;True;0;2463;nivel;Epagri;;;2;False;diaria;e3e929a1cfadc553_diario_derivado;;interna;horaria_agregada;media
2017-11-26;100.0;24;True;0;2463;nivel;Epagri;;;2;False;diaria;e3e929a1cfadc553_diario_derivado;;interna;horaria_agregada;media
2017-11-27;99.16666666666667;24;True;0;2463;nivel;Epagri;;;2;False;diaria;e3e929a1cfadc553_diario_derivado;;interna;horaria_agregada;media
2017-11-28;99.0;24;True;0;2463;nivel;Epagri;;;2;False;diaria;e3e929a1cfadc553_diario_derivado;;interna;horaria_agregada;media
2017-11-29;98.79166666666667;24;True;0;2463;nivel;Epagri;;;2;False;diaria;e3e929a1cfadc553_diario_derivado;;interna;horaria_agregada;media
2017-11-30;110.08333333333333;24;True;0;2463;nivel;Epagri;;;2;False;diaria;e3e929a1cfadc553_diario_derivado;;interna;horaria_agregada;media
2017-12-01;122.29166666666667;24;True;0;2463;nivel;Epagri;;;2;False;diaria;e3e929a1cfadc553_diario_derivado;;interna;horaria_agregada;media
2017-12-02;114.16666666666667;24;True;0;2463;nivel;Epagri;;;2;False;diaria;e3e929a1cfadc553_diario_derivado;;interna;horaria_agregada;media
2017-12-03;105.83333333333333;24;True;0;2463;nivel;Epagri;;;2;False;diaria;e3e929a1cfadc553_diario_derivado;;interna;horaria_agregada;media
2017-12-04;130.54166666666666;24;True;0;2463;nivel;Epagri;;;2;False;diaria;e3e929a1cfadc553_diario_derivado;;interna;horaria_agregada;media
2017-12-05;124.75;24;True;0;2463;nivel;Epagri;;;2;False;diaria;e3e929a1cfadc553_diario_derivado;;interna;horaria_agregada;media
2017-12-06;146.95833333333334;24;True;0;2463;nivel;Epagri;;;2;False;diaria;e3e929a1cfadc553_diario_derivado;;interna;horaria_agregada;media
2017-12-07;176.83333333333334;24;True;0;2463;nivel;Epagri;;;2;False;diaria;e3e929a1cfadc553_diario_derivado;;interna;horaria_agregada;media
2017-12-08;;23;False;0;2463;nivel;Epagri;;;2;False;diaria;e3e929a1cfadc553_diario_derivado;;interna;horaria_agregada;media
2017-12-09;121.45833333333333;24;True;0;2463;nivel;Epagri;;;2;False;diaria;e3e929a1cfadc553_diario_derivado;;interna;horaria_agregada;media
2017-12-10;114.0;24;True;0;2463;nivel;Epagri;;;2;False;diaria;e3e929a1cfadc553_diario_derivado;;interna;horaria_agregada;media
2017-12-11;109.75;24;True;0;2463;nivel;Epagri;;;2;False;diaria;e3e929a1cfadc553_diario_derivado;;interna;horaria_agregada;media
2017-12-12;107.0;24;True;0;2463;nivel;Epagri;;;2;False;diaria;e3e929a1cfadc553_diario_derivado;;interna;horaria_agregada;media
2017-12-13;105.58333333333333;24;True;0;2463;nivel;Epagri;;;2;False;diaria;e3e929a1cfadc553_diario_derivado;;interna;horaria_agregada;media
2017-12-14;104.75;24;True;0;2463;nivel;Epagri;;;2;False;diaria;e3e929a1cfadc553_diario_derivado;;interna;horaria_agregada;media
2017-12-15;104.04166666666667;24;True;0;2463;nivel;Epagri;;;2;False;diaria;e3e929a1cfadc553_diario_derivado;;interna;horaria_agregada;media
2017-12-16;104.54166666666667;24;True;0;2463;nivel;Epagri;;;2;False;diaria;e3e929a1cfadc553_diario_derivado;;interna;horaria_agregada;media
2017-12-17;102.91666666666667;24;True;0;2463;nivel;Epagri;;;2;False;diaria;e3e929a1cfadc553_diario_derivado;;interna;horaria_agregada;media
2017-12-18;103.29166666666667;24;True;0;2463;nivel;Epagri;;;2;False;diaria;e3e929a1cfadc553_diario_derivado;;interna;horaria_agregada;media
2017-12-19;109.33333333333333;24;True;0;2463;nivel;Epagri;;;2;False;diaria;e3e929a1cfadc553_diario_derivado;;interna;horaria_agregada;media
2017-12-20;179.08333333333334;24;True;0;2463;nivel;Epagri;;;2;False;diaria;e3e929a1cfadc553_diario_derivado;;interna;horaria_agregada;media
2017-12-21;170.70833333333334;24;True;0;2463;nivel;Epagri;;;2;False;diaria;e3e929a1cfadc553_diario_derivado;;interna;horaria_agregada;media
2017-12-22;127.91666666666667;24;True;0;2463;nivel;Epagri;;;2;False;diaria;e3e929a1cfadc553_diario_derivado;;interna;horaria_agregada;media
2017-12-23;153.79166666666666;24;True;0;2463;nivel;Epagri;;;2;False;diaria;e3e929a1cfadc553_diario_derivado;;interna;horaria_agregada;media
2017-12-24;209.04166666666666;24;True;0;2463;nivel;Epagri;;;2;False;diaria;e3e929a1cfadc553_diario_derivado;;interna;horaria_agregada;media
2017-12-25;167.04166666666666;24;True;0;2463;nivel;Epagri;;;2;False;diaria;e3e929a1cfadc553_diario_derivado;;interna;horaria_agregada;media
2017-12-26;138.875;24;True;0;2463;nivel;Epagri;;;2;False;diaria;e3e929a1cfadc553_diario_derivado;;interna;horaria_agregada;media
2017-12-27;137.5;24;True;0;2463;nivel;Epagri;;;2;False;diaria;e3e929a1cfadc553_diario_derivado;;interna;horaria_agregada;media
2017-12-28;135.5;24;True;0;2463;nivel;Epagri;;;2;False;diaria;e3e929a1cfadc553_diario_derivado;;interna;horaria_agregada;media
2017-12-29;149.875;24;True;0;2463;nivel;Epagri;;;2;False;diaria;e3e929a1cfadc553_diario_derivado;;interna;horaria_agregada;media
2017-12-30;156.08333333333334;24;True;0;2463;nivel;Epagri;;;2;False;diaria;e3e929a1cfadc553_diario_derivado;;interna;horaria_agregada;media
2017-12-31;146.41666666666666;24;True;0;2463;nivel;Epagri;;;2;False;diaria;e3e929a1cfadc553_diario_derivado;;interna;horaria_agregada;media
2018-01-01;137.25;24;True;0;2463;nivel;Epagri;;;2;False;diaria;e3e929a1cfadc553_diario_derivado;;interna;horaria_agregada;media
2018-01-02;133.66666666666666;24;True;0;2463;nivel;Epagri;;;2;False;diaria;e3e929a1cfadc553_diario_derivado;;interna;horaria_agregada;media
2018-01-03;156.625;24;True;0;2463;nivel;Epagri;;;2;False;diaria;e3e929a1cfadc553_diario_derivado;;interna;horaria_agregada;media
2018-01-04;127.95833333333333;24;True;0;2463;nivel;Epagri;;;2;False;diaria;e3e929a1cfadc553_diario_derivado;;interna;horaria_agregada;media
2018-01-05;122.75;24;True;0;2463;nivel;Epagri;;;2;False;diaria;e3e929a1cfadc553_diario_derivado;;interna;horaria_agregada;media
2018-01-06;119.58333333333333;24;True;0;2463;nivel;Epagri;;;2;False;diaria;e3e929a1cfadc553_diario_derivado;;interna;horaria_agregada;media
2018-01-07;117.58333333333333;24;True;0;2463;nivel;Epagri;;;2;False;diaria;e3e929a1cfadc553_diario_derivado;;interna;horaria_agregada;media
2018-01-08;116.5;24;True;0;2463;nivel;Epagri;;;2;False;diaria;e3e929a1cfadc553_diario_derivado;;interna;horaria_agregada;media
2018-01-09;133.70833333333334;24;True;0;2463;nivel;Epagri;;;2;False;diaria;e3e929a1cfadc553_diario_derivado;;interna;horaria_agregada;media
2018-01-10;217.08333333333334;24;True;0;2463;nivel;Epagri;;;2;False;diaria;e3e929a1cfadc553_diario_derivado;;interna;horaria_agregada;media
2018-01-11;264.9166666666667;24;True;0;2463;nivel;Epagri;;;2;False;diaria;e3e929a1cfadc553_diario_derivado;;interna;horaria_agregada;media
2018-01-12;196.79166666666666;24;True;0;2463;nivel;Epagri;;;2;False;diaria;e3e929a1cfadc553_diario_derivado;;interna;horaria_agregada;media
2018-01-13;165.375;24;True;0;2463;nivel;Epagri;;;2;False;diaria;e3e929a1cfadc553_diario_derivado;;interna;horaria_agregada;media
2018-01-14;152.75;24;True;0;2463;nivel;Epagri;;;2;False;diaria;e3e929a1cfadc553_diario_derivado;;interna;horaria_agregada;media
2018-01-15;147.79166666666666;24;True;0;2463;nivel;Epagri;;;2;False;diaria;e3e929a1cfadc553_diario_derivado;;interna;horaria_agregada;media
2018-01-16;143.16666666666666;24;True;0;2463;nivel;Epagri;;;2;False;diaria;e3e929a1cfadc553_diario_derivado;;interna;horaria_agregada;media
2018-01-17;165.375;24;True;0;2463;nivel;Epagri;;;2;False;diaria;e3e929a1cfadc553_diario_derivado;;interna;horaria_agregada;media
2018-01-18;152.875;24;True;0;2463;nivel;Epagri;;;2;False;diaria;e3e929a1cfadc553_diario_derivado;;interna;horaria_agregada;media
2018-01-19;144.625;24;True;0;2463;nivel;Epagri;;;2;False;diaria;e3e929a1cfadc553_diario_derivado;;interna;horaria_agregada;media
2018-01-20;133.79166666666666;24;True;0;2463;nivel;Epagri;;;2;False;diaria;e3e929a1cfadc553_diario_derivado;;interna;horaria_agregada;media
2018-01-21;129.70833333333334;24;True;0;2463;nivel;Epagri;;;2;False;diaria;e3e929a1cfadc553_diario_derivado;;interna;horaria_agregada;media
2018-01-22;160.45833333333334;24;True;0;2463;nivel;Epagri;;;2;False;diaria;e3e929a1cfadc553_diario_derivado;;interna;horaria_agregada;media
2018-01-23;143.375;24;True;0;2463;nivel;Epagri;;;2;False;diaria;e3e929a1cfadc553_diario_derivado;;interna;horaria_agregada;media
2018-01-24;165.0;24;True;0;2463;nivel;Epagri;;;2;False;diaria;e3e929a1cfadc553_diario_derivado;;interna;horaria_agregada;media
2018-01-25;164.33333333333334;24;True;0;2463;nivel;Epagri;;;2;False;diaria;e3e929a1cfadc553_diario_derivado;;interna;horaria_agregada;media
2018-01-26;144.5;24;True;0;2463;nivel;Epagri;;;2;False;diaria;e3e929a1cfadc553_diario_derivado;;interna;horaria_agregada;media
2018-01-27;136.66666666666666;24;True;0;2463;nivel;Epagri;;;2;False;diaria;e3e929a1cfadc553_diario_derivado;;interna;horaria_agregada;media
2018-01-28;134.33333333333334;24;True;0;2463;nivel;Epagri;;;2;False;diaria;e3e929a1cfadc553_diario_derivado;;interna;horaria_agregada;media
2018-01-29;129.875;24;True;0;2463;nivel;Epagri;;;2;False;diaria;e3e929a1cfadc553_diario_derivado;;interna;horaria_agregada;media
2018-01-30;125.625;24;True;0;2463;nivel;Epagri;;;2;False;diaria;e3e929a1cfadc553_diario_derivado;;interna;horaria_agregada;media
2018-01-31;128.5;24;True;0;2463;nivel;Epagri;;;2;False;diaria;e3e929a1cfadc553_diario_derivado;;interna;horaria_agregada;media
2018-02-01;125.95833333333333;24;True;0;2463;nivel;Epagri;;;2;False;diaria;e3e929a1cfadc553_diario_derivado;;interna;horaria_agregada;media
2018-02-02;121.58333333333333;24;True;0;2463;nivel;Epagri;;;2;False;diaria;e3e929a1cfadc553_diario_derivado;;interna;horaria_agregada;media
2018-02-03;119.16666666666667;24;True;0;2463;nivel;Epagri;;;2;False;diaria;e3e929a1cfadc553_diario_derivado;;interna;horaria_agregada;media
2018-02-04;118.0;24;True;0;2463;nivel;Epagri;;;2;False;diaria;e3e929a1cfadc553_diario_derivado;;interna;horaria_agregada;media
2018-02-05;117.625;24;True;0;2463;nivel;Epagri;;;2;False;diaria;e3e929a1cfadc553_diario_derivado;;interna;horaria_agregada;media
2018-02-06;116.54166666666667;24;True;0;2463;nivel;Epagri;;;2;False;diaria;e3e929a1cfadc553_diario_derivado;;interna;horaria_agregada;media
2018-02-07;120.70833333333333;24;True;0;2463;nivel;Epagri;;;2;False;diaria;e3e929a1cfadc553_diario_derivado;;interna;horaria_agregada;media
2018-02-08;119.33333333333333;24;True;0;2463;nivel;Epagri;;;2;False;diaria;e3e929a1cfadc553_diario_derivado;;interna;horaria_agregada;media
2018-02-09;123.29166666666667;24;True;0;2463;nivel;Epagri;;;2;False;diaria;e3e929a1cfadc553_diario_derivado;;interna;horaria_agregada;media
2018-02-10;120.58333333333333;24;True;0;2463;nivel;Epagri;;;2;False;diaria;e3e929a1cfadc553_diario_derivado;;interna;horaria_agregada;media
2018-02-11;212.75;24;True;0;2463;nivel;Epagri;;;2;False;diaria;e3e929a1cfadc553_diario_derivado;;interna;horaria_agregada;media
2018-02-12;208.5;24;True;0;2463;nivel;Epagri;;;2;False;diaria;e3e929a1cfadc553_diario_derivado;;interna;horaria_agregada;media
2018-02-13;145.54166666666666;24;True;0;2463;nivel;Epagri;;;2;False;diaria;e3e929a1cfadc553_diario_derivado;;interna;horaria_agregada;media
2018-02-14;133.45833333333334;24;True;0;2463;nivel;Epagri;;;2;False;diaria;e3e929a1cfadc553_diario_derivado;;interna;horaria_agregada;media
2018-02-15;128.25;24;True;0;2463;nivel;Epagri;;;2;False;diaria;e3e929a1cfadc553_diario_derivado;;interna;horaria_agregada;media
2018-02-16;125.16666666666667;24;True;0;2463;nivel;Epagri;;;2;False;diaria;e3e929a1cfadc553_diario_derivado;;interna;horaria_agregada;media
2018-02-17;122.625;24;True;0;2463;nivel;Epagri;;;2;False;diaria;e3e929a1cfadc553_diario_derivado;;interna;horaria_agregada;media
2018-02-18;120.66666666666667;24;True;0;2463;nivel;Epagri;;;2;False;diaria;e3e929a1cfadc553_diario_derivado;;interna;horaria_agregada;media
2018-02-19;123.79166666666667;24;True;0;2463;nivel;Epagri;;;2;False;diaria;e3e929a1cfadc553_diario_derivado;;interna;horaria_agregada;media
2018-02-20;133.95833333333334;24;True;0;2463;nivel;Epagri;;;2;False;diaria;e3e929a1cfadc553_diario_derivado;;interna;horaria_agregada;media
2018-02-21;131.79166666666666;24;True;0;2463;nivel;Epagri;;;2;False;diaria;e3e929a1cfadc553_diario_derivado;;interna;horaria_agregada;media
2018-02-22;141.54166666666666;24;True;0;2463;nivel;Epagri;;;2;False;diaria;e3e929a1cfadc553_diario_derivado;;interna;horaria_agregada;media
2018-02-23;130.20833333333334;24;True;0;2463;nivel;Epagri;;;2;False;diaria;e3e929a1cfadc553_diario_derivado;;interna;horaria_agregada;media
2018-02-24;123.08333333333333;24;True;0;2463;nivel;Epagri;;;2;False;diaria;e3e929a1cfadc553_diario_derivado;;interna;horaria_agregada;media
2018-02-25;123.66666666666667;24;True;0;2463;nivel;Epagri;;;2;False;diaria;e3e929a1cfadc553_diario_derivado;;interna;horaria_agregada;media
2018-02-26;127.5;24;True;0;2463;nivel;Epagri;;;2;False;diaria;e3e929a1cfadc553_diario_derivado;;interna;horaria_agregada;media
2018-02-27;157.04166666666666;24;True;0;2463;nivel;Epagri;;;2;False;diaria;e3e929a1cfadc553_diario_derivado;;interna;horaria_agregada;media
2018-02-28;143.41666666666666;24;True;0;2463;nivel;Epagri;;;2;False;diaria;e3e929a1cfadc553_diario_derivado;;interna;horaria_agregada;media
2018-03-01;147.20833333333334;24;True;0;2463;nivel;Epagri;;;2;False;diaria;e3e929a1cfadc553_diario_derivado;;interna;horaria_agregada;media
2018-03-02;188.5;24;True;0;2463;nivel;Epagri;;;2;False;diaria;e3e929a1cfadc553_diario_derivado;;interna;horaria_agregada;media
2018-03-03;138.20833333333334;24;True;0;2463;nivel;Epagri;;;2;False;diaria;e3e929a1cfadc553_diario_derivado;;interna;horaria_agregada;media
2018-03-04;138.45833333333334;24;True;0;2463;nivel;Epagri;;;2;False;diaria;e3e929a1cfadc553_diario_derivado;;interna;horaria_agregada;media
2018-03-05;147.33333333333334;24;True;0;2463;nivel;Epagri;;;2;False;diaria;e3e929a1cfadc553_diario_derivado;;interna;horaria_agregada;media
2018-03-06;134.04166666666666;24;True;0;2463;nivel;Epagri;;;2;False;diaria;e3e929a1cfadc553_diario_derivado;;interna;horaria_agregada;media
2018-03-07;127.625;24;True;0;2463;nivel;Epagri;;;2;False;diaria;e3e929a1cfadc553_diario_derivado;;interna;horaria_agregada;media
2018-03-08;124.54166666666667;24;True;0;2463;nivel;Epagri;;;2;False;diaria;e3e929a1cfadc553_diario_derivado;;interna;horaria_agregada;media
2018-03-09;122.5;24;True;0;2463;nivel;Epagri;;;2;False;diaria;e3e929a1cfadc553_diario_derivado;;interna;horaria_agregada;media
2018-03-10;121.625;24;True;0;2463;nivel;Epagri;;;2;False;diaria;e3e929a1cfadc553_diario_derivado;;interna;horaria_agregada;media
2018-03-11;120.41666666666667;24;True;0;2463;nivel;Epagri;;;2;False;diaria;e3e929a1cfadc553_diario_derivado;;interna;horaria_agregada;media
2018-03-12;118.45833333333333;24;True;0;2463;nivel;Epagri;;;2;False;diaria;e3e929a1cfadc553_diario_derivado;;interna;horaria_agregada;media
2018-03-13;116.95833333333333;24;True;0;2463;nivel;Epagri;;;2;False;diaria;e3e929a1cfadc553_diario_derivado;;interna;horaria_agregada;media
2018-03-14;116.54166666666667;24;True;0;2463;nivel;Epagri;;;2;False;diaria;e3e929a1cfadc553_diario_derivado;;interna;horaria_agregada;media
2018-03-15;115.79166666666667;24;True;0;2463;nivel;Epagri;;;2;False;diaria;e3e929a1cfadc553_diario_derivado;;interna;horaria_agregada;media
2018-03-16;114.625;24;True;0;2463;nivel;Epagri;;;2;False;diaria;e3e929a1cfadc553_diario_derivado;;interna;horaria_agregada;media
2018-03-17;113.66666666666667;24;True;0;2463;nivel;Epagri;;;2;False;diaria;e3e929a1cfadc553_diario_derivado;;interna;horaria_agregada;media
2018-03-18;113.0;24;True;0;2463;nivel;Epagri;;;2;False;diaria;e3e929a1cfadc553_diario_derivado;;interna;horaria_agregada;media
2018-03-19;115.33333333333333;24;True;0;2463;nivel;Epagri;;;2;False;diaria;e3e929a1cfadc553_diario_derivado;;interna;horaria_agregada;media
2018-03-20;123.125;24;True;0;2463;nivel;Epagri;;;2;False;diaria;e3e929a1cfadc553_diario_derivado;;interna;horaria_agregada;media
2018-03-21;124.41666666666667;24;True;0;2463;nivel;Epagri;;;2;False;diaria;e3e929a1cfadc553_diario_derivado;;interna;horaria_agregada;media
2018-03-22;113.5;24;True;0;2463;nivel;Epagri;;;2;False;diaria;e3e929a1cfadc553_diario_derivado;;interna;horaria_agregada;media
2018-03-23;111.79166666666667;24;True;0;2463;nivel;Epagri;;;2;False;diaria;e3e929a1cfadc553_diario_derivado;;interna;horaria_agregada;media
2018-03-24;112.33333333333333;24;True;0;2463;nivel;Epagri;;;2;False;diaria;e3e929a1cfadc553_diario_derivado;;interna;horaria_agregada;media
2018-03-25;132.875;24;True;0;2463;nivel;Epagri;;;2;False;diaria;e3e929a1cfadc553_diario_derivado;;interna;horaria_agregada;media
2018-03-26;122.08333333333333;24;True;0;2463;nivel;Epagri;;;2;False;diaria;e3e929a1cfadc553_diario_derivado;;interna;horaria_agregada;media
2018-03-27;173.625;24;True;0;2463;nivel;Epagri;;;2;False;diaria;e3e929a1cfadc553_diario_derivado;;interna;horaria_agregada;media
2018-03-28;144.54166666666666;24;True;0;2463;nivel;Epagri;;;2;False;diaria;e3e929a1cfadc553_diario_derivado;;interna;horaria_agregada;media
2018-03-29;201.66666666666666;24;True;0;2463;nivel;Epagri;;;2;False;diaria;e3e929a1cfadc553_diario_derivado;;interna;horaria_agregada;media
2018-03-30;195.125;24;True;0;2463;nivel;Epagri;;;2;False;diaria;e3e929a1cfadc553_diario_derivado;;interna;horaria_agregada;media
2018-03-31;162.625;24;True;0;2463;nivel;Epagri;;;2;False;diaria;e3e929a1cfadc553_diario_derivado;;interna;horaria_agregada;media
2018-04-01;149.83333333333334;24;True;0;2463;nivel;Epagri;;;2;False;diaria;e3e929a1cfadc553_diario_derivado;;interna;horaria_agregada;media
2018-04-02;134.95833333333334;24;True;0;2463;nivel;Epagri;;;2;False;diaria;e3e929a1cfadc553_diario_derivado;;interna;horaria_agregada;media
2018-04-03;128.625;24;True;0;2463;nivel;Epagri;;;2;False;diaria;e3e929a1cfadc553_diario_derivado;;interna;horaria_agregada;media
2018-04-04;130.91666666666666;24;True;0;2463;nivel;Epagri;;;2;False;diaria;e3e929a1cfadc553_diario_derivado;;interna;horaria_agregada;media
2018-04-05;154.45833333333334;24;True;0;2463;nivel;Epagri;;;2;False;diaria;e3e929a1cfadc553_diario_derivado;;interna;horaria_agregada;media
2018-04-06;139.41666666666666;24;True;0;2463;nivel;Epagri;;;2;False;diaria;e3e929a1cfadc553_diario_derivado;;interna;horaria_agregada;media
2018-04-07;127.45833333333333;24;True;0;2463;nivel;Epagri;;;2;False;diaria;e3e929a1cfadc553_diario_derivado;;interna;horaria_agregada;media
2018-04-08;123.79166666666667;24;True;0;2463;nivel;Epagri;;;2;False;diaria;e3e929a1cfadc553_diario_derivado;;interna;horaria_agregada;media
2018-04-09;121.375;24;True;0;2463;nivel;Epagri;;;2;False;diaria;e3e929a1cfadc553_diario_derivado;;interna;horaria_agregada;media
2018-04-10;126.54166666666667;24;True;0;2463;nivel;Epagri;;;2;False;diaria;e3e929a1cfadc553_diario_derivado;;interna;horaria_agregada;media
2018-04-11;120.125;24;True;0;2463;nivel;Epagri;;;2;False;diaria;e3e929a1cfadc553_diario_derivado;;interna;horaria_agregada;media
2018-04-12;117.75;24;True;0;2463;nivel;Epagri;;;2;False;diaria;e3e929a1cfadc553_diario_derivado;;interna;horaria_agregada;media
2018-04-13;116.54166666666667;24;True;0;2463;nivel;Epagri;;;2;False;diaria;e3e929a1cfadc553_diario_derivado;;interna;horaria_agregada;media
2018-04-14;121.95833333333333;24;True;0;2463;nivel;Epagri;;;2;False;diaria;e3e929a1cfadc553_diario_derivado;;interna;horaria_agregada;media
2018-04-15;118.875;24;True;0;2463;nivel;Epagri;;;2;False;diaria;e3e929a1cfadc553_diario_derivado;;interna;horaria_agregada;media
2018-04-16;125.33333333333333;24;True;0;2463;nivel;Epagri;;;2;False;diaria;e3e929a1cfadc553_diario_derivado;;interna;horaria_agregada;media
2018-04-17;125.08333333333333;24;True;0;2463;nivel;Epagri;;;2;False;diaria;e3e929a1cfadc553_diario_derivado;;interna;horaria_agregada;media
2018-04-18;122.29166666666667;24;True;0;2463;nivel;Epagri;;;2;False;diaria;e3e929a1cfadc553_diario_derivado;;interna;horaria_agregada;media
2018-04-19;116.41666666666667;24;True;0;2463;nivel;Epagri;;;2;False;diaria;e3e929a1cfadc553_diario_derivado;;interna;horaria_agregada;media
2018-04-20;113.79166666666667;24;True;0;2463;nivel;Epagri;;;2;False;diaria;e3e929a1cfadc553_diario_derivado;;interna;horaria_agregada;media
2018-04-21;112.41666666666667;24;True;0;2463;nivel;Epagri;;;2;False;diaria;e3e929a1cfadc553_diario_derivado;;interna;horaria_agregada;media
2018-04-22;111.75;24;True;0;2463;nivel;Epagri;;;2;False;diaria;e3e929a1cfadc553_diario_derivado;;interna;horaria_agregada;media
2018-04-23;110.875;24;True;0;2463;nivel;Epagri;;;2;False;diaria;e3e929a1cfadc553_diario_derivado;;interna;horaria_agregada;media
2018-04-24;110.0;24;True;0;2463;nivel;Epagri;;;2;False;diaria;e3e929a1cfadc553_diario_derivado;;interna;horaria_agregada;media
2018-04-25;109.75;24;True;0;2463;nivel;Epagri;;;2;False;diaria;e3e929a1cfadc553_diario_derivado;;interna;horaria_agregada;media
2018-04-26;109.0;24;True;0;2463;nivel;Epagri;;;2;False;diaria;e3e929a1cfadc553_diario_derivado;;interna;horaria_agregada;media
2018-04-27;108.45833333333333;24;True;0;2463;nivel;Epagri;;;2;False;diaria;e3e929a1cfadc553_diario_derivado;;interna;horaria_agregada;media
2018-04-28;108.0;24;True;0;2463;nivel;Epagri;;;2;False;diaria;e3e929a1cfadc553_diario_derivado;;interna;horaria_agregada;media
2018-04-29;107.70833333333333;24;True;0;2463;nivel;Epagri;;;2;False;diaria;e3e929a1cfadc553_diario_derivado;;interna;horaria_agregada;media
2018-04-30;107.0;24;True;0;2463;nivel;Epagri;;;2;False;diaria;e3e929a1cfadc553_diario_derivado;;interna;horaria_agregada;media
2018-05-01;108.20833333333333;24;True;0;2463;nivel;Epagri;;;2;False;diaria;e3e929a1cfadc553_diario_derivado;;interna;horaria_agregada;media
2018-05-02;108.91666666666667;24;True;0;2463;nivel;Epagri;;;2;False;diaria;e3e929a1cfadc553_diario_derivado;;interna;horaria_agregada;media
2018-05-03;119.54166666666667;24;True;0;2463;nivel;Epagri;;;2;False;diaria;e3e929a1cfadc553_diario_derivado;;interna;horaria_agregada;media
2018-05-04;111.20833333333333;24;True;0;2463;nivel;Epagri;;;2;False;diaria;e3e929a1cfadc553_diario_derivado;;interna;horaria_agregada;media
2018-05-05;108.25;24;True;0;2463;nivel;Epagri;;;2;False;diaria;e3e929a1cfadc553_diario_derivado;;interna;horaria_agregada;media
2018-05-06;113.875;24;True;0;2463;nivel;Epagri;;;2;False;diaria;e3e929a1cfadc553_diario_derivado;;interna;horaria_agregada;media
2018-05-07;138.0;24;True;0;2463;nivel;Epagri;;;2;False;diaria;e3e929a1cfadc553_diario_derivado;;interna;horaria_agregada;media
2018-05-08;114.16666666666667;24;True;0;2463;nivel;Epagri;;;2;False;diaria;e3e929a1cfadc553_diario_derivado;;interna;horaria_agregada;media
2018-05-09;115.25;24;True;0;2463;nivel;Epagri;;;2;False;diaria;e3e929a1cfadc553_diario_derivado;;interna;horaria_agregada;media
2018-05-10;120.20833333333333;24;True;0;2463;nivel;Epagri;;;2;False;diaria;e3e929a1cfadc553_diario_derivado;;interna;horaria_agregada;media
2018-05-11;110.70833333333333;24;True;0;2463;nivel;Epagri;;;2;False;diaria;e3e929a1cfadc553_diario_derivado;;interna;horaria_agregada;media
2018-05-12;107.83333333333333;24;True;0;2463;nivel;Epagri;;;2;False;diaria;e3e929a1cfadc553_diario_derivado;;interna;horaria_agregada;media
2018-05-13;106.375;24;True;0;2463;nivel;Epagri;;;2;False;diaria;e3e929a1cfadc553_diario_derivado;;interna;horaria_agregada;media
2018-05-14;106.0;24;True;0;2463;nivel;Epagri;;;2;False;diaria;e3e929a1cfadc553_diario_derivado;;interna;horaria_agregada;media
2018-05-15;105.83333333333333;24;True;0;2463;nivel;Epagri;;;2;False;diaria;e3e929a1cfadc553_diario_derivado;;interna;horaria_agregada;media
2018-05-16;106.25;24;True;0;2463;nivel;Epagri;;;2;False;diaria;e3e929a1cfadc553_diario_derivado;;interna;horaria_agregada;media
2018-05-17;105.0;24;True;0;2463;nivel;Epagri;;;2;False;diaria;e3e929a1cfadc553_diario_derivado;;interna;horaria_agregada;media
2018-05-18;105.33333333333333;24;True;0;2463;nivel;Epagri;;;2;False;diaria;e3e929a1cfadc553_diario_derivado;;interna;horaria_agregada;media
2018-05-19;143.41666666666666;24;True;0;2463;nivel;Epagri;;;2;False;diaria;e3e929a1cfadc553_diario_derivado;;interna;horaria_agregada;media
2018-05-20;124.91666666666667;24;True;0;2463;nivel;Epagri;;;2;False;diaria;e3e929a1cfadc553_diario_derivado;;interna;horaria_agregada;media
2018-05-21;111.375;24;True;0;2463;nivel;Epagri;;;2;False;diaria;e3e929a1cfadc553_diario_derivado;;interna;horaria_agregada;media
2018-05-22;107.41666666666667;24;True;0;2463;nivel;Epagri;;;2;False;diaria;e3e929a1cfadc553_diario_derivado;;interna;horaria_agregada;media
2018-05-23;106.08333333333333;24;True;0;2463;nivel;Epagri;;;2;False;diaria;e3e929a1cfadc553_diario_derivado;;interna;horaria_agregada;media
2018-05-24;105.0;24;True;0;2463;nivel;Epagri;;;2;False;diaria;e3e929a1cfadc553_diario_derivado;;interna;horaria_agregada;media
2018-05-25;104.83333333333333;24;True;0;2463;nivel;Epagri;;;2;False;diaria;e3e929a1cfadc553_diario_derivado;;interna;horaria_agregada;media
2018-05-26;104.0;24;True;0;2463;nivel;Epagri;;;2;False;diaria;e3e929a1cfadc553_diario_derivado;;interna;horaria_agregada;media
2018-05-27;104.0;24;True;0;2463;nivel;Epagri;;;2;False;diaria;e3e929a1cfadc553_diario_derivado;;interna;horaria_agregada;media
2018-05-28;103.41666666666667;24;True;0;2463;nivel;Epagri;;;2;False;diaria;e3e929a1cfadc553_diario_derivado;;interna;horaria_agregada;media
2018-05-29;103.45833333333333;24;True;0;2463;nivel;Epagri;;;2;False;diaria;e3e929a1cfadc553_diario_derivado;;interna;horaria_agregada;media
2018-05-30;104.41666666666667;24;True;0;2463;nivel;Epagri;;;2;False;diaria;e3e929a1cfadc553_diario_derivado;;interna;horaria_agregada;media
2018-05-31;103.04166666666667;24;True;0;2463;nivel;Epagri;;;2;False;diaria;e3e929a1cfadc553_diario_derivado;;interna;horaria_agregada;media
2018-06-01;102.04166666666667;24;True;0;2463;nivel;Epagri;;;2;False;diaria;e3e929a1cfadc553_diario_derivado;;interna;horaria_agregada;media
2018-06-02;102.0;24;True;0;2463;nivel;Epagri;;;2;False;diaria;e3e929a1cfadc553_diario_derivado;;interna;horaria_agregada;media
2018-06-03;101.75;24;True;0;2463;nivel;Epagri;;;2;False;diaria;e3e929a1cfadc553_diario_derivado;;interna;horaria_agregada;media
2018-06-04;101.0;24;True;0;2463;nivel;Epagri;;;2;False;diaria;e3e929a1cfadc553_diario_derivado;;interna;horaria_agregada;media
2018-06-05;102.75;24;True;0;2463;nivel;Epagri;;;2;False;diaria;e3e929a1cfadc553_diario_derivado;;interna;horaria_agregada;media
2018-06-06;106.16666666666667;24;True;0;2463;nivel;Epagri;;;2;False;diaria;e3e929a1cfadc553_diario_derivado;;interna;horaria_agregada;media
2018-06-07;102.58333333333333;24;True;0;2463;nivel;Epagri;;;2;False;diaria;e3e929a1cfadc553_diario_derivado;;interna;horaria_agregada;media
2018-06-08;101.25;24;True;0;2463;nivel;Epagri;;;2;False;diaria;e3e929a1cfadc553_diario_derivado;;interna;horaria_agregada;media
2018-06-09;100.33333333333333;24;True;0;2463;nivel;Epagri;;;2;False;diaria;e3e929a1cfadc553_diario_derivado;;interna;horaria_agregada;media
2018-06-10;100.0;24;True;0;2463;nivel;Epagri;;;2;False;diaria;e3e929a1cfadc553_diario_derivado;;interna;horaria_agregada;media
2018-06-11;100.0;24;True;0;2463;nivel;Epagri;;;2;False;diaria;e3e929a1cfadc553_diario_derivado;;interna;horaria_agregada;media
2018-06-12;130.29166666666666;24;True;0;2463;nivel;Epagri;;;2;False;diaria;e3e929a1cfadc553_diario_derivado;;interna;horaria_agregada;media
2018-06-13;122.75;24;True;0;2463;nivel;Epagri;;;2;False;diaria;e3e929a1cfadc553_diario_derivado;;interna;horaria_agregada;media
2018-06-14;106.41666666666667;24;True;0;2463;nivel;Epagri;;;2;False;diaria;e3e929a1cfadc553_diario_derivado;;interna;horaria_agregada;media
2018-06-15;103.29166666666667;24;True;0;2463;nivel;Epagri;;;2;False;diaria;e3e929a1cfadc553_diario_derivado;;interna;horaria_agregada;media
2018-06-16;102.08333333333333;24;True;0;2463;nivel;Epagri;;;2;False;diaria;e3e929a1cfadc553_diario_derivado;;interna;horaria_agregada;media
2018-06-17;101.08333333333333;24;True;0;2463;nivel;Epagri;;;2;False;diaria;e3e929a1cfadc553_diario_derivado;;interna;horaria_agregada;media
2018-06-18;101.04166666666667;24;True;0;2463;nivel;Epagri;;;2;False;diaria;e3e929a1cfadc553_diario_derivado;;interna;horaria_agregada;media
2018-06-19;101.0;24;True;0;2463;nivel;Epagri;;;2;False;diaria;e3e929a1cfadc553_diario_derivado;;interna;horaria_agregada;media
2018-06-20;100.83333333333333;24;True;0;2463;nivel;Epagri;;;2;False;diaria;e3e929a1cfadc553_diario_derivado;;interna;horaria_agregada;media
2018-06-21;100.0;24;True;0;2463;nivel;Epagri;;;2;False;diaria;e3e929a1cfadc553_diario_derivado;;interna;horaria_agregada;media
2018-06-22;99.20833333333333;24;True;0;2463;nivel;Epagri;;;2;False;diaria;e3e929a1cfadc553_diario_derivado;;interna;horaria_agregada;media
2018-06-23;99.91666666666667;24;True;0;2463;nivel;Epagri;;;2;False;diaria;e3e929a1cfadc553_diario_derivado;;interna;horaria_agregada;media
2018-06-24;99.16666666666667;24;True;0;2463;nivel;Epagri;;;2;False;diaria;e3e929a1cfadc553_diario_derivado;;interna;horaria_agregada;media
2018-06-25;100.125;24;True;0;2463;nivel;Epagri;;;2;False;diaria;e3e929a1cfadc553_diario_derivado;;interna;horaria_agregada;media
2018-06-26;101.0;24;True;0;2463;nivel;Epagri;;;2;False;diaria;e3e929a1cfadc553_diario_derivado;;interna;horaria_agregada;media
2018-06-27;100.875;24;True;0;2463;nivel;Epagri;;;2;False;diaria;e3e929a1cfadc553_diario_derivado;;interna;horaria_agregada;media
2018-06-28;100.0;24;True;0;2463;nivel;Epagri;;;2;False;diaria;e3e929a1cfadc553_diario_derivado;;interna;horaria_agregada;media
2018-06-29;99.08333333333333;24;True;0;2463;nivel;Epagri;;;2;False;diaria;e3e929a1cfadc553_diario_derivado;;interna;horaria_agregada;media
2018-06-30;103.625;24;True;0;2463;nivel;Epagri;;;2;False;diaria;e3e929a1cfadc553_diario_derivado;;interna;horaria_agregada;media
2018-07-01;101.75;24;True;0;2463;nivel;Epagri;;;2;False;diaria;e3e929a1cfadc553_diario_derivado;;interna;horaria_agregada;media
2018-07-02;99.41666666666667;24;True;0;2463;nivel;Epagri;;;2;False;diaria;e3e929a1cfadc553_diario_derivado;;interna;horaria_agregada;media
2018-07-03;99.66666666666667;24;True;0;2463;nivel;Epagri;;;2;False;diaria;e3e929a1cfadc553_diario_derivado;;interna;horaria_agregada;media
2018-07-04;126.08333333333333;24;True;0;2463;nivel;Epagri;;;2;False;diaria;e3e929a1cfadc553_diario_derivado;;interna;horaria_agregada;media
2018-07-05;116.95833333333333;24;True;0;2463;nivel;Epagri;;;2;False;diaria;e3e929a1cfadc553_diario_derivado;;interna;horaria_agregada;media
2018-07-06;104.75;24;True;0;2463;nivel;Epagri;;;2;False;diaria;e3e929a1cfadc553_diario_derivado;;interna;horaria_agregada;media
2018-07-07;102.125;24;True;0;2463;nivel;Epagri;;;2;False;diaria;e3e929a1cfadc553_diario_derivado;;interna;horaria_agregada;media
2018-07-08;100.5;24;True;0;2463;nivel;Epagri;;;2;False;diaria;e3e929a1cfadc553_diario_derivado;;interna;horaria_agregada;media
2018-07-09;99.66666666666667;24;True;0;2463;nivel;Epagri;;;2;False;diaria;e3e929a1cfadc553_diario_derivado;;interna;horaria_agregada;media
2018-07-10;99.0;24;True;0;2463;nivel;Epagri;;;2;False;diaria;e3e929a1cfadc553_diario_derivado;;interna;horaria_agregada;media
2018-07-11;98.625;24;True;0;2463;nivel;Epagri;;;2;False;diaria;e3e929a1cfadc553_diario_derivado;;interna;horaria_agregada;media
2018-07-12;98.0;24;True;0;2463;nivel;Epagri;;;2;False;diaria;e3e929a1cfadc553_diario_derivado;;interna;horaria_agregada;media
2018-07-13;98.0;24;True;0;2463;nivel;Epagri;;;2;False;diaria;e3e929a1cfadc553_diario_derivado;;interna;horaria_agregada;media
2018-07-14;97.33333333333333;24;True;0;2463;nivel;Epagri;;;2;False;diaria;e3e929a1cfadc553_diario_derivado;;interna;horaria_agregada;media
2018-07-15;97.0;24;True;0;2463;nivel;Epagri;;;2;False;diaria;e3e929a1cfadc553_diario_derivado;;interna;horaria_agregada;media
2018-07-16;97.5;24;True;0;2463;nivel;Epagri;;;2;False;diaria;e3e929a1cfadc553_diario_derivado;;interna;horaria_agregada;media
2018-07-17;123.83333333333333;24;True;0;2463;nivel;Epagri;;;2;False;diaria;e3e929a1cfadc553_diario_derivado;;interna;horaria_agregada;media
2018-07-18;103.58333333333333;24;True;0;2463;nivel;Epagri;;;2;False;diaria;e3e929a1cfadc553_diario_derivado;;interna;horaria_agregada;media
2018-07-19;99.875;24;True;0;2463;nivel;Epagri;;;2;False;diaria;e3e929a1cfadc553_diario_derivado;;interna;horaria_agregada;media
2018-07-20;98.5;24;True;0;2463;nivel;Epagri;;;2;False;diaria;e3e929a1cfadc553_diario_derivado;;interna;horaria_agregada;media
2018-07-21;97.875;24;True;0;2463;nivel;Epagri;;;2;False;diaria;e3e929a1cfadc553_diario_derivado;;interna;horaria_agregada;media
2018-07-22;97.0;24;True;0;2463;nivel;Epagri;;;2;False;diaria;e3e929a1cfadc553_diario_derivado;;interna;horaria_agregada;media
2018-07-23;97.0;24;True;0;2463;nivel;Epagri;;;2;False;diaria;e3e929a1cfadc553_diario_derivado;;interna;horaria_agregada;media
2018-07-24;97.0;24;True;0;2463;nivel;Epagri;;;2;False;diaria;e3e929a1cfadc553_diario_derivado;;interna;horaria_agregada;media
2018-07-25;149.66666666666666;24;True;0;2463;nivel;Epagri;;;2;False;diaria;e3e929a1cfadc553_diario_derivado;;interna;horaria_agregada;media
2018-07-26;139.70833333333334;24;True;0;2463;nivel;Epagri;;;2;False;diaria;e3e929a1cfadc553_diario_derivado;;interna;horaria_agregada;media
2018-07-27;109.33333333333333;24;True;0;2463;nivel;Epagri;;;2;False;diaria;e3e929a1cfadc553_diario_derivado;;interna;horaria_agregada;media
2018-07-28;104.16666666666667;24;True;0;2463;nivel;Epagri;;;2;False;diaria;e3e929a1cfadc553_diario_derivado;;interna;horaria_agregada;media
2018-07-29;101.875;24;True;0;2463;nivel;Epagri;;;2;False;diaria;e3e929a1cfadc553_diario_derivado;;interna;horaria_agregada;media
2018-07-30;100.33333333333333;24;True;0;2463;nivel;Epagri;;;2;False;diaria;e3e929a1cfadc553_diario_derivado;;interna;horaria_agregada;media
2018-07-31;99.16666666666667;24;True;0;2463;nivel;Epagri;;;2;False;diaria;e3e929a1cfadc553_diario_derivado;;interna;horaria_agregada;media
2018-08-01;98.70833333333333;24;True;0;2463;nivel;Epagri;;;2;False;diaria;e3e929a1cfadc553_diario_derivado;;interna;horaria_agregada;media
2018-08-02;98.5;24;True;0;2463;nivel;Epagri;;;2;False;diaria;e3e929a1cfadc553_diario_derivado;;interna;horaria_agregada;media
2018-08-03;141.5;24;True;0;2463;nivel;Epagri;;;2;False;diaria;e3e929a1cfadc553_diario_derivado;;interna;horaria_agregada;media
2018-08-04;116.54166666666667;24;True;0;2463;nivel;Epagri;;;2;False;diaria;e3e929a1cfadc553_diario_derivado;;interna;horaria_agregada;media
2018-08-05;105.58333333333333;24;True;0;2463;nivel;Epagri;;;2;False;diaria;e3e929a1cfadc553_diario_derivado;;interna;horaria_agregada;media
2018-08-06;102.375;24;True;0;2463;nivel;Epagri;;;2;False;diaria;e3e929a1cfadc553_diario_derivado;;interna;horaria_agregada;media
2018-08-07;100.91666666666667;24;True;0;2463;nivel;Epagri;;;2;False;diaria;e3e929a1cfadc553_diario_derivado;;interna;horaria_agregada;media
2018-08-08;100.0;24;True;0;2463;nivel;Epagri;;;2;False;diaria;e3e929a1cfadc553_diario_derivado;;interna;horaria_agregada;media
2018-08-09;100.0;24;True;0;2463;nivel;Epagri;;;2;False;diaria;e3e929a1cfadc553_diario_derivado;;interna;horaria_agregada;media
2018-08-10;98.91666666666667;24;True;0;2463;nivel;Epagri;;;2;False;diaria;e3e929a1cfadc553_diario_derivado;;interna;horaria_agregada;media
2018-08-11;98.0;24;True;0;2463;nivel;Epagri;;;2;False;diaria;e3e929a1cfadc553_diario_derivado;;interna;horaria_agregada;media
2018-08-12;98.0;24;True;0;2463;nivel;Epagri;;;2;False;diaria;e3e929a1cfadc553_diario_derivado;;interna;horaria_agregada;media
2018-08-13;97.875;24;True;0;2463;nivel;Epagri;;;2;False;diaria;e3e929a1cfadc553_diario_derivado;;interna;horaria_agregada;media
2018-08-14;97.0;24;True;0;2463;nivel;Epagri;;;2;False;diaria;e3e929a1cfadc553_diario_derivado;;interna;horaria_agregada;media
2018-08-15;97.0;24;True;0;2463;nivel;Epagri;;;2;False;diaria;e3e929a1cfadc553_diario_derivado;;interna;horaria_agregada;media
2018-08-16;97.0;24;True;0;2463;nivel;Epagri;;;2;False;diaria;e3e929a1cfadc553_diario_derivado;;interna;horaria_agregada;media
2018-08-17;96.95833333333333;24;True;0;2463;nivel;Epagri;;;2;False;diaria;e3e929a1cfadc553_diario_derivado;;interna;horaria_agregada;media
2018-08-18;96.0;24;True;0;2463;nivel;Epagri;;;2;False;diaria;e3e929a1cfadc553_diario_derivado;;interna;horaria_agregada;media
2018-08-19;96.0;24;True;0;2463;nivel;Epagri;;;2;False;diaria;e3e929a1cfadc553_diario_derivado;;interna;horaria_agregada;media
2018-08-20;96.04166666666667;24;True;0;2463;nivel;Epagri;;;2;False;diaria;e3e929a1cfadc553_diario_derivado;;interna;horaria_agregada;media
2018-08-21;104.41666666666667;24;True;0;2463;nivel;Epagri;;;2;False;diaria;e3e929a1cfadc553_diario_derivado;;interna;horaria_agregada;media
2018-08-22;143.70833333333334;24;True;0;2463;nivel;Epagri;;;2;False;diaria;e3e929a1cfadc553_diario_derivado;;interna;horaria_agregada;media
2018-08-23;116.08333333333333;24;True;0;2463;nivel;Epagri;;;2;False;diaria;e3e929a1cfadc553_diario_derivado;;interna;horaria_agregada;media
2018-08-24;104.875;24;True;0;2463;nivel;Epagri;;;2;False;diaria;e3e929a1cfadc553_diario_derivado;;interna;horaria_agregada;media
2018-08-25;116.5;24;True;0;2463;nivel;Epagri;;;2;False;diaria;e3e929a1cfadc553_diario_derivado;;interna;horaria_agregada;media
2018-08-26;104.125;24;True;0;2463;nivel;Epagri;;;2;False;diaria;e3e929a1cfadc553_diario_derivado;;interna;horaria_agregada;media
2018-08-27;100.375;24;True;0;2463;nivel;Epagri;;;2;False;diaria;e3e929a1cfadc553_diario_derivado;;interna;horaria_agregada;media
2018-08-28;99.25;24;True;0;2463;nivel;Epagri;;;2;False;diaria;e3e929a1cfadc553_diario_derivado;;interna;horaria_agregada;media
2018-08-29;99.0;24;True;0;2463;nivel;Epagri;;;2;False;diaria;e3e929a1cfadc553_diario_derivado;;interna;horaria_agregada;media
2018-08-30;98.125;24;True;0;2463;nivel;Epagri;;;2;False;diaria;e3e929a1cfadc553_diario_derivado;;interna;horaria_agregada;media
2018-08-31;98.16666666666667;24;True;0;2463;nivel;Epagri;;;2;False;diaria;e3e929a1cfadc553_diario_derivado;;interna;horaria_agregada;media
2018-09-01;132.625;24;True;0;2463;nivel;Epagri;;;2;False;diaria;e3e929a1cfadc553_diario_derivado;;interna;horaria_agregada;media
2018-09-02;143.375;24;True;0;2463;nivel;Epagri;;;2;False;diaria;e3e929a1cfadc553_diario_derivado;;interna;horaria_agregada;media
2018-09-03;181.58333333333334;24;True;0;2463;nivel;Epagri;;;2;False;diaria;e3e929a1cfadc553_diario_derivado;;interna;horaria_agregada;media
2018-09-04;229.16666666666666;24;True;0;2463;nivel;Epagri;;;2;False;diaria;e3e929a1cfadc553_diario_derivado;;interna;horaria_agregada;media
2018-09-05;134.95833333333334;24;True;0;2463;nivel;Epagri;;;2;False;diaria;e3e929a1cfadc553_diario_derivado;;interna;horaria_agregada;media
2018-09-06;121.25;24;True;0;2463;nivel;Epagri;;;2;False;diaria;e3e929a1cfadc553_diario_derivado;;interna;horaria_agregada;media
2018-09-07;115.20833333333333;24;True;0;2463;nivel;Epagri;;;2;False;diaria;e3e929a1cfadc553_diario_derivado;;interna;horaria_agregada;media
2018-09-08;111.41666666666667;24;True;0;2463;nivel;Epagri;;;2;False;diaria;e3e929a1cfadc553_diario_derivado;;interna;horaria_agregada;media
2018-09-09;109.0;24;True;0;2463;nivel;Epagri;;;2;False;diaria;e3e929a1cfadc553_diario_derivado;;interna;horaria_agregada;media
2018-09-10;107.29166666666667;24;True;0;2463;nivel;Epagri;;;2;False;diaria;e3e929a1cfadc553_diario_derivado;;interna;horaria_agregada;media
2018-09-11;113.83333333333333;24;True;0;2463;nivel;Epagri;;;2;False;diaria;e3e929a1cfadc553_diario_derivado;;interna;horaria_agregada;media
2018-09-12;135.5;24;True;0;2463;nivel;Epagri;;;2;False;diaria;e3e929a1cfadc553_diario_derivado;;interna;horaria_agregada;media
2018-09-13;176.45833333333334;24;True;0;2463;nivel;Epagri;;;2;False;diaria;e3e929a1cfadc553_diario_derivado;;interna;horaria_agregada;media
2018-09-14;163.5;24;True;0;2463;nivel;Epagri;;;2;False;diaria;e3e929a1cfadc553_diario_derivado;;interna;horaria_agregada;media
2018-09-15;176.29166666666666;24;True;0;2463;nivel;Epagri;;;2;False;diaria;e3e929a1cfadc553_diario_derivado;;interna;horaria_agregada;media
2018-09-16;150.5;24;True;0;2463;nivel;Epagri;;;2;False;diaria;e3e929a1cfadc553_diario_derivado;;interna;horaria_agregada;media
2018-09-17;160.91666666666666;24;True;0;2463;nivel;Epagri;;;2;False;diaria;e3e929a1cfadc553_diario_derivado;;interna;horaria_agregada;media
2018-09-18;158.04166666666666;24;True;0;2463;nivel;Epagri;;;2;False;diaria;e3e929a1cfadc553_diario_derivado;;interna;horaria_agregada;media
2018-09-19;131.83333333333334;24;True;0;2463;nivel;Epagri;;;2;False;diaria;e3e929a1cfadc553_diario_derivado;;interna;horaria_agregada;media
2018-09-20;124.20833333333333;24;True;0;2463;nivel;Epagri;;;2;False;diaria;e3e929a1cfadc553_diario_derivado;;interna;horaria_agregada;media
2018-09-21;120.0;24;True;0;2463;nivel;Epagri;;;2;False;diaria;e3e929a1cfadc553_diario_derivado;;interna;horaria_agregada;media
2018-09-22;116.70833333333333;24;True;0;2463;nivel;Epagri;;;2;False;diaria;e3e929a1cfadc553_diario_derivado;;interna;horaria_agregada;media
2018-09-23;114.08333333333333;24;True;0;2463;nivel;Epagri;;;2;False;diaria;e3e929a1cfadc553_diario_derivado;;interna;horaria_agregada;media
2018-09-24;111.79166666666667;24;True;0;2463;nivel;Epagri;;;2;False;diaria;e3e929a1cfadc553_diario_derivado;;interna;horaria_agregada;media
2018-09-25;110.83333333333333;24;True;0;2463;nivel;Epagri;;;2;False;diaria;e3e929a1cfadc553_diario_derivado;;interna;horaria_agregada;media
2018-09-26;109.83333333333333;24;True;0;2463;nivel;Epagri;;;2;False;diaria;e3e929a1cfadc553_diario_derivado;;interna;horaria_agregada;media
2018-09-27;110.45833333333333;24;True;0;2463;nivel;Epagri;;;2;False;diaria;e3e929a1cfadc553_diario_derivado;;interna;horaria_agregada;media
2018-09-28;109.79166666666667;24;True;0;2463;nivel;Epagri;;;2;False;diaria;e3e929a1cfadc553_diario_derivado;;interna;horaria_agregada;media
2018-09-29;118.33333333333333;24;True;0;2463;nivel;Epagri;;;2;False;diaria;e3e929a1cfadc553_diario_derivado;;interna;horaria_agregada;media
2018-09-30;112.25;24;True;0;2463;nivel;Epagri;;;2;False;diaria;e3e929a1cfadc553_diario_derivado;;interna;horaria_agregada;media
2018-10-01;131.75;24;True;0;2463;nivel;Epagri;;;2;False;diaria;e3e929a1cfadc553_diario_derivado;;interna;horaria_agregada;media
2018-10-02;134.5;24;True;0;2463;nivel;Epagri;;;2;False;diaria;e3e929a1cfadc553_diario_derivado;;interna;horaria_agregada;media
2018-10-03;156.54166666666666;24;True;0;2463;nivel;Epagri;;;2;False;diaria;e3e929a1cfadc553_diario_derivado;;interna;horaria_agregada;media
2018-10-04;136.20833333333334;24;True;0;2463;nivel;Epagri;;;2;False;diaria;e3e929a1cfadc553_diario_derivado;;interna;horaria_agregada;media
2018-10-05;120.625;24;True;0;2463;nivel;Epagri;;;2;False;diaria;e3e929a1cfadc553_diario_derivado;;interna;horaria_agregada;media
2018-10-06;115.41666666666667;24;True;0;2463;nivel;Epagri;;;2;False;diaria;e3e929a1cfadc553_diario_derivado;;interna;horaria_agregada;media
2018-10-07;113.375;24;True;0;2463;nivel;Epagri;;;2;False;diaria;e3e929a1cfadc553_diario_derivado;;interna;horaria_agregada;media
2018-10-08;113.29166666666667;24;True;0;2463;nivel;Epagri;;;2;False;diaria;e3e929a1cfadc553_diario_derivado;;interna;horaria_agregada;media
2018-10-09;114.875;24;True;0;2463;nivel;Epagri;;;2;False;diaria;e3e929a1cfadc553_diario_derivado;;interna;horaria_agregada;media
2018-10-10;115.58333333333333;24;True;0;2463;nivel;Epagri;;;2;False;diaria;e3e929a1cfadc553_diario_derivado;;interna;horaria_agregada;media
2018-10-11;111.20833333333333;24;True;0;2463;nivel;Epagri;;;2;False;diaria;e3e929a1cfadc553_diario_derivado;;interna;horaria_agregada;media
2018-10-12;110.08333333333333;24;True;0;2463;nivel;Epagri;;;2;False;diaria;e3e929a1cfadc553_diario_derivado;;interna;horaria_agregada;media
2018-10-13;112.33333333333333;24;True;0;2463;nivel;Epagri;;;2;False;diaria;e3e929a1cfadc553_diario_derivado;;interna;horaria_agregada;media
2018-10-14;113.29166666666667;24;True;0;2463;nivel;Epagri;;;2;False;diaria;e3e929a1cfadc553_diario_derivado;;interna;horaria_agregada;media
2018-10-15;110.16666666666667;24;True;0;2463;nivel;Epagri;;;2;False;diaria;e3e929a1cfadc553_diario_derivado;;interna;horaria_agregada;media
2018-10-16;113.625;24;True;0;2463;nivel;Epagri;;;2;False;diaria;e3e929a1cfadc553_diario_derivado;;interna;horaria_agregada;media
2018-10-17;148.58333333333334;24;True;0;2463;nivel;Epagri;;;2;False;diaria;e3e929a1cfadc553_diario_derivado;;interna;horaria_agregada;media
2018-10-18;121.5;24;True;0;2463;nivel;Epagri;;;2;False;diaria;e3e929a1cfadc553_diario_derivado;;interna;horaria_agregada;media
2018-10-19;113.54166666666667;24;True;0;2463;nivel;Epagri;;;2;False;diaria;e3e929a1cfadc553_diario_derivado;;interna;horaria_agregada;media
2018-10-20;109.95833333333333;24;True;0;2463;nivel;Epagri;;;2;False;diaria;e3e929a1cfadc553_diario_derivado;;interna;horaria_agregada;media
2018-10-21;108.875;24;True;0;2463;nivel;Epagri;;;2;False;diaria;e3e929a1cfadc553_diario_derivado;;interna;horaria_agregada;media
2018-10-22;108.25;24;True;0;2463;nivel;Epagri;;;2;False;diaria;e3e929a1cfadc553_diario_derivado;;interna;horaria_agregada;media
2018-10-23;108.0;24;True;0;2463;nivel;Epagri;;;2;False;diaria;e3e929a1cfadc553_diario_derivado;;interna;horaria_agregada;media
2018-10-24;117.08333333333333;24;True;0;2463;nivel;Epagri;;;2;False;diaria;e3e929a1cfadc553_diario_derivado;;interna;horaria_agregada;media
2018-10-25;125.58333333333333;24;True;0;2463;nivel;Epagri;;;2;False;diaria;e3e929a1cfadc553_diario_derivado;;interna;horaria_agregada;media
2018-10-26;181.16666666666666;24;True;0;2463;nivel;Epagri;;;2;False;diaria;e3e929a1cfadc553_diario_derivado;;interna;horaria_agregada;media
2018-10-27;162.29166666666666;24;True;0;2463;nivel;Epagri;;;2;False;diaria;e3e929a1cfadc553_diario_derivado;;interna;horaria_agregada;media
2018-10-28;126.125;24;True;0;2463;nivel;Epagri;;;2;False;diaria;e3e929a1cfadc553_diario_derivado;;interna;horaria_agregada;media
2018-10-29;120.625;24;True;0;2463;nivel;Epagri;;;2;False;diaria;e3e929a1cfadc553_diario_derivado;;interna;horaria_agregada;media
2018-10-30;119.08333333333333;24;True;0;2463;nivel;Epagri;;;2;False;diaria;e3e929a1cfadc553_diario_derivado;;interna;horaria_agregada;media
2018-10-31;166.5;24;True;0;2463;nivel;Epagri;;;2;False;diaria;e3e929a1cfadc553_diario_derivado;;interna;horaria_agregada;media
2018-11-01;133.54166666666666;24;True;0;2463;nivel;Epagri;;;2;False;diaria;e3e929a1cfadc553_diario_derivado;;interna;horaria_agregada;media
2018-11-02;123.58333333333333;24;True;0;2463;nivel;Epagri;;;2;False;diaria;e3e929a1cfadc553_diario_derivado;;interna;horaria_agregada;media
2018-11-03;127.5;24;True;0;2463;nivel;Epagri;;;2;False;diaria;e3e929a1cfadc553_diario_derivado;;interna;horaria_agregada;media
2018-11-04;132.29166666666666;24;True;0;2463;nivel;Epagri;;;2;False;diaria;e3e929a1cfadc553_diario_derivado;;interna;horaria_agregada;media
2018-11-05;120.95833333333333;24;True;0;2463;nivel;Epagri;;;2;False;diaria;e3e929a1cfadc553_diario_derivado;;interna;horaria_agregada;media
2018-11-06;116.83333333333333;24;True;0;2463;nivel;Epagri;;;2;False;diaria;e3e929a1cfadc553_diario_derivado;;interna;horaria_agregada;media
2018-11-07;115.41666666666667;24;True;0;2463;nivel;Epagri;;;2;False;diaria;e3e929a1cfadc553_diario_derivado;;interna;horaria_agregada;media
2018-11-08;119.95833333333333;24;True;0;2463;nivel;Epagri;;;2;False;diaria;e3e929a1cfadc553_diario_derivado;;interna;horaria_agregada;media
2018-11-09;133.875;24;True;0;2463;nivel;Epagri;;;2;False;diaria;e3e929a1cfadc553_diario_derivado;;interna;horaria_agregada;media
2018-11-10;187.95833333333334;24;True;0;2463;nivel;Epagri;;;2;False;diaria;e3e929a1cfadc553_diario_derivado;;interna;horaria_agregada;media
2018-11-11;149.0;24;True;0;2463;nivel;Epagri;;;2;False;diaria;e3e929a1cfadc553_diario_derivado;;interna;horaria_agregada;media
2018-11-12;129.0;24;True;0;2463;nivel;Epagri;;;2;False;diaria;e3e929a1cfadc553_diario_derivado;;interna;horaria_agregada;media
2018-11-13;126.0;24;True;0;2463;nivel;Epagri;;;2;False;diaria;e3e929a1cfadc553_diario_derivado;;interna;horaria_agregada;media
2018-11-14;121.83333333333333;24;True;0;2463;nivel;Epagri;;;2;False;diaria;e3e929a1cfadc553_diario_derivado;;interna;horaria_agregada;media
2018-11-15;117.83333333333333;24;True;0;2463;nivel;Epagri;;;2;False;diaria;e3e929a1cfadc553_diario_derivado;;interna;horaria_agregada;media
2018-11-16;115.08333333333333;24;True;0;2463;nivel;Epagri;;;2;False;diaria;e3e929a1cfadc553_diario_derivado;;interna;horaria_agregada;media
2018-11-17;113.58333333333333;24;True;0;2463;nivel;Epagri;;;2;False;diaria;e3e929a1cfadc553_diario_derivado;;interna;horaria_agregada;media
2018-11-18;137.58333333333334;24;True;0;2463;nivel;Epagri;;;2;False;diaria;e3e929a1cfadc553_diario_derivado;;interna;horaria_agregada;media
2018-11-19;121.83333333333333;24;True;0;2463;nivel;Epagri;;;2;False;diaria;e3e929a1cfadc553_diario_derivado;;interna;horaria_agregada;media
2018-11-20;114.54166666666667;24;True;0;2463;nivel;Epagri;;;2;False;diaria;e3e929a1cfadc553_diario_derivado;;interna;horaria_agregada;media
2018-11-21;112.45833333333333;24;True;0;2463;nivel;Epagri;;;2;False;diaria;e3e929a1cfadc553_diario_derivado;;interna;horaria_agregada;media
2018-11-22;111.70833333333333;24;True;0;2463;nivel;Epagri;;;2;False;diaria;e3e929a1cfadc553_diario_derivado;;interna;horaria_agregada;media
2018-11-23;111.66666666666667;24;True;0;2463;nivel;Epagri;;;2;False;diaria;e3e929a1cfadc553_diario_derivado;;interna;horaria_agregada;media
2018-11-24;144.79166666666666;24;True;0;2463;nivel;Epagri;;;2;False;diaria;e3e929a1cfadc553_diario_derivado;;interna;horaria_agregada;media
2018-11-25;130.58333333333334;24;True;0;2463;nivel;Epagri;;;2;False;diaria;e3e929a1cfadc553_diario_derivado;;interna;horaria_agregada;media
2018-11-26;116.08333333333333;24;True;0;2463;nivel;Epagri;;;2;False;diaria;e3e929a1cfadc553_diario_derivado;;interna;horaria_agregada;media
2018-11-27;113.41666666666667;24;True;0;2463;nivel;Epagri;;;2;False;diaria;e3e929a1cfadc553_diario_derivado;;interna;horaria_agregada;media
2018-11-28;125.33333333333333;24;True;0;2463;nivel;Epagri;;;2;False;diaria;e3e929a1cfadc553_diario_derivado;;interna;horaria_agregada;media
2018-11-29;127.70833333333333;24;True;0;2463;nivel;Epagri;;;2;False;diaria;e3e929a1cfadc553_diario_derivado;;interna;horaria_agregada;media
2018-11-30;170.75;24;True;0;2463;nivel;Epagri;;;2;False;diaria;e3e929a1cfadc553_diario_derivado;;interna;horaria_agregada;media
2018-12-01;144.54166666666666;24;True;0;2463;nivel;Epagri;;;2;False;diaria;e3e929a1cfadc553_diario_derivado;;interna;horaria_agregada;media
2018-12-02;130.125;24;True;0;2463;nivel;Epagri;;;2;False;diaria;e3e929a1cfadc553_diario_derivado;;interna;horaria_agregada;media
2018-12-03;121.83333333333333;24;True;0;2463;nivel;Epagri;;;2;False;diaria;e3e929a1cfadc553_diario_derivado;;interna;horaria_agregada;media
2018-12-04;118.375;24;True;0;2463;nivel;Epagri;;;2;False;diaria;e3e929a1cfadc553_diario_derivado;;interna;horaria_agregada;media
2018-12-05;115.45833333333333;24;True;0;2463;nivel;Epagri;;;2;False;diaria;e3e929a1cfadc553_diario_derivado;;interna;horaria_agregada;media
2018-12-06;113.79166666666667;24;True;0;2463;nivel;Epagri;;;2;False;diaria;e3e929a1cfadc553_diario_derivado;;interna;horaria_agregada;media
2018-12-07;112.625;24;True;0;2463;nivel;Epagri;;;2;False;diaria;e3e929a1cfadc553_diario_derivado;;interna;horaria_agregada;media
2018-12-08;110.95833333333333;24;True;0;2463;nivel;Epagri;;;2;False;diaria;e3e929a1cfadc553_diario_derivado;;interna;horaria_agregada;media
2018-12-09;109.91666666666667;24;True;0;2463;nivel;Epagri;;;2;False;diaria;e3e929a1cfadc553_diario_derivado;;interna;horaria_agregada;media
2018-12-10;109.08333333333333;24;True;0;2463;nivel;Epagri;;;2;False;diaria;e3e929a1cfadc553_diario_derivado;;interna;horaria_agregada;media
2018-12-11;108.75;24;True;0;2463;nivel;Epagri;;;2;False;diaria;e3e929a1cfadc553_diario_derivado;;interna;horaria_agregada;media
2018-12-12;107.95833333333333;24;True;0;2463;nivel;Epagri;;;2;False;diaria;e3e929a1cfadc553_diario_derivado;;interna;horaria_agregada;media
2018-12-13;107.79166666666667;24;True;0;2463;nivel;Epagri;;;2;False;diaria;e3e929a1cfadc553_diario_derivado;;interna;horaria_agregada;media
2018-12-14;106.83333333333333;24;True;0;2463;nivel;Epagri;;;2;False;diaria;e3e929a1cfadc553_diario_derivado;;interna;horaria_agregada;media
2018-12-15;111.54166666666667;24;True;0;2463;nivel;Epagri;;;2;False;diaria;e3e929a1cfadc553_diario_derivado;;interna;horaria_agregada;media
2018-12-16;109.95833333333333;24;True;0;2463;nivel;Epagri;;;2;False;diaria;e3e929a1cfadc553_diario_derivado;;interna;horaria_agregada;media
2018-12-17;107.375;24;True;0;2463;nivel;Epagri;;;2;False;diaria;e3e929a1cfadc553_diario_derivado;;interna;horaria_agregada;media
2018-12-18;107.625;24;True;0;2463;nivel;Epagri;;;2;False;diaria;e3e929a1cfadc553_diario_derivado;;interna;horaria_agregada;media
2018-12-19;111.20833333333333;24;True;0;2463;nivel;Epagri;;;2;False;diaria;e3e929a1cfadc553_diario_derivado;;interna;horaria_agregada;media
2018-12-20;141.41666666666666;24;True;0;2463;nivel;Epagri;;;2;False;diaria;e3e929a1cfadc553_diario_derivado;;interna;horaria_agregada;media
2018-12-21;113.83333333333333;24;True;0;2463;nivel;Epagri;;;2;False;diaria;e3e929a1cfadc553_diario_derivado;;interna;horaria_agregada;media
2018-12-22;119.66666666666667;24;True;0;2463;nivel;Epagri;;;2;False;diaria;e3e929a1cfadc553_diario_derivado;;interna;horaria_agregada;media
2018-12-23;128.54166666666666;24;True;0;2463;nivel;Epagri;;;2;False;diaria;e3e929a1cfadc553_diario_derivado;;interna;horaria_agregada;media
2018-12-24;113.375;24;True;0;2463;nivel;Epagri;;;2;False;diaria;e3e929a1cfadc553_diario_derivado;;interna;horaria_agregada;media
2018-12-25;116.83333333333333;24;True;0;2463;nivel;Epagri;;;2;False;diaria;e3e929a1cfadc553_diario_derivado;;interna;horaria_agregada;media
2018-12-26;111.5;24;True;0;2463;nivel;Epagri;;;2;False;diaria;e3e929a1cfadc553_diario_derivado;;interna;horaria_agregada;media
2018-12-27;120.20833333333333;24;True;0;2463;nivel;Epagri;;;2;False;diaria;e3e929a1cfadc553_diario_derivado;;interna;horaria_agregada;media
2018-12-28;113.08333333333333;24;True;0;2463;nivel;Epagri;;;2;False;diaria;e3e929a1cfadc553_diario_derivado;;interna;horaria_agregada;media
2018-12-29;112.20833333333333;24;True;0;2463;nivel;Epagri;;;2;False;diaria;e3e929a1cfadc553_diario_derivado;;interna;horaria_agregada;media
2018-12-30;112.125;24;True;0;2463;nivel;Epagri;;;2;False;diaria;e3e929a1cfadc553_diario_derivado;;interna;horaria_agregada;media
2018-12-31;109.125;24;True;0;2463;nivel;Epagri;;;2;False;diaria;e3e929a1cfadc553_diario_derivado;;interna;horaria_agregada;media
2019-01-01;106.79166666666667;24;True;0;2463;nivel;Epagri;;;2;False;diaria;e3e929a1cfadc553_diario_derivado;;interna;horaria_agregada;media
2019-01-02;105.70833333333333;24;True;0;2463;nivel;Epagri;;;2;False;diaria;e3e929a1cfadc553_diario_derivado;;interna;horaria_agregada;media
2019-01-03;105.0;24;True;0;2463;nivel;Epagri;;;2;False;diaria;e3e929a1cfadc553_diario_derivado;;interna;horaria_agregada;media
2019-01-04;115.41666666666667;24;True;0;2463;nivel;Epagri;;;2;False;diaria;e3e929a1cfadc553_diario_derivado;;interna;horaria_agregada;media
2019-01-05;118.08333333333333;24;True;0;2463;nivel;Epagri;;;2;False;diaria;e3e929a1cfadc553_diario_derivado;;interna;horaria_agregada;media
2019-01-06;110.75;24;True;0;2463;nivel;Epagri;;;2;False;diaria;e3e929a1cfadc553_diario_derivado;;interna;horaria_agregada;media
2019-01-07;108.0;24;True;0;2463;nivel;Epagri;;;2;False;diaria;e3e929a1cfadc553_diario_derivado;;interna;horaria_agregada;media
2019-01-08;128.45833333333334;24;True;0;2463;nivel;Epagri;;;2;False;diaria;e3e929a1cfadc553_diario_derivado;;interna;horaria_agregada;media
2019-01-09;128.29166666666666;24;True;0;2463;nivel;Epagri;;;2;False;diaria;e3e929a1cfadc553_diario_derivado;;interna;horaria_agregada;media
2019-01-10;110.5;24;True;0;2463;nivel;Epagri;;;2;False;diaria;e3e929a1cfadc553_diario_derivado;;interna;horaria_agregada;media
2019-01-11;107.29166666666667;24;True;0;2463;nivel;Epagri;;;2;False;diaria;e3e929a1cfadc553_diario_derivado;;interna;horaria_agregada;media
2019-01-12;105.91666666666667;24;True;0;2463;nivel;Epagri;;;2;False;diaria;e3e929a1cfadc553_diario_derivado;;interna;horaria_agregada;media
2019-01-13;120.33333333333333;24;True;0;2463;nivel;Epagri;;;2;False;diaria;e3e929a1cfadc553_diario_derivado;;interna;horaria_agregada;media
2019-01-14;112.70833333333333;24;True;0;2463;nivel;Epagri;;;2;False;diaria;e3e929a1cfadc553_diario_derivado;;interna;horaria_agregada;media
2019-01-15;108.20833333333333;24;True;0;2463;nivel;Epagri;;;2;False;diaria;e3e929a1cfadc553_diario_derivado;;interna;horaria_agregada;media
2019-01-16;109.20833333333333;24;True;0;2463;nivel;Epagri;;;2;False;diaria;e3e929a1cfadc553_diario_derivado;;interna;horaria_agregada;media
2019-01-17;124.45833333333333;24;True;0;2463;nivel;Epagri;;;2;False;diaria;e3e929a1cfadc553_diario_derivado;;interna;horaria_agregada;media
2019-01-18;121.16666666666667;24;True;0;2463;nivel;Epagri;;;2;False;diaria;e3e929a1cfadc553_diario_derivado;;interna;horaria_agregada;media
2019-01-19;114.79166666666667;24;True;0;2463;nivel;Epagri;;;2;False;diaria;e3e929a1cfadc553_diario_derivado;;interna;horaria_agregada;media
2019-01-20;121.29166666666667;24;True;0;2463;nivel;Epagri;;;2;False;diaria;e3e929a1cfadc553_diario_derivado;;interna;horaria_agregada;media
2019-01-21;114.54166666666667;24;True;0;2463;nivel;Epagri;;;2;False;diaria;e3e929a1cfadc553_diario_derivado;;interna;horaria_agregada;media
2019-01-22;108.33333333333333;24;True;0;2463;nivel;Epagri;;;2;False;diaria;e3e929a1cfadc553_diario_derivado;;interna;horaria_agregada;media
2019-01-23;106.125;24;True;0;2463;nivel;Epagri;;;2;False;diaria;e3e929a1cfadc553_diario_derivado;;interna;horaria_agregada;media
2019-01-24;114.16666666666667;24;True;0;2463;nivel;Epagri;;;2;False;diaria;e3e929a1cfadc553_diario_derivado;;interna;horaria_agregada;media
2019-01-25;112.125;24;True;0;2463;nivel;Epagri;;;2;False;diaria;e3e929a1cfadc553_diario_derivado;;interna;horaria_agregada;media
2019-01-26;108.66666666666667;24;True;0;2463;nivel;Epagri;;;2;False;diaria;e3e929a1cfadc553_diario_derivado;;interna;horaria_agregada;media
2019-01-27;107.04166666666667;24;True;0;2463;nivel;Epagri;;;2;False;diaria;e3e929a1cfadc553_diario_derivado;;interna;horaria_agregada;media
2019-01-28;105.125;24;True;0;2463;nivel;Epagri;;;2;False;diaria;e3e929a1cfadc553_diario_derivado;;interna;horaria_agregada;media
2019-01-29;104.33333333333333;24;True;0;2463;nivel;Epagri;;;2;False;diaria;e3e929a1cfadc553_diario_derivado;;interna;horaria_agregada;media
2019-01-30;104.16666666666667;24;True;0;2463;nivel;Epagri;;;2;False;diaria;e3e929a1cfadc553_diario_derivado;;interna;horaria_agregada;media
2019-01-31;103.875;24;True;0;2463;nivel;Epagri;;;2;False;diaria;e3e929a1cfadc553_diario_derivado;;interna;horaria_agregada;media
2019-02-01;115.16666666666667;24;True;0;2463;nivel;Epagri;;;2;False;diaria;e3e929a1cfadc553_diario_derivado;;interna;horaria_agregada;media
2019-02-02;135.29166666666666;24;True;0;2463;nivel;Epagri;;;2;False;diaria;e3e929a1cfadc553_diario_derivado;;interna;horaria_agregada;media
2019-02-03;163.375;24;True;0;2463;nivel;Epagri;;;2;False;diaria;e3e929a1cfadc553_diario_derivado;;interna;horaria_agregada;media
2019-02-04;133.54166666666666;24;True;0;2463;nivel;Epagri;;;2;False;diaria;e3e929a1cfadc553_diario_derivado;;interna;horaria_agregada;media
2019-02-05;115.25;24;True;0;2463;nivel;Epagri;;;2;False;diaria;e3e929a1cfadc553_diario_derivado;;interna;horaria_agregada;media
2019-02-06;110.125;24;True;0;2463;nivel;Epagri;;;2;False;diaria;e3e929a1cfadc553_diario_derivado;;interna;horaria_agregada;media
2019-02-07;107.70833333333333;24;True;0;2463;nivel;Epagri;;;2;False;diaria;e3e929a1cfadc553_diario_derivado;;interna;horaria_agregada;media
2019-02-08;106.25;24;True;0;2463;nivel;Epagri;;;2;False;diaria;e3e929a1cfadc553_diario_derivado;;interna;horaria_agregada;media
2019-02-09;106.33333333333333;24;True;0;2463;nivel;Epagri;;;2;False;diaria;e3e929a1cfadc553_diario_derivado;;interna;horaria_agregada;media
2019-02-10;104.20833333333333;24;True;0;2463;nivel;Epagri;;;2;False;diaria;e3e929a1cfadc553_diario_derivado;;interna;horaria_agregada;media
2019-02-11;104.0;24;True;0;2463;nivel;Epagri;;;2;False;diaria;e3e929a1cfadc553_diario_derivado;;interna;horaria_agregada;media
2019-02-12;103.75;24;True;0;2463;nivel;Epagri;;;2;False;diaria;e3e929a1cfadc553_diario_derivado;;interna;horaria_agregada;media
2019-02-13;110.5;24;True;0;2463;nivel;Epagri;;;2;False;diaria;e3e929a1cfadc553_diario_derivado;;interna;horaria_agregada;media
2019-02-14;105.625;24;True;0;2463;nivel;Epagri;;;2;False;diaria;e3e929a1cfadc553_diario_derivado;;interna;horaria_agregada;media
2019-02-15;108.58333333333333;24;True;0;2463;nivel;Epagri;;;2;False;diaria;e3e929a1cfadc553_diario_derivado;;interna;horaria_agregada;media
2019-02-16;114.54166666666667;24;True;0;2463;nivel;Epagri;;;2;False;diaria;e3e929a1cfadc553_diario_derivado;;interna;horaria_agregada;media
2019-02-17;246.83333333333334;24;True;0;2463;nivel;Epagri;;;2;False;diaria;e3e929a1cfadc553_diario_derivado;;interna;horaria_agregada;media
2019-02-18;204.875;24;True;0;2463;nivel;Epagri;;;2;False;diaria;e3e929a1cfadc553_diario_derivado;;interna;horaria_agregada;media
2019-02-19;154.91666666666666;24;True;0;2463;nivel;Epagri;;;2;False;diaria;e3e929a1cfadc553_diario_derivado;;interna;horaria_agregada;media
2019-02-20;159.95833333333334;24;True;0;2463;nivel;Epagri;;;2;False;diaria;e3e929a1cfadc553_diario_derivado;;interna;horaria_agregada;media
2019-02-21;130.79166666666666;24;True;0;2463;nivel;Epagri;;;2;False;diaria;e3e929a1cfadc553_diario_derivado;;interna;horaria_agregada;media
2019-02-22;124.08333333333333;24;True;0;2463;nivel;Epagri;;;2;False;diaria;e3e929a1cfadc553_diario_derivado;;interna;horaria_agregada;media
2019-02-23;130.45833333333334;24;True;0;2463;nivel;Epagri;;;2;False;diaria;e3e929a1cfadc553_diario_derivado;;interna;horaria_agregada;media
2019-02-24;147.08333333333334;24;True;0;2463;nivel;Epagri;;;2;False;diaria;e3e929a1cfadc553_diario_derivado;;interna;horaria_agregada;media
2019-02-25;197.29166666666666;24;True;0;2463;nivel;Epagri;;;2;False;diaria;e3e929a1cfadc553_diario_derivado;;interna;horaria_agregada;media
2019-02-26;144.16666666666666;24;True;0;2463;nivel;Epagri;;;2;False;diaria;e3e929a1cfadc553_diario_derivado;;interna;horaria_agregada;media
2019-02-27;134.0;24;True;0;2463;nivel;Epagri;;;2;False;diaria;e3e929a1cfadc553_diario_derivado;;interna;horaria_agregada;media
2019-02-28;128.41666666666666;24;True;0;2463;nivel;Epagri;;;2;False;diaria;e3e929a1cfadc553_diario_derivado;;interna;horaria_agregada;media
2019-03-01;123.75;24;True;0;2463;nivel;Epagri;;;2;False;diaria;e3e929a1cfadc553_diario_derivado;;interna;horaria_agregada;media
2019-03-02;120.25;24;True;0;2463;nivel;Epagri;;;2;False;diaria;e3e929a1cfadc553_diario_derivado;;interna;horaria_agregada;media
2019-03-03;117.375;24;True;0;2463;nivel;Epagri;;;2;False;diaria;e3e929a1cfadc553_diario_derivado;;interna;horaria_agregada;media
2019-03-04;118.0;24;True;0;2463;nivel;Epagri;;;2;False;diaria;e3e929a1cfadc553_diario_derivado;;interna;horaria_agregada;media
2019-03-05;115.16666666666667;24;True;0;2463;nivel;Epagri;;;2;False;diaria;e3e929a1cfadc553_diario_derivado;;interna;horaria_agregada;media
2019-03-06;122.25;24;True;0;2463;nivel;Epagri;;;2;False;diaria;e3e929a1cfadc553_diario_derivado;;interna;horaria_agregada;media
2019-03-07;122.29166666666667;24;True;0;2463;nivel;Epagri;;;2;False;diaria;e3e929a1cfadc553_diario_derivado;;interna;horaria_agregada;media
2019-03-08;132.58333333333334;24;True;0;2463;nivel;Epagri;;;2;False;diaria;e3e929a1cfadc553_diario_derivado;;interna;horaria_agregada;media
2019-03-09;133.70833333333334;24;True;0;2463;nivel;Epagri;;;2;False;diaria;e3e929a1cfadc553_diario_derivado;;interna;horaria_agregada;media
2019-03-10;141.20833333333334;24;True;0;2463;nivel;Epagri;;;2;False;diaria;e3e929a1cfadc553_diario_derivado;;interna;horaria_agregada;media
2019-03-11;144.125;24;True;0;2463;nivel;Epagri;;;2;False;diaria;e3e929a1cfadc553_diario_derivado;;interna;horaria_agregada;media
2019-03-12;127.95833333333333;24;True;0;2463;nivel;Epagri;;;2;False;diaria;e3e929a1cfadc553_diario_derivado;;interna;horaria_agregada;media
2019-03-13;135.91666666666666;24;True;0;2463;nivel;Epagri;;;2;False;diaria;e3e929a1cfadc553_diario_derivado;;interna;horaria_agregada;media
2019-03-14;151.375;24;True;0;2463;nivel;Epagri;;;2;False;diaria;e3e929a1cfadc553_diario_derivado;;interna;horaria_agregada;media
2019-03-15;148.58333333333334;24;True;0;2463;nivel;Epagri;;;2;False;diaria;e3e929a1cfadc553_diario_derivado;;interna;horaria_agregada;media
2019-03-16;126.58333333333333;24;True;0;2463;nivel;Epagri;;;2;False;diaria;e3e929a1cfadc553_diario_derivado;;interna;horaria_agregada;media
2019-03-17;121.79166666666667;24;True;0;2463;nivel;Epagri;;;2;False;diaria;e3e929a1cfadc553_diario_derivado;;interna;horaria_agregada;media
2019-03-18;121.29166666666667;24;True;0;2463;nivel;Epagri;;;2;False;diaria;e3e929a1cfadc553_diario_derivado;;interna;horaria_agregada;media
2019-03-19;121.625;24;True;0;2463;nivel;Epagri;;;2;False;diaria;e3e929a1cfadc553_diario_derivado;;interna;horaria_agregada;media
2019-03-20;126.08333333333333;24;True;0;2463;nivel;Epagri;;;2;False;diaria;e3e929a1cfadc553_diario_derivado;;interna;horaria_agregada;media
2019-03-21;118.625;24;True;0;2463;nivel;Epagri;;;2;False;diaria;e3e929a1cfadc553_diario_derivado;;interna;horaria_agregada;media
2019-03-22;117.04166666666667;24;True;0;2463;nivel;Epagri;;;2;False;diaria;e3e929a1cfadc553_diario_derivado;;interna;horaria_agregada;media
2019-03-23;123.875;24;True;0;2463;nivel;Epagri;;;2;False;diaria;e3e929a1cfadc553_diario_derivado;;interna;horaria_agregada;media
2019-03-24;116.95833333333333;24;True;0;2463;nivel;Epagri;;;2;False;diaria;e3e929a1cfadc553_diario_derivado;;interna;horaria_agregada;media
2019-03-25;113.70833333333333;24;True;0;2463;nivel;Epagri;;;2;False;diaria;e3e929a1cfadc553_diario_derivado;;interna;horaria_agregada;media
2019-03-26;112.5;24;True;0;2463;nivel;Epagri;;;2;False;diaria;e3e929a1cfadc553_diario_derivado;;interna;horaria_agregada;media
2019-03-27;112.54166666666667;24;True;0;2463;nivel;Epagri;;;2;False;diaria;e3e929a1cfadc553_diario_derivado;;interna;horaria_agregada;media
2019-03-28;111.45833333333333;24;True;0;2463;nivel;Epagri;;;2;False;diaria;e3e929a1cfadc553_diario_derivado;;interna;horaria_agregada;media
2019-03-29;;20;False;0;2463;nivel;Epagri;;;2;False;diaria;e3e929a1cfadc553_diario_derivado;;interna;horaria_agregada;media
2019-03-30;123.29166666666667;24;True;0;2463;nivel;Epagri;;;2;False;diaria;e3e929a1cfadc553_diario_derivado;;interna;horaria_agregada;media
2019-03-31;114.33333333333333;24;True;0;2463;nivel;Epagri;;;2;False;diaria;e3e929a1cfadc553_diario_derivado;;interna;horaria_agregada;media
2019-04-01;112.75;24;True;0;2463;nivel;Epagri;;;2;False;diaria;e3e929a1cfadc553_diario_derivado;;interna;horaria_agregada;media
2019-04-02;111.04166666666667;24;True;0;2463;nivel;Epagri;;;2;False;diaria;e3e929a1cfadc553_diario_derivado;;interna;horaria_agregada;media
2019-04-03;110.0;24;True;0;2463;nivel;Epagri;;;2;False;diaria;e3e929a1cfadc553_diario_derivado;;interna;horaria_agregada;media
2019-04-04;109.75;24;True;0;2463;nivel;Epagri;;;2;False;diaria;e3e929a1cfadc553_diario_derivado;;interna;horaria_agregada;media
2019-04-05;109.33333333333333;24;True;0;2463;nivel;Epagri;;;2;False;diaria;e3e929a1cfadc553_diario_derivado;;interna;horaria_agregada;media
2019-04-06;127.70833333333333;24;True;0;2463;nivel;Epagri;;;2;False;diaria;e3e929a1cfadc553_diario_derivado;;interna;horaria_agregada;media
2019-04-07;209.875;24;True;0;2463;nivel;Epagri;;;2;False;diaria;e3e929a1cfadc553_diario_derivado;;interna;horaria_agregada;media
2019-04-08;158.375;24;True;0;2463;nivel;Epagri;;;2;False;diaria;e3e929a1cfadc553_diario_derivado;;interna;horaria_agregada;media
2019-04-09;128.83333333333334;24;True;0;2463;nivel;Epagri;;;2;False;diaria;e3e929a1cfadc553_diario_derivado;;interna;horaria_agregada;media
2019-04-10;121.5;24;True;0;2463;nivel;Epagri;;;2;False;diaria;e3e929a1cfadc553_diario_derivado;;interna;horaria_agregada;media
2019-04-11;118.04166666666667;24;True;0;2463;nivel;Epagri;;;2;False;diaria;e3e929a1cfadc553_diario_derivado;;interna;horaria_agregada;media
2019-04-12;115.875;24;True;0;2463;nivel;Epagri;;;2;False;diaria;e3e929a1cfadc553_diario_derivado;;interna;horaria_agregada;media
2019-04-13;115.375;24;True;0;2463;nivel;Epagri;;;2;False;diaria;e3e929a1cfadc553_diario_derivado;;interna;horaria_agregada;media
2019-04-14;115.45833333333333;24;True;0;2463;nivel;Epagri;;;2;False;diaria;e3e929a1cfadc553_diario_derivado;;interna;horaria_agregada;media
2019-04-15;145.79166666666666;24;True;0;2463;nivel;Epagri;;;2;False;diaria;e3e929a1cfadc553_diario_derivado;;interna;horaria_agregada;media
2019-04-16;121.75;24;True;0;2463;nivel;Epagri;;;2;False;diaria;e3e929a1cfadc553_diario_derivado;;interna;horaria_agregada;media
2019-04-17;124.29166666666667;24;True;0;2463;nivel;Epagri;;;2;False;diaria;e3e929a1cfadc553_diario_derivado;;interna;horaria_agregada;media
2019-04-18;115.83333333333333;24;True;0;2463;nivel;Epagri;;;2;False;diaria;e3e929a1cfadc553_diario_derivado;;interna;horaria_agregada;media
2019-04-19;113.5;24;True;0;2463;nivel;Epagri;;;2;False;diaria;e3e929a1cfadc553_diario_derivado;;interna;horaria_agregada;media
2019-04-20;111.875;24;True;0;2463;nivel;Epagri;;;2;False;diaria;e3e929a1cfadc553_diario_derivado;;interna;horaria_agregada;media
2019-04-21;111.0;24;True;0;2463;nivel;Epagri;;;2;False;diaria;e3e929a1cfadc553_diario_derivado;;interna;horaria_agregada;media
2019-04-22;111.5;24;True;0;2463;nivel;Epagri;;;2;False;diaria;e3e929a1cfadc553_diario_derivado;;interna;horaria_agregada;media
2019-04-23;119.83333333333333;24;True;0;2463;nivel;Epagri;;;2;False;diaria;e3e929a1cfadc553_diario_derivado;;interna;horaria_agregada;media
2019-04-24;112.58333333333333;24;True;0;2463;nivel;Epagri;;;2;False;diaria;e3e929a1cfadc553_diario_derivado;;interna;horaria_agregada;media
2019-04-25;121.125;24;True;0;2463;nivel;Epagri;;;2;False;diaria;e3e929a1cfadc553_diario_derivado;;interna;horaria_agregada;media
2019-04-26;113.70833333333333;24;True;0;2463;nivel;Epagri;;;2;False;diaria;e3e929a1cfadc553_diario_derivado;;interna;horaria_agregada;media
2019-04-27;114.41666666666667;24;True;0;2463;nivel;Epagri;;;2;False;diaria;e3e929a1cfadc553_diario_derivado;;interna;horaria_agregada;media
2019-04-28;113.83333333333333;24;True;0;2463;nivel;Epagri;;;2;False;diaria;e3e929a1cfadc553_diario_derivado;;interna;horaria_agregada;media
2019-04-29;113.70833333333333;24;True;0;2463;nivel;Epagri;;;2;False;diaria;e3e929a1cfadc553_diario_derivado;;interna;horaria_agregada;media
2019-04-30;110.0;24;True;0;2463;nivel;Epagri;;;2;False;diaria;e3e929a1cfadc553_diario_derivado;;interna;horaria_agregada;media
2019-05-01;109.0;24;True;0;2463;nivel;Epagri;;;2;False;diaria;e3e929a1cfadc553_diario_derivado;;interna;horaria_agregada;media
2019-05-02;108.04166666666667;24;True;0;2463;nivel;Epagri;;;2;False;diaria;e3e929a1cfadc553_diario_derivado;;interna;horaria_agregada;media
2019-05-03;107.79166666666667;24;True;0;2463;nivel;Epagri;;;2;False;diaria;e3e929a1cfadc553_diario_derivado;;interna;horaria_agregada;media
2019-05-04;106.95833333333333;24;True;0;2463;nivel;Epagri;;;2;False;diaria;e3e929a1cfadc553_diario_derivado;;interna;horaria_agregada;media
2019-05-05;106.0;24;True;0;2463;nivel;Epagri;;;2;False;diaria;e3e929a1cfadc553_diario_derivado;;interna;horaria_agregada;media
2019-05-06;105.95833333333333;24;True;0;2463;nivel;Epagri;;;2;False;diaria;e3e929a1cfadc553_diario_derivado;;interna;horaria_agregada;media
2019-05-07;105.75;24;True;0;2463;nivel;Epagri;;;2;False;diaria;e3e929a1cfadc553_diario_derivado;;interna;horaria_agregada;media
2019-05-08;106.0;24;True;0;2463;nivel;Epagri;;;2;False;diaria;e3e929a1cfadc553_diario_derivado;;interna;horaria_agregada;media
2019-05-09;105.75;24;True;0;2463;nivel;Epagri;;;2;False;diaria;e3e929a1cfadc553_diario_derivado;;interna;horaria_agregada;media
2019-05-10;105.33333333333333;24;True;0;2463;nivel;Epagri;;;2;False;diaria;e3e929a1cfadc553_diario_derivado;;interna;horaria_agregada;media
2019-05-11;117.08333333333333;24;True;0;2463;nivel;Epagri;;;2;False;diaria;e3e929a1cfadc553_diario_derivado;;interna;horaria_agregada;media
2019-05-12;135.20833333333334;24;True;0;2463;nivel;Epagri;;;2;False;diaria;e3e929a1cfadc553_diario_derivado;;interna;horaria_agregada;media
2019-05-13;112.20833333333333;24;True;0;2463;nivel;Epagri;;;2;False;diaria;e3e929a1cfadc553_diario_derivado;;interna;horaria_agregada;media
2019-05-14;147.41666666666666;24;True;0;2463;nivel;Epagri;;;2;False;diaria;e3e929a1cfadc553_diario_derivado;;interna;horaria_agregada;media
2019-05-15;122.83333333333333;24;True;0;2463;nivel;Epagri;;;2;False;diaria;e3e929a1cfadc553_diario_derivado;;interna;horaria_agregada;media
2019-05-16;159.54166666666666;24;True;0;2463;nivel;Epagri;;;2;False;diaria;e3e929a1cfadc553_diario_derivado;;interna;horaria_agregada;media
2019-05-17;121.29166666666667;24;True;0;2463;nivel;Epagri;;;2;False;diaria;e3e929a1cfadc553_diario_derivado;;interna;horaria_agregada;media
2019-05-18;131.20833333333334;24;True;0;2463;nivel;Epagri;;;2;False;diaria;e3e929a1cfadc553_diario_derivado;;interna;horaria_agregada;media
2019-05-19;128.16666666666666;24;True;0;2463;nivel;Epagri;;;2;False;diaria;e3e929a1cfadc553_diario_derivado;;interna;horaria_agregada;media
2019-05-20;118.70833333333333;24;True;0;2463;nivel;Epagri;;;2;False;diaria;e3e929a1cfadc553_diario_derivado;;interna;horaria_agregada;media
2019-05-21;114.54166666666667;24;True;0;2463;nivel;Epagri;;;2;False;diaria;e3e929a1cfadc553_diario_derivado;;interna;horaria_agregada;media
2019-05-22;113.16666666666667;24;True;0;2463;nivel;Epagri;;;2;False;diaria;e3e929a1cfadc553_diario_derivado;;interna;horaria_agregada;media
2019-05-23;115.70833333333333;24;True;0;2463;nivel;Epagri;;;2;False;diaria;e3e929a1cfadc553_diario_derivado;;interna;horaria_agregada;media
2019-05-24;131.95833333333334;24;True;0;2463;nivel;Epagri;;;2;False;diaria;e3e929a1cfadc553_diario_derivado;;interna;horaria_agregada;media
2019-05-25;158.29166666666666;24;True;0;2463;nivel;Epagri;;;2;False;diaria;e3e929a1cfadc553_diario_derivado;;interna;horaria_agregada;media
2019-05-26;123.29166666666667;24;True;0;2463;nivel;Epagri;;;2;False;diaria;e3e929a1cfadc553_diario_derivado;;interna;horaria_agregada;media
2019-05-27;117.08333333333333;24;True;0;2463;nivel;Epagri;;;2;False;diaria;e3e929a1cfadc553_diario_derivado;;interna;horaria_agregada;media
2019-05-28;115.33333333333333;24;True;0;2463;nivel;Epagri;;;2;False;diaria;e3e929a1cfadc553_diario_derivado;;interna;horaria_agregada;media
2019-05-29;113.875;24;True;0;2463;nivel;Epagri;;;2;False;diaria;e3e929a1cfadc553_diario_derivado;;interna;horaria_agregada;media
2019-05-30;200.125;24;True;0;2463;nivel;Epagri;;;2;False;diaria;e3e929a1cfadc553_diario_derivado;;interna;horaria_agregada;media
2019-05-31;178.375;24;True;0;2463;nivel;Epagri;;;2;False;diaria;e3e929a1cfadc553_diario_derivado;;interna;horaria_agregada;media
2019-06-01;141.70833333333334;24;True;0;2463;nivel;Epagri;;;2;False;diaria;e3e929a1cfadc553_diario_derivado;;interna;horaria_agregada;media
2019-06-02;150.58333333333334;24;True;0;2463;nivel;Epagri;;;2;False;diaria;e3e929a1cfadc553_diario_derivado;;interna;horaria_agregada;media
2019-06-03;146.29166666666666;24;True;0;2463;nivel;Epagri;;;2;False;diaria;e3e929a1cfadc553_diario_derivado;;interna;horaria_agregada;media
2019-06-04;134.58333333333334;24;True;0;2463;nivel;Epagri;;;2;False;diaria;e3e929a1cfadc553_diario_derivado;;interna;horaria_agregada;media
2019-06-05;126.20833333333333;24;True;0;2463;nivel;Epagri;;;2;False;diaria;e3e929a1cfadc553_diario_derivado;;interna;horaria_agregada;media
2019-06-06;123.125;24;True;0;2463;nivel;Epagri;;;2;False;diaria;e3e929a1cfadc553_diario_derivado;;interna;horaria_agregada;media
2019-06-07;120.875;24;True;0;2463;nivel;Epagri;;;2;False;diaria;e3e929a1cfadc553_diario_derivado;;interna;horaria_agregada;media
2019-06-08;118.25;24;True;0;2463;nivel;Epagri;;;2;False;diaria;e3e929a1cfadc553_diario_derivado;;interna;horaria_agregada;media
2019-06-09;116.66666666666667;24;True;0;2463;nivel;Epagri;;;2;False;diaria;e3e929a1cfadc553_diario_derivado;;interna;horaria_agregada;media
2019-06-10;115.125;24;True;0;2463;nivel;Epagri;;;2;False;diaria;e3e929a1cfadc553_diario_derivado;;interna;horaria_agregada;media
2019-06-11;113.875;24;True;0;2463;nivel;Epagri;;;2;False;diaria;e3e929a1cfadc553_diario_derivado;;interna;horaria_agregada;media
2019-06-12;112.91666666666667;24;True;0;2463;nivel;Epagri;;;2;False;diaria;e3e929a1cfadc553_diario_derivado;;interna;horaria_agregada;media
2019-06-13;111.91666666666667;24;True;0;2463;nivel;Epagri;;;2;False;diaria;e3e929a1cfadc553_diario_derivado;;interna;horaria_agregada;media
2019-06-14;110.91666666666667;24;True;0;2463;nivel;Epagri;;;2;False;diaria;e3e929a1cfadc553_diario_derivado;;interna;horaria_agregada;media
2019-06-15;110.0;24;True;0;2463;nivel;Epagri;;;2;False;diaria;e3e929a1cfadc553_diario_derivado;;interna;horaria_agregada;media
2019-06-16;109.75;24;True;0;2463;nivel;Epagri;;;2;False;diaria;e3e929a1cfadc553_diario_derivado;;interna;horaria_agregada;media
2019-06-17;108.875;24;True;0;2463;nivel;Epagri;;;2;False;diaria;e3e929a1cfadc553_diario_derivado;;interna;horaria_agregada;media
2019-06-18;108.0;24;True;0;2463;nivel;Epagri;;;2;False;diaria;e3e929a1cfadc553_diario_derivado;;interna;horaria_agregada;media
2019-06-19;107.95833333333333;24;True;0;2463;nivel;Epagri;;;2;False;diaria;e3e929a1cfadc553_diario_derivado;;interna;horaria_agregada;media
2019-06-20;107.0;24;True;0;2463;nivel;Epagri;;;2;False;diaria;e3e929a1cfadc553_diario_derivado;;interna;horaria_agregada;media
2019-06-21;106.58333333333333;24;True;0;2463;nivel;Epagri;;;2;False;diaria;e3e929a1cfadc553_diario_derivado;;interna;horaria_agregada;media
2019-06-22;106.0;24;True;0;2463;nivel;Epagri;;;2;False;diaria;e3e929a1cfadc553_diario_derivado;;interna;horaria_agregada;media
2019-06-23;106.0;24;True;0;2463;nivel;Epagri;;;2;False;diaria;e3e929a1cfadc553_diario_derivado;;interna;horaria_agregada;media
2019-06-24;105.04166666666667;24;True;0;2463;nivel;Epagri;;;2;False;diaria;e3e929a1cfadc553_diario_derivado;;interna;horaria_agregada;media
2019-06-25;104.91666666666667;24;True;0;2463;nivel;Epagri;;;2;False;diaria;e3e929a1cfadc553_diario_derivado;;interna;horaria_agregada;media
2019-06-26;107.29166666666667;24;True;0;2463;nivel;Epagri;;;2;False;diaria;e3e929a1cfadc553_diario_derivado;;interna;horaria_agregada;media
2019-06-27;107.66666666666667;24;True;0;2463;nivel;Epagri;;;2;False;diaria;e3e929a1cfadc553_diario_derivado;;interna;horaria_agregada;media
2019-06-28;105.79166666666667;24;True;0;2463;nivel;Epagri;;;2;False;diaria;e3e929a1cfadc553_diario_derivado;;interna;horaria_agregada;media
2019-06-29;105.0;24;True;0;2463;nivel;Epagri;;;2;False;diaria;e3e929a1cfadc553_diario_derivado;;interna;horaria_agregada;media
2019-06-30;104.04166666666667;24;True;0;2463;nivel;Epagri;;;2;False;diaria;e3e929a1cfadc553_diario_derivado;;interna;horaria_agregada;media
2019-07-01;106.125;24;True;0;2463;nivel;Epagri;;;2;False;diaria;e3e929a1cfadc553_diario_derivado;;interna;horaria_agregada;media
2019-07-02;124.16666666666667;24;True;0;2463;nivel;Epagri;;;2;False;diaria;e3e929a1cfadc553_diario_derivado;;interna;horaria_agregada;media
2019-07-03;126.75;24;True;0;2463;nivel;Epagri;;;2;False;diaria;e3e929a1cfadc553_diario_derivado;;interna;horaria_agregada;media
2019-07-04;110.5;24;True;0;2463;nivel;Epagri;;;2;False;diaria;e3e929a1cfadc553_diario_derivado;;interna;horaria_agregada;media
2019-07-05;106.08333333333333;24;True;0;2463;nivel;Epagri;;;2;False;diaria;e3e929a1cfadc553_diario_derivado;;interna;horaria_agregada;media
2019-07-06;104.25;24;True;0;2463;nivel;Epagri;;;2;False;diaria;e3e929a1cfadc553_diario_derivado;;interna;horaria_agregada;media
2019-07-07;103.16666666666667;24;True;0;2463;nivel;Epagri;;;2;False;diaria;e3e929a1cfadc553_diario_derivado;;interna;horaria_agregada;media
2019-07-08;103.0;24;True;0;2463;nivel;Epagri;;;2;False;diaria;e3e929a1cfadc553_diario_derivado;;interna;horaria_agregada;media
2019-07-09;103.0;24;True;0;2463;nivel;Epagri;;;2;False;diaria;e3e929a1cfadc553_diario_derivado;;interna;horaria_agregada;media
2019-07-10;102.625;24;True;0;2463;nivel;Epagri;;;2;False;diaria;e3e929a1cfadc553_diario_derivado;;interna;horaria_agregada;media
2019-07-11;102.0;24;True;0;2463;nivel;Epagri;;;2;False;diaria;e3e929a1cfadc553_diario_derivado;;interna;horaria_agregada;media
2019-07-12;101.875;24;True;0;2463;nivel;Epagri;;;2;False;diaria;e3e929a1cfadc553_diario_derivado;;interna;horaria_agregada;media
2019-07-13;101.04166666666667;24;True;0;2463;nivel;Epagri;;;2;False;diaria;e3e929a1cfadc553_diario_derivado;;interna;horaria_agregada;media
2019-07-14;101.79166666666667;24;True;0;2463;nivel;Epagri;;;2;False;diaria;e3e929a1cfadc553_diario_derivado;;interna;horaria_agregada;media
2019-07-15;105.83333333333333;24;True;0;2463;nivel;Epagri;;;2;False;diaria;e3e929a1cfadc553_diario_derivado;;interna;horaria_agregada;media
2019-07-16;104.0;24;True;0;2463;nivel;Epagri;;;2;False;diaria;e3e929a1cfadc553_diario_derivado;;interna;horaria_agregada;media
2019-07-17;102.04166666666667;24;True;0;2463;nivel;Epagri;;;2;False;diaria;e3e929a1cfadc553_diario_derivado;;interna;horaria_agregada;media
2019-07-18;104.54166666666667;24;True;0;2463;nivel;Epagri;;;2;False;diaria;e3e929a1cfadc553_diario_derivado;;interna;horaria_agregada;media
2019-07-19;128.83333333333334;24;True;0;2463;nivel;Epagri;;;2;False;diaria;e3e929a1cfadc553_diario_derivado;;interna;horaria_agregada;media
2019-07-20;108.875;24;True;0;2463;nivel;Epagri;;;2;False;diaria;e3e929a1cfadc553_diario_derivado;;interna;horaria_agregada;media
2019-07-21;104.0;24;True;0;2463;nivel;Epagri;;;2;False;diaria;e3e929a1cfadc553_diario_derivado;;interna;horaria_agregada;media
2019-07-22;102.375;24;True;0;2463;nivel;Epagri;;;2;False;diaria;e3e929a1cfadc553_diario_derivado;;interna;horaria_agregada;media
2019-07-23;101.875;24;True;0;2463;nivel;Epagri;;;2;False;diaria;e3e929a1cfadc553_diario_derivado;;interna;horaria_agregada;media
2019-07-24;101.0;24;True;0;2463;nivel;Epagri;;;2;False;diaria;e3e929a1cfadc553_diario_derivado;;interna;horaria_agregada;media
2019-07-25;101.0;24;True;0;2463;nivel;Epagri;;;2;False;diaria;e3e929a1cfadc553_diario_derivado;;interna;horaria_agregada;media
2019-07-26;100.66666666666667;24;True;0;2463;nivel;Epagri;;;2;False;diaria;e3e929a1cfadc553_diario_derivado;;interna;horaria_agregada;media
2019-07-27;100.375;24;True;0;2463;nivel;Epagri;;;2;False;diaria;e3e929a1cfadc553_diario_derivado;;interna;horaria_agregada;media
2019-07-28;100.0;24;True;0;2463;nivel;Epagri;;;2;False;diaria;e3e929a1cfadc553_diario_derivado;;interna;horaria_agregada;media
2019-07-29;100.0;24;True;0;2463;nivel;Epagri;;;2;False;diaria;e3e929a1cfadc553_diario_derivado;;interna;horaria_agregada;media
2019-07-30;100.0;24;True;0;2463;nivel;Epagri;;;2;False;diaria;e3e929a1cfadc553_diario_derivado;;interna;horaria_agregada;media
2019-07-31;99.20833333333333;24;True;0;2463;nivel;Epagri;;;2;False;diaria;e3e929a1cfadc553_diario_derivado;;interna;horaria_agregada;media
2019-08-01;99.0;24;True;0;2463;nivel;Epagri;;;2;False;diaria;e3e929a1cfadc553_diario_derivado;;interna;horaria_agregada;media
2019-08-02;99.0;24;True;0;2463;nivel;Epagri;;;2;False;diaria;e3e929a1cfadc553_diario_derivado;;interna;horaria_agregada;media
2019-08-03;99.0;24;True;0;2463;nivel;Epagri;;;2;False;diaria;e3e929a1cfadc553_diario_derivado;;interna;horaria_agregada;media
2019-08-04;98.0;24;True;0;2463;nivel;Epagri;;;2;False;diaria;e3e929a1cfadc553_diario_derivado;;interna;horaria_agregada;media
2019-08-05;98.0;24;True;0;2463;nivel;Epagri;;;2;False;diaria;e3e929a1cfadc553_diario_derivado;;interna;horaria_agregada;media
2019-08-06;98.29166666666667;24;True;0;2463;nivel;Epagri;;;2;False;diaria;e3e929a1cfadc553_diario_derivado;;interna;horaria_agregada;media
2019-08-07;99.33333333333333;24;True;0;2463;nivel;Epagri;;;2;False;diaria;e3e929a1cfadc553_diario_derivado;;interna;horaria_agregada;media
2019-08-08;98.95833333333333;24;True;0;2463;nivel;Epagri;;;2;False;diaria;e3e929a1cfadc553_diario_derivado;;interna;horaria_agregada;media
2019-08-09;98.0;24;True;0;2463;nivel;Epagri;;;2;False;diaria;e3e929a1cfadc553_diario_derivado;;interna;horaria_agregada;media
2019-08-10;97.33333333333333;24;True;0;2463;nivel;Epagri;;;2;False;diaria;e3e929a1cfadc553_diario_derivado;;interna;horaria_agregada;media
2019-08-11;97.0;24;True;0;2463;nivel;Epagri;;;2;False;diaria;e3e929a1cfadc553_diario_derivado;;interna;horaria_agregada;media
2019-08-12;97.0;24;True;0;2463;nivel;Epagri;;;2;False;diaria;e3e929a1cfadc553_diario_derivado;;interna;horaria_agregada;media
2019-08-13;96.79166666666667;24;True;0;2463;nivel;Epagri;;;2;False;diaria;e3e929a1cfadc553_diario_derivado;;interna;horaria_agregada;media
2019-08-14;96.0;24;True;0;2463;nivel;Epagri;;;2;False;diaria;e3e929a1cfadc553_diario_derivado;;interna;horaria_agregada;media
2019-08-15;96.0;24;True;0;2463;nivel;Epagri;;;2;False;diaria;e3e929a1cfadc553_diario_derivado;;interna;horaria_agregada;media
2019-08-16;96.0;24;True;0;2463;nivel;Epagri;;;2;False;diaria;e3e929a1cfadc553_diario_derivado;;interna;horaria_agregada;media
2019-08-17;96.0;24;True;0;2463;nivel;Epagri;;;2;False;diaria;e3e929a1cfadc553_diario_derivado;;interna;horaria_agregada;media
2019-08-18;96.33333333333333;24;True;0;2463;nivel;Epagri;;;2;False;diaria;e3e929a1cfadc553_diario_derivado;;interna;horaria_agregada;media
2019-08-19;102.33333333333333;24;True;0;2463;nivel;Epagri;;;2;False;diaria;e3e929a1cfadc553_diario_derivado;;interna;horaria_agregada;media
2019-08-20;99.95833333333333;24;True;0;2463;nivel;Epagri;;;2;False;diaria;e3e929a1cfadc553_diario_derivado;;interna;horaria_agregada;media
2019-08-21;97.20833333333333;24;True;0;2463;nivel;Epagri;;;2;False;diaria;e3e929a1cfadc553_diario_derivado;;interna;horaria_agregada;media
2019-08-22;96.41666666666667;24;True;0;2463;nivel;Epagri;;;2;False;diaria;e3e929a1cfadc553_diario_derivado;;interna;horaria_agregada;media
2019-08-23;96.0;24;True;0;2463;nivel;Epagri;;;2;False;diaria;e3e929a1cfadc553_diario_derivado;;interna;horaria_agregada;media
2019-08-24;96.0;24;True;0;2463;nivel;Epagri;;;2;False;diaria;e3e929a1cfadc553_diario_derivado;;interna;horaria_agregada;media
2019-08-25;95.41666666666667;24;True;0;2463;nivel;Epagri;;;2;False;diaria;e3e929a1cfadc553_diario_derivado;;interna;horaria_agregada;media
2019-08-26;96.45833333333333;24;True;0;2463;nivel;Epagri;;;2;False;diaria;e3e929a1cfadc553_diario_derivado;;interna;horaria_agregada;media
2019-08-27;101.70833333333333;24;True;0;2463;nivel;Epagri;;;2;False;diaria;e3e929a1cfadc553_diario_derivado;;interna;horaria_agregada;media
2019-08-28;99.66666666666667;24;True;0;2463;nivel;Epagri;;;2;False;diaria;e3e929a1cfadc553_diario_derivado;;interna;horaria_agregada;media
2019-08-29;97.66666666666667;24;True;0;2463;nivel;Epagri;;;2;False;diaria;e3e929a1cfadc553_diario_derivado;;interna;horaria_agregada;media
2019-08-30;96.20833333333333;24;True;0;2463;nivel;Epagri;;;2;False;diaria;e3e929a1cfadc553_diario_derivado;;interna;horaria_agregada;media
2019-08-31;95.5;24;True;0;2463;nivel;Epagri;;;2;False;diaria;e3e929a1cfadc553_diario_derivado;;interna;horaria_agregada;media
2019-09-01;98.54166666666667;24;True;0;2463;nivel;Epagri;;;2;False;diaria;e3e929a1cfadc553_diario_derivado;;interna;horaria_agregada;media
2019-09-02;102.16666666666667;24;True;0;2463;nivel;Epagri;;;2;False;diaria;e3e929a1cfadc553_diario_derivado;;interna;horaria_agregada;media
2019-09-03;97.83333333333333;24;True;0;2463;nivel;Epagri;;;2;False;diaria;e3e929a1cfadc553_diario_derivado;;interna;horaria_agregada;media
2019-09-04;96.375;24;True;0;2463;nivel;Epagri;;;2;False;diaria;e3e929a1cfadc553_diario_derivado;;interna;horaria_agregada;media
2019-09-05;95.58333333333333;24;True;0;2463;nivel;Epagri;;;2;False;diaria;e3e929a1cfadc553_diario_derivado;;interna;horaria_agregada;media
2019-09-06;99.54166666666667;24;True;0;2463;nivel;Epagri;;;2;False;diaria;e3e929a1cfadc553_diario_derivado;;interna;horaria_agregada;media
2019-09-07;116.08333333333333;24;True;0;2463;nivel;Epagri;;;2;False;diaria;e3e929a1cfadc553_diario_derivado;;interna;horaria_agregada;media
2019-09-08;102.95833333333333;24;True;0;2463;nivel;Epagri;;;2;False;diaria;e3e929a1cfadc553_diario_derivado;;interna;horaria_agregada;media
2019-09-09;98.66666666666667;24;True;0;2463;nivel;Epagri;;;2;False;diaria;e3e929a1cfadc553_diario_derivado;;interna;horaria_agregada;media
2019-09-10;96.45833333333333;24;True;0;2463;nivel;Epagri;;;2;False;diaria;e3e929a1cfadc553_diario_derivado;;interna;horaria_agregada;media
2019-09-11;95.25;24;True;0;2463;nivel;Epagri;;;2;False;diaria;e3e929a1cfadc553_diario_derivado;;interna;horaria_agregada;media
2019-09-12;95.0;24;True;0;2463;nivel;Epagri;;;2;False;diaria;e3e929a1cfadc553_diario_derivado;;interna;horaria_agregada;media
2019-09-13;94.91666666666667;24;True;0;2463;nivel;Epagri;;;2;False;diaria;e3e929a1cfadc553_diario_derivado;;interna;horaria_agregada;media
2019-09-14;95.0;24;True;0;2463;nivel;Epagri;;;2;False;diaria;e3e929a1cfadc553_diario_derivado;;interna;horaria_agregada;media
2019-09-15;95.91666666666667;24;True;0;2463;nivel;Epagri;;;2;False;diaria;e3e929a1cfadc553_diario_derivado;;interna;horaria_agregada;media
2019-09-16;95.58333333333333;24;True;0;2463;nivel;Epagri;;;2;False;diaria;e3e929a1cfadc553_diario_derivado;;interna;horaria_agregada;media
2019-09-17;94.75;24;True;0;2463;nivel;Epagri;;;2;False;diaria;e3e929a1cfadc553_diario_derivado;;interna;horaria_agregada;media
2019-09-18;94.91666666666667;24;True;0;2463;nivel;Epagri;;;2;False;diaria;e3e929a1cfadc553_diario_derivado;;interna;horaria_agregada;media
2019-09-19;97.875;24;True;0;2463;nivel;Epagri;;;2;False;diaria;e3e929a1cfadc553_diario_derivado;;interna;horaria_agregada;media
2019-09-20;105.25;24;True;0;2463;nivel;Epagri;;;2;False;diaria;e3e929a1cfadc553_diario_derivado;;interna;horaria_agregada;media
2019-09-21;103.16666666666667;24;True;0;2463;nivel;Epagri;;;2;False;diaria;e3e929a1cfadc553_diario_derivado;;interna;horaria_agregada;media
2019-09-22;100.0;24;True;0;2463;nivel;Epagri;;;2;False;diaria;e3e929a1cfadc553_diario_derivado;;interna;horaria_agregada;media
2019-09-23;96.79166666666667;24;True;0;2463;nivel;Epagri;;;2;False;diaria;e3e929a1cfadc553_diario_derivado;;interna;horaria_agregada;media
2019-09-24;95.125;24;True;0;2463;nivel;Epagri;;;2;False;diaria;e3e929a1cfadc553_diario_derivado;;interna;horaria_agregada;media
2019-09-25;95.0;24;True;0;2463;nivel;Epagri;;;2;False;diaria;e3e929a1cfadc553_diario_derivado;;interna;horaria_agregada;media
2019-09-26;95.0;24;True;0;2463;nivel;Epagri;;;2;False;diaria;e3e929a1cfadc553_diario_derivado;;interna;horaria_agregada;media
2019-09-27;94.29166666666667;24;True;0;2463;nivel;Epagri;;;2;False;diaria;e3e929a1cfadc553_diario_derivado;;interna;horaria_agregada;media
2019-09-28;93.70833333333333;24;True;0;2463;nivel;Epagri;;;2;False;diaria;e3e929a1cfadc553_diario_derivado;;interna;horaria_agregada;media
2019-09-29;93.0;24;True;0;2463;nivel;Epagri;;;2;False;diaria;e3e929a1cfadc553_diario_derivado;;interna;horaria_agregada;media
2019-09-30;93.41666666666667;24;True;0;2463;nivel;Epagri;;;2;False;diaria;e3e929a1cfadc553_diario_derivado;;interna;horaria_agregada;media
2019-10-01;94.70833333333333;24;True;0;2463;nivel;Epagri;;;2;False;diaria;e3e929a1cfadc553_diario_derivado;;interna;horaria_agregada;media
2019-10-02;95.79166666666667;24;True;0;2463;nivel;Epagri;;;2;False;diaria;e3e929a1cfadc553_diario_derivado;;interna;horaria_agregada;media
2019-10-03;94.08333333333333;24;True;0;2463;nivel;Epagri;;;2;False;diaria;e3e929a1cfadc553_diario_derivado;;interna;horaria_agregada;media
2019-10-04;94.0;24;True;0;2463;nivel;Epagri;;;2;False;diaria;e3e929a1cfadc553_diario_derivado;;interna;horaria_agregada;media
2019-10-05;94.0;24;True;0;2463;nivel;Epagri;;;2;False;diaria;e3e929a1cfadc553_diario_derivado;;interna;horaria_agregada;media
2019-10-06;104.0;24;True;0;2463;nivel;Epagri;;;2;False;diaria;e3e929a1cfadc553_diario_derivado;;interna;horaria_agregada;media
2019-10-07;107.0;24;True;0;2463;nivel;Epagri;;;2;False;diaria;e3e929a1cfadc553_diario_derivado;;interna;horaria_agregada;media
2019-10-08;99.95833333333333;24;True;0;2463;nivel;Epagri;;;2;False;diaria;e3e929a1cfadc553_diario_derivado;;interna;horaria_agregada;media
2019-10-09;96.08333333333333;24;True;0;2463;nivel;Epagri;;;2;False;diaria;e3e929a1cfadc553_diario_derivado;;interna;horaria_agregada;media
2019-10-10;94.54166666666667;24;True;0;2463;nivel;Epagri;;;2;False;diaria;e3e929a1cfadc553_diario_derivado;;interna;horaria_agregada;media
2019-10-11;93.66666666666667;24;True;0;2463;nivel;Epagri;;;2;False;diaria;e3e929a1cfadc553_diario_derivado;;interna;horaria_agregada;media
2019-10-12;93.0;24;True;0;2463;nivel;Epagri;;;2;False;diaria;e3e929a1cfadc553_diario_derivado;;interna;horaria_agregada;media
2019-10-13;92.95833333333333;24;True;0;2463;nivel;Epagri;;;2;False;diaria;e3e929a1cfadc553_diario_derivado;;interna;horaria_agregada;media
2019-10-14;95.66666666666667;24;True;0;2463;nivel;Epagri;;;2;False;diaria;e3e929a1cfadc553_diario_derivado;;interna;horaria_agregada;media
2019-10-15;114.58333333333333;24;True;0;2463;nivel;Epagri;;;2;False;diaria;e3e929a1cfadc553_diario_derivado;;interna;horaria_agregada;media
2019-10-16;120.875;24;True;0;2463;nivel;Epagri;;;2;False;diaria;e3e929a1cfadc553_diario_derivado;;interna;horaria_agregada;media
2019-10-17;165.875;24;True;0;2463;nivel;Epagri;;;2;False;diaria;e3e929a1cfadc553_diario_derivado;;interna;horaria_agregada;media
2019-10-18;131.66666666666666;24;True;0;2463;nivel;Epagri;;;2;False;diaria;e3e929a1cfadc553_diario_derivado;;interna;horaria_agregada;media
2019-10-19;113.91666666666667;24;True;0;2463;nivel;Epagri;;;2;False;diaria;e3e929a1cfadc553_diario_derivado;;interna;horaria_agregada;media
2019-10-20;104.5;24;True;0;2463;nivel;Epagri;;;2;False;diaria;e3e929a1cfadc553_diario_derivado;;interna;horaria_agregada;media
2019-10-21;100.58333333333333;24;True;0;2463;nivel;Epagri;;;2;False;diaria;e3e929a1cfadc553_diario_derivado;;interna;horaria_agregada;media
2019-10-22;99.25;24;True;0;2463;nivel;Epagri;;;2;False;diaria;e3e929a1cfadc553_diario_derivado;;interna;horaria_agregada;media
2019-10-23;97.875;24;True;0;2463;nivel;Epagri;;;2;False;diaria;e3e929a1cfadc553_diario_derivado;;interna;horaria_agregada;media
2019-10-24;98.29166666666667;24;True;0;2463;nivel;Epagri;;;2;False;diaria;e3e929a1cfadc553_diario_derivado;;interna;horaria_agregada;media
2019-10-25;103.41666666666667;24;True;0;2463;nivel;Epagri;;;2;False;diaria;e3e929a1cfadc553_diario_derivado;;interna;horaria_agregada;media
2019-10-26;102.54166666666667;24;True;0;2463;nivel;Epagri;;;2;False;diaria;e3e929a1cfadc553_diario_derivado;;interna;horaria_agregada;media
2019-10-27;104.33333333333333;24;True;0;2463;nivel;Epagri;;;2;False;diaria;e3e929a1cfadc553_diario_derivado;;interna;horaria_agregada;media
2019-10-28;136.04166666666666;24;True;0;2463;nivel;Epagri;;;2;False;diaria;e3e929a1cfadc553_diario_derivado;;interna;horaria_agregada;media
2019-10-29;112.41666666666667;24;True;0;2463;nivel;Epagri;;;2;False;diaria;e3e929a1cfadc553_diario_derivado;;interna;horaria_agregada;media
2019-10-30;116.04166666666667;24;True;0;2463;nivel;Epagri;;;2;False;diaria;e3e929a1cfadc553_diario_derivado;;interna;horaria_agregada;media
2019-10-31;112.58333333333333;24;True;0;2463;nivel;Epagri;;;2;False;diaria;e3e929a1cfadc553_diario_derivado;;interna;horaria_agregada;media
2019-11-01;120.66666666666667;24;True;0;2463;nivel;Epagri;;;2;False;diaria;e3e929a1cfadc553_diario_derivado;;interna;horaria_agregada;media
2019-11-02;135.75;24;True;0;2463;nivel;Epagri;;;2;False;diaria;e3e929a1cfadc553_diario_derivado;;interna;horaria_agregada;media
2019-11-03;113.875;24;True;0;2463;nivel;Epagri;;;2;False;diaria;e3e929a1cfadc553_diario_derivado;;interna;horaria_agregada;media
2019-11-04;107.45833333333333;24;True;0;2463;nivel;Epagri;;;2;False;diaria;e3e929a1cfadc553_diario_derivado;;interna;horaria_agregada;media
2019-11-05;145.83333333333334;24;True;0;2463;nivel;Epagri;;;2;False;diaria;e3e929a1cfadc553_diario_derivado;;interna;horaria_agregada;media
2019-11-06;117.25;24;True;0;2463;nivel;Epagri;;;2;False;diaria;e3e929a1cfadc553_diario_derivado;;interna;horaria_agregada;media
2019-11-07;108.83333333333333;24;True;0;2463;nivel;Epagri;;;2;False;diaria;e3e929a1cfadc553_diario_derivado;;interna;horaria_agregada;media
2019-11-08;107.95833333333333;24;True;0;2463;nivel;Epagri;;;2;False;diaria;e3e929a1cfadc553_diario_derivado;;interna;horaria_agregada;media
2019-11-09;105.375;24;True;0;2463;nivel;Epagri;;;2;False;diaria;e3e929a1cfadc553_diario_derivado;;interna;horaria_agregada;media
2019-11-10;156.58333333333334;24;True;0;2463;nivel;Epagri;;;2;False;diaria;e3e929a1cfadc553_diario_derivado;;interna;horaria_agregada;media
2019-11-11;233.70833333333334;24;True;0;2463;nivel;Epagri;;;2;False;diaria;e3e929a1cfadc553_diario_derivado;;interna;horaria_agregada;media
2019-11-12;158.125;24;True;0;2463;nivel;Epagri;;;2;False;diaria;e3e929a1cfadc553_diario_derivado;;interna;horaria_agregada;media
2019-11-13;200.33333333333334;24;True;0;2463;nivel;Epagri;;;2;False;diaria;e3e929a1cfadc553_diario_derivado;;interna;horaria_agregada;media
2019-11-14;260.4166666666667;24;True;0;2463;nivel;Epagri;;;2;False;diaria;e3e929a1cfadc553_diario_derivado;;interna;horaria_agregada;media
2019-11-15;158.33333333333334;24;True;0;2463;nivel;Epagri;;;2;False;diaria;e3e929a1cfadc553_diario_derivado;;interna;horaria_agregada;media
2019-11-16;135.41666666666666;24;True;0;2463;nivel;Epagri;;;2;False;diaria;e3e929a1cfadc553_diario_derivado;;interna;horaria_agregada;media
2019-11-17;125.83333333333333;24;True;0;2463;nivel;Epagri;;;2;False;diaria;e3e929a1cfadc553_diario_derivado;;interna;horaria_agregada;media
2019-11-18;120.0;24;True;0;2463;nivel;Epagri;;;2;False;diaria;e3e929a1cfadc553_diario_derivado;;interna;horaria_agregada;media
2019-11-19;116.0;24;True;0;2463;nivel;Epagri;;;2;False;diaria;e3e929a1cfadc553_diario_derivado;;interna;horaria_agregada;media
2019-11-20;113.625;24;True;0;2463;nivel;Epagri;;;2;False;diaria;e3e929a1cfadc553_diario_derivado;;interna;horaria_agregada;media
2019-11-21;112.33333333333333;24;True;0;2463;nivel;Epagri;;;2;False;diaria;e3e929a1cfadc553_diario_derivado;;interna;horaria_agregada;media
2019-11-22;110.25;24;True;0;2463;nivel;Epagri;;;2;False;diaria;e3e929a1cfadc553_diario_derivado;;interna;horaria_agregada;media
2019-11-23;108.875;24;True;0;2463;nivel;Epagri;;;2;False;diaria;e3e929a1cfadc553_diario_derivado;;interna;horaria_agregada;media
2019-11-24;108.54166666666667;24;True;0;2463;nivel;Epagri;;;2;False;diaria;e3e929a1cfadc553_diario_derivado;;interna;horaria_agregada;media
2019-11-25;106.58333333333333;24;True;0;2463;nivel;Epagri;;;2;False;diaria;e3e929a1cfadc553_diario_derivado;;interna;horaria_agregada;media
2019-11-26;105.16666666666667;24;True;0;2463;nivel;Epagri;;;2;False;diaria;e3e929a1cfadc553_diario_derivado;;interna;horaria_agregada;media
2019-11-27;116.08333333333333;24;True;0;2463;nivel;Epagri;;;2;False;diaria;e3e929a1cfadc553_diario_derivado;;interna;horaria_agregada;media
2019-11-28;109.125;24;True;0;2463;nivel;Epagri;;;2;False;diaria;e3e929a1cfadc553_diario_derivado;;interna;horaria_agregada;media
2019-11-29;105.04166666666667;24;True;0;2463;nivel;Epagri;;;2;False;diaria;e3e929a1cfadc553_diario_derivado;;interna;horaria_agregada;media
2019-11-30;103.83333333333333;24;True;0;2463;nivel;Epagri;;;2;False;diaria;e3e929a1cfadc553_diario_derivado;;interna;horaria_agregada;media
2019-12-01;103.83333333333333;24;True;0;2463;nivel;Epagri;;;2;False;diaria;e3e929a1cfadc553_diario_derivado;;interna;horaria_agregada;media
2019-12-02;104.45833333333333;24;True;0;2463;nivel;Epagri;;;2;False;diaria;e3e929a1cfadc553_diario_derivado;;interna;horaria_agregada;media
2019-12-03;102.0;24;True;0;2463;nivel;Epagri;;;2;False;diaria;e3e929a1cfadc553_diario_derivado;;interna;horaria_agregada;media
2019-12-04;101.0;24;True;0;2463;nivel;Epagri;;;2;False;diaria;e3e929a1cfadc553_diario_derivado;;interna;horaria_agregada;media
2019-12-05;103.95833333333333;24;True;0;2463;nivel;Epagri;;;2;False;diaria;e3e929a1cfadc553_diario_derivado;;interna;horaria_agregada;media
2019-12-06;104.29166666666667;24;True;0;2463;nivel;Epagri;;;2;False;diaria;e3e929a1cfadc553_diario_derivado;;interna;horaria_agregada;media
2019-12-07;101.08333333333333;24;True;0;2463;nivel;Epagri;;;2;False;diaria;e3e929a1cfadc553_diario_derivado;;interna;horaria_agregada;media
2019-12-08;100.0;24;True;0;2463;nivel;Epagri;;;2;False;diaria;e3e929a1cfadc553_diario_derivado;;interna;horaria_agregada;media
2019-12-09;99.33333333333333;24;True;0;2463;nivel;Epagri;;;2;False;diaria;e3e929a1cfadc553_diario_derivado;;interna;horaria_agregada;media
2019-12-10;99.04166666666667;24;True;0;2463;nivel;Epagri;;;2;False;diaria;e3e929a1cfadc553_diario_derivado;;interna;horaria_agregada;media
2019-12-11;99.0;24;True;0;2463;nivel;Epagri;;;2;False;diaria;e3e929a1cfadc553_diario_derivado;;interna;horaria_agregada;media
2019-12-12;99.95833333333333;24;True;0;2463;nivel;Epagri;;;2;False;diaria;e3e929a1cfadc553_diario_derivado;;interna;horaria_agregada;media
2019-12-13;105.04166666666667;24;True;0;2463;nivel;Epagri;;;2;False;diaria;e3e929a1cfadc553_diario_derivado;;interna;horaria_agregada;media
2019-12-14;99.41666666666667;24;True;0;2463;nivel;Epagri;;;2;False;diaria;e3e929a1cfadc553_diario_derivado;;interna;horaria_agregada;media
2019-12-15;110.79166666666667;24;True;0;2463;nivel;Epagri;;;2;False;diaria;e3e929a1cfadc553_diario_derivado;;interna;horaria_agregada;media
2019-12-16;108.33333333333333;24;True;0;2463;nivel;Epagri;;;2;False;diaria;e3e929a1cfadc553_diario_derivado;;interna;horaria_agregada;media
2019-12-17;118.25;24;True;0;2463;nivel;Epagri;;;2;False;diaria;e3e929a1cfadc553_diario_derivado;;interna;horaria_agregada;media
2019-12-18;135.875;24;True;0;2463;nivel;Epagri;;;2;False;diaria;e3e929a1cfadc553_diario_derivado;;interna;horaria_agregada;media
2019-12-19;108.375;24;True;0;2463;nivel;Epagri;;;2;False;diaria;e3e929a1cfadc553_diario_derivado;;interna;horaria_agregada;media
2019-12-20;103.79166666666667;24;True;0;2463;nivel;Epagri;;;2;False;diaria;e3e929a1cfadc553_diario_derivado;;interna;horaria_agregada;media
2019-12-21;102.41666666666667;24;True;0;2463;nivel;Epagri;;;2;False;diaria;e3e929a1cfadc553_diario_derivado;;interna;horaria_agregada;media
2019-12-22;104.0;24;True;0;2463;nivel;Epagri;;;2;False;diaria;e3e929a1cfadc553_diario_derivado;;interna;horaria_agregada;media
2019-12-23;100.95833333333333;24;True;0;2463;nivel;Epagri;;;2;False;diaria;e3e929a1cfadc553_diario_derivado;;interna;horaria_agregada;media
2019-12-24;99.58333333333333;24;True;0;2463;nivel;Epagri;;;2;False;diaria;e3e929a1cfadc553_diario_derivado;;interna;horaria_agregada;media
2019-12-25;98.58333333333333;24;True;0;2463;nivel;Epagri;;;2;False;diaria;e3e929a1cfadc553_diario_derivado;;interna;horaria_agregada;media
2019-12-26;98.0;24;True;0;2463;nivel;Epagri;;;2;False;diaria;e3e929a1cfadc553_diario_derivado;;interna;horaria_agregada;media
2019-12-27;97.625;24;True;0;2463;nivel;Epagri;;;2;False;diaria;e3e929a1cfadc553_diario_derivado;;interna;horaria_agregada;media
2019-12-28;97.0;24;True;0;2463;nivel;Epagri;;;2;False;diaria;e3e929a1cfadc553_diario_derivado;;interna;horaria_agregada;media
2019-12-29;96.66666666666667;24;True;0;2463;nivel;Epagri;;;2;False;diaria;e3e929a1cfadc553_diario_derivado;;interna;horaria_agregada;media
2019-12-30;96.0;24;True;0;2463;nivel;Epagri;;;2;False;diaria;e3e929a1cfadc553_diario_derivado;;interna;horaria_agregada;media
2019-12-31;96.0;24;True;0;2463;nivel;Epagri;;;2;False;diaria;e3e929a1cfadc553_diario_derivado;;interna;horaria_agregada;media
2020-01-01;125.16666666666667;24;True;0;2463;nivel;Epagri;;;2;False;diaria;e3e929a1cfadc553_diario_derivado;;interna;horaria_agregada;media
2020-01-02;127.91666666666667;24;True;0;2463;nivel;Epagri;;;2;False;diaria;e3e929a1cfadc553_diario_derivado;;interna;horaria_agregada;media
2020-01-03;125.95833333333333;24;True;0;2463;nivel;Epagri;;;2;False;diaria;e3e929a1cfadc553_diario_derivado;;interna;horaria_agregada;media
2020-01-04;232.08333333333334;24;True;0;2463;nivel;Epagri;;;2;False;diaria;e3e929a1cfadc553_diario_derivado;;interna;horaria_agregada;media
2020-01-05;143.875;24;True;0;2463;nivel;Epagri;;;2;False;diaria;e3e929a1cfadc553_diario_derivado;;interna;horaria_agregada;media
2020-01-06;118.54166666666667;24;True;0;2463;nivel;Epagri;;;2;False;diaria;e3e929a1cfadc553_diario_derivado;;interna;horaria_agregada;media
2020-01-07;111.70833333333333;24;True;0;2463;nivel;Epagri;;;2;False;diaria;e3e929a1cfadc553_diario_derivado;;interna;horaria_agregada;media
2020-01-08;112.5;24;True;0;2463;nivel;Epagri;;;2;False;diaria;e3e929a1cfadc553_diario_derivado;;interna;horaria_agregada;media
2020-01-09;113.08333333333333;24;True;0;2463;nivel;Epagri;;;2;False;diaria;e3e929a1cfadc553_diario_derivado;;interna;horaria_agregada;media
2020-01-10;110.41666666666667;24;True;0;2463;nivel;Epagri;;;2;False;diaria;e3e929a1cfadc553_diario_derivado;;interna;horaria_agregada;media
2020-01-11;174.33333333333334;24;True;0;2463;nivel;Epagri;;;2;False;diaria;e3e929a1cfadc553_diario_derivado;;interna;horaria_agregada;media
2020-01-12;119.91666666666667;24;True;0;2463;nivel;Epagri;;;2;False;diaria;e3e929a1cfadc553_diario_derivado;;interna;horaria_agregada;media
2020-01-13;112.04166666666667;24;True;0;2463;nivel;Epagri;;;2;False;diaria;e3e929a1cfadc553_diario_derivado;;interna;horaria_agregada;media
2020-01-14;108.79166666666667;24;True;0;2463;nivel;Epagri;;;2;False;diaria;e3e929a1cfadc553_diario_derivado;;interna;horaria_agregada;media
2020-01-15;106.75;24;True;0;2463;nivel;Epagri;;;2;False;diaria;e3e929a1cfadc553_diario_derivado;;interna;horaria_agregada;media
2020-01-16;107.79166666666667;24;True;0;2463;nivel;Epagri;;;2;False;diaria;e3e929a1cfadc553_diario_derivado;;interna;horaria_agregada;media
2020-01-17;106.70833333333333;24;True;0;2463;nivel;Epagri;;;2;False;diaria;e3e929a1cfadc553_diario_derivado;;interna;horaria_agregada;media
2020-01-18;104.33333333333333;24;True;0;2463;nivel;Epagri;;;2;False;diaria;e3e929a1cfadc553_diario_derivado;;interna;horaria_agregada;media
2020-01-19;103.66666666666667;24;True;0;2463;nivel;Epagri;;;2;False;diaria;e3e929a1cfadc553_diario_derivado;;interna;horaria_agregada;media
2020-01-20;102.95833333333333;24;True;0;2463;nivel;Epagri;;;2;False;diaria;e3e929a1cfadc553_diario_derivado;;interna;horaria_agregada;media
2020-01-21;102.04166666666667;24;True;0;2463;nivel;Epagri;;;2;False;diaria;e3e929a1cfadc553_diario_derivado;;interna;horaria_agregada;media
2020-01-22;102.875;24;True;0;2463;nivel;Epagri;;;2;False;diaria;e3e929a1cfadc553_diario_derivado;;interna;horaria_agregada;media
2020-01-23;146.91666666666666;24;True;0;2463;nivel;Epagri;;;2;False;diaria;e3e929a1cfadc553_diario_derivado;;interna;horaria_agregada;media
2020-01-24;167.41666666666666;24;True;0;2463;nivel;Epagri;;;2;False;diaria;e3e929a1cfadc553_diario_derivado;;interna;horaria_agregada;media
2020-01-25;123.58333333333333;24;True;0;2463;nivel;Epagri;;;2;False;diaria;e3e929a1cfadc553_diario_derivado;;interna;horaria_agregada;media
2020-01-26;112.0;24;True;0;2463;nivel;Epagri;;;2;False;diaria;e3e929a1cfadc553_diario_derivado;;interna;horaria_agregada;media
2020-01-27;143.875;24;True;0;2463;nivel;Epagri;;;2;False;diaria;e3e929a1cfadc553_diario_derivado;;interna;horaria_agregada;media
2020-01-28;141.33333333333334;24;True;0;2463;nivel;Epagri;;;2;False;diaria;e3e929a1cfadc553_diario_derivado;;interna;horaria_agregada;media
2020-01-29;119.25;24;True;0;2463;nivel;Epagri;;;2;False;diaria;e3e929a1cfadc553_diario_derivado;;interna;horaria_agregada;media
2020-01-30;119.75;24;True;0;2463;nivel;Epagri;;;2;False;diaria;e3e929a1cfadc553_diario_derivado;;interna;horaria_agregada;media
2020-01-31;118.0;24;True;0;2463;nivel;Epagri;;;2;False;diaria;e3e929a1cfadc553_diario_derivado;;interna;horaria_agregada;media
2020-02-01;118.41666666666667;24;True;0;2463;nivel;Epagri;;;2;False;diaria;e3e929a1cfadc553_diario_derivado;;interna;horaria_agregada;media
2020-02-02;111.58333333333333;24;True;0;2463;nivel;Epagri;;;2;False;diaria;e3e929a1cfadc553_diario_derivado;;interna;horaria_agregada;media
2020-02-03;117.875;24;True;0;2463;nivel;Epagri;;;2;False;diaria;e3e929a1cfadc553_diario_derivado;;interna;horaria_agregada;media
2020-02-04;148.0;24;True;0;2463;nivel;Epagri;;;2;False;diaria;e3e929a1cfadc553_diario_derivado;;interna;horaria_agregada;media
2020-02-05;;23;False;0;2463;nivel;Epagri;;;2;False;diaria;e3e929a1cfadc553_diario_derivado;;interna;horaria_agregada;media
2020-02-06;220.375;24;True;0;2463;nivel;Epagri;;;2;False;diaria;e3e929a1cfadc553_diario_derivado;;interna;horaria_agregada;media
2020-02-07;273.5416666666667;24;True;0;2463;nivel;Epagri;;;2;False;diaria;e3e929a1cfadc553_diario_derivado;;interna;horaria_agregada;media
2020-02-08;239.91666666666666;24;True;0;2463;nivel;Epagri;;;2;False;diaria;e3e929a1cfadc553_diario_derivado;;interna;horaria_agregada;media
2020-02-09;161.83333333333334;24;True;0;2463;nivel;Epagri;;;2;False;diaria;e3e929a1cfadc553_diario_derivado;;interna;horaria_agregada;media
2020-02-10;145.25;24;True;0;2463;nivel;Epagri;;;2;False;diaria;e3e929a1cfadc553_diario_derivado;;interna;horaria_agregada;media
2020-02-11;134.95833333333334;24;True;0;2463;nivel;Epagri;;;2;False;diaria;e3e929a1cfadc553_diario_derivado;;interna;horaria_agregada;media
2020-02-12;131.91666666666666;24;True;0;2463;nivel;Epagri;;;2;False;diaria;e3e929a1cfadc553_diario_derivado;;interna;horaria_agregada;media
2020-02-13;126.58333333333333;24;True;0;2463;nivel;Epagri;;;2;False;diaria;e3e929a1cfadc553_diario_derivado;;interna;horaria_agregada;media
2020-02-14;121.66666666666667;24;True;0;2463;nivel;Epagri;;;2;False;diaria;e3e929a1cfadc553_diario_derivado;;interna;horaria_agregada;media
2020-02-15;118.16666666666667;24;True;0;2463;nivel;Epagri;;;2;False;diaria;e3e929a1cfadc553_diario_derivado;;interna;horaria_agregada;media
2020-02-16;115.58333333333333;24;True;0;2463;nivel;Epagri;;;2;False;diaria;e3e929a1cfadc553_diario_derivado;;interna;horaria_agregada;media
2020-02-17;113.66666666666667;24;True;0;2463;nivel;Epagri;;;2;False;diaria;e3e929a1cfadc553_diario_derivado;;interna;horaria_agregada;media
2020-02-18;111.79166666666667;24;True;0;2463;nivel;Epagri;;;2;False;diaria;e3e929a1cfadc553_diario_derivado;;interna;horaria_agregada;media
2020-02-19;110.70833333333333;24;True;0;2463;nivel;Epagri;;;2;False;diaria;e3e929a1cfadc553_diario_derivado;;interna;horaria_agregada;media
2020-02-20;109.875;24;True;0;2463;nivel;Epagri;;;2;False;diaria;e3e929a1cfadc553_diario_derivado;;interna;horaria_agregada;media
2020-02-21;108.79166666666667;24;True;0;2463;nivel;Epagri;;;2;False;diaria;e3e929a1cfadc553_diario_derivado;;interna;horaria_agregada;media
2020-02-22;107.45833333333333;24;True;0;2463;nivel;Epagri;;;2;False;diaria;e3e929a1cfadc553_diario_derivado;;interna;horaria_agregada;media
2020-02-23;106.0;24;True;0;2463;nivel;Epagri;;;2;False;diaria;e3e929a1cfadc553_diario_derivado;;interna;horaria_agregada;media
2020-02-24;105.66666666666667;24;True;0;2463;nivel;Epagri;;;2;False;diaria;e3e929a1cfadc553_diario_derivado;;interna;horaria_agregada;media
2020-02-25;105.0;24;True;0;2463;nivel;Epagri;;;2;False;diaria;e3e929a1cfadc553_diario_derivado;;interna;horaria_agregada;media
2020-02-26;139.25;24;True;0;2463;nivel;Epagri;;;2;False;diaria;e3e929a1cfadc553_diario_derivado;;interna;horaria_agregada;media
2020-02-27;114.66666666666667;24;True;0;2463;nivel;Epagri;;;2;False;diaria;e3e929a1cfadc553_diario_derivado;;interna;horaria_agregada;media
2020-02-28;107.16666666666667;24;True;0;2463;nivel;Epagri;;;2;False;diaria;e3e929a1cfadc553_diario_derivado;;interna;horaria_agregada;media
2020-02-29;104.91666666666667;24;True;0;2463;nivel;Epagri;;;2;False;diaria;e3e929a1cfadc553_diario_derivado;;interna;horaria_agregada;media
2020-03-01;103.83333333333333;24;True;0;2463;nivel;Epagri;;;2;False;diaria;e3e929a1cfadc553_diario_derivado;;interna;horaria_agregada;media
2020-03-02;106.45833333333333;24;True;0;2463;nivel;Epagri;;;2;False;diaria;e3e929a1cfadc553_diario_derivado;;interna;horaria_agregada;media
2020-03-03;112.91666666666667;24;True;0;2463;nivel;Epagri;;;2;False;diaria;e3e929a1cfadc553_diario_derivado;;interna;horaria_agregada;media
2020-03-04;114.33333333333333;24;True;0;2463;nivel;Epagri;;;2;False;diaria;e3e929a1cfadc553_diario_derivado;;interna;horaria_agregada;media
2020-03-05;105.29166666666667;24;True;0;2463;nivel;Epagri;;;2;False;diaria;e3e929a1cfadc553_diario_derivado;;interna;horaria_agregada;media
2020-03-06;103.33333333333333;24;True;0;2463;nivel;Epagri;;;2;False;diaria;e3e929a1cfadc553_diario_derivado;;interna;horaria_agregada;media
2020-03-07;102.58333333333333;24;True;0;2463;nivel;Epagri;;;2;False;diaria;e3e929a1cfadc553_diario_derivado;;interna;horaria_agregada;media
2020-03-08;101.79166666666667;24;True;0;2463;nivel;Epagri;;;2;False;diaria;e3e929a1cfadc553_diario_derivado;;interna;horaria_agregada;media
2020-03-09;101.0;24;True;0;2463;nivel;Epagri;;;2;False;diaria;e3e929a1cfadc553_diario_derivado;;interna;horaria_agregada;media
2020-03-10;100.0;24;True;0;2463;nivel;Epagri;;;2;False;diaria;e3e929a1cfadc553_diario_derivado;;interna;horaria_agregada;media
2020-03-11;99.54166666666667;24;True;0;2463;nivel;Epagri;;;2;False;diaria;e3e929a1cfadc553_diario_derivado;;interna;horaria_agregada;media
2020-03-12;99.0;24;True;0;2463;nivel;Epagri;;;2;False;diaria;e3e929a1cfadc553_diario_derivado;;interna;horaria_agregada;media
2020-03-13;98.875;24;True;0;2463;nivel;Epagri;;;2;False;diaria;e3e929a1cfadc553_diario_derivado;;interna;horaria_agregada;media
2020-03-14;98.0;24;True;0;2463;nivel;Epagri;;;2;False;diaria;e3e929a1cfadc553_diario_derivado;;interna;horaria_agregada;media
2020-03-15;98.0;24;True;0;2463;nivel;Epagri;;;2;False;diaria;e3e929a1cfadc553_diario_derivado;;interna;horaria_agregada;media
2020-03-16;97.33333333333333;24;True;0;2463;nivel;Epagri;;;2;False;diaria;e3e929a1cfadc553_diario_derivado;;interna;horaria_agregada;media
2020-03-17;98.0;24;True;0;2463;nivel;Epagri;;;2;False;diaria;e3e929a1cfadc553_diario_derivado;;interna;horaria_agregada;media
2020-03-18;99.375;24;True;0;2463;nivel;Epagri;;;2;False;diaria;e3e929a1cfadc553_diario_derivado;;interna;horaria_agregada;media
2020-03-19;98.75;24;True;0;2463;nivel;Epagri;;;2;False;diaria;e3e929a1cfadc553_diario_derivado;;interna;horaria_agregada;media
2020-03-20;98.70833333333333;24;True;0;2463;nivel;Epagri;;;2;False;diaria;e3e929a1cfadc553_diario_derivado;;interna;horaria_agregada;media
2020-03-21;97.20833333333333;24;True;0;2463;nivel;Epagri;;;2;False;diaria;e3e929a1cfadc553_diario_derivado;;interna;horaria_agregada;media
2020-03-22;97.08333333333333;24;True;0;2463;nivel;Epagri;;;2;False;diaria;e3e929a1cfadc553_diario_derivado;;interna;horaria_agregada;media
2020-03-23;97.66666666666667;24;True;0;2463;nivel;Epagri;;;2;False;diaria;e3e929a1cfadc553_diario_derivado;;interna;horaria_agregada;media
2020-03-24;96.54166666666667;24;True;0;2463;nivel;Epagri;;;2;False;diaria;e3e929a1cfadc553_diario_derivado;;interna;horaria_agregada;media
2020-03-25;96.0;24;True;0;2463;nivel;Epagri;;;2;False;diaria;e3e929a1cfadc553_diario_derivado;;interna;horaria_agregada;media
2020-03-26;95.70833333333333;24;True;0;2463;nivel;Epagri;;;2;False;diaria;e3e929a1cfadc553_diario_derivado;;interna;horaria_agregada;media
2020-03-27;96.54166666666667;24;True;0;2463;nivel;Epagri;;;2;False;diaria;e3e929a1cfadc553_diario_derivado;;interna;horaria_agregada;media
2020-03-28;96.04166666666667;24;True;0;2463;nivel;Epagri;;;2;False;diaria;e3e929a1cfadc553_diario_derivado;;interna;horaria_agregada;media
2020-03-29;95.04166666666667;24;True;0;2463;nivel;Epagri;;;2;False;diaria;e3e929a1cfadc553_diario_derivado;;interna;horaria_agregada;media
2020-03-30;95.0;24;True;0;2463;nivel;Epagri;;;2;False;diaria;e3e929a1cfadc553_diario_derivado;;interna;horaria_agregada;media
2020-03-31;96.66666666666667;24;True;0;2463;nivel;Epagri;;;2;False;diaria;e3e929a1cfadc553_diario_derivado;;interna;horaria_agregada;media
2020-04-01;103.16666666666667;24;True;0;2463;nivel;Epagri;;;2;False;diaria;e3e929a1cfadc553_diario_derivado;;interna;horaria_agregada;media
2020-04-02;97.16666666666667;24;True;0;2463;nivel;Epagri;;;2;False;diaria;e3e929a1cfadc553_diario_derivado;;interna;horaria_agregada;media
2020-04-03;95.875;24;True;0;2463;nivel;Epagri;;;2;False;diaria;e3e929a1cfadc553_diario_derivado;;interna;horaria_agregada;media
2020-04-04;94.41666666666667;24;True;0;2463;nivel;Epagri;;;2;False;diaria;e3e929a1cfadc553_diario_derivado;;interna;horaria_agregada;media
2020-04-05;94.0;24;True;0;2463;nivel;Epagri;;;2;False;diaria;e3e929a1cfadc553_diario_derivado;;interna;horaria_agregada;media
2020-04-06;94.33333333333333;24;True;0;2463;nivel;Epagri;;;2;False;diaria;e3e929a1cfadc553_diario_derivado;;interna;horaria_agregada;media
2020-04-07;97.25;24;True;0;2463;nivel;Epagri;;;2;False;diaria;e3e929a1cfadc553_diario_derivado;;interna;horaria_agregada;media
2020-04-08;94.5;24;True;0;2463;nivel;Epagri;;;2;False;diaria;e3e929a1cfadc553_diario_derivado;;interna;horaria_agregada;media
2020-04-09;93.125;24;True;0;2463;nivel;Epagri;;;2;False;diaria;e3e929a1cfadc553_diario_derivado;;interna;horaria_agregada;media
2020-04-10;93.0;24;True;0;2463;nivel;Epagri;;;2;False;diaria;e3e929a1cfadc553_diario_derivado;;interna;horaria_agregada;media
2020-04-11;92.75;24;True;0;2463;nivel;Epagri;;;2;False;diaria;e3e929a1cfadc553_diario_derivado;;interna;horaria_agregada;media
2020-04-12;92.16666666666667;24;True;0;2463;nivel;Epagri;;;2;False;diaria;e3e929a1cfadc553_diario_derivado;;interna;horaria_agregada;media
2020-04-13;92.0;24;True;0;2463;nivel;Epagri;;;2;False;diaria;e3e929a1cfadc553_diario_derivado;;interna;horaria_agregada;media
2020-04-14;93.16666666666667;24;True;0;2463;nivel;Epagri;;;2;False;diaria;e3e929a1cfadc553_diario_derivado;;interna;horaria_agregada;media
2020-04-15;92.79166666666667;24;True;0;2463;nivel;Epagri;;;2;False;diaria;e3e929a1cfadc553_diario_derivado;;interna;horaria_agregada;media
2020-04-16;91.83333333333333;24;True;0;2463;nivel;Epagri;;;2;False;diaria;e3e929a1cfadc553_diario_derivado;;interna;horaria_agregada;media
2020-04-17;91.0;24;True;0;2463;nivel;Epagri;;;2;False;diaria;e3e929a1cfadc553_diario_derivado;;interna;horaria_agregada;media
2020-04-18;91.0;24;True;0;2463;nivel;Epagri;;;2;False;diaria;e3e929a1cfadc553_diario_derivado;;interna;horaria_agregada;media
2020-04-19;91.0;24;True;0;2463;nivel;Epagri;;;2;False;diaria;e3e929a1cfadc553_diario_derivado;;interna;horaria_agregada;media
2020-04-20;91.0;24;True;0;2463;nivel;Epagri;;;2;False;diaria;e3e929a1cfadc553_diario_derivado;;interna;horaria_agregada;media
2020-04-21;91.0;24;True;0;2463;nivel;Epagri;;;2;False;diaria;e3e929a1cfadc553_diario_derivado;;interna;horaria_agregada;media
2020-04-22;91.0;24;True;0;2463;nivel;Epagri;;;2;False;diaria;e3e929a1cfadc553_diario_derivado;;interna;horaria_agregada;media
2020-04-23;90.91666666666667;24;True;0;2463;nivel;Epagri;;;2;False;diaria;e3e929a1cfadc553_diario_derivado;;interna;horaria_agregada;media
2020-04-24;90.66666666666667;24;True;0;2463;nivel;Epagri;;;2;False;diaria;e3e929a1cfadc553_diario_derivado;;interna;horaria_agregada;media
2020-04-25;90.04166666666667;24;True;0;2463;nivel;Epagri;;;2;False;diaria;e3e929a1cfadc553_diario_derivado;;interna;horaria_agregada;media
2020-04-26;90.0;24;True;0;2463;nivel;Epagri;;;2;False;diaria;e3e929a1cfadc553_diario_derivado;;interna;horaria_agregada;media
2020-04-27;90.375;24;True;0;2463;nivel;Epagri;;;2;False;diaria;e3e929a1cfadc553_diario_derivado;;interna;horaria_agregada;media
2020-04-28;97.58333333333333;24;True;0;2463;nivel;Epagri;;;2;False;diaria;e3e929a1cfadc553_diario_derivado;;interna;horaria_agregada;media
2020-04-29;98.54166666666667;24;True;0;2463;nivel;Epagri;;;2;False;diaria;e3e929a1cfadc553_diario_derivado;;interna;horaria_agregada;media
2020-04-30;92.95833333333333;24;True;0;2463;nivel;Epagri;;;2;False;diaria;e3e929a1cfadc553_diario_derivado;;interna;horaria_agregada;media
2020-05-01;91.54166666666667;24;True;0;2463;nivel;Epagri;;;2;False;diaria;e3e929a1cfadc553_diario_derivado;;interna;horaria_agregada;media
2020-05-02;91.0;24;True;0;2463;nivel;Epagri;;;2;False;diaria;e3e929a1cfadc553_diario_derivado;;interna;horaria_agregada;media
2020-05-03;90.25;24;True;0;2463;nivel;Epagri;;;2;False;diaria;e3e929a1cfadc553_diario_derivado;;interna;horaria_agregada;media
2020-05-04;90.0;24;True;0;2463;nivel;Epagri;;;2;False;diaria;e3e929a1cfadc553_diario_derivado;;interna;horaria_agregada;media
2020-05-05;90.0;24;True;0;2463;nivel;Epagri;;;2;False;diaria;e3e929a1cfadc553_diario_derivado;;interna;horaria_agregada;media
2020-05-06;90.5;24;True;0;2463;nivel;Epagri;;;2;False;diaria;e3e929a1cfadc553_diario_derivado;;interna;horaria_agregada;media
2020-05-07;90.29166666666667;24;True;0;2463;nivel;Epagri;;;2;False;diaria;e3e929a1cfadc553_diario_derivado;;interna;horaria_agregada;media
2020-05-08;89.41666666666667;24;True;0;2463;nivel;Epagri;;;2;False;diaria;e3e929a1cfadc553_diario_derivado;;interna;horaria_agregada;media
2020-05-09;89.0;24;True;0;2463;nivel;Epagri;;;2;False;diaria;e3e929a1cfadc553_diario_derivado;;interna;horaria_agregada;media
2020-05-10;89.0;24;True;0;2463;nivel;Epagri;;;2;False;diaria;e3e929a1cfadc553_diario_derivado;;interna;horaria_agregada;media
2020-05-11;89.0;24;True;0;2463;nivel;Epagri;;;2;False;diaria;e3e929a1cfadc553_diario_derivado;;interna;horaria_agregada;media
2020-05-12;89.0;24;True;0;2463;nivel;Epagri;;;2;False;diaria;e3e929a1cfadc553_diario_derivado;;interna;horaria_agregada;media
2020-05-13;89.0;24;True;0;2463;nivel;Epagri;;;2;False;diaria;e3e929a1cfadc553_diario_derivado;;interna;horaria_agregada;media
2020-05-14;89.20833333333333;24;True;0;2463;nivel;Epagri;;;2;False;diaria;e3e929a1cfadc553_diario_derivado;;interna;horaria_agregada;media
2020-05-15;88.75;24;True;0;2463;nivel;Epagri;;;2;False;diaria;e3e929a1cfadc553_diario_derivado;;interna;horaria_agregada;media
2020-05-16;88.45833333333333;24;True;0;2463;nivel;Epagri;;;2;False;diaria;e3e929a1cfadc553_diario_derivado;;interna;horaria_agregada;media
2020-05-17;88.0;24;True;0;2463;nivel;Epagri;;;2;False;diaria;e3e929a1cfadc553_diario_derivado;;interna;horaria_agregada;media
2020-05-18;88.0;24;True;0;2463;nivel;Epagri;;;2;False;diaria;e3e929a1cfadc553_diario_derivado;;interna;horaria_agregada;media
2020-05-19;88.0;24;True;0;2463;nivel;Epagri;;;2;False;diaria;e3e929a1cfadc553_diario_derivado;;interna;horaria_agregada;media
2020-05-20;88.0;24;True;0;2463;nivel;Epagri;;;2;False;diaria;e3e929a1cfadc553_diario_derivado;;interna;horaria_agregada;media
2020-05-21;88.0;24;True;0;2463;nivel;Epagri;;;2;False;diaria;e3e929a1cfadc553_diario_derivado;;interna;horaria_agregada;media
2020-05-22;88.58333333333333;24;True;0;2463;nivel;Epagri;;;2;False;diaria;e3e929a1cfadc553_diario_derivado;;interna;horaria_agregada;media
2020-05-23;88.625;24;True;0;2463;nivel;Epagri;;;2;False;diaria;e3e929a1cfadc553_diario_derivado;;interna;horaria_agregada;media
2020-05-24;87.875;24;True;0;2463;nivel;Epagri;;;2;False;diaria;e3e929a1cfadc553_diario_derivado;;interna;horaria_agregada;media
2020-05-25;87.41666666666667;24;True;0;2463;nivel;Epagri;;;2;False;diaria;e3e929a1cfadc553_diario_derivado;;interna;horaria_agregada;media
2020-05-26;87.0;24;True;0;2463;nivel;Epagri;;;2;False;diaria;e3e929a1cfadc553_diario_derivado;;interna;horaria_agregada;media
2020-05-27;87.0;24;True;0;2463;nivel;Epagri;;;2;False;diaria;e3e929a1cfadc553_diario_derivado;;interna;horaria_agregada;media
2020-05-28;87.0;24;True;0;2463;nivel;Epagri;;;2;False;diaria;e3e929a1cfadc553_diario_derivado;;interna;horaria_agregada;media
2020-05-29;87.0;24;True;0;2463;nivel;Epagri;;;2;False;diaria;e3e929a1cfadc553_diario_derivado;;interna;horaria_agregada;media
2020-05-30;;18;False;0;2463;nivel;Epagri;;;2;False;diaria;e3e929a1cfadc553_diario_derivado;;interna;horaria_agregada;media
2020-05-31;86.54166666666667;24;True;0;2463;nivel;Epagri;;;2;False;diaria;e3e929a1cfadc553_diario_derivado;;interna;horaria_agregada;media
2020-06-01;86.66666666666667;24;True;0;2463;nivel;Epagri;;;2;False;diaria;e3e929a1cfadc553_diario_derivado;;interna;horaria_agregada;media
2020-06-02;87.0;24;True;0;2463;nivel;Epagri;;;2;False;diaria;e3e929a1cfadc553_diario_derivado;;interna;horaria_agregada;media
2020-06-03;87.0;24;True;0;2463;nivel;Epagri;;;2;False;diaria;e3e929a1cfadc553_diario_derivado;;interna;horaria_agregada;media
2020-06-04;87.0;24;True;0;2463;nivel;Epagri;;;2;False;diaria;e3e929a1cfadc553_diario_derivado;;interna;horaria_agregada;media
2020-06-05;100.5;24;True;0;2463;nivel;Epagri;;;2;False;diaria;e3e929a1cfadc553_diario_derivado;;interna;horaria_agregada;media
2020-06-06;183.625;24;True;0;2463;nivel;Epagri;;;2;False;diaria;e3e929a1cfadc553_diario_derivado;;interna;horaria_agregada;media
2020-06-07;105.83333333333333;24;True;0;2463;nivel;Epagri;;;2;False;diaria;e3e929a1cfadc553_diario_derivado;;interna;horaria_agregada;media
2020-06-08;96.33333333333333;24;True;0;2463;nivel;Epagri;;;2;False;diaria;e3e929a1cfadc553_diario_derivado;;interna;horaria_agregada;media
2020-06-09;100.20833333333333;24;True;0;2463;nivel;Epagri;;;2;False;diaria;e3e929a1cfadc553_diario_derivado;;interna;horaria_agregada;media
2020-06-10;131.16666666666666;24;True;0;2463;nivel;Epagri;;;2;False;diaria;e3e929a1cfadc553_diario_derivado;;interna;horaria_agregada;media
2020-06-11;145.79166666666666;24;True;0;2463;nivel;Epagri;;;2;False;diaria;e3e929a1cfadc553_diario_derivado;;interna;horaria_agregada;media
2020-06-12;106.91666666666667;24;True;0;2463;nivel;Epagri;;;2;False;diaria;e3e929a1cfadc553_diario_derivado;;interna;horaria_agregada;media
2020-06-13;100.0;24;True;0;2463;nivel;Epagri;;;2;False;diaria;e3e929a1cfadc553_diario_derivado;;interna;horaria_agregada;media
2020-06-14;96.91666666666667;24;True;0;2463;nivel;Epagri;;;2;False;diaria;e3e929a1cfadc553_diario_derivado;;interna;horaria_agregada;media
2020-06-15;95.08333333333333;24;True;0;2463;nivel;Epagri;;;2;False;diaria;e3e929a1cfadc553_diario_derivado;;interna;horaria_agregada;media
2020-06-16;94.08333333333333;24;True;0;2463;nivel;Epagri;;;2;False;diaria;e3e929a1cfadc553_diario_derivado;;interna;horaria_agregada;media
2020-06-17;114.45833333333333;24;True;0;2463;nivel;Epagri;;;2;False;diaria;e3e929a1cfadc553_diario_derivado;;interna;horaria_agregada;media
2020-06-18;112.58333333333333;24;True;0;2463;nivel;Epagri;;;2;False;diaria;e3e929a1cfadc553_diario_derivado;;interna;horaria_agregada;media
2020-06-19;106.58333333333333;24;True;0;2463;nivel;Epagri;;;2;False;diaria;e3e929a1cfadc553_diario_derivado;;interna;horaria_agregada;media
2020-06-20;102.25;24;True;0;2463;nivel;Epagri;;;2;False;diaria;e3e929a1cfadc553_diario_derivado;;interna;horaria_agregada;media
2020-06-21;99.91666666666667;24;True;0;2463;nivel;Epagri;;;2;False;diaria;e3e929a1cfadc553_diario_derivado;;interna;horaria_agregada;media
2020-06-22;98.41666666666667;24;True;0;2463;nivel;Epagri;;;2;False;diaria;e3e929a1cfadc553_diario_derivado;;interna;horaria_agregada;media
2020-06-23;98.0;24;True;0;2463;nivel;Epagri;;;2;False;diaria;e3e929a1cfadc553_diario_derivado;;interna;horaria_agregada;media
2020-06-24;97.0;24;True;0;2463;nivel;Epagri;;;2;False;diaria;e3e929a1cfadc553_diario_derivado;;interna;horaria_agregada;media
2020-06-25;96.375;24;True;0;2463;nivel;Epagri;;;2;False;diaria;e3e929a1cfadc553_diario_derivado;;interna;horaria_agregada;media
2020-06-26;92.25;24;True;0;2463;nivel;Epagri;;;2;False;diaria;e3e929a1cfadc553_diario_derivado;;interna;horaria_agregada;media
2020-06-27;85.58333333333333;24;True;0;2463;nivel;Epagri;;;2;False;diaria;e3e929a1cfadc553_diario_derivado;;interna;horaria_agregada;media
2020-06-28;88.25;24;True;0;2463;nivel;Epagri;;;2;False;diaria;e3e929a1cfadc553_diario_derivado;;interna;horaria_agregada;media
2020-06-29;86.25;24;True;0;2463;nivel;Epagri;;;2;False;diaria;e3e929a1cfadc553_diario_derivado;;interna;horaria_agregada;media
2020-06-30;122.08333333333333;24;True;0;2463;nivel;Epagri;;;2;False;diaria;e3e929a1cfadc553_diario_derivado;;interna;horaria_agregada;media
2020-07-01;111.16666666666667;24;True;0;2463;nivel;Epagri;;;2;False;diaria;e3e929a1cfadc553_diario_derivado;;interna;horaria_agregada;media
2020-07-02;94.125;24;True;0;2463;nivel;Epagri;;;2;False;diaria;e3e929a1cfadc553_diario_derivado;;interna;horaria_agregada;media
2020-07-03;90.45833333333333;24;True;0;2463;nivel;Epagri;;;2;False;diaria;e3e929a1cfadc553_diario_derivado;;interna;horaria_agregada;media
2020-07-04;88.79166666666667;24;True;0;2463;nivel;Epagri;;;2;False;diaria;e3e929a1cfadc553_diario_derivado;;interna;horaria_agregada;media
2020-07-05;88.0;24;True;0;2463;nivel;Epagri;;;2;False;diaria;e3e929a1cfadc553_diario_derivado;;interna;horaria_agregada;media
2020-07-06;88.66666666666667;24;True;0;2463;nivel;Epagri;;;2;False;diaria;e3e929a1cfadc553_diario_derivado;;interna;horaria_agregada;media
2020-07-07;127.20833333333333;24;True;0;2463;nivel;Epagri;;;2;False;diaria;e3e929a1cfadc553_diario_derivado;;interna;horaria_agregada;media
2020-07-08;116.75;24;True;0;2463;nivel;Epagri;;;2;False;diaria;e3e929a1cfadc553_diario_derivado;;interna;horaria_agregada;media
2020-07-09;105.125;24;True;0;2463;nivel;Epagri;;;2;False;diaria;e3e929a1cfadc553_diario_derivado;;interna;horaria_agregada;media
2020-07-10;96.375;24;True;0;2463;nivel;Epagri;;;2;False;diaria;e3e929a1cfadc553_diario_derivado;;interna;horaria_agregada;media
2020-07-11;94.33333333333333;24;True;0;2463;nivel;Epagri;;;2;False;diaria;e3e929a1cfadc553_diario_derivado;;interna;horaria_agregada;media
2020-07-12;113.91666666666667;24;True;0;2463;nivel;Epagri;;;2;False;diaria;e3e929a1cfadc553_diario_derivado;;interna;horaria_agregada;media
2020-07-13;100.16666666666667;24;True;0;2463;nivel;Epagri;;;2;False;diaria;e3e929a1cfadc553_diario_derivado;;interna;horaria_agregada;media
2020-07-14;96.95833333333333;24;True;0;2463;nivel;Epagri;;;2;False;diaria;e3e929a1cfadc553_diario_derivado;;interna;horaria_agregada;media
2020-07-15;93.95833333333333;24;True;0;2463;nivel;Epagri;;;2;False;diaria;e3e929a1cfadc553_diario_derivado;;interna;horaria_agregada;media
2020-07-16;;0;False;0;2463;nivel;Epagri;;;2;False;diaria;e3e929a1cfadc553_diario_derivado;;interna;horaria_agregada;media
2020-07-17;;0;False;0;2463;nivel;Epagri;;;2;False;diaria;e3e929a1cfadc553_diario_derivado;;interna;horaria_agregada;media
2020-07-18;;0;False;0;2463;nivel;Epagri;;;2;False;diaria;e3e929a1cfadc553_diario_derivado;;interna;horaria_agregada;media
2020-07-19;;0;False;0;2463;nivel;Epagri;;;2;False;diaria;e3e929a1cfadc553_diario_derivado;;interna;horaria_agregada;media
2020-07-20;;0;False;0;2463;nivel;Epagri;;;2;False;diaria;e3e929a1cfadc553_diario_derivado;;interna;horaria_agregada;media
2020-07-21;;0;False;0;2463;nivel;Epagri;;;2;False;diaria;e3e929a1cfadc553_diario_derivado;;interna;horaria_agregada;media
2020-07-22;;0;False;0;2463;nivel;Epagri;;;2;False;diaria;e3e929a1cfadc553_diario_derivado;;interna;horaria_agregada;media
2020-07-23;;0;False;0;2463;nivel;Epagri;;;2;False;diaria;e3e929a1cfadc553_diario_derivado;;interna;horaria_agregada;media
2020-07-24;100.0;24;True;0;2463;nivel;Epagri;;;2;False;diaria;e3e929a1cfadc553_diario_derivado;;interna;horaria_agregada;media
2020-07-25;99.29166666666667;24;True;0;2463;nivel;Epagri;;;2;False;diaria;e3e929a1cfadc553_diario_derivado;;interna;horaria_agregada;media
2020-07-26;98.75;24;True;0;2463;nivel;Epagri;;;2;False;diaria;e3e929a1cfadc553_diario_derivado;;interna;horaria_agregada;media
2020-07-27;98.20833333333333;24;True;0;2463;nivel;Epagri;;;2;False;diaria;e3e929a1cfadc553_diario_derivado;;interna;horaria_agregada;media
2020-07-28;98.83333333333333;24;True;0;2463;nivel;Epagri;;;2;False;diaria;e3e929a1cfadc553_diario_derivado;;interna;horaria_agregada;media
2020-07-29;101.45833333333333;24;True;0;2463;nivel;Epagri;;;2;False;diaria;e3e929a1cfadc553_diario_derivado;;interna;horaria_agregada;media
2020-07-30;99.0;24;True;0;2463;nivel;Epagri;;;2;False;diaria;e3e929a1cfadc553_diario_derivado;;interna;horaria_agregada;media
2020-07-31;98.25;24;True;0;2463;nivel;Epagri;;;2;False;diaria;e3e929a1cfadc553_diario_derivado;;interna;horaria_agregada;media
2020-08-01;99.0;24;True;0;2463;nivel;Epagri;;;2;False;diaria;e3e929a1cfadc553_diario_derivado;;interna;horaria_agregada;media
2020-08-02;98.125;24;True;0;2463;nivel;Epagri;;;2;False;diaria;e3e929a1cfadc553_diario_derivado;;interna;horaria_agregada;media
2020-08-03;97.04166666666667;24;True;0;2463;nivel;Epagri;;;2;False;diaria;e3e929a1cfadc553_diario_derivado;;interna;horaria_agregada;media
2020-08-04;96.33333333333333;24;True;0;2463;nivel;Epagri;;;2;False;diaria;e3e929a1cfadc553_diario_derivado;;interna;horaria_agregada;media
2020-08-05;96.0;24;True;0;2463;nivel;Epagri;;;2;False;diaria;e3e929a1cfadc553_diario_derivado;;interna;horaria_agregada;media
2020-08-06;96.0;24;True;0;2463;nivel;Epagri;;;2;False;diaria;e3e929a1cfadc553_diario_derivado;;interna;horaria_agregada;media
2020-08-07;95.29166666666667;24;True;0;2463;nivel;Epagri;;;2;False;diaria;e3e929a1cfadc553_diario_derivado;;interna;horaria_agregada;media
2020-08-08;95.0;24;True;0;2463;nivel;Epagri;;;2;False;diaria;e3e929a1cfadc553_diario_derivado;;interna;horaria_agregada;media
2020-08-09;95.0;24;True;0;2463;nivel;Epagri;;;2;False;diaria;e3e929a1cfadc553_diario_derivado;;interna;horaria_agregada;media
2020-08-10;94.79166666666667;24;True;0;2463;nivel;Epagri;;;2;False;diaria;e3e929a1cfadc553_diario_derivado;;interna;horaria_agregada;media
2020-08-11;94.08333333333333;24;True;0;2463;nivel;Epagri;;;2;False;diaria;e3e929a1cfadc553_diario_derivado;;interna;horaria_agregada;media
2020-08-12;94.5;24;True;0;2463;nivel;Epagri;;;2;False;diaria;e3e929a1cfadc553_diario_derivado;;interna;horaria_agregada;media
2020-08-13;115.54166666666667;24;True;0;2463;nivel;Epagri;;;2;False;diaria;e3e929a1cfadc553_diario_derivado;;interna;horaria_agregada;media
2020-08-14;105.04166666666667;24;True;0;2463;nivel;Epagri;;;2;False;diaria;e3e929a1cfadc553_diario_derivado;;interna;horaria_agregada;media
2020-08-15;203.0;24;True;0;2463;nivel;Epagri;;;2;False;diaria;e3e929a1cfadc553_diario_derivado;;interna;horaria_agregada;media
2020-08-16;120.5;24;True;0;2463;nivel;Epagri;;;2;False;diaria;e3e929a1cfadc553_diario_derivado;;interna;horaria_agregada;media
2020-08-17;126.0;24;True;0;2463;nivel;Epagri;;;2;False;diaria;e3e929a1cfadc553_diario_derivado;;interna;horaria_agregada;media
2020-08-18;118.66666666666667;24;True;0;2463;nivel;Epagri;;;2;False;diaria;e3e929a1cfadc553_diario_derivado;;interna;horaria_agregada;media
2020-08-19;120.91666666666667;24;True;0;2463;nivel;Epagri;;;2;False;diaria;e3e929a1cfadc553_diario_derivado;;interna;horaria_agregada;media
2020-08-20;135.29166666666666;24;True;0;2463;nivel;Epagri;;;2;False;diaria;e3e929a1cfadc553_diario_derivado;;interna;horaria_agregada;media
2020-08-21;119.66666666666667;24;True;0;2463;nivel;Epagri;;;2;False;diaria;e3e929a1cfadc553_diario_derivado;;interna;horaria_agregada;media
2020-08-22;112.33333333333333;24;True;0;2463;nivel;Epagri;;;2;False;diaria;e3e929a1cfadc553_diario_derivado;;interna;horaria_agregada;media
2020-08-23;108.83333333333333;24;True;0;2463;nivel;Epagri;;;2;False;diaria;e3e929a1cfadc553_diario_derivado;;interna;horaria_agregada;media
2020-08-24;110.45833333333333;24;True;0;2463;nivel;Epagri;;;2;False;diaria;e3e929a1cfadc553_diario_derivado;;interna;horaria_agregada;media
2020-08-25;107.5;24;True;0;2463;nivel;Epagri;;;2;False;diaria;e3e929a1cfadc553_diario_derivado;;interna;horaria_agregada;media
2020-08-26;105.0;24;True;0;2463;nivel;Epagri;;;2;False;diaria;e3e929a1cfadc553_diario_derivado;;interna;horaria_agregada;media
2020-08-27;103.375;24;True;0;2463;nivel;Epagri;;;2;False;diaria;e3e929a1cfadc553_diario_derivado;;interna;horaria_agregada;media
2020-08-28;102.125;24;True;0;2463;nivel;Epagri;;;2;False;diaria;e3e929a1cfadc553_diario_derivado;;interna;horaria_agregada;media
2020-08-29;101.375;24;True;0;2463;nivel;Epagri;;;2;False;diaria;e3e929a1cfadc553_diario_derivado;;interna;horaria_agregada;media
2020-08-30;100.45833333333333;24;True;0;2463;nivel;Epagri;;;2;False;diaria;e3e929a1cfadc553_diario_derivado;;interna;horaria_agregada;media
2020-08-31;100.0;24;True;0;2463;nivel;Epagri;;;2;False;diaria;e3e929a1cfadc553_diario_derivado;;interna;horaria_agregada;media
2020-09-01;100.08333333333333;24;True;0;2463;nivel;Epagri;;;2;False;diaria;e3e929a1cfadc553_diario_derivado;;interna;horaria_agregada;media
2020-09-02;119.91666666666667;24;True;0;2463;nivel;Epagri;;;2;False;diaria;e3e929a1cfadc553_diario_derivado;;interna;horaria_agregada;media
2020-09-03;112.79166666666667;24;True;0;2463;nivel;Epagri;;;2;False;diaria;e3e929a1cfadc553_diario_derivado;;interna;horaria_agregada;media
2020-09-04;108.58333333333333;24;True;0;2463;nivel;Epagri;;;2;False;diaria;e3e929a1cfadc553_diario_derivado;;interna;horaria_agregada;media
2020-09-05;104.875;24;True;0;2463;nivel;Epagri;;;2;False;diaria;e3e929a1cfadc553_diario_derivado;;interna;horaria_agregada;media
2020-09-06;104.08333333333333;24;True;0;2463;nivel;Epagri;;;2;False;diaria;e3e929a1cfadc553_diario_derivado;;interna;horaria_agregada;media
2020-09-07;121.70833333333333;24;True;0;2463;nivel;Epagri;;;2;False;diaria;e3e929a1cfadc553_diario_derivado;;interna;horaria_agregada;media
2020-09-08;196.125;24;True;0;2463;nivel;Epagri;;;2;False;diaria;e3e929a1cfadc553_diario_derivado;;interna;horaria_agregada;media
2020-09-09;195.54166666666666;24;True;0;2463;nivel;Epagri;;;2;False;diaria;e3e929a1cfadc553_diario_derivado;;interna;horaria_agregada;media
2020-09-10;157.70833333333334;24;True;0;2463;nivel;Epagri;;;2;False;diaria;e3e929a1cfadc553_diario_derivado;;interna;horaria_agregada;media
2020-09-11;132.16666666666666;24;True;0;2463;nivel;Epagri;;;2;False;diaria;e3e929a1cfadc553_diario_derivado;;interna;horaria_agregada;media
2020-09-12;122.58333333333333;24;True;0;2463;nivel;Epagri;;;2;False;diaria;e3e929a1cfadc553_diario_derivado;;interna;horaria_agregada;media
2020-09-13;117.16666666666667;24;True;0;2463;nivel;Epagri;;;2;False;diaria;e3e929a1cfadc553_diario_derivado;;interna;horaria_agregada;media
2020-09-14;113.66666666666667;24;True;0;2463;nivel;Epagri;;;2;False;diaria;e3e929a1cfadc553_diario_derivado;;interna;horaria_agregada;media
2020-09-15;110.58333333333333;24;True;0;2463;nivel;Epagri;;;2;False;diaria;e3e929a1cfadc553_diario_derivado;;interna;horaria_agregada;media
2020-09-16;109.375;24;True;0;2463;nivel;Epagri;;;2;False;diaria;e3e929a1cfadc553_diario_derivado;;interna;horaria_agregada;media
2020-09-17;110.79166666666667;24;True;0;2463;nivel;Epagri;;;2;False;diaria;e3e929a1cfadc553_diario_derivado;;interna;horaria_agregada;media
2020-09-18;109.83333333333333;24;True;0;2463;nivel;Epagri;;;2;False;diaria;e3e929a1cfadc553_diario_derivado;;interna;horaria_agregada;media
2020-09-19;107.75;24;True;0;2463;nivel;Epagri;;;2;False;diaria;e3e929a1cfadc553_diario_derivado;;interna;horaria_agregada;media
2020-09-20;106.0;24;True;0;2463;nivel;Epagri;;;2;False;diaria;e3e929a1cfadc553_diario_derivado;;interna;horaria_agregada;media
2020-09-21;104.95833333333333;24;True;0;2463;nivel;Epagri;;;2;False;diaria;e3e929a1cfadc553_diario_derivado;;interna;horaria_agregada;media
2020-09-22;104.0;24;True;0;2463;nivel;Epagri;;;2;False;diaria;e3e929a1cfadc553_diario_derivado;;interna;horaria_agregada;media
2020-09-23;103.33333333333333;24;True;0;2463;nivel;Epagri;;;2;False;diaria;e3e929a1cfadc553_diario_derivado;;interna;horaria_agregada;media
2020-09-24;103.0;24;True;0;2463;nivel;Epagri;;;2;False;diaria;e3e929a1cfadc553_diario_derivado;;interna;horaria_agregada;media
2020-09-25;102.16666666666667;24;True;0;2463;nivel;Epagri;;;2;False;diaria;e3e929a1cfadc553_diario_derivado;;interna;horaria_agregada;media
2020-09-26;101.70833333333333;24;True;0;2463;nivel;Epagri;;;2;False;diaria;e3e929a1cfadc553_diario_derivado;;interna;horaria_agregada;media
2020-09-27;101.58333333333333;24;True;0;2463;nivel;Epagri;;;2;False;diaria;e3e929a1cfadc553_diario_derivado;;interna;horaria_agregada;media
2020-09-28;116.25;24;True;0;2463;nivel;Epagri;;;2;False;diaria;e3e929a1cfadc553_diario_derivado;;interna;horaria_agregada;media
2020-09-29;108.04166666666667;24;True;0;2463;nivel;Epagri;;;2;False;diaria;e3e929a1cfadc553_diario_derivado;;interna;horaria_agregada;media
2020-09-30;104.04166666666667;24;True;0;2463;nivel;Epagri;;;2;False;diaria;e3e929a1cfadc553_diario_derivado;;interna;horaria_agregada;media
2020-10-01;112.16666666666667;24;True;0;2463;nivel;Epagri;;;2;False;diaria;e3e929a1cfadc553_diario_derivado;;interna;horaria_agregada;media
2020-10-02;105.625;24;True;0;2463;nivel;Epagri;;;2;False;diaria;e3e929a1cfadc553_diario_derivado;;interna;horaria_agregada;media
2020-10-03;102.54166666666667;24;True;0;2463;nivel;Epagri;;;2;False;diaria;e3e929a1cfadc553_diario_derivado;;interna;horaria_agregada;media
2020-10-04;135.58333333333334;24;True;0;2463;nivel;Epagri;;;2;False;diaria;e3e929a1cfadc553_diario_derivado;;interna;horaria_agregada;media
2020-10-05;159.5;24;True;0;2463;nivel;Epagri;;;2;False;diaria;e3e929a1cfadc553_diario_derivado;;interna;horaria_agregada;media
2020-10-06;123.91666666666667;24;True;0;2463;nivel;Epagri;;;2;False;diaria;e3e929a1cfadc553_diario_derivado;;interna;horaria_agregada;media
2020-10-07;114.45833333333333;24;True;0;2463;nivel;Epagri;;;2;False;diaria;e3e929a1cfadc553_diario_derivado;;interna;horaria_agregada;media
2020-10-08;110.66666666666667;24;True;0;2463;nivel;Epagri;;;2;False;diaria;e3e929a1cfadc553_diario_derivado;;interna;horaria_agregada;media
2020-10-09;109.95833333333333;24;True;0;2463;nivel;Epagri;;;2;False;diaria;e3e929a1cfadc553_diario_derivado;;interna;horaria_agregada;media
2020-10-10;111.875;24;True;0;2463;nivel;Epagri;;;2;False;diaria;e3e929a1cfadc553_diario_derivado;;interna;horaria_agregada;media
2020-10-11;107.79166666666667;24;True;0;2463;nivel;Epagri;;;2;False;diaria;e3e929a1cfadc553_diario_derivado;;interna;horaria_agregada;media
2020-10-12;105.70833333333333;24;True;0;2463;nivel;Epagri;;;2;False;diaria;e3e929a1cfadc553_diario_derivado;;interna;horaria_agregada;media
2020-10-13;104.33333333333333;24;True;0;2463;nivel;Epagri;;;2;False;diaria;e3e929a1cfadc553_diario_derivado;;interna;horaria_agregada;media
2020-10-14;103.83333333333333;24;True;0;2463;nivel;Epagri;;;2;False;diaria;e3e929a1cfadc553_diario_derivado;;interna;horaria_agregada;media
2020-10-15;102.875;24;True;0;2463;nivel;Epagri;;;2;False;diaria;e3e929a1cfadc553_diario_derivado;;interna;horaria_agregada;media
2020-10-16;102.0;24;True;0;2463;nivel;Epagri;;;2;False;diaria;e3e929a1cfadc553_diario_derivado;;interna;horaria_agregada;media
2020-10-17;101.08333333333333;24;True;0;2463;nivel;Epagri;;;2;False;diaria;e3e929a1cfadc553_diario_derivado;;interna;horaria_agregada;media
2020-10-18;100.91666666666667;24;True;0;2463;nivel;Epagri;;;2;False;diaria;e3e929a1cfadc553_diario_derivado;;interna;horaria_agregada;media
2020-10-19;;0;False;0;2463;nivel;Epagri;;;2;False;diaria;e3e929a1cfadc553_diario_derivado;;interna;horaria_agregada;media
2020-10-20;;0;False;0;2463;nivel;Epagri;;;2;False;diaria;e3e929a1cfadc553_diario_derivado;;interna;horaria_agregada;media
2020-10-21;98.95833333333333;24;True;0;2463;nivel;Epagri;;;2;False;diaria;e3e929a1cfadc553_diario_derivado;;interna;horaria_agregada;media
2020-10-22;138.20833333333334;24;True;0;2463;nivel;Epagri;;;2;False;diaria;e3e929a1cfadc553_diario_derivado;;interna;horaria_agregada;media
2020-10-23;182.58333333333334;24;True;0;2463;nivel;Epagri;;;2;False;diaria;e3e929a1cfadc553_diario_derivado;;interna;horaria_agregada;media
2020-10-24;125.58333333333333;24;True;0;2463;nivel;Epagri;;;2;False;diaria;e3e929a1cfadc553_diario_derivado;;interna;horaria_agregada;media
2020-10-25;114.625;24;True;0;2463;nivel;Epagri;;;2;False;diaria;e3e929a1cfadc553_diario_derivado;;interna;horaria_agregada;media
2020-10-26;131.33333333333334;24;True;0;2463;nivel;Epagri;;;2;False;diaria;e3e929a1cfadc553_diario_derivado;;interna;horaria_agregada;media
2020-10-27;165.0;24;True;0;2463;nivel;Epagri;;;2;False;diaria;e3e929a1cfadc553_diario_derivado;;interna;horaria_agregada;media
2020-10-28;126.375;24;True;0;2463;nivel;Epagri;;;2;False;diaria;e3e929a1cfadc553_diario_derivado;;interna;horaria_agregada;media
2020-10-29;;23;False;0;2463;nivel;Epagri;;;2;False;diaria;e3e929a1cfadc553_diario_derivado;;interna;horaria_agregada;media
2020-10-30;117.45833333333333;24;True;0;2463;nivel;Epagri;;;2;False;diaria;e3e929a1cfadc553_diario_derivado;;interna;horaria_agregada;media
2020-10-31;115.0;24;True;0;2463;nivel;Epagri;;;2;False;diaria;e3e929a1cfadc553_diario_derivado;;interna;horaria_agregada;media
2020-11-01;119.08333333333333;24;True;0;2463;nivel;Epagri;;;2;False;diaria;e3e929a1cfadc553_diario_derivado;;interna;horaria_agregada;media
2020-11-02;113.58333333333333;24;True;0;2463;nivel;Epagri;;;2;False;diaria;e3e929a1cfadc553_diario_derivado;;interna;horaria_agregada;media
2020-11-03;125.66666666666667;24;True;0;2463;nivel;Epagri;;;2;False;diaria;e3e929a1cfadc553_diario_derivado;;interna;horaria_agregada;media
2020-11-04;126.04166666666667;24;True;0;2463;nivel;Epagri;;;2;False;diaria;e3e929a1cfadc553_diario_derivado;;interna;horaria_agregada;media
2020-11-05;114.375;24;True;0;2463;nivel;Epagri;;;2;False;diaria;e3e929a1cfadc553_diario_derivado;;interna;horaria_agregada;media
2020-11-06;111.04166666666667;24;True;0;2463;nivel;Epagri;;;2;False;diaria;e3e929a1cfadc553_diario_derivado;;interna;horaria_agregada;media
2020-11-07;108.91666666666667;24;True;0;2463;nivel;Epagri;;;2;False;diaria;e3e929a1cfadc553_diario_derivado;;interna;horaria_agregada;media
2020-11-08;107.58333333333333;24;True;0;2463;nivel;Epagri;;;2;False;diaria;e3e929a1cfadc553_diario_derivado;;interna;horaria_agregada;media
2020-11-09;112.91666666666667;24;True;0;2463;nivel;Epagri;;;2;False;diaria;e3e929a1cfadc553_diario_derivado;;interna;horaria_agregada;media
2020-11-10;139.91666666666666;24;True;0;2463;nivel;Epagri;;;2;False;diaria;e3e929a1cfadc553_diario_derivado;;interna;horaria_agregada;media
2020-11-11;126.91666666666667;24;True;0;2463;nivel;Epagri;;;2;False;diaria;e3e929a1cfadc553_diario_derivado;;interna;horaria_agregada;media
2020-11-12;133.79166666666666;24;True;0;2463;nivel;Epagri;;;2;False;diaria;e3e929a1cfadc553_diario_derivado;;interna;horaria_agregada;media
2020-11-13;162.16666666666666;24;True;0;2463;nivel;Epagri;;;2;False;diaria;e3e929a1cfadc553_diario_derivado;;interna;horaria_agregada;media
2020-11-14;135.5;24;True;0;2463;nivel;Epagri;;;2;False;diaria;e3e929a1cfadc553_diario_derivado;;interna;horaria_agregada;media
2020-11-15;123.16666666666667;24;True;0;2463;nivel;Epagri;;;2;False;diaria;e3e929a1cfadc553_diario_derivado;;interna;horaria_agregada;media
2020-11-16;154.45833333333334;24;True;0;2463;nivel;Epagri;;;2;False;diaria;e3e929a1cfadc553_diario_derivado;;interna;horaria_agregada;media
2020-11-17;156.95833333333334;24;True;0;2463;nivel;Epagri;;;2;False;diaria;e3e929a1cfadc553_diario_derivado;;interna;horaria_agregada;media
2020-11-18;129.125;24;True;0;2463;nivel;Epagri;;;2;False;diaria;e3e929a1cfadc553_diario_derivado;;interna;horaria_agregada;media
2020-11-19;;23;False;0;2463;nivel;Epagri;;;2;False;diaria;e3e929a1cfadc553_diario_derivado;;interna;horaria_agregada;media
2020-11-20;140.08333333333334;24;True;0;2463;nivel;Epagri;;;2;False;diaria;e3e929a1cfadc553_diario_derivado;;interna;horaria_agregada;media
2020-11-21;135.79166666666666;24;True;0;2463;nivel;Epagri;;;2;False;diaria;e3e929a1cfadc553_diario_derivado;;interna;horaria_agregada;media
2020-11-22;123.875;24;True;0;2463;nivel;Epagri;;;2;False;diaria;e3e929a1cfadc553_diario_derivado;;interna;horaria_agregada;media
2020-11-23;119.75;24;True;0;2463;nivel;Epagri;;;2;False;diaria;e3e929a1cfadc553_diario_derivado;;interna;horaria_agregada;media
2020-11-24;116.83333333333333;24;True;0;2463;nivel;Epagri;;;2;False;diaria;e3e929a1cfadc553_diario_derivado;;interna;horaria_agregada;media
2020-11-25;;19;False;0;2463;nivel;Epagri;;;2;False;diaria;e3e929a1cfadc553_diario_derivado;;interna;horaria_agregada;media
2020-11-26;;16;False;0;2463;nivel;Epagri;;;2;False;diaria;e3e929a1cfadc553_diario_derivado;;interna;horaria_agregada;media
2020-11-27;111.75;24;True;0;2463;nivel;Epagri;;;2;False;diaria;e3e929a1cfadc553_diario_derivado;;interna;horaria_agregada;media
2020-11-28;128.29166666666666;24;True;0;2463;nivel;Epagri;;;2;False;diaria;e3e929a1cfadc553_diario_derivado;;interna;horaria_agregada;media
2020-11-29;115.375;24;True;0;2463;nivel;Epagri;;;2;False;diaria;e3e929a1cfadc553_diario_derivado;;interna;horaria_agregada;media
2020-11-30;161.04166666666666;24;True;0;2463;nivel;Epagri;;;2;False;diaria;e3e929a1cfadc553_diario_derivado;;interna;horaria_agregada;media
2020-12-01;151.54166666666666;24;True;0;2463;nivel;Epagri;;;2;False;diaria;e3e929a1cfadc553_diario_derivado;;interna;horaria_agregada;media
2020-12-02;131.45833333333334;24;True;0;2463;nivel;Epagri;;;2;False;diaria;e3e929a1cfadc553_diario_derivado;;interna;horaria_agregada;media
2020-12-03;190.95833333333334;24;True;0;2463;nivel;Epagri;;;2;False;diaria;e3e929a1cfadc553_diario_derivado;;interna;horaria_agregada;media
2020-12-04;138.16666666666666;24;True;0;2463;nivel;Epagri;;;2;False;diaria;e3e929a1cfadc553_diario_derivado;;interna;horaria_agregada;media
2020-12-05;129.79166666666666;24;True;0;2463;nivel;Epagri;;;2;False;diaria;e3e929a1cfadc553_diario_derivado;;interna;horaria_agregada;media
2020-12-06;175.29166666666666;24;True;0;2463;nivel;Epagri;;;2;False;diaria;e3e929a1cfadc553_diario_derivado;;interna;horaria_agregada;media
2020-12-07;186.375;24;True;0;2463;nivel;Epagri;;;2;False;diaria;e3e929a1cfadc553_diario_derivado;;interna;horaria_agregada;media
2020-12-08;155.375;24;True;0;2463;nivel;Epagri;;;2;False;diaria;e3e929a1cfadc553_diario_derivado;;interna;horaria_agregada;media
2020-12-09;139.08333333333334;24;True;0;2463;nivel;Epagri;;;2;False;diaria;e3e929a1cfadc553_diario_derivado;;interna;horaria_agregada;media
2020-12-10;132.625;24;True;0;2463;nivel;Epagri;;;2;False;diaria;e3e929a1cfadc553_diario_derivado;;interna;horaria_agregada;media
2020-12-11;127.95833333333333;24;True;0;2463;nivel;Epagri;;;2;False;diaria;e3e929a1cfadc553_diario_derivado;;interna;horaria_agregada;media
2020-12-12;136.33333333333334;24;True;0;2463;nivel;Epagri;;;2;False;diaria;e3e929a1cfadc553_diario_derivado;;interna;horaria_agregada;media
2020-12-13;133.70833333333334;24;True;0;2463;nivel;Epagri;;;2;False;diaria;e3e929a1cfadc553_diario_derivado;;interna;horaria_agregada;media
2020-12-14;141.70833333333334;24;True;0;2463;nivel;Epagri;;;2;False;diaria;e3e929a1cfadc553_diario_derivado;;interna;horaria_agregada;media
2020-12-15;162.5;24;True;0;2463;nivel;Epagri;;;2;False;diaria;e3e929a1cfadc553_diario_derivado;;interna;horaria_agregada;media
2020-12-16;137.25;24;True;0;2463;nivel;Epagri;;;2;False;diaria;e3e929a1cfadc553_diario_derivado;;interna;horaria_agregada;media
2020-12-17;181.91666666666666;24;True;0;2463;nivel;Epagri;;;2;False;diaria;e3e929a1cfadc553_diario_derivado;;interna;horaria_agregada;media
2020-12-18;153.33333333333334;24;True;0;2463;nivel;Epagri;;;2;False;diaria;e3e929a1cfadc553_diario_derivado;;interna;horaria_agregada;media
2020-12-19;139.54166666666666;24;True;0;2463;nivel;Epagri;;;2;False;diaria;e3e929a1cfadc553_diario_derivado;;interna;horaria_agregada;media
2020-12-20;132.33333333333334;24;True;0;2463;nivel;Epagri;;;2;False;diaria;e3e929a1cfadc553_diario_derivado;;interna;horaria_agregada;media
2020-12-21;128.41666666666666;24;True;0;2463;nivel;Epagri;;;2;False;diaria;e3e929a1cfadc553_diario_derivado;;interna;horaria_agregada;media
2020-12-22;125.08333333333333;24;True;0;2463;nivel;Epagri;;;2;False;diaria;e3e929a1cfadc553_diario_derivado;;interna;horaria_agregada;media
2020-12-23;122.83333333333333;24;True;0;2463;nivel;Epagri;;;2;False;diaria;e3e929a1cfadc553_diario_derivado;;interna;horaria_agregada;media
2020-12-24;157.625;24;True;0;2463;nivel;Epagri;;;2;False;diaria;e3e929a1cfadc553_diario_derivado;;interna;horaria_agregada;media
2020-12-25;139.83333333333334;24;True;0;2463;nivel;Epagri;;;2;False;diaria;e3e929a1cfadc553_diario_derivado;;interna;horaria_agregada;media
2020-12-26;128.0;24;True;0;2463;nivel;Epagri;;;2;False;diaria;e3e929a1cfadc553_diario_derivado;;interna;horaria_agregada;media
2020-12-27;140.58333333333334;24;True;0;2463;nivel;Epagri;;;2;False;diaria;e3e929a1cfadc553_diario_derivado;;interna;horaria_agregada;media
2020-12-28;140.58333333333334;24;True;0;2463;nivel;Epagri;;;2;False;diaria;e3e929a1cfadc553_diario_derivado;;interna;horaria_agregada;media
2020-12-29;143.125;24;True;0;2463;nivel;Epagri;;;2;False;diaria;e3e929a1cfadc553_diario_derivado;;interna;horaria_agregada;media
2020-12-30;130.375;24;True;0;2463;nivel;Epagri;;;2;False;diaria;e3e929a1cfadc553_diario_derivado;;interna;horaria_agregada;media
2020-12-31;127.70833333333333;24;True;0;2463;nivel;Epagri;;;2;False;diaria;e3e929a1cfadc553_diario_derivado;;interna;horaria_agregada;media
2021-01-01;130.95833333333334;24;True;0;2463;nivel;Epagri;;;2;False;diaria;e3e929a1cfadc553_diario_derivado;;interna;horaria_agregada;media
2021-01-02;123.45833333333333;24;True;0;2463;nivel;Epagri;;;2;False;diaria;e3e929a1cfadc553_diario_derivado;;interna;horaria_agregada;media
2021-01-03;120.08333333333333;24;True;0;2463;nivel;Epagri;;;2;False;diaria;e3e929a1cfadc553_diario_derivado;;interna;horaria_agregada;media
2021-01-04;149.375;24;True;0;2463;nivel;Epagri;;;2;False;diaria;e3e929a1cfadc553_diario_derivado;;interna;horaria_agregada;media
2021-01-05;123.33333333333333;24;True;0;2463;nivel;Epagri;;;2;False;diaria;e3e929a1cfadc553_diario_derivado;;interna;horaria_agregada;media
2021-01-06;145.0;24;True;0;2463;nivel;Epagri;;;2;False;diaria;e3e929a1cfadc553_diario_derivado;;interna;horaria_agregada;media
2021-01-07;160.04166666666666;24;True;0;2463;nivel;Epagri;;;2;False;diaria;e3e929a1cfadc553_diario_derivado;;interna;horaria_agregada;media
2021-01-08;174.91666666666666;24;True;0;2463;nivel;Epagri;;;2;False;diaria;e3e929a1cfadc553_diario_derivado;;interna;horaria_agregada;media
2021-01-09;150.875;24;True;0;2463;nivel;Epagri;;;2;False;diaria;e3e929a1cfadc553_diario_derivado;;interna;horaria_agregada;media
2021-01-10;134.83333333333334;24;True;0;2463;nivel;Epagri;;;2;False;diaria;e3e929a1cfadc553_diario_derivado;;interna;horaria_agregada;media
2021-01-11;130.75;24;True;0;2463;nivel;Epagri;;;2;False;diaria;e3e929a1cfadc553_diario_derivado;;interna;horaria_agregada;media
2021-01-12;141.375;24;True;0;2463;nivel;Epagri;;;2;False;diaria;e3e929a1cfadc553_diario_derivado;;interna;horaria_agregada;media
2021-01-13;135.66666666666666;24;True;0;2463;nivel;Epagri;;;2;False;diaria;e3e929a1cfadc553_diario_derivado;;interna;horaria_agregada;media
2021-01-14;134.375;24;True;0;2463;nivel;Epagri;;;2;False;diaria;e3e929a1cfadc553_diario_derivado;;interna;horaria_agregada;media
2021-01-15;186.29166666666666;24;True;0;2463;nivel;Epagri;;;2;False;diaria;e3e929a1cfadc553_diario_derivado;;interna;horaria_agregada;media
2021-01-16;143.75;24;True;0;2463;nivel;Epagri;;;2;False;diaria;e3e929a1cfadc553_diario_derivado;;interna;horaria_agregada;media
2021-01-17;200.0;24;True;0;2463;nivel;Epagri;;;2;False;diaria;e3e929a1cfadc553_diario_derivado;;interna;horaria_agregada;media
2021-01-18;165.5;24;True;0;2463;nivel;Epagri;;;2;False;diaria;e3e929a1cfadc553_diario_derivado;;interna;horaria_agregada;media
2021-01-19;146.08333333333334;24;True;0;2463;nivel;Epagri;;;2;False;diaria;e3e929a1cfadc553_diario_derivado;;interna;horaria_agregada;media
2021-01-20;189.79166666666666;24;True;0;2463;nivel;Epagri;;;2;False;diaria;e3e929a1cfadc553_diario_derivado;;interna;horaria_agregada;media
2021-01-21;216.20833333333334;24;True;0;2463;nivel;Epagri;;;2;False;diaria;e3e929a1cfadc553_diario_derivado;;interna;horaria_agregada;media
2021-01-22;229.79166666666666;24;True;0;2463;nivel;Epagri;;;2;False;diaria;e3e929a1cfadc553_diario_derivado;;interna;horaria_agregada;media
2021-01-23;189.75;24;True;0;2463;nivel;Epagri;;;2;False;diaria;e3e929a1cfadc553_diario_derivado;;interna;horaria_agregada;media
2021-01-24;189.54166666666666;24;True;0;2463;nivel;Epagri;;;2;False;diaria;e3e929a1cfadc553_diario_derivado;;interna;horaria_agregada;media
2021-01-25;179.83333333333334;24;True;0;2463;nivel;Epagri;;;2;False;diaria;e3e929a1cfadc553_diario_derivado;;interna;horaria_agregada;media
2021-01-26;162.70833333333334;24;True;0;2463;nivel;Epagri;;;2;False;diaria;e3e929a1cfadc553_diario_derivado;;interna;horaria_agregada;media
2021-01-27;154.20833333333334;24;True;0;2463;nivel;Epagri;;;2;False;diaria;e3e929a1cfadc553_diario_derivado;;interna;horaria_agregada;media
2021-01-28;184.04166666666666;24;True;0;2463;nivel;Epagri;;;2;False;diaria;e3e929a1cfadc553_diario_derivado;;interna;horaria_agregada;media
2021-01-29;302.0833333333333;24;True;0;2463;nivel;Epagri;;;2;False;diaria;e3e929a1cfadc553_diario_derivado;;interna;horaria_agregada;media
2021-01-30;188.20833333333334;24;True;0;2463;nivel;Epagri;;;2;False;diaria;e3e929a1cfadc553_diario_derivado;;interna;horaria_agregada;media
2021-01-31;167.16666666666666;24;True;0;2463;nivel;Epagri;;;2;False;diaria;e3e929a1cfadc553_diario_derivado;;interna;horaria_agregada;media
2021-02-01;172.08333333333334;24;True;0;2463;nivel;Epagri;;;2;False;diaria;e3e929a1cfadc553_diario_derivado;;interna;horaria_agregada;media
2021-02-02;162.875;24;True;0;2463;nivel;Epagri;;;2;False;diaria;e3e929a1cfadc553_diario_derivado;;interna;horaria_agregada;media
2021-02-03;152.20833333333334;24;True;0;2463;nivel;Epagri;;;2;False;diaria;e3e929a1cfadc553_diario_derivado;;interna;horaria_agregada;media
2021-02-04;146.20833333333334;24;True;0;2463;nivel;Epagri;;;2;False;diaria;e3e929a1cfadc553_diario_derivado;;interna;horaria_agregada;media
2021-02-05;141.29166666666666;24;True;0;2463;nivel;Epagri;;;2;False;diaria;e3e929a1cfadc553_diario_derivado;;interna;horaria_agregada;media
2021-02-06;137.25;24;True;0;2463;nivel;Epagri;;;2;False;diaria;e3e929a1cfadc553_diario_derivado;;interna;horaria_agregada;media
2021-02-07;134.25;24;True;0;2463;nivel;Epagri;;;2;False;diaria;e3e929a1cfadc553_diario_derivado;;interna;horaria_agregada;media
2021-02-08;131.79166666666666;24;True;0;2463;nivel;Epagri;;;2;False;diaria;e3e929a1cfadc553_diario_derivado;;interna;horaria_agregada;media
2021-02-09;129.5;24;True;0;2463;nivel;Epagri;;;2;False;diaria;e3e929a1cfadc553_diario_derivado;;interna;horaria_agregada;media
2021-02-10;127.66666666666667;24;True;0;2463;nivel;Epagri;;;2;False;diaria;e3e929a1cfadc553_diario_derivado;;interna;horaria_agregada;media
2021-02-11;126.08333333333333;24;True;0;2463;nivel;Epagri;;;2;False;diaria;e3e929a1cfadc553_diario_derivado;;interna;horaria_agregada;media
2021-02-12;133.20833333333334;24;True;0;2463;nivel;Epagri;;;2;False;diaria;e3e929a1cfadc553_diario_derivado;;interna;horaria_agregada;media
2021-02-13;144.0;24;True;0;2463;nivel;Epagri;;;2;False;diaria;e3e929a1cfadc553_diario_derivado;;interna;horaria_agregada;media
2021-02-14;161.16666666666666;24;True;0;2463;nivel;Epagri;;;2;False;diaria;e3e929a1cfadc553_diario_derivado;;interna;horaria_agregada;media
2021-02-15;157.375;24;True;0;2463;nivel;Epagri;;;2;False;diaria;e3e929a1cfadc553_diario_derivado;;interna;horaria_agregada;media
2021-02-16;170.29166666666666;24;True;0;2463;nivel;Epagri;;;2;False;diaria;e3e929a1cfadc553_diario_derivado;;interna;horaria_agregada;media
2021-02-17;166.83333333333334;24;True;0;2463;nivel;Epagri;;;2;False;diaria;e3e929a1cfadc553_diario_derivado;;interna;horaria_agregada;media
2021-02-18;149.0;24;True;0;2463;nivel;Epagri;;;2;False;diaria;e3e929a1cfadc553_diario_derivado;;interna;horaria_agregada;media
2021-02-19;136.33333333333334;24;True;0;2463;nivel;Epagri;;;2;False;diaria;e3e929a1cfadc553_diario_derivado;;interna;horaria_agregada;media
2021-02-20;132.08333333333334;24;True;0;2463;nivel;Epagri;;;2;False;diaria;e3e929a1cfadc553_diario_derivado;;interna;horaria_agregada;media
2021-02-21;127.95833333333333;24;True;0;2463;nivel;Epagri;;;2;False;diaria;e3e929a1cfadc553_diario_derivado;;interna;horaria_agregada;media
2021-02-22;125.54166666666667;24;True;0;2463;nivel;Epagri;;;2;False;diaria;e3e929a1cfadc553_diario_derivado;;interna;horaria_agregada;media
2021-02-23;129.875;24;True;0;2463;nivel;Epagri;;;2;False;diaria;e3e929a1cfadc553_diario_derivado;;interna;horaria_agregada;media
2021-02-24;141.625;24;True;0;2463;nivel;Epagri;;;2;False;diaria;e3e929a1cfadc553_diario_derivado;;interna;horaria_agregada;media
2021-02-25;151.66666666666666;24;True;0;2463;nivel;Epagri;;;2;False;diaria;e3e929a1cfadc553_diario_derivado;;interna;horaria_agregada;media
2021-02-26;139.08333333333334;24;True;0;2463;nivel;Epagri;;;2;False;diaria;e3e929a1cfadc553_diario_derivado;;interna;horaria_agregada;media
2021-02-27;228.29166666666666;24;True;0;2463;nivel;Epagri;;;2;False;diaria;e3e929a1cfadc553_diario_derivado;;interna;horaria_agregada;media
2021-02-28;283.7916666666667;24;True;0;2463;nivel;Epagri;;;2;False;diaria;e3e929a1cfadc553_diario_derivado;;interna;horaria_agregada;media
2021-03-01;208.33333333333334;24;True;0;2463;nivel;Epagri;;;2;False;diaria;e3e929a1cfadc553_diario_derivado;;interna;horaria_agregada;media
2021-03-02;202.91666666666666;24;True;0;2463;nivel;Epagri;;;2;False;diaria;e3e929a1cfadc553_diario_derivado;;interna;horaria_agregada;media
2021-03-03;247.625;24;True;0;2463;nivel;Epagri;;;2;False;diaria;e3e929a1cfadc553_diario_derivado;;interna;horaria_agregada;media
2021-03-04;184.04166666666666;24;True;0;2463;nivel;Epagri;;;2;False;diaria;e3e929a1cfadc553_diario_derivado;;interna;horaria_agregada;media
2021-03-05;169.29166666666666;24;True;0;2463;nivel;Epagri;;;2;False;diaria;e3e929a1cfadc553_diario_derivado;;interna;horaria_agregada;media
2021-03-06;160.04166666666666;24;True;0;2463;nivel;Epagri;;;2;False;diaria;e3e929a1cfadc553_diario_derivado;;interna;horaria_agregada;media
2021-03-07;152.0;24;True;0;2463;nivel;Epagri;;;2;False;diaria;e3e929a1cfadc553_diario_derivado;;interna;horaria_agregada;media
2021-03-08;146.375;24;True;0;2463;nivel;Epagri;;;2;False;diaria;e3e929a1cfadc553_diario_derivado;;interna;horaria_agregada;media
2021-03-09;159.625;24;True;0;2463;nivel;Epagri;;;2;False;diaria;e3e929a1cfadc553_diario_derivado;;interna;horaria_agregada;media
2021-03-10;144.45833333333334;24;True;0;2463;nivel;Epagri;;;2;False;diaria;e3e929a1cfadc553_diario_derivado;;interna;horaria_agregada;media
2021-03-11;138.875;24;True;0;2463;nivel;Epagri;;;2;False;diaria;e3e929a1cfadc553_diario_derivado;;interna;horaria_agregada;media
2021-03-12;135.91666666666666;24;True;0;2463;nivel;Epagri;;;2;False;diaria;e3e929a1cfadc553_diario_derivado;;interna;horaria_agregada;media
2021-03-13;133.875;24;True;0;2463;nivel;Epagri;;;2;False;diaria;e3e929a1cfadc553_diario_derivado;;interna;horaria_agregada;media
2021-03-14;135.91666666666666;24;True;0;2463;nivel;Epagri;;;2;False;diaria;e3e929a1cfadc553_diario_derivado;;interna;horaria_agregada;media
2021-03-15;145.45833333333334;24;True;0;2463;nivel;Epagri;;;2;False;diaria;e3e929a1cfadc553_diario_derivado;;interna;horaria_agregada;media
2021-03-16;137.79166666666666;24;True;0;2463;nivel;Epagri;;;2;False;diaria;e3e929a1cfadc553_diario_derivado;;interna;horaria_agregada;media
2021-03-17;130.625;24;True;0;2463;nivel;Epagri;;;2;False;diaria;e3e929a1cfadc553_diario_derivado;;interna;horaria_agregada;media
2021-03-18;130.125;24;True;0;2463;nivel;Epagri;;;2;False;diaria;e3e929a1cfadc553_diario_derivado;;interna;horaria_agregada;media
2021-03-19;127.5;24;True;0;2463;nivel;Epagri;;;2;False;diaria;e3e929a1cfadc553_diario_derivado;;interna;horaria_agregada;media
2021-03-20;125.54166666666667;24;True;0;2463;nivel;Epagri;;;2;False;diaria;e3e929a1cfadc553_diario_derivado;;interna;horaria_agregada;media
2021-03-21;124.125;24;True;0;2463;nivel;Epagri;;;2;False;diaria;e3e929a1cfadc553_diario_derivado;;interna;horaria_agregada;media
2021-03-22;123.0;24;True;0;2463;nivel;Epagri;;;2;False;diaria;e3e929a1cfadc553_diario_derivado;;interna;horaria_agregada;media
2021-03-23;124.95833333333333;24;True;0;2463;nivel;Epagri;;;2;False;diaria;e3e929a1cfadc553_diario_derivado;;interna;horaria_agregada;media
2021-03-24;130.95833333333334;24;True;0;2463;nivel;Epagri;;;2;False;diaria;e3e929a1cfadc553_diario_derivado;;interna;horaria_agregada;media
2021-03-25;123.45833333333333;24;True;0;2463;nivel;Epagri;;;2;False;diaria;e3e929a1cfadc553_diario_derivado;;interna;horaria_agregada;media
2021-03-26;130.125;24;True;0;2463;nivel;Epagri;;;2;False;diaria;e3e929a1cfadc553_diario_derivado;;interna;horaria_agregada;media
2021-03-27;147.625;24;True;0;2463;nivel;Epagri;;;2;False;diaria;e3e929a1cfadc553_diario_derivado;;interna;horaria_agregada;media
2021-03-28;143.625;24;True;0;2463;nivel;Epagri;;;2;False;diaria;e3e929a1cfadc553_diario_derivado;;interna;horaria_agregada;media
2021-03-29;150.16666666666666;24;True;0;2463;nivel;Epagri;;;2;False;diaria;e3e929a1cfadc553_diario_derivado;;interna;horaria_agregada;media
2021-03-30;136.41666666666666;24;True;0;2463;nivel;Epagri;;;2;False;diaria;e3e929a1cfadc553_diario_derivado;;interna;horaria_agregada;media
2021-03-31;126.91666666666667;24;True;0;2463;nivel;Epagri;;;2;False;diaria;e3e929a1cfadc553_diario_derivado;;interna;horaria_agregada;media
2021-04-01;123.75;24;True;0;2463;nivel;Epagri;;;2;False;diaria;e3e929a1cfadc553_diario_derivado;;interna;horaria_agregada;media
2021-04-02;121.875;24;True;0;2463;nivel;Epagri;;;2;False;diaria;e3e929a1cfadc553_diario_derivado;;interna;horaria_agregada;media
2021-04-03;123.375;24;True;0;2463;nivel;Epagri;;;2;False;diaria;e3e929a1cfadc553_diario_derivado;;interna;horaria_agregada;media
2021-04-04;124.83333333333333;24;True;0;2463;nivel;Epagri;;;2;False;diaria;e3e929a1cfadc553_diario_derivado;;interna;horaria_agregada;media
2021-04-05;136.70833333333334;24;True;0;2463;nivel;Epagri;;;2;False;diaria;e3e929a1cfadc553_diario_derivado;;interna;horaria_agregada;media
2021-04-06;126.625;24;True;0;2463;nivel;Epagri;;;2;False;diaria;e3e929a1cfadc553_diario_derivado;;interna;horaria_agregada;media
2021-04-07;127.20833333333333;24;True;0;2463;nivel;Epagri;;;2;False;diaria;e3e929a1cfadc553_diario_derivado;;interna;horaria_agregada;media
2021-04-08;186.375;24;True;0;2463;nivel;Epagri;;;2;False;diaria;e3e929a1cfadc553_diario_derivado;;interna;horaria_agregada;media
2021-04-09;144.91666666666666;24;True;0;2463;nivel;Epagri;;;2;False;diaria;e3e929a1cfadc553_diario_derivado;;interna;horaria_agregada;media
2021-04-10;130.29166666666666;24;True;0;2463;nivel;Epagri;;;2;False;diaria;e3e929a1cfadc553_diario_derivado;;interna;horaria_agregada;media
2021-04-11;125.29166666666667;24;True;0;2463;nivel;Epagri;;;2;False;diaria;e3e929a1cfadc553_diario_derivado;;interna;horaria_agregada;media
2021-04-12;122.16666666666667;24;True;0;2463;nivel;Epagri;;;2;False;diaria;e3e929a1cfadc553_diario_derivado;;interna;horaria_agregada;media
2021-04-13;120.16666666666667;24;True;0;2463;nivel;Epagri;;;2;False;diaria;e3e929a1cfadc553_diario_derivado;;interna;horaria_agregada;media
2021-04-14;118.70833333333333;24;True;0;2463;nivel;Epagri;;;2;False;diaria;e3e929a1cfadc553_diario_derivado;;interna;horaria_agregada;media
2021-04-15;117.66666666666667;24;True;0;2463;nivel;Epagri;;;2;False;diaria;e3e929a1cfadc553_diario_derivado;;interna;horaria_agregada;media
2021-04-16;116.70833333333333;24;True;0;2463;nivel;Epagri;;;2;False;diaria;e3e929a1cfadc553_diario_derivado;;interna;horaria_agregada;media
2021-04-17;118.625;24;True;0;2463;nivel;Epagri;;;2;False;diaria;e3e929a1cfadc553_diario_derivado;;interna;horaria_agregada;media
2021-04-18;120.79166666666667;24;True;0;2463;nivel;Epagri;;;2;False;diaria;e3e929a1cfadc553_diario_derivado;;interna;horaria_agregada;media
2021-04-19;135.0;24;True;0;2463;nivel;Epagri;;;2;False;diaria;e3e929a1cfadc553_diario_derivado;;interna;horaria_agregada;media
2021-04-20;129.91666666666666;24;True;0;2463;nivel;Epagri;;;2;False;diaria;e3e929a1cfadc553_diario_derivado;;interna;horaria_agregada;media
2021-04-21;198.125;24;True;0;2463;nivel;Epagri;;;2;False;diaria;e3e929a1cfadc553_diario_derivado;;interna;horaria_agregada;media
2021-04-22;185.29166666666666;24;True;0;2463;nivel;Epagri;;;2;False;diaria;e3e929a1cfadc553_diario_derivado;;interna;horaria_agregada;media
2021-04-23;139.125;24;True;0;2463;nivel;Epagri;;;2;False;diaria;e3e929a1cfadc553_diario_derivado;;interna;horaria_agregada;media
2021-04-24;131.625;24;True;0;2463;nivel;Epagri;;;2;False;diaria;e3e929a1cfadc553_diario_derivado;;interna;horaria_agregada;media
2021-04-25;127.125;24;True;0;2463;nivel;Epagri;;;2;False;diaria;e3e929a1cfadc553_diario_derivado;;interna;horaria_agregada;media
2021-04-26;123.91666666666667;24;True;0;2463;nivel;Epagri;;;2;False;diaria;e3e929a1cfadc553_diario_derivado;;interna;horaria_agregada;media
2021-04-27;121.45833333333333;24;True;0;2463;nivel;Epagri;;;2;False;diaria;e3e929a1cfadc553_diario_derivado;;interna;horaria_agregada;media
2021-04-28;119.75;24;True;0;2463;nivel;Epagri;;;2;False;diaria;e3e929a1cfadc553_diario_derivado;;interna;horaria_agregada;media
2021-04-29;118.33333333333333;24;True;0;2463;nivel;Epagri;;;2;False;diaria;e3e929a1cfadc553_diario_derivado;;interna;horaria_agregada;media
2021-04-30;116.91666666666667;24;True;0;2463;nivel;Epagri;;;2;False;diaria;e3e929a1cfadc553_diario_derivado;;interna;horaria_agregada;media
2021-05-01;116.0;24;True;0;2463;nivel;Epagri;;;2;False;diaria;e3e929a1cfadc553_diario_derivado;;interna;horaria_agregada;media
2021-05-02;115.79166666666667;24;True;0;2463;nivel;Epagri;;;2;False;diaria;e3e929a1cfadc553_diario_derivado;;interna;horaria_agregada;media
2021-05-03;114.83333333333333;24;True;0;2463;nivel;Epagri;;;2;False;diaria;e3e929a1cfadc553_diario_derivado;;interna;horaria_agregada;media
2021-05-04;114.0;24;True;0;2463;nivel;Epagri;;;2;False;diaria;e3e929a1cfadc553_diario_derivado;;interna;horaria_agregada;media
2021-05-05;113.29166666666667;24;True;0;2463;nivel;Epagri;;;2;False;diaria;e3e929a1cfadc553_diario_derivado;;interna;horaria_agregada;media
2021-05-06;141.70833333333334;24;True;0;2463;nivel;Epagri;;;2;False;diaria;e3e929a1cfadc553_diario_derivado;;interna;horaria_agregada;media
2021-05-07;140.58333333333334;24;True;0;2463;nivel;Epagri;;;2;False;diaria;e3e929a1cfadc553_diario_derivado;;interna;horaria_agregada;media
2021-05-08;118.95833333333333;24;True;0;2463;nivel;Epagri;;;2;False;diaria;e3e929a1cfadc553_diario_derivado;;interna;horaria_agregada;media
2021-05-09;115.70833333333333;24;True;0;2463;nivel;Epagri;;;2;False;diaria;e3e929a1cfadc553_diario_derivado;;interna;horaria_agregada;media
2021-05-10;139.54166666666666;24;True;0;2463;nivel;Epagri;;;2;False;diaria;e3e929a1cfadc553_diario_derivado;;interna;horaria_agregada;media
2021-05-11;124.08333333333333;24;True;0;2463;nivel;Epagri;;;2;False;diaria;e3e929a1cfadc553_diario_derivado;;interna;horaria_agregada;media
2021-05-12;136.5;24;True;0;2463;nivel;Epagri;;;2;False;diaria;e3e929a1cfadc553_diario_derivado;;interna;horaria_agregada;media
2021-05-13;124.04166666666667;24;True;0;2463;nivel;Epagri;;;2;False;diaria;e3e929a1cfadc553_diario_derivado;;interna;horaria_agregada;media
2021-05-14;118.58333333333333;24;True;0;2463;nivel;Epagri;;;2;False;diaria;e3e929a1cfadc553_diario_derivado;;interna;horaria_agregada;media
2021-05-15;116.66666666666667;24;True;0;2463;nivel;Epagri;;;2;False;diaria;e3e929a1cfadc553_diario_derivado;;interna;horaria_agregada;media
2021-05-16;115.375;24;True;0;2463;nivel;Epagri;;;2;False;diaria;e3e929a1cfadc553_diario_derivado;;interna;horaria_agregada;media
2021-05-17;114.375;24;True;0;2463;nivel;Epagri;;;2;False;diaria;e3e929a1cfadc553_diario_derivado;;interna;horaria_agregada;media
2021-05-18;113.08333333333333;24;True;0;2463;nivel;Epagri;;;2;False;diaria;e3e929a1cfadc553_diario_derivado;;interna;horaria_agregada;media
2021-05-19;112.08333333333333;24;True;0;2463;nivel;Epagri;;;2;False;diaria;e3e929a1cfadc553_diario_derivado;;interna;horaria_agregada;media
2021-05-20;111.83333333333333;24;True;0;2463;nivel;Epagri;;;2;False;diaria;e3e929a1cfadc553_diario_derivado;;interna;horaria_agregada;media
2021-05-21;111.0;24;True;0;2463;nivel;Epagri;;;2;False;diaria;e3e929a1cfadc553_diario_derivado;;interna;horaria_agregada;media
2021-05-22;129.45833333333334;24;True;0;2463;nivel;Epagri;;;2;False;diaria;e3e929a1cfadc553_diario_derivado;;interna;horaria_agregada;media
2021-05-23;114.91666666666667;24;True;0;2463;nivel;Epagri;;;2;False;diaria;e3e929a1cfadc553_diario_derivado;;interna;horaria_agregada;media
2021-05-24;111.20833333333333;24;True;0;2463;nivel;Epagri;;;2;False;diaria;e3e929a1cfadc553_diario_derivado;;interna;horaria_agregada;media
2021-05-25;110.0;24;True;0;2463;nivel;Epagri;;;2;False;diaria;e3e929a1cfadc553_diario_derivado;;interna;horaria_agregada;media
2021-05-26;109.33333333333333;24;True;0;2463;nivel;Epagri;;;2;False;diaria;e3e929a1cfadc553_diario_derivado;;interna;horaria_agregada;media
2021-05-27;109.0;24;True;0;2463;nivel;Epagri;;;2;False;diaria;e3e929a1cfadc553_diario_derivado;;interna;horaria_agregada;media
2021-05-28;108.45833333333333;24;True;0;2463;nivel;Epagri;;;2;False;diaria;e3e929a1cfadc553_diario_derivado;;interna;horaria_agregada;media
2021-05-29;138.66666666666666;24;True;0;2463;nivel;Epagri;;;2;False;diaria;e3e929a1cfadc553_diario_derivado;;interna;horaria_agregada;media
2021-05-30;116.16666666666667;24;True;0;2463;nivel;Epagri;;;2;False;diaria;e3e929a1cfadc553_diario_derivado;;interna;horaria_agregada;media
2021-05-31;112.33333333333333;24;True;0;2463;nivel;Epagri;;;2;False;diaria;e3e929a1cfadc553_diario_derivado;;interna;horaria_agregada;media
2021-06-01;110.79166666666667;24;True;0;2463;nivel;Epagri;;;2;False;diaria;e3e929a1cfadc553_diario_derivado;;interna;horaria_agregada;media
2021-06-02;109.875;24;True;0;2463;nivel;Epagri;;;2;False;diaria;e3e929a1cfadc553_diario_derivado;;interna;horaria_agregada;media
2021-06-03;109.0;24;True;0;2463;nivel;Epagri;;;2;False;diaria;e3e929a1cfadc553_diario_derivado;;interna;horaria_agregada;media
2021-06-04;108.91666666666667;24;True;0;2463;nivel;Epagri;;;2;False;diaria;e3e929a1cfadc553_diario_derivado;;interna;horaria_agregada;media
2021-06-05;108.0;24;True;0;2463;nivel;Epagri;;;2;False;diaria;e3e929a1cfadc553_diario_derivado;;interna;horaria_agregada;media
2021-06-06;108.04166666666667;24;True;0;2463;nivel;Epagri;;;2;False;diaria;e3e929a1cfadc553_diario_derivado;;interna;horaria_agregada;media
2021-06-07;126.5;24;True;0;2463;nivel;Epagri;;;2;False;diaria;e3e929a1cfadc553_diario_derivado;;interna;horaria_agregada;media
2021-06-08;135.375;24;True;0;2463;nivel;Epagri;;;2;False;diaria;e3e929a1cfadc553_diario_derivado;;interna;horaria_agregada;media
2021-06-09;317.5833333333333;24;True;0;2463;nivel;Epagri;;;2;False;diaria;e3e929a1cfadc553_diario_derivado;;interna;horaria_agregada;media
2021-06-10;170.20833333333334;24;True;0;2463;nivel;Epagri;;;2;False;diaria;e3e929a1cfadc553_diario_derivado;;interna;horaria_agregada;media
2021-06-11;155.95833333333334;24;True;0;2463;nivel;Epagri;;;2;False;diaria;e3e929a1cfadc553_diario_derivado;;interna;horaria_agregada;media
2021-06-12;137.91666666666666;24;True;0;2463;nivel;Epagri;;;2;False;diaria;e3e929a1cfadc553_diario_derivado;;interna;horaria_agregada;media
2021-06-13;131.08333333333334;24;True;0;2463;nivel;Epagri;;;2;False;diaria;e3e929a1cfadc553_diario_derivado;;interna;horaria_agregada;media
2021-06-14;126.83333333333333;24;True;0;2463;nivel;Epagri;;;2;False;diaria;e3e929a1cfadc553_diario_derivado;;interna;horaria_agregada;media
2021-06-15;123.875;24;True;0;2463;nivel;Epagri;;;2;False;diaria;e3e929a1cfadc553_diario_derivado;;interna;horaria_agregada;media
2021-06-16;121.75;24;True;0;2463;nivel;Epagri;;;2;False;diaria;e3e929a1cfadc553_diario_derivado;;interna;horaria_agregada;media
2021-06-17;119.875;24;True;0;2463;nivel;Epagri;;;2;False;diaria;e3e929a1cfadc553_diario_derivado;;interna;horaria_agregada;media
2021-06-18;118.58333333333333;24;True;0;2463;nivel;Epagri;;;2;False;diaria;e3e929a1cfadc553_diario_derivado;;interna;horaria_agregada;media
2021-06-19;213.875;24;True;0;2463;nivel;Epagri;;;2;False;diaria;e3e929a1cfadc553_diario_derivado;;interna;horaria_agregada;media
2021-06-20;217.66666666666666;24;True;0;2463;nivel;Epagri;;;2;False;diaria;e3e929a1cfadc553_diario_derivado;;interna;horaria_agregada;media
2021-06-21;152.45833333333334;24;True;0;2463;nivel;Epagri;;;2;False;diaria;e3e929a1cfadc553_diario_derivado;;interna;horaria_agregada;media
2021-06-22;141.45833333333334;24;True;0;2463;nivel;Epagri;;;2;False;diaria;e3e929a1cfadc553_diario_derivado;;interna;horaria_agregada;media
2021-06-23;135.83333333333334;24;True;0;2463;nivel;Epagri;;;2;False;diaria;e3e929a1cfadc553_diario_derivado;;interna;horaria_agregada;media
2021-06-24;133.75;24;True;0;2463;nivel;Epagri;;;2;False;diaria;e3e929a1cfadc553_diario_derivado;;interna;horaria_agregada;media
2021-06-25;131.875;24;True;0;2463;nivel;Epagri;;;2;False;diaria;e3e929a1cfadc553_diario_derivado;;interna;horaria_agregada;media
2021-06-26;141.70833333333334;24;True;0;2463;nivel;Epagri;;;2;False;diaria;e3e929a1cfadc553_diario_derivado;;interna;horaria_agregada;media
2021-06-27;130.79166666666666;24;True;0;2463;nivel;Epagri;;;2;False;diaria;e3e929a1cfadc553_diario_derivado;;interna;horaria_agregada;media
2021-06-28;192.20833333333334;24;True;0;2463;nivel;Epagri;;;2;False;diaria;e3e929a1cfadc553_diario_derivado;;interna;horaria_agregada;media
2021-06-29;192.5;24;True;0;2463;nivel;Epagri;;;2;False;diaria;e3e929a1cfadc553_diario_derivado;;interna;horaria_agregada;media
2021-06-30;146.0;24;True;0;2463;nivel;Epagri;;;2;False;diaria;e3e929a1cfadc553_diario_derivado;;interna;horaria_agregada;media
2021-07-01;138.58333333333334;24;True;0;2463;nivel;Epagri;;;2;False;diaria;e3e929a1cfadc553_diario_derivado;;interna;horaria_agregada;media
2021-07-02;134.58333333333334;24;True;0;2463;nivel;Epagri;;;2;False;diaria;e3e929a1cfadc553_diario_derivado;;interna;horaria_agregada;media
2021-07-03;131.08333333333334;24;True;0;2463;nivel;Epagri;;;2;False;diaria;e3e929a1cfadc553_diario_derivado;;interna;horaria_agregada;media
2021-07-04;128.58333333333334;24;True;0;2463;nivel;Epagri;;;2;False;diaria;e3e929a1cfadc553_diario_derivado;;interna;horaria_agregada;media
2021-07-05;126.66666666666667;24;True;0;2463;nivel;Epagri;;;2;False;diaria;e3e929a1cfadc553_diario_derivado;;interna;horaria_agregada;media
2021-07-06;125.0;24;True;0;2463;nivel;Epagri;;;2;False;diaria;e3e929a1cfadc553_diario_derivado;;interna;horaria_agregada;media
2021-07-07;125.875;24;True;0;2463;nivel;Epagri;;;2;False;diaria;e3e929a1cfadc553_diario_derivado;;interna;horaria_agregada;media
2021-07-08;123.16666666666667;24;True;0;2463;nivel;Epagri;;;2;False;diaria;e3e929a1cfadc553_diario_derivado;;interna;horaria_agregada;media
2021-07-09;121.5;24;True;0;2463;nivel;Epagri;;;2;False;diaria;e3e929a1cfadc553_diario_derivado;;interna;horaria_agregada;media
2021-07-10;120.58333333333333;24;True;0;2463;nivel;Epagri;;;2;False;diaria;e3e929a1cfadc553_diario_derivado;;interna;horaria_agregada;media
2021-07-11;119.08333333333333;24;True;0;2463;nivel;Epagri;;;2;False;diaria;e3e929a1cfadc553_diario_derivado;;interna;horaria_agregada;media
2021-07-12;118.0;24;True;0;2463;nivel;Epagri;;;2;False;diaria;e3e929a1cfadc553_diario_derivado;;interna;horaria_agregada;media
2021-07-13;117.625;24;True;0;2463;nivel;Epagri;;;2;False;diaria;e3e929a1cfadc553_diario_derivado;;interna;horaria_agregada;media
2021-07-14;116.75;24;True;0;2463;nivel;Epagri;;;2;False;diaria;e3e929a1cfadc553_diario_derivado;;interna;horaria_agregada;media
2021-07-15;116.25;24;True;0;2463;nivel;Epagri;;;2;False;diaria;e3e929a1cfadc553_diario_derivado;;interna;horaria_agregada;media
2021-07-16;116.08333333333333;24;True;0;2463;nivel;Epagri;;;2;False;diaria;e3e929a1cfadc553_diario_derivado;;interna;horaria_agregada;media
2021-07-17;116.25;24;True;0;2463;nivel;Epagri;;;2;False;diaria;e3e929a1cfadc553_diario_derivado;;interna;horaria_agregada;media
2021-07-18;115.0;24;True;0;2463;nivel;Epagri;;;2;False;diaria;e3e929a1cfadc553_diario_derivado;;interna;horaria_agregada;media
2021-07-19;113.04166666666667;24;True;0;2463;nivel;Epagri;;;2;False;diaria;e3e929a1cfadc553_diario_derivado;;interna;horaria_agregada;media
2021-07-20;112.0;24;True;0;2463;nivel;Epagri;;;2;False;diaria;e3e929a1cfadc553_diario_derivado;;interna;horaria_agregada;media
2021-07-21;111.95833333333333;24;True;0;2463;nivel;Epagri;;;2;False;diaria;e3e929a1cfadc553_diario_derivado;;interna;horaria_agregada;media
2021-07-22;111.0;24;True;0;2463;nivel;Epagri;;;2;False;diaria;e3e929a1cfadc553_diario_derivado;;interna;horaria_agregada;media
2021-07-23;110.95833333333333;24;True;0;2463;nivel;Epagri;;;2;False;diaria;e3e929a1cfadc553_diario_derivado;;interna;horaria_agregada;media
2021-07-24;110.5;24;True;0;2463;nivel;Epagri;;;2;False;diaria;e3e929a1cfadc553_diario_derivado;;interna;horaria_agregada;media
2021-07-25;110.0;24;True;0;2463;nivel;Epagri;;;2;False;diaria;e3e929a1cfadc553_diario_derivado;;interna;horaria_agregada;media
2021-07-26;109.95833333333333;24;True;0;2463;nivel;Epagri;;;2;False;diaria;e3e929a1cfadc553_diario_derivado;;interna;horaria_agregada;media
2021-07-27;111.08333333333333;24;True;0;2463;nivel;Epagri;;;2;False;diaria;e3e929a1cfadc553_diario_derivado;;interna;horaria_agregada;media
2021-07-28;111.125;24;True;0;2463;nivel;Epagri;;;2;False;diaria;e3e929a1cfadc553_diario_derivado;;interna;horaria_agregada;media
2021-07-29;108.54166666666667;24;True;0;2463;nivel;Epagri;;;2;False;diaria;e3e929a1cfadc553_diario_derivado;;interna;horaria_agregada;media
2021-07-30;108.0;24;True;0;2463;nivel;Epagri;;;2;False;diaria;e3e929a1cfadc553_diario_derivado;;interna;horaria_agregada;media
2021-07-31;107.91666666666667;24;True;0;2463;nivel;Epagri;;;2;False;diaria;e3e929a1cfadc553_diario_derivado;;interna;horaria_agregada;media
2021-08-01;108.0;24;True;0;2463;nivel;Epagri;;;2;False;diaria;e3e929a1cfadc553_diario_derivado;;interna;horaria_agregada;media
2021-08-02;108.0;24;True;0;2463;nivel;Epagri;;;2;False;diaria;e3e929a1cfadc553_diario_derivado;;interna;horaria_agregada;media
2021-08-03;107.79166666666667;24;True;0;2463;nivel;Epagri;;;2;False;diaria;e3e929a1cfadc553_diario_derivado;;interna;horaria_agregada;media
2021-08-04;107.0;24;True;0;2463;nivel;Epagri;;;2;False;diaria;e3e929a1cfadc553_diario_derivado;;interna;horaria_agregada;media
2021-08-05;110.16666666666667;24;True;0;2463;nivel;Epagri;;;2;False;diaria;e3e929a1cfadc553_diario_derivado;;interna;horaria_agregada;media
2021-08-06;111.91666666666667;24;True;0;2463;nivel;Epagri;;;2;False;diaria;e3e929a1cfadc553_diario_derivado;;interna;horaria_agregada;media
2021-08-07;132.79166666666666;24;True;0;2463;nivel;Epagri;;;2;False;diaria;e3e929a1cfadc553_diario_derivado;;interna;horaria_agregada;media
2021-08-08;117.83333333333333;24;True;0;2463;nivel;Epagri;;;2;False;diaria;e3e929a1cfadc553_diario_derivado;;interna;horaria_agregada;media
2021-08-09;110.70833333333333;24;True;0;2463;nivel;Epagri;;;2;False;diaria;e3e929a1cfadc553_diario_derivado;;interna;horaria_agregada;media
2021-08-10;108.625;24;True;0;2463;nivel;Epagri;;;2;False;diaria;e3e929a1cfadc553_diario_derivado;;interna;horaria_agregada;media
2021-08-11;119.04166666666667;24;True;0;2463;nivel;Epagri;;;2;False;diaria;e3e929a1cfadc553_diario_derivado;;interna;horaria_agregada;media
2021-08-12;112.08333333333333;24;True;0;2463;nivel;Epagri;;;2;False;diaria;e3e929a1cfadc553_diario_derivado;;interna;horaria_agregada;media
2021-08-13;108.83333333333333;24;True;0;2463;nivel;Epagri;;;2;False;diaria;e3e929a1cfadc553_diario_derivado;;interna;horaria_agregada;media
2021-08-14;128.625;24;True;0;2463;nivel;Epagri;;;2;False;diaria;e3e929a1cfadc553_diario_derivado;;interna;horaria_agregada;media
2021-08-15;118.54166666666667;24;True;0;2463;nivel;Epagri;;;2;False;diaria;e3e929a1cfadc553_diario_derivado;;interna;horaria_agregada;media
2021-08-16;112.45833333333333;24;True;0;2463;nivel;Epagri;;;2;False;diaria;e3e929a1cfadc553_diario_derivado;;interna;horaria_agregada;media
2021-08-17;110.20833333333333;24;True;0;2463;nivel;Epagri;;;2;False;diaria;e3e929a1cfadc553_diario_derivado;;interna;horaria_agregada;media
2021-08-18;108.79166666666667;24;True;0;2463;nivel;Epagri;;;2;False;diaria;e3e929a1cfadc553_diario_derivado;;interna;horaria_agregada;media
2021-08-19;107.91666666666667;24;True;0;2463;nivel;Epagri;;;2;False;diaria;e3e929a1cfadc553_diario_derivado;;interna;horaria_agregada;media
2021-08-20;106.83333333333333;24;True;0;2463;nivel;Epagri;;;2;False;diaria;e3e929a1cfadc553_diario_derivado;;interna;horaria_agregada;media
2021-08-21;105.83333333333333;24;True;0;2463;nivel;Epagri;;;2;False;diaria;e3e929a1cfadc553_diario_derivado;;interna;horaria_agregada;media
2021-08-22;105.0;24;True;0;2463;nivel;Epagri;;;2;False;diaria;e3e929a1cfadc553_diario_derivado;;interna;horaria_agregada;media
2021-08-23;104.95833333333333;24;True;0;2463;nivel;Epagri;;;2;False;diaria;e3e929a1cfadc553_diario_derivado;;interna;horaria_agregada;media
2021-08-24;104.5;24;True;0;2463;nivel;Epagri;;;2;False;diaria;e3e929a1cfadc553_diario_derivado;;interna;horaria_agregada;media
2021-08-25;104.16666666666667;24;True;0;2463;nivel;Epagri;;;2;False;diaria;e3e929a1cfadc553_diario_derivado;;interna;horaria_agregada;media
2021-08-26;104.0;24;True;0;2463;nivel;Epagri;;;2;False;diaria;e3e929a1cfadc553_diario_derivado;;interna;horaria_agregada;media
2021-08-27;103.625;24;True;0;2463;nivel;Epagri;;;2;False;diaria;e3e929a1cfadc553_diario_derivado;;interna;horaria_agregada;media
2021-08-28;103.0;24;True;0;2463;nivel;Epagri;;;2;False;diaria;e3e929a1cfadc553_diario_derivado;;interna;horaria_agregada;media
2021-08-29;103.58333333333333;24;True;0;2463;nivel;Epagri;;;2;False;diaria;e3e929a1cfadc553_diario_derivado;;interna;horaria_agregada;media
2021-08-30;106.875;24;True;0;2463;nivel;Epagri;;;2;False;diaria;e3e929a1cfadc553_diario_derivado;;interna;horaria_agregada;media
2021-08-31;120.83333333333333;24;True;0;2463;nivel;Epagri;;;2;False;diaria;e3e929a1cfadc553_diario_derivado;;interna;horaria_agregada;media
2021-09-01;108.5;24;True;0;2463;nivel;Epagri;;;2;False;diaria;e3e929a1cfadc553_diario_derivado;;interna;horaria_agregada;media
2021-09-02;105.91666666666667;24;True;0;2463;nivel;Epagri;;;2;False;diaria;e3e929a1cfadc553_diario_derivado;;interna;horaria_agregada;media
2021-09-03;104.79166666666667;24;True;0;2463;nivel;Epagri;;;2;False;diaria;e3e929a1cfadc553_diario_derivado;;interna;horaria_agregada;media
2021-09-04;105.16666666666667;24;True;0;2463;nivel;Epagri;;;2;False;diaria;e3e929a1cfadc553_diario_derivado;;interna;horaria_agregada;media
2021-09-05;107.41666666666667;24;True;0;2463;nivel;Epagri;;;2;False;diaria;e3e929a1cfadc553_diario_derivado;;interna;horaria_agregada;media
2021-09-06;105.625;24;True;0;2463;nivel;Epagri;;;2;False;diaria;e3e929a1cfadc553_diario_derivado;;interna;horaria_agregada;media
2021-09-07;138.45833333333334;24;True;0;2463;nivel;Epagri;;;2;False;diaria;e3e929a1cfadc553_diario_derivado;;interna;horaria_agregada;media
2021-09-08;198.95833333333334;24;True;0;2463;nivel;Epagri;;;2;False;diaria;e3e929a1cfadc553_diario_derivado;;interna;horaria_agregada;media
2021-09-09;148.16666666666666;24;True;0;2463;nivel;Epagri;;;2;False;diaria;e3e929a1cfadc553_diario_derivado;;interna;horaria_agregada;media
2021-09-10;121.66666666666667;24;True;0;2463;nivel;Epagri;;;2;False;diaria;e3e929a1cfadc553_diario_derivado;;interna;horaria_agregada;media
2021-09-11;115.29166666666667;24;True;0;2463;nivel;Epagri;;;2;False;diaria;e3e929a1cfadc553_diario_derivado;;interna;horaria_agregada;media
2021-09-12;112.5;24;True;0;2463;nivel;Epagri;;;2;False;diaria;e3e929a1cfadc553_diario_derivado;;interna;horaria_agregada;media
2021-09-13;110.75;24;True;0;2463;nivel;Epagri;;;2;False;diaria;e3e929a1cfadc553_diario_derivado;;interna;horaria_agregada;media
2021-09-14;128.04166666666666;24;True;0;2463;nivel;Epagri;;;2;False;diaria;e3e929a1cfadc553_diario_derivado;;interna;horaria_agregada;media
2021-09-15;117.54166666666667;24;True;0;2463;nivel;Epagri;;;2;False;diaria;e3e929a1cfadc553_diario_derivado;;interna;horaria_agregada;media
2021-09-16;111.75;24;True;0;2463;nivel;Epagri;;;2;False;diaria;e3e929a1cfadc553_diario_derivado;;interna;horaria_agregada;media
2021-09-17;151.625;24;True;0;2463;nivel;Epagri;;;2;False;diaria;e3e929a1cfadc553_diario_derivado;;interna;horaria_agregada;media
2021-09-18;157.25;24;True;0;2463;nivel;Epagri;;;2;False;diaria;e3e929a1cfadc553_diario_derivado;;interna;horaria_agregada;media
2021-09-19;127.125;24;True;0;2463;nivel;Epagri;;;2;False;diaria;e3e929a1cfadc553_diario_derivado;;interna;horaria_agregada;media
2021-09-20;123.04166666666667;24;True;0;2463;nivel;Epagri;;;2;False;diaria;e3e929a1cfadc553_diario_derivado;;interna;horaria_agregada;media
2021-09-21;119.25;24;True;0;2463;nivel;Epagri;;;2;False;diaria;e3e929a1cfadc553_diario_derivado;;interna;horaria_agregada;media
2021-09-22;115.25;24;True;0;2463;nivel;Epagri;;;2;False;diaria;e3e929a1cfadc553_diario_derivado;;interna;horaria_agregada;media
2021-09-23;113.16666666666667;24;True;0;2463;nivel;Epagri;;;2;False;diaria;e3e929a1cfadc553_diario_derivado;;interna;horaria_agregada;media
2021-09-24;112.0;24;True;0;2463;nivel;Epagri;;;2;False;diaria;e3e929a1cfadc553_diario_derivado;;interna;horaria_agregada;media
2021-09-25;110.95833333333333;24;True;0;2463;nivel;Epagri;;;2;False;diaria;e3e929a1cfadc553_diario_derivado;;interna;horaria_agregada;media
2021-09-26;109.91666666666667;24;True;0;2463;nivel;Epagri;;;2;False;diaria;e3e929a1cfadc553_diario_derivado;;interna;horaria_agregada;media
2021-09-27;108.95833333333333;24;True;0;2463;nivel;Epagri;;;2;False;diaria;e3e929a1cfadc553_diario_derivado;;interna;horaria_agregada;media
2021-09-28;108.16666666666667;24;True;0;2463;nivel;Epagri;;;2;False;diaria;e3e929a1cfadc553_diario_derivado;;interna;horaria_agregada;media
2021-09-29;114.20833333333333;24;True;0;2463;nivel;Epagri;;;2;False;diaria;e3e929a1cfadc553_diario_derivado;;interna;horaria_agregada;media
2021-09-30;115.625;24;True;0;2463;nivel;Epagri;;;2;False;diaria;e3e929a1cfadc553_diario_derivado;;interna;horaria_agregada;media
2021-10-01;179.33333333333334;24;True;0;2463;nivel;Epagri;;;2;False;diaria;e3e929a1cfadc553_diario_derivado;;interna;horaria_agregada;media
2021-10-02;126.16666666666667;24;True;0;2463;nivel;Epagri;;;2;False;diaria;e3e929a1cfadc553_diario_derivado;;interna;horaria_agregada;media
2021-10-03;118.95833333333333;24;True;0;2463;nivel;Epagri;;;2;False;diaria;e3e929a1cfadc553_diario_derivado;;interna;horaria_agregada;media
2021-10-04;116.16666666666667;24;True;0;2463;nivel;Epagri;;;2;False;diaria;e3e929a1cfadc553_diario_derivado;;interna;horaria_agregada;media
2021-10-05;114.875;24;True;0;2463;nivel;Epagri;;;2;False;diaria;e3e929a1cfadc553_diario_derivado;;interna;horaria_agregada;media
2021-10-06;122.25;24;True;0;2463;nivel;Epagri;;;2;False;diaria;e3e929a1cfadc553_diario_derivado;;interna;horaria_agregada;media
2021-10-07;136.54166666666666;24;True;0;2463;nivel;Epagri;;;2;False;diaria;e3e929a1cfadc553_diario_derivado;;interna;horaria_agregada;media
2021-10-08;118.79166666666667;24;True;0;2463;nivel;Epagri;;;2;False;diaria;e3e929a1cfadc553_diario_derivado;;interna;horaria_agregada;media
2021-10-09;189.54166666666666;24;True;0;2463;nivel;Epagri;;;2;False;diaria;e3e929a1cfadc553_diario_derivado;;interna;horaria_agregada;media
2021-10-10;184.45833333333334;24;True;0;2463;nivel;Epagri;;;2;False;diaria;e3e929a1cfadc553_diario_derivado;;interna;horaria_agregada;media
2021-10-11;171.95833333333334;24;True;0;2463;nivel;Epagri;;;2;False;diaria;e3e929a1cfadc553_diario_derivado;;interna;horaria_agregada;media
2021-10-12;405.0;24;True;0;2463;nivel;Epagri;;;2;False;diaria;e3e929a1cfadc553_diario_derivado;;interna;horaria_agregada;media
2021-10-13;256.125;24;True;0;2463;nivel;Epagri;;;2;False;diaria;e3e929a1cfadc553_diario_derivado;;interna;horaria_agregada;media
2021-10-14;201.66666666666666;24;True;0;2463;nivel;Epagri;;;2;False;diaria;e3e929a1cfadc553_diario_derivado;;interna;horaria_agregada;media
2021-10-15;182.25;24;True;0;2463;nivel;Epagri;;;2;False;diaria;e3e929a1cfadc553_diario_derivado;;interna;horaria_agregada;media
2021-10-16;174.75;24;True;0;2463;nivel;Epagri;;;2;False;diaria;e3e929a1cfadc553_diario_derivado;;interna;horaria_agregada;media
2021-10-17;158.375;24;True;0;2463;nivel;Epagri;;;2;False;diaria;e3e929a1cfadc553_diario_derivado;;interna;horaria_agregada;media
2021-10-18;158.375;24;True;0;2463;nivel;Epagri;;;2;False;diaria;e3e929a1cfadc553_diario_derivado;;interna;horaria_agregada;media
2021-10-19;148.41666666666666;24;True;0;2463;nivel;Epagri;;;2;False;diaria;e3e929a1cfadc553_diario_derivado;;interna;horaria_agregada;media
2021-10-20;141.70833333333334;24;True;0;2463;nivel;Epagri;;;2;False;diaria;e3e929a1cfadc553_diario_derivado;;interna;horaria_agregada;media
2021-10-21;152.41666666666666;24;True;0;2463;nivel;Epagri;;;2;False;diaria;e3e929a1cfadc553_diario_derivado;;interna;horaria_agregada;media
2021-10-22;139.45833333333334;24;True;0;2463;nivel;Epagri;;;2;False;diaria;e3e929a1cfadc553_diario_derivado;;interna;horaria_agregada;media
2021-10-23;134.91666666666666;24;True;0;2463;nivel;Epagri;;;2;False;diaria;e3e929a1cfadc553_diario_derivado;;interna;horaria_agregada;media
2021-10-24;132.5;24;True;0;2463;nivel;Epagri;;;2;False;diaria;e3e929a1cfadc553_diario_derivado;;interna;horaria_agregada;media
2021-10-25;129.125;24;True;0;2463;nivel;Epagri;;;2;False;diaria;e3e929a1cfadc553_diario_derivado;;interna;horaria_agregada;media
2021-10-26;127.04166666666667;24;True;0;2463;nivel;Epagri;;;2;False;diaria;e3e929a1cfadc553_diario_derivado;;interna;horaria_agregada;media
2021-10-27;124.91666666666667;24;True;0;2463;nivel;Epagri;;;2;False;diaria;e3e929a1cfadc553_diario_derivado;;interna;horaria_agregada;media
2021-10-28;123.75;24;True;0;2463;nivel;Epagri;;;2;False;diaria;e3e929a1cfadc553_diario_derivado;;interna;horaria_agregada;media
2021-10-29;134.875;24;True;0;2463;nivel;Epagri;;;2;False;diaria;e3e929a1cfadc553_diario_derivado;;interna;horaria_agregada;media
2021-10-30;166.08333333333334;24;True;0;2463;nivel;Epagri;;;2;False;diaria;e3e929a1cfadc553_diario_derivado;;interna;horaria_agregada;media
2021-10-31;218.79166666666666;24;True;0;2463;nivel;Epagri;;;2;False;diaria;e3e929a1cfadc553_diario_derivado;;interna;horaria_agregada;media
2021-11-01;188.33333333333334;24;True;0;2463;nivel;Epagri;;;2;False;diaria;e3e929a1cfadc553_diario_derivado;;interna;horaria_agregada;media
2021-11-02;165.0;24;True;0;2463;nivel;Epagri;;;2;False;diaria;e3e929a1cfadc553_diario_derivado;;interna;horaria_agregada;media
2021-11-03;146.375;24;True;0;2463;nivel;Epagri;;;2;False;diaria;e3e929a1cfadc553_diario_derivado;;interna;horaria_agregada;media
2021-11-04;;17;False;0;2463;nivel;Epagri;;;2;False;diaria;e3e929a1cfadc553_diario_derivado;;interna;horaria_agregada;media
2021-11-05;144.83333333333334;24;True;0;2463;nivel;Epagri;;;2;False;diaria;e3e929a1cfadc553_diario_derivado;;interna;horaria_agregada;media
2021-11-06;155.625;24;True;0;2463;nivel;Epagri;;;2;False;diaria;e3e929a1cfadc553_diario_derivado;;interna;horaria_agregada;media
2021-11-07;155.33333333333334;24;True;0;2463;nivel;Epagri;;;2;False;diaria;e3e929a1cfadc553_diario_derivado;;interna;horaria_agregada;media
2021-11-08;140.16666666666666;24;True;0;2463;nivel;Epagri;;;2;False;diaria;e3e929a1cfadc553_diario_derivado;;interna;horaria_agregada;media
2021-11-09;136.08333333333334;24;True;0;2463;nivel;Epagri;;;2;False;diaria;e3e929a1cfadc553_diario_derivado;;interna;horaria_agregada;media
2021-11-10;132.91666666666666;24;True;0;2463;nivel;Epagri;;;2;False;diaria;e3e929a1cfadc553_diario_derivado;;interna;horaria_agregada;media
2021-11-11;132.625;24;True;0;2463;nivel;Epagri;;;2;False;diaria;e3e929a1cfadc553_diario_derivado;;interna;horaria_agregada;media
2021-11-12;131.875;24;True;0;2463;nivel;Epagri;;;2;False;diaria;e3e929a1cfadc553_diario_derivado;;interna;horaria_agregada;media
2021-11-13;133.41666666666666;24;True;0;2463;nivel;Epagri;;;2;False;diaria;e3e929a1cfadc553_diario_derivado;;interna;horaria_agregada;media
2021-11-14;130.20833333333334;24;True;0;2463;nivel;Epagri;;;2;False;diaria;e3e929a1cfadc553_diario_derivado;;interna;horaria_agregada;media
2021-11-15;126.75;24;True;0;2463;nivel;Epagri;;;2;False;diaria;e3e929a1cfadc553_diario_derivado;;interna;horaria_agregada;media
2021-11-16;125.0;24;True;0;2463;nivel;Epagri;;;2;False;diaria;e3e929a1cfadc553_diario_derivado;;interna;horaria_agregada;media
2021-11-17;123.58333333333333;24;True;0;2463;nivel;Epagri;;;2;False;diaria;e3e929a1cfadc553_diario_derivado;;interna;horaria_agregada;media
2021-11-18;212.75;24;True;0;2463;nivel;Epagri;;;2;False;diaria;e3e929a1cfadc553_diario_derivado;;interna;horaria_agregada;media
2021-11-19;157.83333333333334;24;True;0;2463;nivel;Epagri;;;2;False;diaria;e3e929a1cfadc553_diario_derivado;;interna;horaria_agregada;media
2021-11-20;140.08333333333334;24;True;0;2463;nivel;Epagri;;;2;False;diaria;e3e929a1cfadc553_diario_derivado;;interna;horaria_agregada;media
2021-11-21;134.0;24;True;0;2463;nivel;Epagri;;;2;False;diaria;e3e929a1cfadc553_diario_derivado;;interna;horaria_agregada;media
2021-11-22;130.375;24;True;0;2463;nivel;Epagri;;;2;False;diaria;e3e929a1cfadc553_diario_derivado;;interna;horaria_agregada;media
2021-11-23;127.41666666666667;24;True;0;2463;nivel;Epagri;;;2;False;diaria;e3e929a1cfadc553_diario_derivado;;interna;horaria_agregada;media
2021-11-24;125.375;24;True;0;2463;nivel;Epagri;;;2;False;diaria;e3e929a1cfadc553_diario_derivado;;interna;horaria_agregada;media
2021-11-25;;23;False;0;2463;nivel;Epagri;;;2;False;diaria;e3e929a1cfadc553_diario_derivado;;interna;horaria_agregada;media
2021-11-26;129.0;24;True;0;2463;nivel;Epagri;;;2;False;diaria;e3e929a1cfadc553_diario_derivado;;interna;horaria_agregada;media
2021-11-27;123.45833333333333;24;True;0;2463;nivel;Epagri;;;2;False;diaria;e3e929a1cfadc553_diario_derivado;;interna;horaria_agregada;media
2021-11-28;121.66666666666667;24;True;0;2463;nivel;Epagri;;;2;False;diaria;e3e929a1cfadc553_diario_derivado;;interna;horaria_agregada;media
2021-11-29;120.58333333333333;24;True;0;2463;nivel;Epagri;;;2;False;diaria;e3e929a1cfadc553_diario_derivado;;interna;horaria_agregada;media
2021-11-30;118.70833333333333;24;True;0;2463;nivel;Epagri;;;2;False;diaria;e3e929a1cfadc553_diario_derivado;;interna;horaria_agregada;media
2021-12-01;117.83333333333333;24;True;0;2463;nivel;Epagri;;;2;False;diaria;e3e929a1cfadc553_diario_derivado;;interna;horaria_agregada;media
2021-12-02;117.0;24;True;0;2463;nivel;Epagri;;;2;False;diaria;e3e929a1cfadc553_diario_derivado;;interna;horaria_agregada;media
2021-12-03;117.0;24;True;0;2463;nivel;Epagri;;;2;False;diaria;e3e929a1cfadc553_diario_derivado;;interna;horaria_agregada;media
2021-12-04;121.83333333333333;24;True;0;2463;nivel;Epagri;;;2;False;diaria;e3e929a1cfadc553_diario_derivado;;interna;horaria_agregada;media
2021-12-05;119.79166666666667;24;True;0;2463;nivel;Epagri;;;2;False;diaria;e3e929a1cfadc553_diario_derivado;;interna;horaria_agregada;media
2021-12-06;124.66666666666667;24;True;0;2463;nivel;Epagri;;;2;False;diaria;e3e929a1cfadc553_diario_derivado;;interna;horaria_agregada;media
2021-12-07;170.54166666666666;24;True;0;2463;nivel;Epagri;;;2;False;diaria;e3e929a1cfadc553_diario_derivado;;interna;horaria_agregada;media
2021-12-08;128.08333333333334;24;True;0;2463;nivel;Epagri;;;2;False;diaria;e3e929a1cfadc553_diario_derivado;;interna;horaria_agregada;media
2021-12-09;121.125;24;True;0;2463;nivel;Epagri;;;2;False;diaria;e3e929a1cfadc553_diario_derivado;;interna;horaria_agregada;media
2021-12-10;118.83333333333333;24;True;0;2463;nivel;Epagri;;;2;False;diaria;e3e929a1cfadc553_diario_derivado;;interna;horaria_agregada;media
2021-12-11;119.25;24;True;0;2463;nivel;Epagri;;;2;False;diaria;e3e929a1cfadc553_diario_derivado;;interna;horaria_agregada;media
2021-12-12;151.375;24;True;0;2463;nivel;Epagri;;;2;False;diaria;e3e929a1cfadc553_diario_derivado;;interna;horaria_agregada;media
2021-12-13;137.75;24;True;0;2463;nivel;Epagri;;;2;False;diaria;e3e929a1cfadc553_diario_derivado;;interna;horaria_agregada;media
2021-12-14;125.08333333333333;24;True;0;2463;nivel;Epagri;;;2;False;diaria;e3e929a1cfadc553_diario_derivado;;interna;horaria_agregada;media
2021-12-15;147.83333333333334;24;True;0;2463;nivel;Epagri;;;2;False;diaria;e3e929a1cfadc553_diario_derivado;;interna;horaria_agregada;media
2021-12-16;133.83333333333334;24;True;0;2463;nivel;Epagri;;;2;False;diaria;e3e929a1cfadc553_diario_derivado;;interna;horaria_agregada;media
2021-12-17;124.5;24;True;0;2463;nivel;Epagri;;;2;False;diaria;e3e929a1cfadc553_diario_derivado;;interna;horaria_agregada;media
2021-12-18;135.04166666666666;24;True;0;2463;nivel;Epagri;;;2;False;diaria;e3e929a1cfadc553_diario_derivado;;interna;horaria_agregada;media
2021-12-19;134.16666666666666;24;True;0;2463;nivel;Epagri;;;2;False;diaria;e3e929a1cfadc553_diario_derivado;;interna;horaria_agregada;media
2021-12-20;123.0;24;True;0;2463;nivel;Epagri;;;2;False;diaria;e3e929a1cfadc553_diario_derivado;;interna;horaria_agregada;media
2021-12-21;120.54166666666667;24;True;0;2463;nivel;Epagri;;;2;False;diaria;e3e929a1cfadc553_diario_derivado;;interna;horaria_agregada;media
2021-12-22;120.83333333333333;24;True;0;2463;nivel;Epagri;;;2;False;diaria;e3e929a1cfadc553_diario_derivado;;interna;horaria_agregada;media
2021-12-23;118.04166666666667;24;True;0;2463;nivel;Epagri;;;2;False;diaria;e3e929a1cfadc553_diario_derivado;;interna;horaria_agregada;media
2021-12-24;116.125;24;True;0;2463;nivel;Epagri;;;2;False;diaria;e3e929a1cfadc553_diario_derivado;;interna;horaria_agregada;media
2021-12-25;115.125;24;True;0;2463;nivel;Epagri;;;2;False;diaria;e3e929a1cfadc553_diario_derivado;;interna;horaria_agregada;media
2021-12-26;133.29166666666666;24;True;0;2463;nivel;Epagri;;;2;False;diaria;e3e929a1cfadc553_diario_derivado;;interna;horaria_agregada;media
2021-12-27;131.5;24;True;0;2463;nivel;Epagri;;;2;False;diaria;e3e929a1cfadc553_diario_derivado;;interna;horaria_agregada;media
2021-12-28;118.33333333333333;24;True;0;2463;nivel;Epagri;;;2;False;diaria;e3e929a1cfadc553_diario_derivado;;interna;horaria_agregada;media
2021-12-29;116.20833333333333;24;True;0;2463;nivel;Epagri;;;2;False;diaria;e3e929a1cfadc553_diario_derivado;;interna;horaria_agregada;media
2021-12-30;124.0;24;True;0;2463;nivel;Epagri;;;2;False;diaria;e3e929a1cfadc553_diario_derivado;;interna;horaria_agregada;media
2021-12-31;116.95833333333333;24;True;0;2463;nivel;Epagri;;;2;False;diaria;e3e929a1cfadc553_diario_derivado;;interna;horaria_agregada;media
2022-01-01;114.83333333333333;24;True;0;2463;nivel;Epagri;;;2;False;diaria;e3e929a1cfadc553_diario_derivado;;interna;horaria_agregada;media
2022-01-02;113.875;24;True;0;2463;nivel;Epagri;;;2;False;diaria;e3e929a1cfadc553_diario_derivado;;interna;horaria_agregada;media
2022-01-03;115.04166666666667;24;True;0;2463;nivel;Epagri;;;2;False;diaria;e3e929a1cfadc553_diario_derivado;;interna;horaria_agregada;media
2022-01-04;113.0;24;True;0;2463;nivel;Epagri;;;2;False;diaria;e3e929a1cfadc553_diario_derivado;;interna;horaria_agregada;media
2022-01-05;127.70833333333333;24;True;0;2463;nivel;Epagri;;;2;False;diaria;e3e929a1cfadc553_diario_derivado;;interna;horaria_agregada;media
2022-01-06;198.75;24;True;0;2463;nivel;Epagri;;;2;False;diaria;e3e929a1cfadc553_diario_derivado;;interna;horaria_agregada;media
2022-01-07;138.45833333333334;24;True;0;2463;nivel;Epagri;;;2;False;diaria;e3e929a1cfadc553_diario_derivado;;interna;horaria_agregada;media
2022-01-08;129.16666666666666;24;True;0;2463;nivel;Epagri;;;2;False;diaria;e3e929a1cfadc553_diario_derivado;;interna;horaria_agregada;media
2022-01-09;129.70833333333334;24;True;0;2463;nivel;Epagri;;;2;False;diaria;e3e929a1cfadc553_diario_derivado;;interna;horaria_agregada;media
2022-01-10;140.83333333333334;24;True;0;2463;nivel;Epagri;;;2;False;diaria;e3e929a1cfadc553_diario_derivado;;interna;horaria_agregada;media
2022-01-11;127.33333333333333;24;True;0;2463;nivel;Epagri;;;2;False;diaria;e3e929a1cfadc553_diario_derivado;;interna;horaria_agregada;media
2022-01-12;122.54166666666667;24;True;0;2463;nivel;Epagri;;;2;False;diaria;e3e929a1cfadc553_diario_derivado;;interna;horaria_agregada;media
2022-01-13;119.70833333333333;24;True;0;2463;nivel;Epagri;;;2;False;diaria;e3e929a1cfadc553_diario_derivado;;interna;horaria_agregada;media
2022-01-14;;13;False;0;2463;nivel;Epagri;;;2;False;diaria;e3e929a1cfadc553_diario_derivado;;interna;horaria_agregada;media
2022-01-15;;0;False;0;2463;nivel;Epagri;;;2;False;diaria;e3e929a1cfadc553_diario_derivado;;interna;horaria_agregada;media
2022-01-16;;0;False;0;2463;nivel;Epagri;;;2;False;diaria;e3e929a1cfadc553_diario_derivado;;interna;horaria_agregada;media
2022-01-17;;0;False;0;2463;nivel;Epagri;;;2;False;diaria;e3e929a1cfadc553_diario_derivado;;interna;horaria_agregada;media
2022-01-18;;10;False;0;2463;nivel;Epagri;;;2;False;diaria;e3e929a1cfadc553_diario_derivado;;interna;horaria_agregada;media
2022-01-19;114.83333333333333;24;True;0;2463;nivel;Epagri;;;2;False;diaria;e3e929a1cfadc553_diario_derivado;;interna;horaria_agregada;media
2022-01-20;116.33333333333333;24;True;0;2463;nivel;Epagri;;;2;False;diaria;e3e929a1cfadc553_diario_derivado;;interna;horaria_agregada;media
2022-01-21;114.04166666666667;24;True;0;2463;nivel;Epagri;;;2;False;diaria;e3e929a1cfadc553_diario_derivado;;interna;horaria_agregada;media
2022-01-22;112.75;24;True;0;2463;nivel;Epagri;;;2;False;diaria;e3e929a1cfadc553_diario_derivado;;interna;horaria_agregada;media
2022-01-23;111.75;24;True;0;2463;nivel;Epagri;;;2;False;diaria;e3e929a1cfadc553_diario_derivado;;interna;horaria_agregada;media
2022-01-24;111.0;24;True;0;2463;nivel;Epagri;;;2;False;diaria;e3e929a1cfadc553_diario_derivado;;interna;horaria_agregada;media
2022-01-25;110.20833333333333;24;True;0;2463;nivel;Epagri;;;2;False;diaria;e3e929a1cfadc553_diario_derivado;;interna;horaria_agregada;media
2022-01-26;110.33333333333333;24;True;0;2463;nivel;Epagri;;;2;False;diaria;e3e929a1cfadc553_diario_derivado;;interna;horaria_agregada;media
2022-01-27;110.375;24;True;0;2463;nivel;Epagri;;;2;False;diaria;e3e929a1cfadc553_diario_derivado;;interna;horaria_agregada;media
2022-01-28;123.625;24;True;0;2463;nivel;Epagri;;;2;False;diaria;e3e929a1cfadc553_diario_derivado;;interna;horaria_agregada;media
2022-01-29;127.625;24;True;0;2463;nivel;Epagri;;;2;False;diaria;e3e929a1cfadc553_diario_derivado;;interna;horaria_agregada;media
2022-01-30;127.91666666666667;24;True;0;2463;nivel;Epagri;;;2;False;diaria;e3e929a1cfadc553_diario_derivado;;interna;horaria_agregada;media
2022-01-31;134.45833333333334;24;True;0;2463;nivel;Epagri;;;2;False;diaria;e3e929a1cfadc553_diario_derivado;;interna;horaria_agregada;media
2022-02-01;130.04166666666666;24;True;0;2463;nivel;Epagri;;;2;False;diaria;e3e929a1cfadc553_diario_derivado;;interna;horaria_agregada;media
2022-02-02;119.83333333333333;24;True;0;2463;nivel;Epagri;;;2;False;diaria;e3e929a1cfadc553_diario_derivado;;interna;horaria_agregada;media
2022-02-03;119.5;24;True;0;2463;nivel;Epagri;;;2;False;diaria;e3e929a1cfadc553_diario_derivado;;interna;horaria_agregada;media
2022-02-04;116.66666666666667;24;True;0;2463;nivel;Epagri;;;2;False;diaria;e3e929a1cfadc553_diario_derivado;;interna;horaria_agregada;media
2022-02-05;123.125;24;True;0;2463;nivel;Epagri;;;2;False;diaria;e3e929a1cfadc553_diario_derivado;;interna;horaria_agregada;media
2022-02-06;118.125;24;True;0;2463;nivel;Epagri;;;2;False;diaria;e3e929a1cfadc553_diario_derivado;;interna;horaria_agregada;media
2022-02-07;113.5;24;True;0;2463;nivel;Epagri;;;2;False;diaria;e3e929a1cfadc553_diario_derivado;;interna;horaria_agregada;media
2022-02-08;111.70833333333333;24;True;0;2463;nivel;Epagri;;;2;False;diaria;e3e929a1cfadc553_diario_derivado;;interna;horaria_agregada;media
2022-02-09;110.66666666666667;24;True;0;2463;nivel;Epagri;;;2;False;diaria;e3e929a1cfadc553_diario_derivado;;interna;horaria_agregada;media
2022-02-10;111.08333333333333;24;True;0;2463;nivel;Epagri;;;2;False;diaria;e3e929a1cfadc553_diario_derivado;;interna;horaria_agregada;media
2022-02-11;109.95833333333333;24;True;0;2463;nivel;Epagri;;;2;False;diaria;e3e929a1cfadc553_diario_derivado;;interna;horaria_agregada;media
2022-02-12;109.0;24;True;0;2463;nivel;Epagri;;;2;False;diaria;e3e929a1cfadc553_diario_derivado;;interna;horaria_agregada;media
2022-02-13;108.625;24;True;0;2463;nivel;Epagri;;;2;False;diaria;e3e929a1cfadc553_diario_derivado;;interna;horaria_agregada;media
2022-02-14;130.41666666666666;24;True;0;2463;nivel;Epagri;;;2;False;diaria;e3e929a1cfadc553_diario_derivado;;interna;horaria_agregada;media
2022-02-15;112.16666666666667;24;True;0;2463;nivel;Epagri;;;2;False;diaria;e3e929a1cfadc553_diario_derivado;;interna;horaria_agregada;media
2022-02-16;109.04166666666667;24;True;0;2463;nivel;Epagri;;;2;False;diaria;e3e929a1cfadc553_diario_derivado;;interna;horaria_agregada;media
2022-02-17;112.04166666666667;24;True;0;2463;nivel;Epagri;;;2;False;diaria;e3e929a1cfadc553_diario_derivado;;interna;horaria_agregada;media
2022-02-18;119.125;24;True;0;2463;nivel;Epagri;;;2;False;diaria;e3e929a1cfadc553_diario_derivado;;interna;horaria_agregada;media
2022-02-19;117.16666666666667;24;True;0;2463;nivel;Epagri;;;2;False;diaria;e3e929a1cfadc553_diario_derivado;;interna;horaria_agregada;media
2022-02-20;110.20833333333333;24;True;0;2463;nivel;Epagri;;;2;False;diaria;e3e929a1cfadc553_diario_derivado;;interna;horaria_agregada;media
2022-02-21;109.20833333333333;24;True;0;2463;nivel;Epagri;;;2;False;diaria;e3e929a1cfadc553_diario_derivado;;interna;horaria_agregada;media
2022-02-22;130.875;24;True;0;2463;nivel;Epagri;;;2;False;diaria;e3e929a1cfadc553_diario_derivado;;interna;horaria_agregada;media
2022-02-23;138.25;24;True;0;2463;nivel;Epagri;;;2;False;diaria;e3e929a1cfadc553_diario_derivado;;interna;horaria_agregada;media
2022-02-24;117.08333333333333;24;True;0;2463;nivel;Epagri;;;2;False;diaria;e3e929a1cfadc553_diario_derivado;;interna;horaria_agregada;media
2022-02-25;114.29166666666667;24;True;0;2463;nivel;Epagri;;;2;False;diaria;e3e929a1cfadc553_diario_derivado;;interna;horaria_agregada;media
2022-02-26;113.16666666666667;24;True;0;2463;nivel;Epagri;;;2;False;diaria;e3e929a1cfadc553_diario_derivado;;interna;horaria_agregada;media
2022-02-27;111.5;24;True;0;2463;nivel;Epagri;;;2;False;diaria;e3e929a1cfadc553_diario_derivado;;interna;horaria_agregada;media
2022-02-28;109.70833333333333;24;True;0;2463;nivel;Epagri;;;2;False;diaria;e3e929a1cfadc553_diario_derivado;;interna;horaria_agregada;media
2022-03-01;124.66666666666667;24;True;0;2463;nivel;Epagri;;;2;False;diaria;e3e929a1cfadc553_diario_derivado;;interna;horaria_agregada;media
2022-03-02;131.66666666666666;24;True;0;2463;nivel;Epagri;;;2;False;diaria;e3e929a1cfadc553_diario_derivado;;interna;horaria_agregada;media
2022-03-03;139.08333333333334;24;True;0;2463;nivel;Epagri;;;2;False;diaria;e3e929a1cfadc553_diario_derivado;;interna;horaria_agregada;media
2022-03-04;122.25;24;True;0;2463;nivel;Epagri;;;2;False;diaria;e3e929a1cfadc553_diario_derivado;;interna;horaria_agregada;media
2022-03-05;117.70833333333333;24;True;0;2463;nivel;Epagri;;;2;False;diaria;e3e929a1cfadc553_diario_derivado;;interna;horaria_agregada;media
2022-03-06;114.41666666666667;24;True;0;2463;nivel;Epagri;;;2;False;diaria;e3e929a1cfadc553_diario_derivado;;interna;horaria_agregada;media
2022-03-07;127.29166666666667;24;True;0;2463;nivel;Epagri;;;2;False;diaria;e3e929a1cfadc553_diario_derivado;;interna;horaria_agregada;media
2022-03-08;116.95833333333333;24;True;0;2463;nivel;Epagri;;;2;False;diaria;e3e929a1cfadc553_diario_derivado;;interna;horaria_agregada;media
2022-03-09;113.375;24;True;0;2463;nivel;Epagri;;;2;False;diaria;e3e929a1cfadc553_diario_derivado;;interna;horaria_agregada;media
2022-03-10;112.54166666666667;24;True;0;2463;nivel;Epagri;;;2;False;diaria;e3e929a1cfadc553_diario_derivado;;interna;horaria_agregada;media
2022-03-11;142.58333333333334;24;True;0;2463;nivel;Epagri;;;2;False;diaria;e3e929a1cfadc553_diario_derivado;;interna;horaria_agregada;media
2022-03-12;150.04166666666666;24;True;0;2463;nivel;Epagri;;;2;False;diaria;e3e929a1cfadc553_diario_derivado;;interna;horaria_agregada;media
2022-03-13;151.125;24;True;0;2463;nivel;Epagri;;;2;False;diaria;e3e929a1cfadc553_diario_derivado;;interna;horaria_agregada;media
2022-03-14;144.41666666666666;24;True;0;2463;nivel;Epagri;;;2;False;diaria;e3e929a1cfadc553_diario_derivado;;interna;horaria_agregada;media
2022-03-15;133.125;24;True;0;2463;nivel;Epagri;;;2;False;diaria;e3e929a1cfadc553_diario_derivado;;interna;horaria_agregada;media
2022-03-16;162.33333333333334;24;True;0;2463;nivel;Epagri;;;2;False;diaria;e3e929a1cfadc553_diario_derivado;;interna;horaria_agregada;media
2022-03-17;147.83333333333334;24;True;0;2463;nivel;Epagri;;;2;False;diaria;e3e929a1cfadc553_diario_derivado;;interna;horaria_agregada;media
2022-03-18;149.29166666666666;24;True;0;2463;nivel;Epagri;;;2;False;diaria;e3e929a1cfadc553_diario_derivado;;interna;horaria_agregada;media
2022-03-19;173.20833333333334;24;True;0;2463;nivel;Epagri;;;2;False;diaria;e3e929a1cfadc553_diario_derivado;;interna;horaria_agregada;media
2022-03-20;138.79166666666666;24;True;0;2463;nivel;Epagri;;;2;False;diaria;e3e929a1cfadc553_diario_derivado;;interna;horaria_agregada;media
2022-03-21;148.29166666666666;24;True;0;2463;nivel;Epagri;;;2;False;diaria;e3e929a1cfadc553_diario_derivado;;interna;horaria_agregada;media
2022-03-22;144.91666666666666;24;True;0;2463;nivel;Epagri;;;2;False;diaria;e3e929a1cfadc553_diario_derivado;;interna;horaria_agregada;media
2022-03-23;136.08333333333334;24;True;0;2463;nivel;Epagri;;;2;False;diaria;e3e929a1cfadc553_diario_derivado;;interna;horaria_agregada;media
2022-03-24;158.125;24;True;0;2463;nivel;Epagri;;;2;False;diaria;e3e929a1cfadc553_diario_derivado;;interna;horaria_agregada;media
2022-03-25;135.75;24;True;0;2463;nivel;Epagri;;;2;False;diaria;e3e929a1cfadc553_diario_derivado;;interna;horaria_agregada;media
2022-03-26;128.66666666666666;24;True;0;2463;nivel;Epagri;;;2;False;diaria;e3e929a1cfadc553_diario_derivado;;interna;horaria_agregada;media
2022-03-27;124.375;24;True;0;2463;nivel;Epagri;;;2;False;diaria;e3e929a1cfadc553_diario_derivado;;interna;horaria_agregada;media
2022-03-28;122.0;24;True;0;2463;nivel;Epagri;;;2;False;diaria;e3e929a1cfadc553_diario_derivado;;interna;horaria_agregada;media
2022-03-29;120.04166666666667;24;True;0;2463;nivel;Epagri;;;2;False;diaria;e3e929a1cfadc553_diario_derivado;;interna;horaria_agregada;media
2022-03-30;119.45833333333333;24;True;0;2463;nivel;Epagri;;;2;False;diaria;e3e929a1cfadc553_diario_derivado;;interna;horaria_agregada;media
2022-03-31;121.0;24;True;0;2463;nivel;Epagri;;;2;False;diaria;e3e929a1cfadc553_diario_derivado;;interna;horaria_agregada;media
2022-04-01;116.70833333333333;24;True;0;2463;nivel;Epagri;;;2;False;diaria;e3e929a1cfadc553_diario_derivado;;interna;horaria_agregada;media
2022-04-02;118.375;24;True;0;2463;nivel;Epagri;;;2;False;diaria;e3e929a1cfadc553_diario_derivado;;interna;horaria_agregada;media
2022-04-03;128.33333333333334;24;True;0;2463;nivel;Epagri;;;2;False;diaria;e3e929a1cfadc553_diario_derivado;;interna;horaria_agregada;media
2022-04-04;151.5;24;True;0;2463;nivel;Epagri;;;2;False;diaria;e3e929a1cfadc553_diario_derivado;;interna;horaria_agregada;media
2022-04-05;124.58333333333333;24;True;0;2463;nivel;Epagri;;;2;False;diaria;e3e929a1cfadc553_diario_derivado;;interna;horaria_agregada;media
2022-04-06;119.625;24;True;0;2463;nivel;Epagri;;;2;False;diaria;e3e929a1cfadc553_diario_derivado;;interna;horaria_agregada;media
2022-04-07;117.66666666666667;24;True;0;2463;nivel;Epagri;;;2;False;diaria;e3e929a1cfadc553_diario_derivado;;interna;horaria_agregada;media
2022-04-08;116.83333333333333;24;True;0;2463;nivel;Epagri;;;2;False;diaria;e3e929a1cfadc553_diario_derivado;;interna;horaria_agregada;media
2022-04-09;116.83333333333333;24;True;0;2463;nivel;Epagri;;;2;False;diaria;e3e929a1cfadc553_diario_derivado;;interna;horaria_agregada;media
2022-04-10;116.66666666666667;24;True;0;2463;nivel;Epagri;;;2;False;diaria;e3e929a1cfadc553_diario_derivado;;interna;horaria_agregada;media
2022-04-11;153.58333333333334;24;True;0;2463;nivel;Epagri;;;2;False;diaria;e3e929a1cfadc553_diario_derivado;;interna;horaria_agregada;media
2022-04-12;147.04166666666666;24;True;0;2463;nivel;Epagri;;;2;False;diaria;e3e929a1cfadc553_diario_derivado;;interna;horaria_agregada;media
2022-04-13;129.83333333333334;24;True;0;2463;nivel;Epagri;;;2;False;diaria;e3e929a1cfadc553_diario_derivado;;interna;horaria_agregada;media
2022-04-14;123.66666666666667;24;True;0;2463;nivel;Epagri;;;2;False;diaria;e3e929a1cfadc553_diario_derivado;;interna;horaria_agregada;media
2022-04-15;120.20833333333333;24;True;0;2463;nivel;Epagri;;;2;False;diaria;e3e929a1cfadc553_diario_derivado;;interna;horaria_agregada;media
2022-04-16;117.375;24;True;0;2463;nivel;Epagri;;;2;False;diaria;e3e929a1cfadc553_diario_derivado;;interna;horaria_agregada;media
2022-04-17;116.0;24;True;0;2463;nivel;Epagri;;;2;False;diaria;e3e929a1cfadc553_diario_derivado;;interna;horaria_agregada;media
2022-04-18;115.75;24;True;0;2463;nivel;Epagri;;;2;False;diaria;e3e929a1cfadc553_diario_derivado;;interna;horaria_agregada;media
2022-04-19;118.625;24;True;0;2463;nivel;Epagri;;;2;False;diaria;e3e929a1cfadc553_diario_derivado;;interna;horaria_agregada;media
2022-04-20;119.29166666666667;24;True;0;2463;nivel;Epagri;;;2;False;diaria;e3e929a1cfadc553_diario_derivado;;interna;horaria_agregada;media
2022-04-21;114.375;24;True;0;2463;nivel;Epagri;;;2;False;diaria;e3e929a1cfadc553_diario_derivado;;interna;horaria_agregada;media
2022-04-22;112.875;24;True;0;2463;nivel;Epagri;;;2;False;diaria;e3e929a1cfadc553_diario_derivado;;interna;horaria_agregada;media
2022-04-23;112.29166666666667;24;True;0;2463;nivel;Epagri;;;2;False;diaria;e3e929a1cfadc553_diario_derivado;;interna;horaria_agregada;media
2022-04-24;111.0;24;True;0;2463;nivel;Epagri;;;2;False;diaria;e3e929a1cfadc553_diario_derivado;;interna;horaria_agregada;media
2022-04-25;110.83333333333333;24;True;0;2463;nivel;Epagri;;;2;False;diaria;e3e929a1cfadc553_diario_derivado;;interna;horaria_agregada;media
2022-04-26;110.0;24;True;0;2463;nivel;Epagri;;;2;False;diaria;e3e929a1cfadc553_diario_derivado;;interna;horaria_agregada;media
2022-04-27;110.0;24;True;0;2463;nivel;Epagri;;;2;False;diaria;e3e929a1cfadc553_diario_derivado;;interna;horaria_agregada;media
2022-04-28;109.29166666666667;24;True;0;2463;nivel;Epagri;;;2;False;diaria;e3e929a1cfadc553_diario_derivado;;interna;horaria_agregada;media
2022-04-29;113.70833333333333;24;True;0;2463;nivel;Epagri;;;2;False;diaria;e3e929a1cfadc553_diario_derivado;;interna;horaria_agregada;media
2022-04-30;110.33333333333333;24;True;0;2463;nivel;Epagri;;;2;False;diaria;e3e929a1cfadc553_diario_derivado;;interna;horaria_agregada;media
2022-05-01;116.58333333333333;24;True;0;2463;nivel;Epagri;;;2;False;diaria;e3e929a1cfadc553_diario_derivado;;interna;horaria_agregada;media
2022-05-02;182.04166666666666;24;True;0;2463;nivel;Epagri;;;2;False;diaria;e3e929a1cfadc553_diario_derivado;;interna;horaria_agregada;media
2022-05-03;303.0;24;True;0;2463;nivel;Epagri;;;2;False;diaria;e3e929a1cfadc553_diario_derivado;;interna;horaria_agregada;media
2022-05-04;332.7916666666667;24;True;0;2463;nivel;Epagri;;;2;False;diaria;e3e929a1cfadc553_diario_derivado;;interna;horaria_agregada;media
2022-05-05;311.2083333333333;24;True;0;2463;nivel;Epagri;;;2;False;diaria;e3e929a1cfadc553_diario_derivado;;interna;horaria_agregada;media
2022-05-06;181.58333333333334;24;True;0;2463;nivel;Epagri;;;2;False;diaria;e3e929a1cfadc553_diario_derivado;;interna;horaria_agregada;media
2022-05-07;160.0;24;True;0;2463;nivel;Epagri;;;2;False;diaria;e3e929a1cfadc553_diario_derivado;;interna;horaria_agregada;media
2022-05-08;149.375;24;True;0;2463;nivel;Epagri;;;2;False;diaria;e3e929a1cfadc553_diario_derivado;;interna;horaria_agregada;media
2022-05-09;142.83333333333334;24;True;0;2463;nivel;Epagri;;;2;False;diaria;e3e929a1cfadc553_diario_derivado;;interna;horaria_agregada;media
2022-05-10;138.625;24;True;0;2463;nivel;Epagri;;;2;False;diaria;e3e929a1cfadc553_diario_derivado;;interna;horaria_agregada;media
2022-05-11;136.91666666666666;24;True;0;2463;nivel;Epagri;;;2;False;diaria;e3e929a1cfadc553_diario_derivado;;interna;horaria_agregada;media
2022-05-12;132.91666666666666;24;True;0;2463;nivel;Epagri;;;2;False;diaria;e3e929a1cfadc553_diario_derivado;;interna;horaria_agregada;media
2022-05-13;130.125;24;True;0;2463;nivel;Epagri;;;2;False;diaria;e3e929a1cfadc553_diario_derivado;;interna;horaria_agregada;media
2022-05-14;128.375;24;True;0;2463;nivel;Epagri;;;2;False;diaria;e3e929a1cfadc553_diario_derivado;;interna;horaria_agregada;media
2022-05-15;126.79166666666667;24;True;0;2463;nivel;Epagri;;;2;False;diaria;e3e929a1cfadc553_diario_derivado;;interna;horaria_agregada;media
2022-05-16;125.375;24;True;0;2463;nivel;Epagri;;;2;False;diaria;e3e929a1cfadc553_diario_derivado;;interna;horaria_agregada;media
2022-05-17;123.29166666666667;24;True;0;2463;nivel;Epagri;;;2;False;diaria;e3e929a1cfadc553_diario_derivado;;interna;horaria_agregada;media
2022-05-18;122.0;24;True;0;2463;nivel;Epagri;;;2;False;diaria;e3e929a1cfadc553_diario_derivado;;interna;horaria_agregada;media
2022-05-19;121.66666666666667;24;True;0;2463;nivel;Epagri;;;2;False;diaria;e3e929a1cfadc553_diario_derivado;;interna;horaria_agregada;media
2022-05-20;120.375;24;True;0;2463;nivel;Epagri;;;2;False;diaria;e3e929a1cfadc553_diario_derivado;;interna;horaria_agregada;media
2022-05-21;119.375;24;True;0;2463;nivel;Epagri;;;2;False;diaria;e3e929a1cfadc553_diario_derivado;;interna;horaria_agregada;media
2022-05-22;118.91666666666667;24;True;0;2463;nivel;Epagri;;;2;False;diaria;e3e929a1cfadc553_diario_derivado;;interna;horaria_agregada;media
2022-05-23;118.0;24;True;0;2463;nivel;Epagri;;;2;False;diaria;e3e929a1cfadc553_diario_derivado;;interna;horaria_agregada;media
2022-05-24;117.75;24;True;0;2463;nivel;Epagri;;;2;False;diaria;e3e929a1cfadc553_diario_derivado;;interna;horaria_agregada;media
2022-05-25;117.0;24;True;0;2463;nivel;Epagri;;;2;False;diaria;e3e929a1cfadc553_diario_derivado;;interna;horaria_agregada;media
2022-05-26;116.16666666666667;24;True;0;2463;nivel;Epagri;;;2;False;diaria;e3e929a1cfadc553_diario_derivado;;interna;horaria_agregada;media
2022-05-27;116.0;24;True;0;2463;nivel;Epagri;;;2;False;diaria;e3e929a1cfadc553_diario_derivado;;interna;horaria_agregada;media
2022-05-28;115.125;24;True;0;2463;nivel;Epagri;;;2;False;diaria;e3e929a1cfadc553_diario_derivado;;interna;horaria_agregada;media
2022-05-29;123.75;24;True;0;2463;nivel;Epagri;;;2;False;diaria;e3e929a1cfadc553_diario_derivado;;interna;horaria_agregada;media
2022-05-30;127.08333333333333;24;True;0;2463;nivel;Epagri;;;2;False;diaria;e3e929a1cfadc553_diario_derivado;;interna;horaria_agregada;media
2022-05-31;117.5;24;True;0;2463;nivel;Epagri;;;2;False;diaria;e3e929a1cfadc553_diario_derivado;;interna;horaria_agregada;media
2022-06-01;117.25;24;True;0;2463;nivel;Epagri;;;2;False;diaria;e3e929a1cfadc553_diario_derivado;;interna;horaria_agregada;media
2022-06-02;136.79166666666666;24;True;0;2463;nivel;Epagri;;;2;False;diaria;e3e929a1cfadc553_diario_derivado;;interna;horaria_agregada;media
2022-06-03;125.625;24;True;0;2463;nivel;Epagri;;;2;False;diaria;e3e929a1cfadc553_diario_derivado;;interna;horaria_agregada;media
2022-06-04;119.04166666666667;24;True;0;2463;nivel;Epagri;;;2;False;diaria;e3e929a1cfadc553_diario_derivado;;interna;horaria_agregada;media
2022-06-05;127.29166666666667;24;True;0;2463;nivel;Epagri;;;2;False;diaria;e3e929a1cfadc553_diario_derivado;;interna;horaria_agregada;media
2022-06-06;175.04166666666666;24;True;0;2463;nivel;Epagri;;;2;False;diaria;e3e929a1cfadc553_diario_derivado;;interna;horaria_agregada;media
2022-06-07;142.375;24;True;0;2463;nivel;Epagri;;;2;False;diaria;e3e929a1cfadc553_diario_derivado;;interna;horaria_agregada;media
2022-06-08;139.125;24;True;0;2463;nivel;Epagri;;;2;False;diaria;e3e929a1cfadc553_diario_derivado;;interna;horaria_agregada;media
2022-06-09;127.70833333333333;24;True;0;2463;nivel;Epagri;;;2;False;diaria;e3e929a1cfadc553_diario_derivado;;interna;horaria_agregada;media
2022-06-10;126.875;24;True;0;2463;nivel;Epagri;;;2;False;diaria;e3e929a1cfadc553_diario_derivado;;interna;horaria_agregada;media
2022-06-11;121.625;24;True;0;2463;nivel;Epagri;;;2;False;diaria;e3e929a1cfadc553_diario_derivado;;interna;horaria_agregada;media
2022-06-12;118.875;24;True;0;2463;nivel;Epagri;;;2;False;diaria;e3e929a1cfadc553_diario_derivado;;interna;horaria_agregada;media
2022-06-13;117.125;24;True;0;2463;nivel;Epagri;;;2;False;diaria;e3e929a1cfadc553_diario_derivado;;interna;horaria_agregada;media
2022-06-14;116.33333333333333;24;True;0;2463;nivel;Epagri;;;2;False;diaria;e3e929a1cfadc553_diario_derivado;;interna;horaria_agregada;media
2022-06-15;115.875;24;True;0;2463;nivel;Epagri;;;2;False;diaria;e3e929a1cfadc553_diario_derivado;;interna;horaria_agregada;media
2022-06-16;115.0;24;True;0;2463;nivel;Epagri;;;2;False;diaria;e3e929a1cfadc553_diario_derivado;;interna;horaria_agregada;media
2022-06-17;115.83333333333333;24;True;0;2463;nivel;Epagri;;;2;False;diaria;e3e929a1cfadc553_diario_derivado;;interna;horaria_agregada;media
2022-06-18;120.41666666666667;24;True;0;2463;nivel;Epagri;;;2;False;diaria;e3e929a1cfadc553_diario_derivado;;interna;horaria_agregada;media
2022-06-19;114.95833333333333;24;True;0;2463;nivel;Epagri;;;2;False;diaria;e3e929a1cfadc553_diario_derivado;;interna;horaria_agregada;media
2022-06-20;113.83333333333333;24;True;0;2463;nivel;Epagri;;;2;False;diaria;e3e929a1cfadc553_diario_derivado;;interna;horaria_agregada;media
2022-06-21;114.25;24;True;0;2463;nivel;Epagri;;;2;False;diaria;e3e929a1cfadc553_diario_derivado;;interna;horaria_agregada;media
2022-06-22;162.66666666666666;24;True;0;2463;nivel;Epagri;;;2;False;diaria;e3e929a1cfadc553_diario_derivado;;interna;horaria_agregada;media
2022-06-23;136.5;24;True;0;2463;nivel;Epagri;;;2;False;diaria;e3e929a1cfadc553_diario_derivado;;interna;horaria_agregada;media
2022-06-24;134.41666666666666;24;True;0;2463;nivel;Epagri;;;2;False;diaria;e3e929a1cfadc553_diario_derivado;;interna;horaria_agregada;media
2022-06-25;138.79166666666666;24;True;0;2463;nivel;Epagri;;;2;False;diaria;e3e929a1cfadc553_diario_derivado;;interna;horaria_agregada;media
2022-06-26;126.375;24;True;0;2463;nivel;Epagri;;;2;False;diaria;e3e929a1cfadc553_diario_derivado;;interna;horaria_agregada;media
2022-06-27;121.95833333333333;24;True;0;2463;nivel;Epagri;;;2;False;diaria;e3e929a1cfadc553_diario_derivado;;interna;horaria_agregada;media
2022-06-28;119.70833333333333;24;True;0;2463;nivel;Epagri;;;2;False;diaria;e3e929a1cfadc553_diario_derivado;;interna;horaria_agregada;media
2022-06-29;117.95833333333333;24;True;0;2463;nivel;Epagri;;;2;False;diaria;e3e929a1cfadc553_diario_derivado;;interna;horaria_agregada;media
2022-06-30;116.16666666666667;24;True;0;2463;nivel;Epagri;;;2;False;diaria;e3e929a1cfadc553_diario_derivado;;interna;horaria_agregada;media
2022-07-01;115.08333333333333;24;True;0;2463;nivel;Epagri;;;2;False;diaria;e3e929a1cfadc553_diario_derivado;;interna;horaria_agregada;media
2022-07-02;115.0;24;True;0;2463;nivel;Epagri;;;2;False;diaria;e3e929a1cfadc553_diario_derivado;;interna;horaria_agregada;media
2022-07-03;114.0;24;True;0;2463;nivel;Epagri;;;2;False;diaria;e3e929a1cfadc553_diario_derivado;;interna;horaria_agregada;media
2022-07-04;113.66666666666667;24;True;0;2463;nivel;Epagri;;;2;False;diaria;e3e929a1cfadc553_diario_derivado;;interna;horaria_agregada;media
2022-07-05;112.83333333333333;24;True;0;2463;nivel;Epagri;;;2;False;diaria;e3e929a1cfadc553_diario_derivado;;interna;horaria_agregada;media
2022-07-06;112.0;24;True;0;2463;nivel;Epagri;;;2;False;diaria;e3e929a1cfadc553_diario_derivado;;interna;horaria_agregada;media
2022-07-07;111.16666666666667;24;True;0;2463;nivel;Epagri;;;2;False;diaria;e3e929a1cfadc553_diario_derivado;;interna;horaria_agregada;media
2022-07-08;111.0;24;True;0;2463;nivel;Epagri;;;2;False;diaria;e3e929a1cfadc553_diario_derivado;;interna;horaria_agregada;media
2022-07-09;111.0;24;True;0;2463;nivel;Epagri;;;2;False;diaria;e3e929a1cfadc553_diario_derivado;;interna;horaria_agregada;media
2022-07-10;110.125;24;True;0;2463;nivel;Epagri;;;2;False;diaria;e3e929a1cfadc553_diario_derivado;;interna;horaria_agregada;media
2022-07-11;110.0;24;True;0;2463;nivel;Epagri;;;2;False;diaria;e3e929a1cfadc553_diario_derivado;;interna;horaria_agregada;media
2022-07-12;109.875;24;True;0;2463;nivel;Epagri;;;2;False;diaria;e3e929a1cfadc553_diario_derivado;;interna;horaria_agregada;media
2022-07-13;109.125;24;True;0;2463;nivel;Epagri;;;2;False;diaria;e3e929a1cfadc553_diario_derivado;;interna;horaria_agregada;media
2022-07-14;116.79166666666667;24;True;0;2463;nivel;Epagri;;;2;False;diaria;e3e929a1cfadc553_diario_derivado;;interna;horaria_agregada;media
2022-07-15;133.45833333333334;24;True;0;2463;nivel;Epagri;;;2;False;diaria;e3e929a1cfadc553_diario_derivado;;interna;horaria_agregada;media
2022-07-16;115.375;24;True;0;2463;nivel;Epagri;;;2;False;diaria;e3e929a1cfadc553_diario_derivado;;interna;horaria_agregada;media
2022-07-17;111.58333333333333;24;True;0;2463;nivel;Epagri;;;2;False;diaria;e3e929a1cfadc553_diario_derivado;;interna;horaria_agregada;media
2022-07-18;109.95833333333333;24;True;0;2463;nivel;Epagri;;;2;False;diaria;e3e929a1cfadc553_diario_derivado;;interna;horaria_agregada;media
2022-07-19;109.0;24;True;0;2463;nivel;Epagri;;;2;False;diaria;e3e929a1cfadc553_diario_derivado;;interna;horaria_agregada;media
2022-07-20;109.0;24;True;0;2463;nivel;Epagri;;;2;False;diaria;e3e929a1cfadc553_diario_derivado;;interna;horaria_agregada;media
2022-07-21;109.0;24;True;0;2463;nivel;Epagri;;;2;False;diaria;e3e929a1cfadc553_diario_derivado;;interna;horaria_agregada;media
2022-07-22;108.0;24;True;0;2463;nivel;Epagri;;;2;False;diaria;e3e929a1cfadc553_diario_derivado;;interna;horaria_agregada;media
2022-07-23;108.0;24;True;0;2463;nivel;Epagri;;;2;False;diaria;e3e929a1cfadc553_diario_derivado;;interna;horaria_agregada;media
2022-07-24;107.29166666666667;24;True;0;2463;nivel;Epagri;;;2;False;diaria;e3e929a1cfadc553_diario_derivado;;interna;horaria_agregada;media
2022-07-25;107.0;24;True;0;2463;nivel;Epagri;;;2;False;diaria;e3e929a1cfadc553_diario_derivado;;interna;horaria_agregada;media
2022-07-26;106.83333333333333;24;True;0;2463;nivel;Epagri;;;2;False;diaria;e3e929a1cfadc553_diario_derivado;;interna;horaria_agregada;media
2022-07-27;106.0;24;True;0;2463;nivel;Epagri;;;2;False;diaria;e3e929a1cfadc553_diario_derivado;;interna;horaria_agregada;media
2022-07-28;106.0;24;True;0;2463;nivel;Epagri;;;2;False;diaria;e3e929a1cfadc553_diario_derivado;;interna;horaria_agregada;media
2022-07-29;107.33333333333333;24;True;0;2463;nivel;Epagri;;;2;False;diaria;e3e929a1cfadc553_diario_derivado;;interna;horaria_agregada;media
2022-07-30;105.33333333333333;24;True;0;2463;nivel;Epagri;;;2;False;diaria;e3e929a1cfadc553_diario_derivado;;interna;horaria_agregada;media
2022-07-31;105.0;24;True;0;2463;nivel;Epagri;;;2;False;diaria;e3e929a1cfadc553_diario_derivado;;interna;horaria_agregada;media
2022-08-01;105.0;24;True;0;2463;nivel;Epagri;;;2;False;diaria;e3e929a1cfadc553_diario_derivado;;interna;horaria_agregada;media
2022-08-02;105.0;24;True;0;2463;nivel;Epagri;;;2;False;diaria;e3e929a1cfadc553_diario_derivado;;interna;horaria_agregada;media
2022-08-03;105.0;24;True;0;2463;nivel;Epagri;;;2;False;diaria;e3e929a1cfadc553_diario_derivado;;interna;horaria_agregada;media
2022-08-04;105.0;24;True;0;2463;nivel;Epagri;;;2;False;diaria;e3e929a1cfadc553_diario_derivado;;interna;horaria_agregada;media
2022-08-05;104.08333333333333;24;True;0;2463;nivel;Epagri;;;2;False;diaria;e3e929a1cfadc553_diario_derivado;;interna;horaria_agregada;media
2022-08-06;104.20833333333333;24;True;0;2463;nivel;Epagri;;;2;False;diaria;e3e929a1cfadc553_diario_derivado;;interna;horaria_agregada;media
2022-08-07;124.58333333333333;24;True;0;2463;nivel;Epagri;;;2;False;diaria;e3e929a1cfadc553_diario_derivado;;interna;horaria_agregada;media
2022-08-08;115.58333333333333;24;True;0;2463;nivel;Epagri;;;2;False;diaria;e3e929a1cfadc553_diario_derivado;;interna;horaria_agregada;media
2022-08-09;174.45833333333334;24;True;0;2463;nivel;Epagri;;;2;False;diaria;e3e929a1cfadc553_diario_derivado;;interna;horaria_agregada;media
2022-08-10;307.4166666666667;24;True;0;2463;nivel;Epagri;;;2;False;diaria;e3e929a1cfadc553_diario_derivado;;interna;horaria_agregada;media
2022-08-11;168.75;24;True;0;2463;nivel;Epagri;;;2;False;diaria;e3e929a1cfadc553_diario_derivado;;interna;horaria_agregada;media
2022-08-12;145.0;24;True;0;2463;nivel;Epagri;;;2;False;diaria;e3e929a1cfadc553_diario_derivado;;interna;horaria_agregada;media
2022-08-13;135.66666666666666;24;True;0;2463;nivel;Epagri;;;2;False;diaria;e3e929a1cfadc553_diario_derivado;;interna;horaria_agregada;media
2022-08-14;127.79166666666667;24;True;0;2463;nivel;Epagri;;;2;False;diaria;e3e929a1cfadc553_diario_derivado;;interna;horaria_agregada;media
2022-08-15;124.20833333333333;24;True;0;2463;nivel;Epagri;;;2;False;diaria;e3e929a1cfadc553_diario_derivado;;interna;horaria_agregada;media
2022-08-16;121.375;24;True;0;2463;nivel;Epagri;;;2;False;diaria;e3e929a1cfadc553_diario_derivado;;interna;horaria_agregada;media
2022-08-17;119.5;24;True;0;2463;nivel;Epagri;;;2;False;diaria;e3e929a1cfadc553_diario_derivado;;interna;horaria_agregada;media
2022-08-18;168.79166666666666;24;True;0;2463;nivel;Epagri;;;2;False;diaria;e3e929a1cfadc553_diario_derivado;;interna;horaria_agregada;media
2022-08-19;134.5;24;True;0;2463;nivel;Epagri;;;2;False;diaria;e3e929a1cfadc553_diario_derivado;;interna;horaria_agregada;media
2022-08-20;124.79166666666667;24;True;0;2463;nivel;Epagri;;;2;False;diaria;e3e929a1cfadc553_diario_derivado;;interna;horaria_agregada;media
2022-08-21;121.875;24;True;0;2463;nivel;Epagri;;;2;False;diaria;e3e929a1cfadc553_diario_derivado;;interna;horaria_agregada;media
2022-08-22;119.91666666666667;24;True;0;2463;nivel;Epagri;;;2;False;diaria;e3e929a1cfadc553_diario_derivado;;interna;horaria_agregada;media
2022-08-23;120.58333333333333;24;True;0;2463;nivel;Epagri;;;2;False;diaria;e3e929a1cfadc553_diario_derivado;;interna;horaria_agregada;media
2022-08-24;122.70833333333333;24;True;0;2463;nivel;Epagri;;;2;False;diaria;e3e929a1cfadc553_diario_derivado;;interna;horaria_agregada;media
2022-08-25;118.54166666666667;24;True;0;2463;nivel;Epagri;;;2;False;diaria;e3e929a1cfadc553_diario_derivado;;interna;horaria_agregada;media
2022-08-26;116.83333333333333;24;True;0;2463;nivel;Epagri;;;2;False;diaria;e3e929a1cfadc553_diario_derivado;;interna;horaria_agregada;media
2022-08-27;115.875;24;True;0;2463;nivel;Epagri;;;2;False;diaria;e3e929a1cfadc553_diario_derivado;;interna;horaria_agregada;media
2022-08-28;114.91666666666667;24;True;0;2463;nivel;Epagri;;;2;False;diaria;e3e929a1cfadc553_diario_derivado;;interna;horaria_agregada;media
2022-08-29;113.75;24;True;0;2463;nivel;Epagri;;;2;False;diaria;e3e929a1cfadc553_diario_derivado;;interna;horaria_agregada;media
2022-08-30;113.0;24;True;0;2463;nivel;Epagri;;;2;False;diaria;e3e929a1cfadc553_diario_derivado;;interna;horaria_agregada;media
2022-08-31;113.0;24;True;0;2463;nivel;Epagri;;;2;False;diaria;e3e929a1cfadc553_diario_derivado;;interna;horaria_agregada;media
2022-09-01;112.20833333333333;24;True;0;2463;nivel;Epagri;;;2;False;diaria;e3e929a1cfadc553_diario_derivado;;interna;horaria_agregada;media
2022-09-02;112.0;24;True;0;2463;nivel;Epagri;;;2;False;diaria;e3e929a1cfadc553_diario_derivado;;interna;horaria_agregada;media
2022-09-03;111.79166666666667;24;True;0;2463;nivel;Epagri;;;2;False;diaria;e3e929a1cfadc553_diario_derivado;;interna;horaria_agregada;media
2022-09-04;110.875;24;True;0;2463;nivel;Epagri;;;2;False;diaria;e3e929a1cfadc553_diario_derivado;;interna;horaria_agregada;media
2022-09-05;110.41666666666667;24;True;0;2463;nivel;Epagri;;;2;False;diaria;e3e929a1cfadc553_diario_derivado;;interna;horaria_agregada;media
2022-09-06;127.41666666666667;24;True;0;2463;nivel;Epagri;;;2;False;diaria;e3e929a1cfadc553_diario_derivado;;interna;horaria_agregada;media
2022-09-07;169.70833333333334;24;True;0;2463;nivel;Epagri;;;2;False;diaria;e3e929a1cfadc553_diario_derivado;;interna;horaria_agregada;media
2022-09-08;131.83333333333334;24;True;0;2463;nivel;Epagri;;;2;False;diaria;e3e929a1cfadc553_diario_derivado;;interna;horaria_agregada;media
2022-09-09;120.75;24;True;0;2463;nivel;Epagri;;;2;False;diaria;e3e929a1cfadc553_diario_derivado;;interna;horaria_agregada;media
2022-09-10;116.875;24;True;0;2463;nivel;Epagri;;;2;False;diaria;e3e929a1cfadc553_diario_derivado;;interna;horaria_agregada;media
2022-09-11;114.25;24;True;0;2463;nivel;Epagri;;;2;False;diaria;e3e929a1cfadc553_diario_derivado;;interna;horaria_agregada;media
2022-09-12;125.91666666666667;24;True;0;2463;nivel;Epagri;;;2;False;diaria;e3e929a1cfadc553_diario_derivado;;interna;horaria_agregada;media
2022-09-13;148.45833333333334;24;True;0;2463;nivel;Epagri;;;2;False;diaria;e3e929a1cfadc553_diario_derivado;;interna;horaria_agregada;media
2022-09-14;122.25;24;True;0;2463;nivel;Epagri;;;2;False;diaria;e3e929a1cfadc553_diario_derivado;;interna;horaria_agregada;media
2022-09-15;121.0;24;True;0;2463;nivel;Epagri;;;2;False;diaria;e3e929a1cfadc553_diario_derivado;;interna;horaria_agregada;media
2022-09-16;129.125;24;True;0;2463;nivel;Epagri;;;2;False;diaria;e3e929a1cfadc553_diario_derivado;;interna;horaria_agregada;media
2022-09-17;125.08333333333333;24;True;0;2463;nivel;Epagri;;;2;False;diaria;e3e929a1cfadc553_diario_derivado;;interna;horaria_agregada;media
2022-09-18;119.91666666666667;24;True;0;2463;nivel;Epagri;;;2;False;diaria;e3e929a1cfadc553_diario_derivado;;interna;horaria_agregada;media
2022-09-19;119.875;24;True;0;2463;nivel;Epagri;;;2;False;diaria;e3e929a1cfadc553_diario_derivado;;interna;horaria_agregada;media
2022-09-20;130.54166666666666;24;True;0;2463;nivel;Epagri;;;2;False;diaria;e3e929a1cfadc553_diario_derivado;;interna;horaria_agregada;media
2022-09-21;119.375;24;True;0;2463;nivel;Epagri;;;2;False;diaria;e3e929a1cfadc553_diario_derivado;;interna;horaria_agregada;media
2022-09-22;117.58333333333333;24;True;0;2463;nivel;Epagri;;;2;False;diaria;e3e929a1cfadc553_diario_derivado;;interna;horaria_agregada;media
2022-09-23;115.0;24;True;0;2463;nivel;Epagri;;;2;False;diaria;e3e929a1cfadc553_diario_derivado;;interna;horaria_agregada;media
2022-09-24;113.125;24;True;0;2463;nivel;Epagri;;;2;False;diaria;e3e929a1cfadc553_diario_derivado;;interna;horaria_agregada;media
2022-09-25;112.83333333333333;24;True;0;2463;nivel;Epagri;;;2;False;diaria;e3e929a1cfadc553_diario_derivado;;interna;horaria_agregada;media
2022-09-26;117.04166666666667;24;True;0;2463;nivel;Epagri;;;2;False;diaria;e3e929a1cfadc553_diario_derivado;;interna;horaria_agregada;media
2022-09-27;114.0;24;True;0;2463;nivel;Epagri;;;2;False;diaria;e3e929a1cfadc553_diario_derivado;;interna;horaria_agregada;media
2022-09-28;112.125;24;True;0;2463;nivel;Epagri;;;2;False;diaria;e3e929a1cfadc553_diario_derivado;;interna;horaria_agregada;media
2022-09-29;111.16666666666667;24;True;0;2463;nivel;Epagri;;;2;False;diaria;e3e929a1cfadc553_diario_derivado;;interna;horaria_agregada;media
2022-09-30;111.375;24;True;0;2463;nivel;Epagri;;;2;False;diaria;e3e929a1cfadc553_diario_derivado;;interna;horaria_agregada;media
2022-10-01;120.875;24;True;0;2463;nivel;Epagri;;;2;False;diaria;e3e929a1cfadc553_diario_derivado;;interna;horaria_agregada;media
2022-10-02;121.16666666666667;24;True;0;2463;nivel;Epagri;;;2;False;diaria;e3e929a1cfadc553_diario_derivado;;interna;horaria_agregada;media
2022-10-03;113.54166666666667;24;True;0;2463;nivel;Epagri;;;2;False;diaria;e3e929a1cfadc553_diario_derivado;;interna;horaria_agregada;media
2022-10-04;112.0;24;True;0;2463;nivel;Epagri;;;2;False;diaria;e3e929a1cfadc553_diario_derivado;;interna;horaria_agregada;media
2022-10-05;111.16666666666667;24;True;0;2463;nivel;Epagri;;;2;False;diaria;e3e929a1cfadc553_diario_derivado;;interna;horaria_agregada;media
2022-10-06;149.70833333333334;24;True;0;2463;nivel;Epagri;;;2;False;diaria;e3e929a1cfadc553_diario_derivado;;interna;horaria_agregada;media
2022-10-07;143.66666666666666;24;True;0;2463;nivel;Epagri;;;2;False;diaria;e3e929a1cfadc553_diario_derivado;;interna;horaria_agregada;media
2022-10-08;121.41666666666667;24;True;0;2463;nivel;Epagri;;;2;False;diaria;e3e929a1cfadc553_diario_derivado;;interna;horaria_agregada;media
2022-10-09;116.83333333333333;24;True;0;2463;nivel;Epagri;;;2;False;diaria;e3e929a1cfadc553_diario_derivado;;interna;horaria_agregada;media
2022-10-10;185.875;24;True;0;2463;nivel;Epagri;;;2;False;diaria;e3e929a1cfadc553_diario_derivado;;interna;horaria_agregada;media
2022-10-11;196.91666666666666;24;True;0;2463;nivel;Epagri;;;2;False;diaria;e3e929a1cfadc553_diario_derivado;;interna;horaria_agregada;media
2022-10-12;149.45833333333334;24;True;0;2463;nivel;Epagri;;;2;False;diaria;e3e929a1cfadc553_diario_derivado;;interna;horaria_agregada;media
2022-10-13;135.125;24;True;0;2463;nivel;Epagri;;;2;False;diaria;e3e929a1cfadc553_diario_derivado;;interna;horaria_agregada;media
2022-10-14;149.625;24;True;0;2463;nivel;Epagri;;;2;False;diaria;e3e929a1cfadc553_diario_derivado;;interna;horaria_agregada;media
2022-10-15;186.20833333333334;24;True;0;2463;nivel;Epagri;;;2;False;diaria;e3e929a1cfadc553_diario_derivado;;interna;horaria_agregada;media
2022-10-16;217.41666666666666;24;True;0;2463;nivel;Epagri;;;2;False;diaria;e3e929a1cfadc553_diario_derivado;;interna;horaria_agregada;media
2022-10-17;160.79166666666666;24;True;0;2463;nivel;Epagri;;;2;False;diaria;e3e929a1cfadc553_diario_derivado;;interna;horaria_agregada;media
2022-10-18;144.79166666666666;24;True;0;2463;nivel;Epagri;;;2;False;diaria;e3e929a1cfadc553_diario_derivado;;interna;horaria_agregada;media
2022-10-19;137.95833333333334;24;True;0;2463;nivel;Epagri;;;2;False;diaria;e3e929a1cfadc553_diario_derivado;;interna;horaria_agregada;media
2022-10-20;133.70833333333334;24;True;0;2463;nivel;Epagri;;;2;False;diaria;e3e929a1cfadc553_diario_derivado;;interna;horaria_agregada;media
2022-10-21;136.75;24;True;0;2463;nivel;Epagri;;;2;False;diaria;e3e929a1cfadc553_diario_derivado;;interna;horaria_agregada;media
2022-10-22;138.45833333333334;24;True;0;2463;nivel;Epagri;;;2;False;diaria;e3e929a1cfadc553_diario_derivado;;interna;horaria_agregada;media
2022-10-23;142.0;24;True;0;2463;nivel;Epagri;;;2;False;diaria;e3e929a1cfadc553_diario_derivado;;interna;horaria_agregada;media
2022-10-24;146.5;24;True;0;2463;nivel;Epagri;;;2;False;diaria;e3e929a1cfadc553_diario_derivado;;interna;horaria_agregada;media
2022-10-25;130.83333333333334;24;True;0;2463;nivel;Epagri;;;2;False;diaria;e3e929a1cfadc553_diario_derivado;;interna;horaria_agregada;media
2022-10-26;127.25;24;True;0;2463;nivel;Epagri;;;2;False;diaria;e3e929a1cfadc553_diario_derivado;;interna;horaria_agregada;media
2022-10-27;125.04166666666667;24;True;0;2463;nivel;Epagri;;;2;False;diaria;e3e929a1cfadc553_diario_derivado;;interna;horaria_agregada;media
2022-10-28;123.0;24;True;0;2463;nivel;Epagri;;;2;False;diaria;e3e929a1cfadc553_diario_derivado;;interna;horaria_agregada;media
2022-10-29;121.79166666666667;24;True;0;2463;nivel;Epagri;;;2;False;diaria;e3e929a1cfadc553_diario_derivado;;interna;horaria_agregada;media
2022-10-30;120.45833333333333;24;True;0;2463;nivel;Epagri;;;2;False;diaria;e3e929a1cfadc553_diario_derivado;;interna;horaria_agregada;media
2022-10-31;119.625;24;True;0;2463;nivel;Epagri;;;2;False;diaria;e3e929a1cfadc553_diario_derivado;;interna;horaria_agregada;media
2022-11-01;123.29166666666667;24;True;0;2463;nivel;Epagri;;;2;False;diaria;e3e929a1cfadc553_diario_derivado;;interna;horaria_agregada;media
2022-11-02;119.16666666666667;24;True;0;2463;nivel;Epagri;;;2;False;diaria;e3e929a1cfadc553_diario_derivado;;interna;horaria_agregada;media
2022-11-03;117.125;24;True;0;2463;nivel;Epagri;;;2;False;diaria;e3e929a1cfadc553_diario_derivado;;interna;horaria_agregada;media
2022-11-04;116.45833333333333;24;True;0;2463;nivel;Epagri;;;2;False;diaria;e3e929a1cfadc553_diario_derivado;;interna;horaria_agregada;media
2022-11-05;116.0;24;True;0;2463;nivel;Epagri;;;2;False;diaria;e3e929a1cfadc553_diario_derivado;;interna;horaria_agregada;media
2022-11-06;117.0;24;True;0;2463;nivel;Epagri;;;2;False;diaria;e3e929a1cfadc553_diario_derivado;;interna;horaria_agregada;media
2022-11-07;117.45833333333333;24;True;0;2463;nivel;Epagri;;;2;False;diaria;e3e929a1cfadc553_diario_derivado;;interna;horaria_agregada;media
2022-11-08;116.45833333333333;24;True;0;2463;nivel;Epagri;;;2;False;diaria;e3e929a1cfadc553_diario_derivado;;interna;horaria_agregada;media
2022-11-09;115.375;24;True;0;2463;nivel;Epagri;;;2;False;diaria;e3e929a1cfadc553_diario_derivado;;interna;horaria_agregada;media
2022-11-10;114.83333333333333;24;True;0;2463;nivel;Epagri;;;2;False;diaria;e3e929a1cfadc553_diario_derivado;;interna;horaria_agregada;media
2022-11-11;114.0;24;True;0;2463;nivel;Epagri;;;2;False;diaria;e3e929a1cfadc553_diario_derivado;;interna;horaria_agregada;media
2022-11-12;113.79166666666667;24;True;0;2463;nivel;Epagri;;;2;False;diaria;e3e929a1cfadc553_diario_derivado;;interna;horaria_agregada;media
2022-11-13;113.58333333333333;24;True;0;2463;nivel;Epagri;;;2;False;diaria;e3e929a1cfadc553_diario_derivado;;interna;horaria_agregada;media
2022-11-14;128.29166666666666;24;True;0;2463;nivel;Epagri;;;2;False;diaria;e3e929a1cfadc553_diario_derivado;;interna;horaria_agregada;media
2022-11-15;117.0;24;True;0;2463;nivel;Epagri;;;2;False;diaria;e3e929a1cfadc553_diario_derivado;;interna;horaria_agregada;media
2022-11-16;;23;False;0;2463;nivel;Epagri;;;2;False;diaria;e3e929a1cfadc553_diario_derivado;;interna;horaria_agregada;media
2022-11-17;108.70833333333333;24;True;0;2463;nivel;Epagri;;;2;False;diaria;e3e929a1cfadc553_diario_derivado;;interna;horaria_agregada;media
2022-11-18;108.0;24;True;0;2463;nivel;Epagri;;;2;False;diaria;e3e929a1cfadc553_diario_derivado;;interna;horaria_agregada;media
2022-11-19;107.75;24;True;0;2463;nivel;Epagri;;;2;False;diaria;e3e929a1cfadc553_diario_derivado;;interna;horaria_agregada;media
2022-11-20;107.41666666666667;24;True;0;2463;nivel;Epagri;;;2;False;diaria;e3e929a1cfadc553_diario_derivado;;interna;horaria_agregada;media
2022-11-21;107.45833333333333;24;True;0;2463;nivel;Epagri;;;2;False;diaria;e3e929a1cfadc553_diario_derivado;;interna;horaria_agregada;media
2022-11-22;107.0;24;True;0;2463;nivel;Epagri;;;2;False;diaria;e3e929a1cfadc553_diario_derivado;;interna;horaria_agregada;media
2022-11-23;108.875;24;True;0;2463;nivel;Epagri;;;2;False;diaria;e3e929a1cfadc553_diario_derivado;;interna;horaria_agregada;media
2022-11-24;109.29166666666667;24;True;0;2463;nivel;Epagri;;;2;False;diaria;e3e929a1cfadc553_diario_derivado;;interna;horaria_agregada;media
2022-11-25;;20;False;0;2463;nivel;Epagri;;;2;False;diaria;e3e929a1cfadc553_diario_derivado;;interna;horaria_agregada;media
2022-11-26;199.33333333333334;24;True;0;2463;nivel;Epagri;;;2;False;diaria;e3e929a1cfadc553_diario_derivado;;interna;horaria_agregada;media
2022-11-27;379.5833333333333;24;True;0;2463;nivel;Epagri;;;2;False;diaria;e3e929a1cfadc553_diario_derivado;;interna;horaria_agregada;media
2022-11-28;297.7083333333333;24;True;0;2463;nivel;Epagri;;;2;False;diaria;e3e929a1cfadc553_diario_derivado;;interna;horaria_agregada;media
2022-11-29;360.2916666666667;24;True;0;2463;nivel;Epagri;;;2;False;diaria;e3e929a1cfadc553_diario_derivado;;interna;horaria_agregada;media
2022-11-30;431.6666666666667;24;True;0;2463;nivel;Epagri;;;2;False;diaria;e3e929a1cfadc553_diario_derivado;;interna;horaria_agregada;media
2022-12-01;597.625;24;True;0;2463;nivel;Epagri;;;2;False;diaria;e3e929a1cfadc553_diario_derivado;;interna;horaria_agregada;media
2022-12-02;282.4583333333333;24;True;0;2463;nivel;Epagri;;;2;False;diaria;e3e929a1cfadc553_diario_derivado;;interna;horaria_agregada;media
2022-12-03;222.70833333333334;24;True;0;2463;nivel;Epagri;;;2;False;diaria;e3e929a1cfadc553_diario_derivado;;interna;horaria_agregada;media
2022-12-04;211.79166666666666;24;True;0;2463;nivel;Epagri;;;2;False;diaria;e3e929a1cfadc553_diario_derivado;;interna;horaria_agregada;media
2022-12-05;220.66666666666666;24;True;0;2463;nivel;Epagri;;;2;False;diaria;e3e929a1cfadc553_diario_derivado;;interna;horaria_agregada;media
2022-12-06;182.91666666666666;24;True;0;2463;nivel;Epagri;;;2;False;diaria;e3e929a1cfadc553_diario_derivado;;interna;horaria_agregada;media
2022-12-07;169.875;24;True;0;2463;nivel;Epagri;;;2;False;diaria;e3e929a1cfadc553_diario_derivado;;interna;horaria_agregada;media
2022-12-08;161.66666666666666;24;True;0;2463;nivel;Epagri;;;2;False;diaria;e3e929a1cfadc553_diario_derivado;;interna;horaria_agregada;media
2022-12-09;155.91666666666666;24;True;0;2463;nivel;Epagri;;;2;False;diaria;e3e929a1cfadc553_diario_derivado;;interna;horaria_agregada;media
2022-12-10;151.91666666666666;24;True;0;2463;nivel;Epagri;;;2;False;diaria;e3e929a1cfadc553_diario_derivado;;interna;horaria_agregada;media
2022-12-11;148.5;24;True;0;2463;nivel;Epagri;;;2;False;diaria;e3e929a1cfadc553_diario_derivado;;interna;horaria_agregada;media
2022-12-12;149.25;24;True;0;2463;nivel;Epagri;;;2;False;diaria;e3e929a1cfadc553_diario_derivado;;interna;horaria_agregada;media
2022-12-13;148.54166666666666;24;True;0;2463;nivel;Epagri;;;2;False;diaria;e3e929a1cfadc553_diario_derivado;;interna;horaria_agregada;media
2022-12-14;141.08333333333334;24;True;0;2463;nivel;Epagri;;;2;False;diaria;e3e929a1cfadc553_diario_derivado;;interna;horaria_agregada;media
2022-12-15;138.45833333333334;24;True;0;2463;nivel;Epagri;;;2;False;diaria;e3e929a1cfadc553_diario_derivado;;interna;horaria_agregada;media
2022-12-16;137.0;24;True;0;2463;nivel;Epagri;;;2;False;diaria;e3e929a1cfadc553_diario_derivado;;interna;horaria_agregada;media
2022-12-17;135.25;24;True;0;2463;nivel;Epagri;;;2;False;diaria;e3e929a1cfadc553_diario_derivado;;interna;horaria_agregada;media
2022-12-18;138.875;24;True;0;2463;nivel;Epagri;;;2;False;diaria;e3e929a1cfadc553_diario_derivado;;interna;horaria_agregada;media
2022-12-19;253.16666666666666;24;True;0;2463;nivel;Epagri;;;2;False;diaria;e3e929a1cfadc553_diario_derivado;;interna;horaria_agregada;media
2022-12-20;373.4166666666667;24;True;0;2463;nivel;Epagri;;;2;False;diaria;e3e929a1cfadc553_diario_derivado;;interna;horaria_agregada;media
2022-12-21;;23;False;0;2463;nivel;Epagri;;;2;False;diaria;e3e929a1cfadc553_diario_derivado;;interna;horaria_agregada;media
2022-12-22;185.25;24;True;0;2463;nivel;Epagri;;;2;False;diaria;e3e929a1cfadc553_diario_derivado;;interna;horaria_agregada;media
2022-12-23;165.58333333333334;24;True;0;2463;nivel;Epagri;;;2;False;diaria;e3e929a1cfadc553_diario_derivado;;interna;horaria_agregada;media
2022-12-24;157.66666666666666;24;True;0;2463;nivel;Epagri;;;2;False;diaria;e3e929a1cfadc553_diario_derivado;;interna;horaria_agregada;media
2022-12-25;157.5;24;True;0;2463;nivel;Epagri;;;2;False;diaria;e3e929a1cfadc553_diario_derivado;;interna;horaria_agregada;media
2022-12-26;162.25;24;True;0;2463;nivel;Epagri;;;2;False;diaria;e3e929a1cfadc553_diario_derivado;;interna;horaria_agregada;media
2022-12-27;152.91666666666666;24;True;0;2463;nivel;Epagri;;;2;False;diaria;e3e929a1cfadc553_diario_derivado;;interna;horaria_agregada;media
2022-12-28;197.58333333333334;24;True;0;2463;nivel;Epagri;;;2;False;diaria;e3e929a1cfadc553_diario_derivado;;interna;horaria_agregada;media
2022-12-29;164.54166666666666;24;True;0;2463;nivel;Epagri;;;2;False;diaria;e3e929a1cfadc553_diario_derivado;;interna;horaria_agregada;media
2022-12-30;152.33333333333334;24;True;0;2463;nivel;Epagri;;;2;False;diaria;e3e929a1cfadc553_diario_derivado;;interna;horaria_agregada;media
2022-12-31;146.54166666666666;24;True;0;2463;nivel;Epagri;;;2;False;diaria;e3e929a1cfadc553_diario_derivado;;interna;horaria_agregada;media
2023-01-01;143.83333333333334;24;True;0;2463;nivel;Epagri;;;2;False;diaria;e3e929a1cfadc553_diario_derivado;;interna;horaria_agregada;media
2023-01-02;141.08333333333334;24;True;0;2463;nivel;Epagri;;;2;False;diaria;e3e929a1cfadc553_diario_derivado;;interna;horaria_agregada;media
2023-01-03;139.54166666666666;24;True;0;2463;nivel;Epagri;;;2;False;diaria;e3e929a1cfadc553_diario_derivado;;interna;horaria_agregada;media
2023-01-04;138.33333333333334;24;True;0;2463;nivel;Epagri;;;2;False;diaria;e3e929a1cfadc553_diario_derivado;;interna;horaria_agregada;media
2023-01-05;135.33333333333334;24;True;0;2463;nivel;Epagri;;;2;False;diaria;e3e929a1cfadc553_diario_derivado;;interna;horaria_agregada;media
2023-01-06;133.0;24;True;0;2463;nivel;Epagri;;;2;False;diaria;e3e929a1cfadc553_diario_derivado;;interna;horaria_agregada;media
2023-01-07;132.58333333333334;24;True;0;2463;nivel;Epagri;;;2;False;diaria;e3e929a1cfadc553_diario_derivado;;interna;horaria_agregada;media
2023-01-08;131.91666666666666;24;True;0;2463;nivel;Epagri;;;2;False;diaria;e3e929a1cfadc553_diario_derivado;;interna;horaria_agregada;media
2023-01-09;130.5;24;True;0;2463;nivel;Epagri;;;2;False;diaria;e3e929a1cfadc553_diario_derivado;;interna;horaria_agregada;media
2023-01-10;138.08333333333334;24;True;0;2463;nivel;Epagri;;;2;False;diaria;e3e929a1cfadc553_diario_derivado;;interna;horaria_agregada;media
2023-01-11;219.83333333333334;24;True;0;2463;nivel;Epagri;;;2;False;diaria;e3e929a1cfadc553_diario_derivado;;interna;horaria_agregada;media
2023-01-12;145.83333333333334;24;True;0;2463;nivel;Epagri;;;2;False;diaria;e3e929a1cfadc553_diario_derivado;;interna;horaria_agregada;media
2023-01-13;136.375;24;True;0;2463;nivel;Epagri;;;2;False;diaria;e3e929a1cfadc553_diario_derivado;;interna;horaria_agregada;media
2023-01-14;142.0;24;True;0;2463;nivel;Epagri;;;2;False;diaria;e3e929a1cfadc553_diario_derivado;;interna;horaria_agregada;media
2023-01-15;178.625;24;True;0;2463;nivel;Epagri;;;2;False;diaria;e3e929a1cfadc553_diario_derivado;;interna;horaria_agregada;media
2023-01-16;173.70833333333334;24;True;0;2463;nivel;Epagri;;;2;False;diaria;e3e929a1cfadc553_diario_derivado;;interna;horaria_agregada;media
2023-01-17;147.33333333333334;24;True;0;2463;nivel;Epagri;;;2;False;diaria;e3e929a1cfadc553_diario_derivado;;interna;horaria_agregada;media
2023-01-18;150.45833333333334;24;True;0;2463;nivel;Epagri;;;2;False;diaria;e3e929a1cfadc553_diario_derivado;;interna;horaria_agregada;media
2023-01-19;170.29166666666666;24;True;0;2463;nivel;Epagri;;;2;False;diaria;e3e929a1cfadc553_diario_derivado;;interna;horaria_agregada;media
2023-01-20;177.29166666666666;24;True;0;2463;nivel;Epagri;;;2;False;diaria;e3e929a1cfadc553_diario_derivado;;interna;horaria_agregada;media
2023-01-21;151.29166666666666;24;True;0;2463;nivel;Epagri;;;2;False;diaria;e3e929a1cfadc553_diario_derivado;;interna;horaria_agregada;media
2023-01-22;163.20833333333334;24;True;0;2463;nivel;Epagri;;;2;False;diaria;e3e929a1cfadc553_diario_derivado;;interna;horaria_agregada;media
2023-01-23;147.29166666666666;24;True;0;2463;nivel;Epagri;;;2;False;diaria;e3e929a1cfadc553_diario_derivado;;interna;horaria_agregada;media
2023-01-24;143.45833333333334;24;True;0;2463;nivel;Epagri;;;2;False;diaria;e3e929a1cfadc553_diario_derivado;;interna;horaria_agregada;media
2023-01-25;;23;False;0;2463;nivel;Epagri;;;2;False;diaria;e3e929a1cfadc553_diario_derivado;;interna;horaria_agregada;media
2023-01-26;134.16666666666666;24;True;0;2463;nivel;Epagri;;;2;False;diaria;e3e929a1cfadc553_diario_derivado;;interna;horaria_agregada;media
2023-01-27;131.875;24;True;0;2463;nivel;Epagri;;;2;False;diaria;e3e929a1cfadc553_diario_derivado;;interna;horaria_agregada;media
2023-01-28;130.0;24;True;0;2463;nivel;Epagri;;;2;False;diaria;e3e929a1cfadc553_diario_derivado;;interna;horaria_agregada;media
2023-01-29;171.45833333333334;24;True;0;2463;nivel;Epagri;;;2;False;diaria;e3e929a1cfadc553_diario_derivado;;interna;horaria_agregada;media
2023-01-30;145.83333333333334;24;True;0;2463;nivel;Epagri;;;2;False;diaria;e3e929a1cfadc553_diario_derivado;;interna;horaria_agregada;media
2023-01-31;144.83333333333334;24;True;0;2463;nivel;Epagri;;;2;False;diaria;e3e929a1cfadc553_diario_derivado;;interna;horaria_agregada;media
2023-02-01;144.45833333333334;24;True;0;2463;nivel;Epagri;;;2;False;diaria;e3e929a1cfadc553_diario_derivado;;interna;horaria_agregada;media
2023-02-02;161.95833333333334;24;True;0;2463;nivel;Epagri;;;2;False;diaria;e3e929a1cfadc553_diario_derivado;;interna;horaria_agregada;media
2023-02-03;304.2083333333333;24;True;0;2463;nivel;Epagri;;;2;False;diaria;e3e929a1cfadc553_diario_derivado;;interna;horaria_agregada;media
2023-02-04;214.125;24;True;0;2463;nivel;Epagri;;;2;False;diaria;e3e929a1cfadc553_diario_derivado;;interna;horaria_agregada;media
2023-02-05;180.875;24;True;0;2463;nivel;Epagri;;;2;False;diaria;e3e929a1cfadc553_diario_derivado;;interna;horaria_agregada;media
2023-02-06;157.91666666666666;24;True;0;2463;nivel;Epagri;;;2;False;diaria;e3e929a1cfadc553_diario_derivado;;interna;horaria_agregada;media
2023-02-07;154.04166666666666;24;True;0;2463;nivel;Epagri;;;2;False;diaria;e3e929a1cfadc553_diario_derivado;;interna;horaria_agregada;media
2023-02-08;157.04166666666666;24;True;0;2463;nivel;Epagri;;;2;False;diaria;e3e929a1cfadc553_diario_derivado;;interna;horaria_agregada;media
2023-02-09;150.04166666666666;24;True;0;2463;nivel;Epagri;;;2;False;diaria;e3e929a1cfadc553_diario_derivado;;interna;horaria_agregada;media
2023-02-10;144.04166666666666;24;True;0;2463;nivel;Epagri;;;2;False;diaria;e3e929a1cfadc553_diario_derivado;;interna;horaria_agregada;media
2023-02-11;141.20833333333334;24;True;0;2463;nivel;Epagri;;;2;False;diaria;e3e929a1cfadc553_diario_derivado;;interna;horaria_agregada;media
2023-02-12;138.29166666666666;24;True;0;2463;nivel;Epagri;;;2;False;diaria;e3e929a1cfadc553_diario_derivado;;interna;horaria_agregada;media
2023-02-13;134.91666666666666;24;True;0;2463;nivel;Epagri;;;2;False;diaria;e3e929a1cfadc553_diario_derivado;;interna;horaria_agregada;media
2023-02-14;153.25;24;True;0;2463;nivel;Epagri;;;2;False;diaria;e3e929a1cfadc553_diario_derivado;;interna;horaria_agregada;media
2023-02-15;144.45833333333334;24;True;0;2463;nivel;Epagri;;;2;False;diaria;e3e929a1cfadc553_diario_derivado;;interna;horaria_agregada;media
2023-02-16;135.875;24;True;0;2463;nivel;Epagri;;;2;False;diaria;e3e929a1cfadc553_diario_derivado;;interna;horaria_agregada;media
2023-02-17;135.5;24;True;0;2463;nivel;Epagri;;;2;False;diaria;e3e929a1cfadc553_diario_derivado;;interna;horaria_agregada;media
2023-02-18;142.16666666666666;24;True;0;2463;nivel;Epagri;;;2;False;diaria;e3e929a1cfadc553_diario_derivado;;interna;horaria_agregada;media
2023-02-19;130.70833333333334;24;True;0;2463;nivel;Epagri;;;2;False;diaria;e3e929a1cfadc553_diario_derivado;;interna;horaria_agregada;media
2023-02-20;208.20833333333334;24;True;0;2463;nivel;Epagri;;;2;False;diaria;e3e929a1cfadc553_diario_derivado;;interna;horaria_agregada;media
2023-02-21;199.41666666666666;24;True;0;2463;nivel;Epagri;;;2;False;diaria;e3e929a1cfadc553_diario_derivado;;interna;horaria_agregada;media
2023-02-22;150.95833333333334;24;True;0;2463;nivel;Epagri;;;2;False;diaria;e3e929a1cfadc553_diario_derivado;;interna;horaria_agregada;media
2023-02-23;146.33333333333334;24;True;0;2463;nivel;Epagri;;;2;False;diaria;e3e929a1cfadc553_diario_derivado;;interna;horaria_agregada;media
2023-02-24;149.66666666666666;24;True;0;2463;nivel;Epagri;;;2;False;diaria;e3e929a1cfadc553_diario_derivado;;interna;horaria_agregada;media
2023-02-25;139.79166666666666;24;True;0;2463;nivel;Epagri;;;2;False;diaria;e3e929a1cfadc553_diario_derivado;;interna;horaria_agregada;media
2023-02-26;149.08333333333334;24;True;0;2463;nivel;Epagri;;;2;False;diaria;e3e929a1cfadc553_diario_derivado;;interna;horaria_agregada;media
2023-02-27;147.5;24;True;0;2463;nivel;Epagri;;;2;False;diaria;e3e929a1cfadc553_diario_derivado;;interna;horaria_agregada;media
2023-02-28;136.0;24;True;0;2463;nivel;Epagri;;;2;False;diaria;e3e929a1cfadc553_diario_derivado;;interna;horaria_agregada;media
2023-03-01;133.16666666666666;24;True;0;2463;nivel;Epagri;;;2;False;diaria;e3e929a1cfadc553_diario_derivado;;interna;horaria_agregada;media
2023-03-02;132.66666666666666;24;True;0;2463;nivel;Epagri;;;2;False;diaria;e3e929a1cfadc553_diario_derivado;;interna;horaria_agregada;media
2023-03-03;132.04166666666666;24;True;0;2463;nivel;Epagri;;;2;False;diaria;e3e929a1cfadc553_diario_derivado;;interna;horaria_agregada;media
2023-03-04;142.66666666666666;24;True;0;2463;nivel;Epagri;;;2;False;diaria;e3e929a1cfadc553_diario_derivado;;interna;horaria_agregada;media
2023-03-05;140.29166666666666;24;True;0;2463;nivel;Epagri;;;2;False;diaria;e3e929a1cfadc553_diario_derivado;;interna;horaria_agregada;media
2023-03-06;142.95833333333334;24;True;0;2463;nivel;Epagri;;;2;False;diaria;e3e929a1cfadc553_diario_derivado;;interna;horaria_agregada;media
2023-03-07;166.16666666666666;24;True;0;2463;nivel;Epagri;;;2;False;diaria;e3e929a1cfadc553_diario_derivado;;interna;horaria_agregada;media
2023-03-08;156.875;24;True;0;2463;nivel;Epagri;;;2;False;diaria;e3e929a1cfadc553_diario_derivado;;interna;horaria_agregada;media
2023-03-09;136.83333333333334;24;True;0;2463;nivel;Epagri;;;2;False;diaria;e3e929a1cfadc553_diario_derivado;;interna;horaria_agregada;media
2023-03-10;133.83333333333334;24;True;0;2463;nivel;Epagri;;;2;False;diaria;e3e929a1cfadc553_diario_derivado;;interna;horaria_agregada;media
2023-03-11;142.41666666666666;24;True;0;2463;nivel;Epagri;;;2;False;diaria;e3e929a1cfadc553_diario_derivado;;interna;horaria_agregada;media
2023-03-12;145.41666666666666;24;True;0;2463;nivel;Epagri;;;2;False;diaria;e3e929a1cfadc553_diario_derivado;;interna;horaria_agregada;media
2023-03-13;186.125;24;True;0;2463;nivel;Epagri;;;2;False;diaria;e3e929a1cfadc553_diario_derivado;;interna;horaria_agregada;media
2023-03-14;156.0;24;True;0;2463;nivel;Epagri;;;2;False;diaria;e3e929a1cfadc553_diario_derivado;;interna;horaria_agregada;media
2023-03-15;172.25;24;True;0;2463;nivel;Epagri;;;2;False;diaria;e3e929a1cfadc553_diario_derivado;;interna;horaria_agregada;media
2023-03-16;148.83333333333334;24;True;0;2463;nivel;Epagri;;;2;False;diaria;e3e929a1cfadc553_diario_derivado;;interna;horaria_agregada;media
2023-03-17;142.29166666666666;24;True;0;2463;nivel;Epagri;;;2;False;diaria;e3e929a1cfadc553_diario_derivado;;interna;horaria_agregada;media
2023-03-18;137.125;24;True;0;2463;nivel;Epagri;;;2;False;diaria;e3e929a1cfadc553_diario_derivado;;interna;horaria_agregada;media
2023-03-19;133.5;24;True;0;2463;nivel;Epagri;;;2;False;diaria;e3e929a1cfadc553_diario_derivado;;interna;horaria_agregada;media
2023-03-20;131.125;24;True;0;2463;nivel;Epagri;;;2;False;diaria;e3e929a1cfadc553_diario_derivado;;interna;horaria_agregada;media
2023-03-21;129.08333333333334;24;True;0;2463;nivel;Epagri;;;2;False;diaria;e3e929a1cfadc553_diario_derivado;;interna;horaria_agregada;media
2023-03-22;141.20833333333334;24;True;0;2463;nivel;Epagri;;;2;False;diaria;e3e929a1cfadc553_diario_derivado;;interna;horaria_agregada;media
2023-03-23;244.33333333333334;24;True;0;2463;nivel;Epagri;;;2;False;diaria;e3e929a1cfadc553_diario_derivado;;interna;horaria_agregada;media
2023-03-24;157.625;24;True;0;2463;nivel;Epagri;;;2;False;diaria;e3e929a1cfadc553_diario_derivado;;interna;horaria_agregada;media
2023-03-25;144.79166666666666;24;True;0;2463;nivel;Epagri;;;2;False;diaria;e3e929a1cfadc553_diario_derivado;;interna;horaria_agregada;media
2023-03-26;139.83333333333334;24;True;0;2463;nivel;Epagri;;;2;False;diaria;e3e929a1cfadc553_diario_derivado;;interna;horaria_agregada;media
2023-03-27;135.58333333333334;24;True;0;2463;nivel;Epagri;;;2;False;diaria;e3e929a1cfadc553_diario_derivado;;interna;horaria_agregada;media
2023-03-28;132.875;24;True;0;2463;nivel;Epagri;;;2;False;diaria;e3e929a1cfadc553_diario_derivado;;interna;horaria_agregada;media
2023-03-29;140.875;24;True;0;2463;nivel;Epagri;;;2;False;diaria;e3e929a1cfadc553_diario_derivado;;interna;horaria_agregada;media
2023-03-30;140.16666666666666;24;True;0;2463;nivel;Epagri;;;2;False;diaria;e3e929a1cfadc553_diario_derivado;;interna;horaria_agregada;media
2023-03-31;;23;False;0;2463;nivel;Epagri;;;2;False;diaria;e3e929a1cfadc553_diario_derivado;;interna;horaria_agregada;media
2023-04-01;128.54166666666666;24;True;0;2463;nivel;Epagri;;;2;False;diaria;e3e929a1cfadc553_diario_derivado;;interna;horaria_agregada;media
2023-04-02;126.375;24;True;0;2463;nivel;Epagri;;;2;False;diaria;e3e929a1cfadc553_diario_derivado;;interna;horaria_agregada;media
2023-04-03;125.41666666666667;24;True;0;2463;nivel;Epagri;;;2;False;diaria;e3e929a1cfadc553_diario_derivado;;interna;horaria_agregada;media
2023-04-04;124.54166666666667;24;True;0;2463;nivel;Epagri;;;2;False;diaria;e3e929a1cfadc553_diario_derivado;;interna;horaria_agregada;media
2023-04-05;123.625;24;True;0;2463;nivel;Epagri;;;2;False;diaria;e3e929a1cfadc553_diario_derivado;;interna;horaria_agregada;media
2023-04-06;123.58333333333333;24;True;0;2463;nivel;Epagri;;;2;False;diaria;e3e929a1cfadc553_diario_derivado;;interna;horaria_agregada;media
2023-04-07;140.04166666666666;24;True;0;2463;nivel;Epagri;;;2;False;diaria;e3e929a1cfadc553_diario_derivado;;interna;horaria_agregada;media
2023-04-08;134.83333333333334;24;True;0;2463;nivel;Epagri;;;2;False;diaria;e3e929a1cfadc553_diario_derivado;;interna;horaria_agregada;media
2023-04-09;133.20833333333334;24;True;0;2463;nivel;Epagri;;;2;False;diaria;e3e929a1cfadc553_diario_derivado;;interna;horaria_agregada;media
2023-04-10;129.79166666666666;24;True;0;2463;nivel;Epagri;;;2;False;diaria;e3e929a1cfadc553_diario_derivado;;interna;horaria_agregada;media
2023-04-11;125.79166666666667;24;True;0;2463;nivel;Epagri;;;2;False;diaria;e3e929a1cfadc553_diario_derivado;;interna;horaria_agregada;media
2023-04-12;122.79166666666667;24;True;0;2463;nivel;Epagri;;;2;False;diaria;e3e929a1cfadc553_diario_derivado;;interna;horaria_agregada;media
2023-04-13;121.125;24;True;0;2463;nivel;Epagri;;;2;False;diaria;e3e929a1cfadc553_diario_derivado;;interna;horaria_agregada;media
2023-04-14;121.33333333333333;24;True;0;2463;nivel;Epagri;;;2;False;diaria;e3e929a1cfadc553_diario_derivado;;interna;horaria_agregada;media
2023-04-15;138.875;24;True;0;2463;nivel;Epagri;;;2;False;diaria;e3e929a1cfadc553_diario_derivado;;interna;horaria_agregada;media
2023-04-16;126.45833333333333;24;True;0;2463;nivel;Epagri;;;2;False;diaria;e3e929a1cfadc553_diario_derivado;;interna;horaria_agregada;media
2023-04-17;152.29166666666666;24;True;0;2463;nivel;Epagri;;;2;False;diaria;e3e929a1cfadc553_diario_derivado;;interna;horaria_agregada;media
2023-04-18;159.41666666666666;24;True;0;2463;nivel;Epagri;;;2;False;diaria;e3e929a1cfadc553_diario_derivado;;interna;horaria_agregada;media
2023-04-19;136.25;24;True;0;2463;nivel;Epagri;;;2;False;diaria;e3e929a1cfadc553_diario_derivado;;interna;horaria_agregada;media
2023-04-20;126.375;24;True;0;2463;nivel;Epagri;;;2;False;diaria;e3e929a1cfadc553_diario_derivado;;interna;horaria_agregada;media
2023-04-21;123.375;24;True;0;2463;nivel;Epagri;;;2;False;diaria;e3e929a1cfadc553_diario_derivado;;interna;horaria_agregada;media
2023-04-22;122.66666666666667;24;True;0;2463;nivel;Epagri;;;2;False;diaria;e3e929a1cfadc553_diario_derivado;;interna;horaria_agregada;media
2023-04-23;122.08333333333333;24;True;0;2463;nivel;Epagri;;;2;False;diaria;e3e929a1cfadc553_diario_derivado;;interna;horaria_agregada;media
2023-04-24;137.75;24;True;0;2463;nivel;Epagri;;;2;False;diaria;e3e929a1cfadc553_diario_derivado;;interna;horaria_agregada;media
2023-04-25;124.75;24;True;0;2463;nivel;Epagri;;;2;False;diaria;e3e929a1cfadc553_diario_derivado;;interna;horaria_agregada;media
2023-04-26;121.625;24;True;0;2463;nivel;Epagri;;;2;False;diaria;e3e929a1cfadc553_diario_derivado;;interna;horaria_agregada;media
2023-04-27;119.91666666666667;24;True;0;2463;nivel;Epagri;;;2;False;diaria;e3e929a1cfadc553_diario_derivado;;interna;horaria_agregada;media
2023-04-28;118.79166666666667;24;True;0;2463;nivel;Epagri;;;2;False;diaria;e3e929a1cfadc553_diario_derivado;;interna;horaria_agregada;media
2023-04-29;118.0;24;True;0;2463;nivel;Epagri;;;2;False;diaria;e3e929a1cfadc553_diario_derivado;;interna;horaria_agregada;media
2023-04-30;117.20833333333333;24;True;0;2463;nivel;Epagri;;;2;False;diaria;e3e929a1cfadc553_diario_derivado;;interna;horaria_agregada;media
2023-05-01;116.875;24;True;0;2463;nivel;Epagri;;;2;False;diaria;e3e929a1cfadc553_diario_derivado;;interna;horaria_agregada;media
2023-05-02;116.0;24;True;0;2463;nivel;Epagri;;;2;False;diaria;e3e929a1cfadc553_diario_derivado;;interna;horaria_agregada;media
2023-05-03;116.0;24;True;0;2463;nivel;Epagri;;;2;False;diaria;e3e929a1cfadc553_diario_derivado;;interna;horaria_agregada;media
2023-05-04;153.29166666666666;24;True;0;2463;nivel;Epagri;;;2;False;diaria;e3e929a1cfadc553_diario_derivado;;interna;horaria_agregada;media
2023-05-05;124.375;24;True;0;2463;nivel;Epagri;;;2;False;diaria;e3e929a1cfadc553_diario_derivado;;interna;horaria_agregada;media
2023-05-06;120.54166666666667;24;True;0;2463;nivel;Epagri;;;2;False;diaria;e3e929a1cfadc553_diario_derivado;;interna;horaria_agregada;media
2023-05-07;118.83333333333333;24;True;0;2463;nivel;Epagri;;;2;False;diaria;e3e929a1cfadc553_diario_derivado;;interna;horaria_agregada;media
2023-05-08;117.95833333333333;24;True;0;2463;nivel;Epagri;;;2;False;diaria;e3e929a1cfadc553_diario_derivado;;interna;horaria_agregada;media
2023-05-09;116.79166666666667;24;True;0;2463;nivel;Epagri;;;2;False;diaria;e3e929a1cfadc553_diario_derivado;;interna;horaria_agregada;media
2023-05-10;115.66666666666667;24;True;0;2463;nivel;Epagri;;;2;False;diaria;e3e929a1cfadc553_diario_derivado;;interna;horaria_agregada;media
2023-05-11;114.625;24;True;0;2463;nivel;Epagri;;;2;False;diaria;e3e929a1cfadc553_diario_derivado;;interna;horaria_agregada;media
2023-05-12;113.95833333333333;24;True;0;2463;nivel;Epagri;;;2;False;diaria;e3e929a1cfadc553_diario_derivado;;interna;horaria_agregada;media
2023-05-13;113.04166666666667;24;True;0;2463;nivel;Epagri;;;2;False;diaria;e3e929a1cfadc553_diario_derivado;;interna;horaria_agregada;media
2023-05-14;112.66666666666667;24;True;0;2463;nivel;Epagri;;;2;False;diaria;e3e929a1cfadc553_diario_derivado;;interna;horaria_agregada;media
2023-05-15;112.0;24;True;0;2463;nivel;Epagri;;;2;False;diaria;e3e929a1cfadc553_diario_derivado;;interna;horaria_agregada;media
2023-05-16;111.875;24;True;0;2463;nivel;Epagri;;;2;False;diaria;e3e929a1cfadc553_diario_derivado;;interna;horaria_agregada;media
2023-05-17;111.0;24;True;0;2463;nivel;Epagri;;;2;False;diaria;e3e929a1cfadc553_diario_derivado;;interna;horaria_agregada;media
2023-05-18;111.0;24;True;0;2463;nivel;Epagri;;;2;False;diaria;e3e929a1cfadc553_diario_derivado;;interna;horaria_agregada;media
2023-05-19;111.0;24;True;0;2463;nivel;Epagri;;;2;False;diaria;e3e929a1cfadc553_diario_derivado;;interna;horaria_agregada;media
2023-05-20;110.25;24;True;0;2463;nivel;Epagri;;;2;False;diaria;e3e929a1cfadc553_diario_derivado;;interna;horaria_agregada;media
2023-05-21;110.0;24;True;0;2463;nivel;Epagri;;;2;False;diaria;e3e929a1cfadc553_diario_derivado;;interna;horaria_agregada;media
2023-05-22;110.0;24;True;0;2463;nivel;Epagri;;;2;False;diaria;e3e929a1cfadc553_diario_derivado;;interna;horaria_agregada;media
2023-05-23;110.0;24;True;0;2463;nivel;Epagri;;;2;False;diaria;e3e929a1cfadc553_diario_derivado;;interna;horaria_agregada;media
2023-05-24;109.29166666666667;24;True;0;2463;nivel;Epagri;;;2;False;diaria;e3e929a1cfadc553_diario_derivado;;interna;horaria_agregada;media
2023-05-25;109.45833333333333;24;True;0;2463;nivel;Epagri;;;2;False;diaria;e3e929a1cfadc553_diario_derivado;;interna;horaria_agregada;media
2023-05-26;109.54166666666667;24;True;0;2463;nivel;Epagri;;;2;False;diaria;e3e929a1cfadc553_diario_derivado;;interna;horaria_agregada;media
2023-05-27;109.33333333333333;24;True;0;2463;nivel;Epagri;;;2;False;diaria;e3e929a1cfadc553_diario_derivado;;interna;horaria_agregada;media
2023-05-28;110.29166666666667;24;True;0;2463;nivel;Epagri;;;2;False;diaria;e3e929a1cfadc553_diario_derivado;;interna;horaria_agregada;media
2023-05-29;110.83333333333333;24;True;0;2463;nivel;Epagri;;;2;False;diaria;e3e929a1cfadc553_diario_derivado;;interna;horaria_agregada;media
2023-05-30;109.29166666666667;24;True;0;2463;nivel;Epagri;;;2;False;diaria;e3e929a1cfadc553_diario_derivado;;interna;horaria_agregada;media
2023-05-31;109.0;24;True;0;2463;nivel;Epagri;;;2;False;diaria;e3e929a1cfadc553_diario_derivado;;interna;horaria_agregada;media
2023-06-01;108.08333333333333;24;True;0;2463;nivel;Epagri;;;2;False;diaria;e3e929a1cfadc553_diario_derivado;;interna;horaria_agregada;media
2023-06-02;107.79166666666667;24;True;0;2463;nivel;Epagri;;;2;False;diaria;e3e929a1cfadc553_diario_derivado;;interna;horaria_agregada;media
2023-06-03;107.0;24;True;0;2463;nivel;Epagri;;;2;False;diaria;e3e929a1cfadc553_diario_derivado;;interna;horaria_agregada;media
2023-06-04;107.0;24;True;0;2463;nivel;Epagri;;;2;False;diaria;e3e929a1cfadc553_diario_derivado;;interna;horaria_agregada;media
2023-06-05;106.45833333333333;24;True;0;2463;nivel;Epagri;;;2;False;diaria;e3e929a1cfadc553_diario_derivado;;interna;horaria_agregada;media
2023-06-06;106.5;24;True;0;2463;nivel;Epagri;;;2;False;diaria;e3e929a1cfadc553_diario_derivado;;interna;horaria_agregada;media
2023-06-07;106.16666666666667;24;True;0;2463;nivel;Epagri;;;2;False;diaria;e3e929a1cfadc553_diario_derivado;;interna;horaria_agregada;media
2023-06-08;106.0;24;True;0;2463;nivel;Epagri;;;2;False;diaria;e3e929a1cfadc553_diario_derivado;;interna;horaria_agregada;media
2023-06-09;105.58333333333333;24;True;0;2463;nivel;Epagri;;;2;False;diaria;e3e929a1cfadc553_diario_derivado;;interna;horaria_agregada;media
2023-06-10;105.0;24;True;0;2463;nivel;Epagri;;;2;False;diaria;e3e929a1cfadc553_diario_derivado;;interna;horaria_agregada;media
2023-06-11;105.33333333333333;24;True;0;2463;nivel;Epagri;;;2;False;diaria;e3e929a1cfadc553_diario_derivado;;interna;horaria_agregada;media
2023-06-12;109.875;24;True;0;2463;nivel;Epagri;;;2;False;diaria;e3e929a1cfadc553_diario_derivado;;interna;horaria_agregada;media
2023-06-13;114.0;24;True;0;2463;nivel;Epagri;;;2;False;diaria;e3e929a1cfadc553_diario_derivado;;interna;horaria_agregada;media
2023-06-14;141.75;24;True;0;2463;nivel;Epagri;;;2;False;diaria;e3e929a1cfadc553_diario_derivado;;interna;horaria_agregada;media
2023-06-15;216.16666666666666;24;True;0;2463;nivel;Epagri;;;2;False;diaria;e3e929a1cfadc553_diario_derivado;;interna;horaria_agregada;media
2023-06-16;146.54166666666666;24;True;0;2463;nivel;Epagri;;;2;False;diaria;e3e929a1cfadc553_diario_derivado;;interna;horaria_agregada;media
2023-06-17;120.375;24;True;0;2463;nivel;Epagri;;;2;False;diaria;e3e929a1cfadc553_diario_derivado;;interna;horaria_agregada;media
2023-06-18;115.0;24;True;0;2463;nivel;Epagri;;;2;False;diaria;e3e929a1cfadc553_diario_derivado;;interna;horaria_agregada;media
2023-06-19;112.25;24;True;0;2463;nivel;Epagri;;;2;False;diaria;e3e929a1cfadc553_diario_derivado;;interna;horaria_agregada;media
2023-06-20;110.91666666666667;24;True;0;2463;nivel;Epagri;;;2;False;diaria;e3e929a1cfadc553_diario_derivado;;interna;horaria_agregada;media
2023-06-21;110.0;24;True;0;2463;nivel;Epagri;;;2;False;diaria;e3e929a1cfadc553_diario_derivado;;interna;horaria_agregada;media
2023-06-22;110.0;24;True;0;2463;nivel;Epagri;;;2;False;diaria;e3e929a1cfadc553_diario_derivado;;interna;horaria_agregada;media
2023-06-23;111.04166666666667;24;True;0;2463;nivel;Epagri;;;2;False;diaria;e3e929a1cfadc553_diario_derivado;;interna;horaria_agregada;media
2023-06-24;112.83333333333333;24;True;0;2463;nivel;Epagri;;;2;False;diaria;e3e929a1cfadc553_diario_derivado;;interna;horaria_agregada;media
2023-06-25;109.875;24;True;0;2463;nivel;Epagri;;;2;False;diaria;e3e929a1cfadc553_diario_derivado;;interna;horaria_agregada;media
2023-06-26;108.33333333333333;24;True;0;2463;nivel;Epagri;;;2;False;diaria;e3e929a1cfadc553_diario_derivado;;interna;horaria_agregada;media
2023-06-27;101.875;24;True;0;2463;nivel;Epagri;;;2;False;diaria;e3e929a1cfadc553_diario_derivado;;interna;horaria_agregada;media
2023-06-28;100.0;24;True;0;2463;nivel;Epagri;;;2;False;diaria;e3e929a1cfadc553_diario_derivado;;interna;horaria_agregada;media
2023-06-29;99.70833333333333;24;True;0;2463;nivel;Epagri;;;2;False;diaria;e3e929a1cfadc553_diario_derivado;;interna;horaria_agregada;media
2023-06-30;99.0;24;True;0;2463;nivel;Epagri;;;2;False;diaria;e3e929a1cfadc553_diario_derivado;;interna;horaria_agregada;media
2023-07-01;99.0;24;True;0;2463;nivel;Epagri;;;2;False;diaria;e3e929a1cfadc553_diario_derivado;;interna;horaria_agregada;media
2023-07-02;99.0;24;True;0;2463;nivel;Epagri;;;2;False;diaria;e3e929a1cfadc553_diario_derivado;;interna;horaria_agregada;media
2023-07-03;91.58333333333333;24;True;0;2463;nivel;Epagri;;;2;False;diaria;e3e929a1cfadc553_diario_derivado;;interna;horaria_agregada;media
2023-07-04;90.0;24;True;0;2463;nivel;Epagri;;;2;False;diaria;e3e929a1cfadc553_diario_derivado;;interna;horaria_agregada;media
2023-07-05;89.33333333333333;24;True;0;2463;nivel;Epagri;;;2;False;diaria;e3e929a1cfadc553_diario_derivado;;interna;horaria_agregada;media
2023-07-06;89.0;24;True;0;2463;nivel;Epagri;;;2;False;diaria;e3e929a1cfadc553_diario_derivado;;interna;horaria_agregada;media
2023-07-07;88.0;24;True;0;2463;nivel;Epagri;;;2;False;diaria;e3e929a1cfadc553_diario_derivado;;interna;horaria_agregada;media
2023-07-08;115.29166666666667;24;True;0;2463;nivel;Epagri;;;2;False;diaria;e3e929a1cfadc553_diario_derivado;;interna;horaria_agregada;media
2023-07-09;100.33333333333333;24;True;0;2463;nivel;Epagri;;;2;False;diaria;e3e929a1cfadc553_diario_derivado;;interna;horaria_agregada;media
2023-07-10;113.29166666666667;24;True;0;2463;nivel;Epagri;;;2;False;diaria;e3e929a1cfadc553_diario_derivado;;interna;horaria_agregada;media
2023-07-11;114.70833333333333;24;True;0;2463;nivel;Epagri;;;2;False;diaria;e3e929a1cfadc553_diario_derivado;;interna;horaria_agregada;media
2023-07-12;192.83333333333334;24;True;0;2463;nivel;Epagri;;;2;False;diaria;e3e929a1cfadc553_diario_derivado;;interna;horaria_agregada;media
2023-07-13;151.875;24;True;0;2463;nivel;Epagri;;;2;False;diaria;e3e929a1cfadc553_diario_derivado;;interna;horaria_agregada;media
2023-07-14;109.16666666666667;24;True;0;2463;nivel;Epagri;;;2;False;diaria;e3e929a1cfadc553_diario_derivado;;interna;horaria_agregada;media
2023-07-15;101.66666666666667;24;True;0;2463;nivel;Epagri;;;2;False;diaria;e3e929a1cfadc553_diario_derivado;;interna;horaria_agregada;media
2023-07-16;98.0;24;True;0;2463;nivel;Epagri;;;2;False;diaria;e3e929a1cfadc553_diario_derivado;;interna;horaria_agregada;media
2023-07-17;95.54166666666667;24;True;0;2463;nivel;Epagri;;;2;False;diaria;e3e929a1cfadc553_diario_derivado;;interna;horaria_agregada;media
2023-07-18;94.54166666666667;24;True;0;2463;nivel;Epagri;;;2;False;diaria;e3e929a1cfadc553_diario_derivado;;interna;horaria_agregada;media
2023-07-19;103.45833333333333;24;True;0;2463;nivel;Epagri;;;2;False;diaria;e3e929a1cfadc553_diario_derivado;;interna;horaria_agregada;media
2023-07-20;119.45833333333333;24;True;0;2463;nivel;Epagri;;;2;False;diaria;e3e929a1cfadc553_diario_derivado;;interna;horaria_agregada;media
2023-07-21;134.5;24;True;0;2463;nivel;Epagri;;;2;False;diaria;e3e929a1cfadc553_diario_derivado;;interna;horaria_agregada;media
2023-07-22;121.58333333333333;24;True;0;2463;nivel;Epagri;;;2;False;diaria;e3e929a1cfadc553_diario_derivado;;interna;horaria_agregada;media
2023-07-23;117.45833333333333;24;True;0;2463;nivel;Epagri;;;2;False;diaria;e3e929a1cfadc553_diario_derivado;;interna;horaria_agregada;media
2023-07-24;114.70833333333333;24;True;0;2463;nivel;Epagri;;;2;False;diaria;e3e929a1cfadc553_diario_derivado;;interna;horaria_agregada;media
2023-07-25;113.16666666666667;24;True;0;2463;nivel;Epagri;;;2;False;diaria;e3e929a1cfadc553_diario_derivado;;interna;horaria_agregada;media
2023-07-26;111.875;24;True;0;2463;nivel;Epagri;;;2;False;diaria;e3e929a1cfadc553_diario_derivado;;interna;horaria_agregada;media
2023-07-27;111.0;24;True;0;2463;nivel;Epagri;;;2;False;diaria;e3e929a1cfadc553_diario_derivado;;interna;horaria_agregada;media
2023-07-28;110.875;24;True;0;2463;nivel;Epagri;;;2;False;diaria;e3e929a1cfadc553_diario_derivado;;interna;horaria_agregada;media
2023-07-29;109.79166666666667;24;True;0;2463;nivel;Epagri;;;2;False;diaria;e3e929a1cfadc553_diario_derivado;;interna;horaria_agregada;media
2023-07-30;109.0;24;True;0;2463;nivel;Epagri;;;2;False;diaria;e3e929a1cfadc553_diario_derivado;;interna;horaria_agregada;media
2023-07-31;108.29166666666667;24;True;0;2463;nivel;Epagri;;;2;False;diaria;e3e929a1cfadc553_diario_derivado;;interna;horaria_agregada;media
2023-08-01;108.0;24;True;0;2463;nivel;Epagri;;;2;False;diaria;e3e929a1cfadc553_diario_derivado;;interna;horaria_agregada;media
2023-08-02;108.0;24;True;0;2463;nivel;Epagri;;;2;False;diaria;e3e929a1cfadc553_diario_derivado;;interna;horaria_agregada;media
2023-08-03;107.0;24;True;0;2463;nivel;Epagri;;;2;False;diaria;e3e929a1cfadc553_diario_derivado;;interna;horaria_agregada;media
2023-08-04;107.0;24;True;0;2463;nivel;Epagri;;;2;False;diaria;e3e929a1cfadc553_diario_derivado;;interna;horaria_agregada;media
2023-08-05;107.0;24;True;0;2463;nivel;Epagri;;;2;False;diaria;e3e929a1cfadc553_diario_derivado;;interna;horaria_agregada;media
2023-08-06;106.66666666666667;24;True;0;2463;nivel;Epagri;;;2;False;diaria;e3e929a1cfadc553_diario_derivado;;interna;horaria_agregada;media
2023-08-07;106.29166666666667;24;True;0;2463;nivel;Epagri;;;2;False;diaria;e3e929a1cfadc553_diario_derivado;;interna;horaria_agregada;media
2023-08-08;107.16666666666667;24;True;0;2463;nivel;Epagri;;;2;False;diaria;e3e929a1cfadc553_diario_derivado;;interna;horaria_agregada;media
2023-08-09;123.54166666666667;24;True;0;2463;nivel;Epagri;;;2;False;diaria;e3e929a1cfadc553_diario_derivado;;interna;horaria_agregada;media
2023-08-10;169.5;24;True;0;2463;nivel;Epagri;;;2;False;diaria;e3e929a1cfadc553_diario_derivado;;interna;horaria_agregada;media
2023-08-11;130.33333333333334;24;True;0;2463;nivel;Epagri;;;2;False;diaria;e3e929a1cfadc553_diario_derivado;;interna;horaria_agregada;media
2023-08-12;127.125;24;True;0;2463;nivel;Epagri;;;2;False;diaria;e3e929a1cfadc553_diario_derivado;;interna;horaria_agregada;media
2023-08-13;120.70833333333333;24;True;0;2463;nivel;Epagri;;;2;False;diaria;e3e929a1cfadc553_diario_derivado;;interna;horaria_agregada;media
2023-08-14;114.58333333333333;24;True;0;2463;nivel;Epagri;;;2;False;diaria;e3e929a1cfadc553_diario_derivado;;interna;horaria_agregada;media
2023-08-15;112.25;24;True;0;2463;nivel;Epagri;;;2;False;diaria;e3e929a1cfadc553_diario_derivado;;interna;horaria_agregada;media
2023-08-16;110.83333333333333;24;True;0;2463;nivel;Epagri;;;2;False;diaria;e3e929a1cfadc553_diario_derivado;;interna;horaria_agregada;media
2023-08-17;110.0;24;True;0;2463;nivel;Epagri;;;2;False;diaria;e3e929a1cfadc553_diario_derivado;;interna;horaria_agregada;media
2023-08-18;115.95833333333333;24;True;0;2463;nivel;Epagri;;;2;False;diaria;e3e929a1cfadc553_diario_derivado;;interna;horaria_agregada;media
2023-08-19;152.125;24;True;0;2463;nivel;Epagri;;;2;False;diaria;e3e929a1cfadc553_diario_derivado;;interna;horaria_agregada;media
2023-08-20;119.29166666666667;24;True;0;2463;nivel;Epagri;;;2;False;diaria;e3e929a1cfadc553_diario_derivado;;interna;horaria_agregada;media
2023-08-21;114.58333333333333;24;True;0;2463;nivel;Epagri;;;2;False;diaria;e3e929a1cfadc553_diario_derivado;;interna;horaria_agregada;media
2023-08-22;112.45833333333333;24;True;0;2463;nivel;Epagri;;;2;False;diaria;e3e929a1cfadc553_diario_derivado;;interna;horaria_agregada;media
2023-08-23;111.41666666666667;24;True;0;2463;nivel;Epagri;;;2;False;diaria;e3e929a1cfadc553_diario_derivado;;interna;horaria_agregada;media
2023-08-24;110.75;24;True;0;2463;nivel;Epagri;;;2;False;diaria;e3e929a1cfadc553_diario_derivado;;interna;horaria_agregada;media
2023-08-25;115.04166666666667;24;True;0;2463;nivel;Epagri;;;2;False;diaria;e3e929a1cfadc553_diario_derivado;;interna;horaria_agregada;media
2023-08-26;111.0;24;True;0;2463;nivel;Epagri;;;2;False;diaria;e3e929a1cfadc553_diario_derivado;;interna;horaria_agregada;media
2023-08-27;108.95833333333333;24;True;0;2463;nivel;Epagri;;;2;False;diaria;e3e929a1cfadc553_diario_derivado;;interna;horaria_agregada;media
2023-08-28;108.0;24;True;0;2463;nivel;Epagri;;;2;False;diaria;e3e929a1cfadc553_diario_derivado;;interna;horaria_agregada;media
2023-08-29;107.16666666666667;24;True;0;2463;nivel;Epagri;;;2;False;diaria;e3e929a1cfadc553_diario_derivado;;interna;horaria_agregada;media
2023-08-30;109.375;24;True;0;2463;nivel;Epagri;;;2;False;diaria;e3e929a1cfadc553_diario_derivado;;interna;horaria_agregada;media
2023-08-31;108.91666666666667;24;True;0;2463;nivel;Epagri;;;2;False;diaria;e3e929a1cfadc553_diario_derivado;;interna;horaria_agregada;media
2023-09-01;107.16666666666667;24;True;0;2463;nivel;Epagri;;;2;False;diaria;e3e929a1cfadc553_diario_derivado;;interna;horaria_agregada;media
2023-09-02;107.25;24;True;0;2463;nivel;Epagri;;;2;False;diaria;e3e929a1cfadc553_diario_derivado;;interna;horaria_agregada;media
2023-09-03;112.70833333333333;24;True;0;2463;nivel;Epagri;;;2;False;diaria;e3e929a1cfadc553_diario_derivado;;interna;horaria_agregada;media
2023-09-04;131.04166666666666;24;True;0;2463;nivel;Epagri;;;2;False;diaria;e3e929a1cfadc553_diario_derivado;;interna;horaria_agregada;media
2023-09-05;130.16666666666666;24;True;0;2463;nivel;Epagri;;;2;False;diaria;e3e929a1cfadc553_diario_derivado;;interna;horaria_agregada;media
2023-09-06;113.625;24;True;0;2463;nivel;Epagri;;;2;False;diaria;e3e929a1cfadc553_diario_derivado;;interna;horaria_agregada;media
2023-09-07;114.25;24;True;0;2463;nivel;Epagri;;;2;False;diaria;e3e929a1cfadc553_diario_derivado;;interna;horaria_agregada;media
2023-09-08;138.08333333333334;24;True;0;2463;nivel;Epagri;;;2;False;diaria;e3e929a1cfadc553_diario_derivado;;interna;horaria_agregada;media
2023-09-09;117.625;24;True;0;2463;nivel;Epagri;;;2;False;diaria;e3e929a1cfadc553_diario_derivado;;interna;horaria_agregada;media
2023-09-10;113.91666666666667;24;True;0;2463;nivel;Epagri;;;2;False;diaria;e3e929a1cfadc553_diario_derivado;;interna;horaria_agregada;media
2023-09-11;112.79166666666667;24;True;0;2463;nivel;Epagri;;;2;False;diaria;e3e929a1cfadc553_diario_derivado;;interna;horaria_agregada;media
2023-09-12;111.04166666666667;24;True;0;2463;nivel;Epagri;;;2;False;diaria;e3e929a1cfadc553_diario_derivado;;interna;horaria_agregada;media
2023-09-13;109.45833333333333;24;True;0;2463;nivel;Epagri;;;2;False;diaria;e3e929a1cfadc553_diario_derivado;;interna;horaria_agregada;media
2023-09-14;108.58333333333333;24;True;0;2463;nivel;Epagri;;;2;False;diaria;e3e929a1cfadc553_diario_derivado;;interna;horaria_agregada;media
2023-09-15;107.0;24;True;0;2463;nivel;Epagri;;;2;False;diaria;e3e929a1cfadc553_diario_derivado;;interna;horaria_agregada;media
2023-09-16;106.54166666666667;24;True;0;2463;nivel;Epagri;;;2;False;diaria;e3e929a1cfadc553_diario_derivado;;interna;horaria_agregada;media
2023-09-17;106.29166666666667;24;True;0;2463;nivel;Epagri;;;2;False;diaria;e3e929a1cfadc553_diario_derivado;;interna;horaria_agregada;media
2023-09-18;106.125;24;True;0;2463;nivel;Epagri;;;2;False;diaria;e3e929a1cfadc553_diario_derivado;;interna;horaria_agregada;media
2023-09-19;111.95833333333333;24;True;0;2463;nivel;Epagri;;;2;False;diaria;e3e929a1cfadc553_diario_derivado;;interna;horaria_agregada;media
2023-09-20;121.20833333333333;24;True;0;2463;nivel;Epagri;;;2;False;diaria;e3e929a1cfadc553_diario_derivado;;interna;horaria_agregada;media
2023-09-21;110.08333333333333;24;True;0;2463;nivel;Epagri;;;2;False;diaria;e3e929a1cfadc553_diario_derivado;;interna;horaria_agregada;media
2023-09-22;107.91666666666667;24;True;0;2463;nivel;Epagri;;;2;False;diaria;e3e929a1cfadc553_diario_derivado;;interna;horaria_agregada;media
2023-09-23;106.95833333333333;24;True;0;2463;nivel;Epagri;;;2;False;diaria;e3e929a1cfadc553_diario_derivado;;interna;horaria_agregada;media
2023-09-24;106.5;24;True;0;2463;nivel;Epagri;;;2;False;diaria;e3e929a1cfadc553_diario_derivado;;interna;horaria_agregada;media
2023-09-25;117.58333333333333;24;True;0;2463;nivel;Epagri;;;2;False;diaria;e3e929a1cfadc553_diario_derivado;;interna;horaria_agregada;media
2023-09-26;134.0;24;True;0;2463;nivel;Epagri;;;2;False;diaria;e3e929a1cfadc553_diario_derivado;;interna;horaria_agregada;media
2023-09-27;170.54166666666666;24;True;0;2463;nivel;Epagri;;;2;False;diaria;e3e929a1cfadc553_diario_derivado;;interna;horaria_agregada;media
2023-09-28;125.875;24;True;0;2463;nivel;Epagri;;;2;False;diaria;e3e929a1cfadc553_diario_derivado;;interna;horaria_agregada;media
2023-09-29;129.375;24;True;0;2463;nivel;Epagri;;;2;False;diaria;e3e929a1cfadc553_diario_derivado;;interna;horaria_agregada;media
2023-09-30;136.625;24;True;0;2463;nivel;Epagri;;;2;False;diaria;e3e929a1cfadc553_diario_derivado;;interna;horaria_agregada;media
2023-10-01;130.75;24;True;0;2463;nivel;Epagri;;;2;False;diaria;e3e929a1cfadc553_diario_derivado;;interna;horaria_agregada;media
2023-10-02;120.95833333333333;24;True;0;2463;nivel;Epagri;;;2;False;diaria;e3e929a1cfadc553_diario_derivado;;interna;horaria_agregada;media
2023-10-03;117.125;24;True;0;2463;nivel;Epagri;;;2;False;diaria;e3e929a1cfadc553_diario_derivado;;interna;horaria_agregada;media
2023-10-04;202.95833333333334;24;True;0;2463;nivel;Epagri;;;2;False;diaria;e3e929a1cfadc553_diario_derivado;;interna;horaria_agregada;media
2023-10-05;147.41666666666666;24;True;0;2463;nivel;Epagri;;;2;False;diaria;e3e929a1cfadc553_diario_derivado;;interna;horaria_agregada;media
2023-10-06;134.79166666666666;24;True;0;2463;nivel;Epagri;;;2;False;diaria;e3e929a1cfadc553_diario_derivado;;interna;horaria_agregada;media
2023-10-07;351.0416666666667;24;True;0;2463;nivel;Epagri;;;2;False;diaria;e3e929a1cfadc553_diario_derivado;;interna;horaria_agregada;media
2023-10-08;248.5;24;True;0;2463;nivel;Epagri;;;2;False;diaria;e3e929a1cfadc553_diario_derivado;;interna;horaria_agregada;media
2023-10-09;208.70833333333334;24;True;0;2463;nivel;Epagri;;;2;False;diaria;e3e929a1cfadc553_diario_derivado;;interna;horaria_agregada;media
2023-10-10;163.54166666666666;24;True;0;2463;nivel;Epagri;;;2;False;diaria;e3e929a1cfadc553_diario_derivado;;interna;horaria_agregada;media
2023-10-11;149.29166666666666;24;True;0;2463;nivel;Epagri;;;2;False;diaria;e3e929a1cfadc553_diario_derivado;;interna;horaria_agregada;media
2023-10-12;250.625;24;True;0;2463;nivel;Epagri;;;2;False;diaria;e3e929a1cfadc553_diario_derivado;;interna;horaria_agregada;media
2023-10-13;174.83333333333334;24;True;0;2463;nivel;Epagri;;;2;False;diaria;e3e929a1cfadc553_diario_derivado;;interna;horaria_agregada;media
2023-10-14;154.79166666666666;24;True;0;2463;nivel;Epagri;;;2;False;diaria;e3e929a1cfadc553_diario_derivado;;interna;horaria_agregada;media
2023-10-15;158.91666666666666;24;True;0;2463;nivel;Epagri;;;2;False;diaria;e3e929a1cfadc553_diario_derivado;;interna;horaria_agregada;media
2023-10-16;161.95833333333334;24;True;0;2463;nivel;Epagri;;;2;False;diaria;e3e929a1cfadc553_diario_derivado;;interna;horaria_agregada;media
2023-10-17;172.79166666666666;24;True;0;2463;nivel;Epagri;;;2;False;diaria;e3e929a1cfadc553_diario_derivado;;interna;horaria_agregada;media
2023-10-18;145.91666666666666;24;True;0;2463;nivel;Epagri;;;2;False;diaria;e3e929a1cfadc553_diario_derivado;;interna;horaria_agregada;media
2023-10-19;140.33333333333334;24;True;0;2463;nivel;Epagri;;;2;False;diaria;e3e929a1cfadc553_diario_derivado;;interna;horaria_agregada;media
2023-10-20;137.125;24;True;0;2463;nivel;Epagri;;;2;False;diaria;e3e929a1cfadc553_diario_derivado;;interna;horaria_agregada;media
2023-10-21;135.125;24;True;0;2463;nivel;Epagri;;;2;False;diaria;e3e929a1cfadc553_diario_derivado;;interna;horaria_agregada;media
2023-10-22;133.875;24;True;0;2463;nivel;Epagri;;;2;False;diaria;e3e929a1cfadc553_diario_derivado;;interna;horaria_agregada;media
2023-10-23;130.33333333333334;24;True;0;2463;nivel;Epagri;;;2;False;diaria;e3e929a1cfadc553_diario_derivado;;interna;horaria_agregada;media
2023-10-24;127.91666666666667;24;True;0;2463;nivel;Epagri;;;2;False;diaria;e3e929a1cfadc553_diario_derivado;;interna;horaria_agregada;media
2023-10-25;125.79166666666667;24;True;0;2463;nivel;Epagri;;;2;False;diaria;e3e929a1cfadc553_diario_derivado;;interna;horaria_agregada;media
2023-10-26;124.5;24;True;0;2463;nivel;Epagri;;;2;False;diaria;e3e929a1cfadc553_diario_derivado;;interna;horaria_agregada;media
2023-10-27;123.95833333333333;24;True;0;2463;nivel;Epagri;;;2;False;diaria;e3e929a1cfadc553_diario_derivado;;interna;horaria_agregada;media
2023-10-28;199.25;24;True;0;2463;nivel;Epagri;;;2;False;diaria;e3e929a1cfadc553_diario_derivado;;interna;horaria_agregada;media
2023-10-29;179.16666666666666;24;True;0;2463;nivel;Epagri;;;2;False;diaria;e3e929a1cfadc553_diario_derivado;;interna;horaria_agregada;media
2023-10-30;;23;False;0;2463;nivel;Epagri;;;2;False;diaria;e3e929a1cfadc553_diario_derivado;;interna;horaria_agregada;media
2023-10-31;165.75;24;True;0;2463;nivel;Epagri;;;2;False;diaria;e3e929a1cfadc553_diario_derivado;;interna;horaria_agregada;media
2023-11-01;154.83333333333334;24;True;0;2463;nivel;Epagri;;;2;False;diaria;e3e929a1cfadc553_diario_derivado;;interna;horaria_agregada;media
2023-11-02;167.45833333333334;24;True;0;2463;nivel;Epagri;;;2;False;diaria;e3e929a1cfadc553_diario_derivado;;interna;horaria_agregada;media
2023-11-03;247.25;24;True;0;2463;nivel;Epagri;;;2;False;diaria;e3e929a1cfadc553_diario_derivado;;interna;horaria_agregada;media
2023-11-04;173.54166666666666;24;True;0;2463;nivel;Epagri;;;2;False;diaria;e3e929a1cfadc553_diario_derivado;;interna;horaria_agregada;media
2023-11-05;153.20833333333334;24;True;0;2463;nivel;Epagri;;;2;False;diaria;e3e929a1cfadc553_diario_derivado;;interna;horaria_agregada;media
2023-11-06;145.41666666666666;24;True;0;2463;nivel;Epagri;;;2;False;diaria;e3e929a1cfadc553_diario_derivado;;interna;horaria_agregada;media
2023-11-07;141.41666666666666;24;True;0;2463;nivel;Epagri;;;2;False;diaria;e3e929a1cfadc553_diario_derivado;;interna;horaria_agregada;media
2023-11-08;139.20833333333334;24;True;0;2463;nivel;Epagri;;;2;False;diaria;e3e929a1cfadc553_diario_derivado;;interna;horaria_agregada;media
2023-11-09;136.33333333333334;24;True;0;2463;nivel;Epagri;;;2;False;diaria;e3e929a1cfadc553_diario_derivado;;interna;horaria_agregada;media
2023-11-10;134.375;24;True;0;2463;nivel;Epagri;;;2;False;diaria;e3e929a1cfadc553_diario_derivado;;interna;horaria_agregada;media
2023-11-11;133.16666666666666;24;True;0;2463;nivel;Epagri;;;2;False;diaria;e3e929a1cfadc553_diario_derivado;;interna;horaria_agregada;media
2023-11-12;133.83333333333334;24;True;0;2463;nivel;Epagri;;;2;False;diaria;e3e929a1cfadc553_diario_derivado;;interna;horaria_agregada;media
2023-11-13;136.125;24;True;0;2463;nivel;Epagri;;;2;False;diaria;e3e929a1cfadc553_diario_derivado;;interna;horaria_agregada;media
2023-11-14;149.25;24;True;0;2463;nivel;Epagri;;;2;False;diaria;e3e929a1cfadc553_diario_derivado;;interna;horaria_agregada;media
2023-11-15;137.83333333333334;24;True;0;2463;nivel;Epagri;;;2;False;diaria;e3e929a1cfadc553_diario_derivado;;interna;horaria_agregada;media
2023-11-16;179.66666666666666;24;True;0;2463;nivel;Epagri;;;2;False;diaria;e3e929a1cfadc553_diario_derivado;;interna;horaria_agregada;media
2023-11-17;253.16666666666666;24;True;0;2463;nivel;Epagri;;;2;False;diaria;e3e929a1cfadc553_diario_derivado;;interna;horaria_agregada;media
2023-11-18;193.20833333333334;24;True;0;2463;nivel;Epagri;;;2;False;diaria;e3e929a1cfadc553_diario_derivado;;interna;horaria_agregada;media
2023-11-19;158.0;24;True;0;2463;nivel;Epagri;;;2;False;diaria;e3e929a1cfadc553_diario_derivado;;interna;horaria_agregada;media
2023-11-20;147.95833333333334;24;True;0;2463;nivel;Epagri;;;2;False;diaria;e3e929a1cfadc553_diario_derivado;;interna;horaria_agregada;media
2023-11-21;142.95833333333334;24;True;0;2463;nivel;Epagri;;;2;False;diaria;e3e929a1cfadc553_diario_derivado;;interna;horaria_agregada;media
2023-11-22;140.75;24;True;0;2463;nivel;Epagri;;;2;False;diaria;e3e929a1cfadc553_diario_derivado;;interna;horaria_agregada;media
2023-11-23;142.58333333333334;24;True;0;2463;nivel;Epagri;;;2;False;diaria;e3e929a1cfadc553_diario_derivado;;interna;horaria_agregada;media
2023-11-24;136.29166666666666;24;True;0;2463;nivel;Epagri;;;2;False;diaria;e3e929a1cfadc553_diario_derivado;;interna;horaria_agregada;media
2023-11-25;132.91666666666666;24;True;0;2463;nivel;Epagri;;;2;False;diaria;e3e929a1cfadc553_diario_derivado;;interna;horaria_agregada;media
2023-11-26;131.625;24;True;0;2463;nivel;Epagri;;;2;False;diaria;e3e929a1cfadc553_diario_derivado;;interna;horaria_agregada;media
2023-11-27;134.08333333333334;24;True;0;2463;nivel;Epagri;;;2;False;diaria;e3e929a1cfadc553_diario_derivado;;interna;horaria_agregada;media
2023-11-28;275.2083333333333;24;True;0;2463;nivel;Epagri;;;2;False;diaria;e3e929a1cfadc553_diario_derivado;;interna;horaria_agregada;media
2023-11-29;197.29166666666666;24;True;0;2463;nivel;Epagri;;;2;False;diaria;e3e929a1cfadc553_diario_derivado;;interna;horaria_agregada;media
2023-11-30;156.95833333333334;24;True;0;2463;nivel;Epagri;;;2;False;diaria;e3e929a1cfadc553_diario_derivado;;interna;horaria_agregada;media
2023-12-01;147.58333333333334;24;True;0;2463;nivel;Epagri;;;2;False;diaria;e3e929a1cfadc553_diario_derivado;;interna;horaria_agregada;media
2023-12-02;143.125;24;True;0;2463;nivel;Epagri;;;2;False;diaria;e3e929a1cfadc553_diario_derivado;;interna;horaria_agregada;media
2023-12-03;139.91666666666666;24;True;0;2463;nivel;Epagri;;;2;False;diaria;e3e929a1cfadc553_diario_derivado;;interna;horaria_agregada;media
2023-12-04;138.125;24;True;0;2463;nivel;Epagri;;;2;False;diaria;e3e929a1cfadc553_diario_derivado;;interna;horaria_agregada;media
2023-12-05;148.79166666666666;24;True;0;2463;nivel;Epagri;;;2;False;diaria;e3e929a1cfadc553_diario_derivado;;interna;horaria_agregada;media
2023-12-06;145.33333333333334;24;True;0;2463;nivel;Epagri;;;2;False;diaria;e3e929a1cfadc553_diario_derivado;;interna;horaria_agregada;media
2023-12-07;148.29166666666666;24;True;0;2463;nivel;Epagri;;;2;False;diaria;e3e929a1cfadc553_diario_derivado;;interna;horaria_agregada;media
2023-12-08;154.20833333333334;24;True;0;2463;nivel;Epagri;;;2;False;diaria;e3e929a1cfadc553_diario_derivado;;interna;horaria_agregada;media
2023-12-09;137.20833333333334;24;True;0;2463;nivel;Epagri;;;2;False;diaria;e3e929a1cfadc553_diario_derivado;;interna;horaria_agregada;media
2023-12-10;147.125;24;True;0;2463;nivel;Epagri;;;2;False;diaria;e3e929a1cfadc553_diario_derivado;;interna;horaria_agregada;media
2023-12-11;169.58333333333334;24;True;0;2463;nivel;Epagri;;;2;False;diaria;e3e929a1cfadc553_diario_derivado;;interna;horaria_agregada;media
2023-12-12;148.08333333333334;24;True;0;2463;nivel;Epagri;;;2;False;diaria;e3e929a1cfadc553_diario_derivado;;interna;horaria_agregada;media
2023-12-13;138.91666666666666;24;True;0;2463;nivel;Epagri;;;2;False;diaria;e3e929a1cfadc553_diario_derivado;;interna;horaria_agregada;media
2023-12-14;135.25;24;True;0;2463;nivel;Epagri;;;2;False;diaria;e3e929a1cfadc553_diario_derivado;;interna;horaria_agregada;media
2023-12-15;132.95833333333334;24;True;0;2463;nivel;Epagri;;;2;False;diaria;e3e929a1cfadc553_diario_derivado;;interna;horaria_agregada;media
2023-12-16;130.83333333333334;24;True;0;2463;nivel;Epagri;;;2;False;diaria;e3e929a1cfadc553_diario_derivado;;interna;horaria_agregada;media
2023-12-17;129.54166666666666;24;True;0;2463;nivel;Epagri;;;2;False;diaria;e3e929a1cfadc553_diario_derivado;;interna;horaria_agregada;media
2023-12-18;128.625;24;True;0;2463;nivel;Epagri;;;2;False;diaria;e3e929a1cfadc553_diario_derivado;;interna;horaria_agregada;media
2023-12-19;126.79166666666667;24;True;0;2463;nivel;Epagri;;;2;False;diaria;e3e929a1cfadc553_diario_derivado;;interna;horaria_agregada;media
2023-12-20;125.75;24;True;0;2463;nivel;Epagri;;;2;False;diaria;e3e929a1cfadc553_diario_derivado;;interna;horaria_agregada;media
2023-12-21;125.66666666666667;24;True;0;2463;nivel;Epagri;;;2;False;diaria;e3e929a1cfadc553_diario_derivado;;interna;horaria_agregada;media
2023-12-22;124.70833333333333;24;True;0;2463;nivel;Epagri;;;2;False;diaria;e3e929a1cfadc553_diario_derivado;;interna;horaria_agregada;media
2023-12-23;140.95833333333334;24;True;0;2463;nivel;Epagri;;;2;False;diaria;e3e929a1cfadc553_diario_derivado;;interna;horaria_agregada;media
2023-12-24;125.58333333333333;24;True;0;2463;nivel;Epagri;;;2;False;diaria;e3e929a1cfadc553_diario_derivado;;interna;horaria_agregada;media
2023-12-25;123.66666666666667;24;True;0;2463;nivel;Epagri;;;2;False;diaria;e3e929a1cfadc553_diario_derivado;;interna;horaria_agregada;media
2023-12-26;121.875;24;True;0;2463;nivel;Epagri;;;2;False;diaria;e3e929a1cfadc553_diario_derivado;;interna;horaria_agregada;media
2023-12-27;120.875;24;True;0;2463;nivel;Epagri;;;2;False;diaria;e3e929a1cfadc553_diario_derivado;;interna;horaria_agregada;media
2023-12-28;120.33333333333333;24;True;0;2463;nivel;Epagri;;;2;False;diaria;e3e929a1cfadc553_diario_derivado;;interna;horaria_agregada;media
2023-12-29;120.0;24;True;0;2463;nivel;Epagri;;;2;False;diaria;e3e929a1cfadc553_diario_derivado;;interna;horaria_agregada;media
2023-12-30;119.08333333333333;24;True;0;2463;nivel;Epagri;;;2;False;diaria;e3e929a1cfadc553_diario_derivado;;interna;horaria_agregada;media
2023-12-31;119.0;24;True;0;2463;nivel;Epagri;;;2;False;diaria;e3e929a1cfadc553_diario_derivado;;interna;horaria_agregada;media
2024-01-01;119.5;24;True;0;2463;nivel;Epagri;;;2;False;diaria;e3e929a1cfadc553_diario_derivado;;interna;horaria_agregada;media
2024-01-02;131.58333333333334;24;True;0;2463;nivel;Epagri;;;2;False;diaria;e3e929a1cfadc553_diario_derivado;;interna;horaria_agregada;media
2024-01-03;147.83333333333334;24;True;0;2463;nivel;Epagri;;;2;False;diaria;e3e929a1cfadc553_diario_derivado;;interna;horaria_agregada;media
2024-01-04;131.0;24;True;0;2463;nivel;Epagri;;;2;False;diaria;e3e929a1cfadc553_diario_derivado;;interna;horaria_agregada;media
2024-01-05;150.29166666666666;24;True;0;2463;nivel;Epagri;;;2;False;diaria;e3e929a1cfadc553_diario_derivado;;interna;horaria_agregada;media
2024-01-06;146.95833333333334;24;True;0;2463;nivel;Epagri;;;2;False;diaria;e3e929a1cfadc553_diario_derivado;;interna;horaria_agregada;media
2024-01-07;130.41666666666666;24;True;0;2463;nivel;Epagri;;;2;False;diaria;e3e929a1cfadc553_diario_derivado;;interna;horaria_agregada;media
2024-01-08;127.20833333333333;24;True;0;2463;nivel;Epagri;;;2;False;diaria;e3e929a1cfadc553_diario_derivado;;interna;horaria_agregada;media
2024-01-09;127.54166666666667;24;True;0;2463;nivel;Epagri;;;2;False;diaria;e3e929a1cfadc553_diario_derivado;;interna;horaria_agregada;media
2024-01-10;157.66666666666666;24;True;0;2463;nivel;Epagri;;;2;False;diaria;e3e929a1cfadc553_diario_derivado;;interna;horaria_agregada;media
2024-01-11;188.41666666666666;24;True;0;2463;nivel;Epagri;;;2;False;diaria;e3e929a1cfadc553_diario_derivado;;interna;horaria_agregada;media
2024-01-12;161.70833333333334;24;True;0;2463;nivel;Epagri;;;2;False;diaria;e3e929a1cfadc553_diario_derivado;;interna;horaria_agregada;media
2024-01-13;143.83333333333334;24;True;0;2463;nivel;Epagri;;;2;False;diaria;e3e929a1cfadc553_diario_derivado;;interna;horaria_agregada;media
2024-01-14;137.16666666666666;24;True;0;2463;nivel;Epagri;;;2;False;diaria;e3e929a1cfadc553_diario_derivado;;interna;horaria_agregada;media
2024-01-15;134.0;24;True;0;2463;nivel;Epagri;;;2;False;diaria;e3e929a1cfadc553_diario_derivado;;interna;horaria_agregada;media
2024-01-16;130.5;24;True;0;2463;nivel;Epagri;;;2;False;diaria;e3e929a1cfadc553_diario_derivado;;interna;horaria_agregada;media
2024-01-17;137.16666666666666;24;True;0;2463;nivel;Epagri;;;2;False;diaria;e3e929a1cfadc553_diario_derivado;;interna;horaria_agregada;media
2024-01-18;171.70833333333334;24;True;0;2463;nivel;Epagri;;;2;False;diaria;e3e929a1cfadc553_diario_derivado;;interna;horaria_agregada;media
2024-01-19;152.125;24;True;0;2463;nivel;Epagri;;;2;False;diaria;e3e929a1cfadc553_diario_derivado;;interna;horaria_agregada;media
2024-01-20;174.16666666666666;24;True;0;2463;nivel;Epagri;;;2;False;diaria;e3e929a1cfadc553_diario_derivado;;interna;horaria_agregada;media
2024-01-21;182.25;24;True;0;2463;nivel;Epagri;;;2;False;diaria;e3e929a1cfadc553_diario_derivado;;interna;horaria_agregada;media
2024-01-22;167.125;24;True;0;2463;nivel;Epagri;;;2;False;diaria;e3e929a1cfadc553_diario_derivado;;interna;horaria_agregada;media
2024-01-23;184.91666666666666;24;True;0;2463;nivel;Epagri;;;2;False;diaria;e3e929a1cfadc553_diario_derivado;;interna;horaria_agregada;media
2024-01-24;224.75;24;True;0;2463;nivel;Epagri;;;2;False;diaria;e3e929a1cfadc553_diario_derivado;;interna;horaria_agregada;media
2024-01-25;186.45833333333334;24;True;0;2463;nivel;Epagri;;;2;False;diaria;e3e929a1cfadc553_diario_derivado;;interna;horaria_agregada;media
2024-01-26;195.95833333333334;24;True;0;2463;nivel;Epagri;;;2;False;diaria;e3e929a1cfadc553_diario_derivado;;interna;horaria_agregada;media
2024-01-27;178.04166666666666;24;True;0;2463;nivel;Epagri;;;2;False;diaria;e3e929a1cfadc553_diario_derivado;;interna;horaria_agregada;media
2024-01-28;167.70833333333334;24;True;0;2463;nivel;Epagri;;;2;False;diaria;e3e929a1cfadc553_diario_derivado;;interna;horaria_agregada;media
2024-01-29;170.41666666666666;24;True;0;2463;nivel;Epagri;;;2;False;diaria;e3e929a1cfadc553_diario_derivado;;interna;horaria_agregada;media
2024-01-30;156.375;24;True;0;2463;nivel;Epagri;;;2;False;diaria;e3e929a1cfadc553_diario_derivado;;interna;horaria_agregada;media
2024-01-31;148.58333333333334;24;True;0;2463;nivel;Epagri;;;2;False;diaria;e3e929a1cfadc553_diario_derivado;;interna;horaria_agregada;media
2024-02-01;143.375;24;True;0;2463;nivel;Epagri;;;2;False;diaria;e3e929a1cfadc553_diario_derivado;;interna;horaria_agregada;media
2024-02-02;139.75;24;True;0;2463;nivel;Epagri;;;2;False;diaria;e3e929a1cfadc553_diario_derivado;;interna;horaria_agregada;media
2024-02-03;137.04166666666666;24;True;0;2463;nivel;Epagri;;;2;False;diaria;e3e929a1cfadc553_diario_derivado;;interna;horaria_agregada;media
2024-02-04;134.875;24;True;0;2463;nivel;Epagri;;;2;False;diaria;e3e929a1cfadc553_diario_derivado;;interna;horaria_agregada;media
2024-02-05;132.95833333333334;24;True;0;2463;nivel;Epagri;;;2;False;diaria;e3e929a1cfadc553_diario_derivado;;interna;horaria_agregada;media
2024-02-06;131.625;24;True;0;2463;nivel;Epagri;;;2;False;diaria;e3e929a1cfadc553_diario_derivado;;interna;horaria_agregada;media
2024-02-07;130.66666666666666;24;True;0;2463;nivel;Epagri;;;2;False;diaria;e3e929a1cfadc553_diario_derivado;;interna;horaria_agregada;media
2024-02-08;129.75;24;True;0;2463;nivel;Epagri;;;2;False;diaria;e3e929a1cfadc553_diario_derivado;;interna;horaria_agregada;media
2024-02-09;129.25;24;True;0;2463;nivel;Epagri;;;2;False;diaria;e3e929a1cfadc553_diario_derivado;;interna;horaria_agregada;media
2024-02-10;148.79166666666666;24;True;0;2463;nivel;Epagri;;;2;False;diaria;e3e929a1cfadc553_diario_derivado;;interna;horaria_agregada;media
2024-02-11;129.95833333333334;24;True;0;2463;nivel;Epagri;;;2;False;diaria;e3e929a1cfadc553_diario_derivado;;interna;horaria_agregada;media
2024-02-12;126.95833333333333;24;True;0;2463;nivel;Epagri;;;2;False;diaria;e3e929a1cfadc553_diario_derivado;;interna;horaria_agregada;media
2024-02-13;126.91666666666667;24;True;0;2463;nivel;Epagri;;;2;False;diaria;e3e929a1cfadc553_diario_derivado;;interna;horaria_agregada;media
2024-02-14;171.16666666666666;24;True;0;2463;nivel;Epagri;;;2;False;diaria;e3e929a1cfadc553_diario_derivado;;interna;horaria_agregada;media
2024-02-15;141.0;24;True;0;2463;nivel;Epagri;;;2;False;diaria;e3e929a1cfadc553_diario_derivado;;interna;horaria_agregada;media
2024-02-16;133.70833333333334;24;True;0;2463;nivel;Epagri;;;2;False;diaria;e3e929a1cfadc553_diario_derivado;;interna;horaria_agregada;media
2024-02-17;143.08333333333334;24;True;0;2463;nivel;Epagri;;;2;False;diaria;e3e929a1cfadc553_diario_derivado;;interna;horaria_agregada;media
2024-02-18;149.25;24;True;0;2463;nivel;Epagri;;;2;False;diaria;e3e929a1cfadc553_diario_derivado;;interna;horaria_agregada;media
2024-02-19;136.625;24;True;0;2463;nivel;Epagri;;;2;False;diaria;e3e929a1cfadc553_diario_derivado;;interna;horaria_agregada;media
2024-02-20;132.125;24;True;0;2463;nivel;Epagri;;;2;False;diaria;e3e929a1cfadc553_diario_derivado;;interna;horaria_agregada;media
2024-02-21;129.70833333333334;24;True;0;2463;nivel;Epagri;;;2;False;diaria;e3e929a1cfadc553_diario_derivado;;interna;horaria_agregada;media
2024-02-22;128.08333333333334;24;True;0;2463;nivel;Epagri;;;2;False;diaria;e3e929a1cfadc553_diario_derivado;;interna;horaria_agregada;media
2024-02-23;147.70833333333334;24;True;0;2463;nivel;Epagri;;;2;False;diaria;e3e929a1cfadc553_diario_derivado;;interna;horaria_agregada;media
2024-02-24;138.08333333333334;24;True;0;2463;nivel;Epagri;;;2;False;diaria;e3e929a1cfadc553_diario_derivado;;interna;horaria_agregada;media
2024-02-25;133.45833333333334;24;True;0;2463;nivel;Epagri;;;2;False;diaria;e3e929a1cfadc553_diario_derivado;;interna;horaria_agregada;media
2024-02-26;174.0;24;True;0;2463;nivel;Epagri;;;2;False;diaria;e3e929a1cfadc553_diario_derivado;;interna;horaria_agregada;media
2024-02-27;183.79166666666666;24;True;0;2463;nivel;Epagri;;;2;False;diaria;e3e929a1cfadc553_diario_derivado;;interna;horaria_agregada;media
2024-02-28;155.79166666666666;24;True;0;2463;nivel;Epagri;;;2;False;diaria;e3e929a1cfadc553_diario_derivado;;interna;horaria_agregada;media
2024-02-29;149.125;24;True;0;2463;nivel;Epagri;;;2;False;diaria;e3e929a1cfadc553_diario_derivado;;interna;horaria_agregada;media
2024-03-01;144.0;24;True;0;2463;nivel;Epagri;;;2;False;diaria;e3e929a1cfadc553_diario_derivado;;interna;horaria_agregada;media
2024-03-02;137.54166666666666;24;True;0;2463;nivel;Epagri;;;2;False;diaria;e3e929a1cfadc553_diario_derivado;;interna;horaria_agregada;media
2024-03-03;133.33333333333334;24;True;0;2463;nivel;Epagri;;;2;False;diaria;e3e929a1cfadc553_diario_derivado;;interna;horaria_agregada;media
2024-03-04;150.125;24;True;0;2463;nivel;Epagri;;;2;False;diaria;e3e929a1cfadc553_diario_derivado;;interna;horaria_agregada;media
2024-03-05;168.5;24;True;0;2463;nivel;Epagri;;;2;False;diaria;e3e929a1cfadc553_diario_derivado;;interna;horaria_agregada;media
2024-03-06;142.66666666666666;24;True;0;2463;nivel;Epagri;;;2;False;diaria;e3e929a1cfadc553_diario_derivado;;interna;horaria_agregada;media
2024-03-07;134.41666666666666;24;True;0;2463;nivel;Epagri;;;2;False;diaria;e3e929a1cfadc553_diario_derivado;;interna;horaria_agregada;media
2024-03-08;211.08333333333334;24;True;0;2463;nivel;Epagri;;;2;False;diaria;e3e929a1cfadc553_diario_derivado;;interna;horaria_agregada;media
2024-03-09;249.375;24;True;0;2463;nivel;Epagri;;;2;False;diaria;e3e929a1cfadc553_diario_derivado;;interna;horaria_agregada;media
2024-03-10;170.54166666666666;24;True;0;2463;nivel;Epagri;;;2;False;diaria;e3e929a1cfadc553_diario_derivado;;interna;horaria_agregada;media
2024-03-11;151.875;24;True;0;2463;nivel;Epagri;;;2;False;diaria;e3e929a1cfadc553_diario_derivado;;interna;horaria_agregada;media
2024-03-12;144.20833333333334;24;True;0;2463;nivel;Epagri;;;2;False;diaria;e3e929a1cfadc553_diario_derivado;;interna;horaria_agregada;media
2024-03-13;139.16666666666666;24;True;0;2463;nivel;Epagri;;;2;False;diaria;e3e929a1cfadc553_diario_derivado;;interna;horaria_agregada;media
2024-03-14;135.70833333333334;24;True;0;2463;nivel;Epagri;;;2;False;diaria;e3e929a1cfadc553_diario_derivado;;interna;horaria_agregada;media
2024-03-15;133.0;24;True;0;2463;nivel;Epagri;;;2;False;diaria;e3e929a1cfadc553_diario_derivado;;interna;horaria_agregada;media
2024-03-16;132.20833333333334;24;True;0;2463;nivel;Epagri;;;2;False;diaria;e3e929a1cfadc553_diario_derivado;;interna;horaria_agregada;media
2024-03-17;134.58333333333334;24;True;0;2463;nivel;Epagri;;;2;False;diaria;e3e929a1cfadc553_diario_derivado;;interna;horaria_agregada;media
2024-03-18;128.91666666666666;24;True;0;2463;nivel;Epagri;;;2;False;diaria;e3e929a1cfadc553_diario_derivado;;interna;horaria_agregada;media
2024-03-19;143.625;24;True;0;2463;nivel;Epagri;;;2;False;diaria;e3e929a1cfadc553_diario_derivado;;interna;horaria_agregada;media
2024-03-20;137.83333333333334;24;True;0;2463;nivel;Epagri;;;2;False;diaria;e3e929a1cfadc553_diario_derivado;;interna;horaria_agregada;media
2024-03-21;128.83333333333334;24;True;0;2463;nivel;Epagri;;;2;False;diaria;e3e929a1cfadc553_diario_derivado;;interna;horaria_agregada;media
2024-03-22;126.70833333333333;24;True;0;2463;nivel;Epagri;;;2;False;diaria;e3e929a1cfadc553_diario_derivado;;interna;horaria_agregada;media
2024-03-23;125.33333333333333;24;True;0;2463;nivel;Epagri;;;2;False;diaria;e3e929a1cfadc553_diario_derivado;;interna;horaria_agregada;media
2024-03-24;128.04166666666666;24;True;0;2463;nivel;Epagri;;;2;False;diaria;e3e929a1cfadc553_diario_derivado;;interna;horaria_agregada;media
2024-03-25;126.08333333333333;24;True;0;2463;nivel;Epagri;;;2;False;diaria;e3e929a1cfadc553_diario_derivado;;interna;horaria_agregada;media
2024-03-26;122.95833333333333;24;True;0;2463;nivel;Epagri;;;2;False;diaria;e3e929a1cfadc553_diario_derivado;;interna;horaria_agregada;media
2024-03-27;121.79166666666667;24;True;0;2463;nivel;Epagri;;;2;False;diaria;e3e929a1cfadc553_diario_derivado;;interna;horaria_agregada;media
2024-03-28;120.83333333333333;24;True;0;2463;nivel;Epagri;;;2;False;diaria;e3e929a1cfadc553_diario_derivado;;interna;horaria_agregada;media
2024-03-29;120.0;24;True;0;2463;nivel;Epagri;;;2;False;diaria;e3e929a1cfadc553_diario_derivado;;interna;horaria_agregada;media
2024-03-30;119.75;24;True;0;2463;nivel;Epagri;;;2;False;diaria;e3e929a1cfadc553_diario_derivado;;interna;horaria_agregada;media
2024-03-31;118.79166666666667;24;True;0;2463;nivel;Epagri;;;2;False;diaria;e3e929a1cfadc553_diario_derivado;;interna;horaria_agregada;media
2024-04-01;118.0;24;True;0;2463;nivel;Epagri;;;2;False;diaria;e3e929a1cfadc553_diario_derivado;;interna;horaria_agregada;media
2024-04-02;117.83333333333333;24;True;0;2463;nivel;Epagri;;;2;False;diaria;e3e929a1cfadc553_diario_derivado;;interna;horaria_agregada;media
2024-04-03;117.0;24;True;0;2463;nivel;Epagri;;;2;False;diaria;e3e929a1cfadc553_diario_derivado;;interna;horaria_agregada;media
2024-04-04;117.625;24;True;0;2463;nivel;Epagri;;;2;False;diaria;e3e929a1cfadc553_diario_derivado;;interna;horaria_agregada;media
2024-04-05;118.0;24;True;0;2463;nivel;Epagri;;;2;False;diaria;e3e929a1cfadc553_diario_derivado;;interna;horaria_agregada;media
2024-04-06;127.125;24;True;0;2463;nivel;Epagri;;;2;False;diaria;e3e929a1cfadc553_diario_derivado;;interna;horaria_agregada;media
2024-04-07;119.45833333333333;24;True;0;2463;nivel;Epagri;;;2;False;diaria;e3e929a1cfadc553_diario_derivado;;interna;horaria_agregada;media
2024-04-08;118.83333333333333;24;True;0;2463;nivel;Epagri;;;2;False;diaria;e3e929a1cfadc553_diario_derivado;;interna;horaria_agregada;media
2024-04-09;119.375;24;True;0;2463;nivel;Epagri;;;2;False;diaria;e3e929a1cfadc553_diario_derivado;;interna;horaria_agregada;media
2024-04-10;128.58333333333334;24;True;0;2463;nivel;Epagri;;;2;False;diaria;e3e929a1cfadc553_diario_derivado;;interna;horaria_agregada;media
2024-04-11;165.41666666666666;24;True;0;2463;nivel;Epagri;;;2;False;diaria;e3e929a1cfadc553_diario_derivado;;interna;horaria_agregada;media
2024-04-12;214.375;24;True;0;2463;nivel;Epagri;;;2;False;diaria;e3e929a1cfadc553_diario_derivado;;interna;horaria_agregada;media
2024-04-13;286.4583333333333;24;True;0;2463;nivel;Epagri;;;2;False;diaria;e3e929a1cfadc553_diario_derivado;;interna;horaria_agregada;media
2024-04-14;360.2916666666667;24;True;0;2463;nivel;Epagri;;;2;False;diaria;e3e929a1cfadc553_diario_derivado;;interna;horaria_agregada;media
2024-04-15;489.875;24;True;0;2463;nivel;Epagri;;;2;False;diaria;e3e929a1cfadc553_diario_derivado;;interna;horaria_agregada;media
2024-04-16;377.5416666666667;24;True;0;2463;nivel;Epagri;;;2;False;diaria;e3e929a1cfadc553_diario_derivado;;interna;horaria_agregada;media
2024-04-17;253.125;24;True;0;2463;nivel;Epagri;;;2;False;diaria;e3e929a1cfadc553_diario_derivado;;interna;horaria_agregada;media
2024-04-18;201.54166666666666;24;True;0;2463;nivel;Epagri;;;2;False;diaria;e3e929a1cfadc553_diario_derivado;;interna;horaria_agregada;media
2024-04-19;181.20833333333334;24;True;0;2463;nivel;Epagri;;;2;False;diaria;e3e929a1cfadc553_diario_derivado;;interna;horaria_agregada;media
2024-04-20;169.58333333333334;24;True;0;2463;nivel;Epagri;;;2;False;diaria;e3e929a1cfadc553_diario_derivado;;interna;horaria_agregada;media
2024-04-21;161.75;24;True;0;2463;nivel;Epagri;;;2;False;diaria;e3e929a1cfadc553_diario_derivado;;interna;horaria_agregada;media
2024-04-22;155.83333333333334;24;True;0;2463;nivel;Epagri;;;2;False;diaria;e3e929a1cfadc553_diario_derivado;;interna;horaria_agregada;media
2024-04-23;151.45833333333334;24;True;0;2463;nivel;Epagri;;;2;False;diaria;e3e929a1cfadc553_diario_derivado;;interna;horaria_agregada;media
2024-04-24;147.70833333333334;24;True;0;2463;nivel;Epagri;;;2;False;diaria;e3e929a1cfadc553_diario_derivado;;interna;horaria_agregada;media
2024-04-25;162.375;24;True;0;2463;nivel;Epagri;;;2;False;diaria;e3e929a1cfadc553_diario_derivado;;interna;horaria_agregada;media
2024-04-26;150.20833333333334;24;True;0;2463;nivel;Epagri;;;2;False;diaria;e3e929a1cfadc553_diario_derivado;;interna;horaria_agregada;media
2024-04-27;144.625;24;True;0;2463;nivel;Epagri;;;2;False;diaria;e3e929a1cfadc553_diario_derivado;;interna;horaria_agregada;media
2024-04-28;141.70833333333334;24;True;0;2463;nivel;Epagri;;;2;False;diaria;e3e929a1cfadc553_diario_derivado;;interna;horaria_agregada;media
2024-04-29;148.875;24;True;0;2463;nivel;Epagri;;;2;False;diaria;e3e929a1cfadc553_diario_derivado;;interna;horaria_agregada;media
2024-04-30;140.875;24;True;0;2463;nivel;Epagri;;;2;False;diaria;e3e929a1cfadc553_diario_derivado;;interna;horaria_agregada;media
2024-05-01;138.04166666666666;24;True;0;2463;nivel;Epagri;;;2;False;diaria;e3e929a1cfadc553_diario_derivado;;interna;horaria_agregada;media
2024-05-02;141.54166666666666;24;True;0;2463;nivel;Epagri;;;2;False;diaria;e3e929a1cfadc553_diario_derivado;;interna;horaria_agregada;media
2024-05-03;139.04166666666666;24;True;0;2463;nivel;Epagri;;;2;False;diaria;e3e929a1cfadc553_diario_derivado;;interna;horaria_agregada;media
2024-05-04;145.58333333333334;24;True;0;2463;nivel;Epagri;;;2;False;diaria;e3e929a1cfadc553_diario_derivado;;interna;horaria_agregada;media
2024-05-05;138.25;24;True;0;2463;nivel;Epagri;;;2;False;diaria;e3e929a1cfadc553_diario_derivado;;interna;horaria_agregada;media
2024-05-06;134.0;24;True;0;2463;nivel;Epagri;;;2;False;diaria;e3e929a1cfadc553_diario_derivado;;interna;horaria_agregada;media
2024-05-07;131.83333333333334;24;True;0;2463;nivel;Epagri;;;2;False;diaria;e3e929a1cfadc553_diario_derivado;;interna;horaria_agregada;media
2024-05-08;130.5;24;True;0;2463;nivel;Epagri;;;2;False;diaria;e3e929a1cfadc553_diario_derivado;;interna;horaria_agregada;media
2024-05-09;129.5;24;True;0;2463;nivel;Epagri;;;2;False;diaria;e3e929a1cfadc553_diario_derivado;;interna;horaria_agregada;media
2024-05-10;139.54166666666666;24;True;0;2463;nivel;Epagri;;;2;False;diaria;e3e929a1cfadc553_diario_derivado;;interna;horaria_agregada;media
2024-05-11;132.20833333333334;24;True;0;2463;nivel;Epagri;;;2;False;diaria;e3e929a1cfadc553_diario_derivado;;interna;horaria_agregada;media
2024-05-12;140.375;24;True;0;2463;nivel;Epagri;;;2;False;diaria;e3e929a1cfadc553_diario_derivado;;interna;horaria_agregada;media
2024-05-13;138.04166666666666;24;True;0;2463;nivel;Epagri;;;2;False;diaria;e3e929a1cfadc553_diario_derivado;;interna;horaria_agregada;media
2024-05-14;159.41666666666666;24;True;0;2463;nivel;Epagri;;;2;False;diaria;e3e929a1cfadc553_diario_derivado;;interna;horaria_agregada;media
2024-05-15;134.875;24;True;0;2463;nivel;Epagri;;;2;False;diaria;e3e929a1cfadc553_diario_derivado;;interna;horaria_agregada;media
2024-05-16;130.66666666666666;24;True;0;2463;nivel;Epagri;;;2;False;diaria;e3e929a1cfadc553_diario_derivado;;interna;horaria_agregada;media
2024-05-17;130.08333333333334;24;True;0;2463;nivel;Epagri;;;2;False;diaria;e3e929a1cfadc553_diario_derivado;;interna;horaria_agregada;media
2024-05-18;194.08333333333334;24;True;0;2463;nivel;Epagri;;;2;False;diaria;e3e929a1cfadc553_diario_derivado;;interna;horaria_agregada;media
2024-05-19;215.41666666666666;24;True;0;2463;nivel;Epagri;;;2;False;diaria;e3e929a1cfadc553_diario_derivado;;interna;horaria_agregada;media
2024-05-20;161.375;24;True;0;2463;nivel;Epagri;;;2;False;diaria;e3e929a1cfadc553_diario_derivado;;interna;horaria_agregada;media
2024-05-21;145.08333333333334;24;True;0;2463;nivel;Epagri;;;2;False;diaria;e3e929a1cfadc553_diario_derivado;;interna;horaria_agregada;media
2024-05-22;139.75;24;True;0;2463;nivel;Epagri;;;2;False;diaria;e3e929a1cfadc553_diario_derivado;;interna;horaria_agregada;media
2024-05-23;136.25;24;True;0;2463;nivel;Epagri;;;2;False;diaria;e3e929a1cfadc553_diario_derivado;;interna;horaria_agregada;media
2024-05-24;160.04166666666666;24;True;0;2463;nivel;Epagri;;;2;False;diaria;e3e929a1cfadc553_diario_derivado;;interna;horaria_agregada;media
2024-05-25;137.625;24;True;0;2463;nivel;Epagri;;;2;False;diaria;e3e929a1cfadc553_diario_derivado;;interna;horaria_agregada;media
2024-05-26;133.20833333333334;24;True;0;2463;nivel;Epagri;;;2;False;diaria;e3e929a1cfadc553_diario_derivado;;interna;horaria_agregada;media
2024-05-27;178.5;24;True;0;2463;nivel;Epagri;;;2;False;diaria;e3e929a1cfadc553_diario_derivado;;interna;horaria_agregada;media
2024-05-28;167.16666666666666;24;True;0;2463;nivel;Epagri;;;2;False;diaria;e3e929a1cfadc553_diario_derivado;;interna;horaria_agregada;media
2024-05-29;141.5;24;True;0;2463;nivel;Epagri;;;2;False;diaria;e3e929a1cfadc553_diario_derivado;;interna;horaria_agregada;media
2024-05-30;136.70833333333334;24;True;0;2463;nivel;Epagri;;;2;False;diaria;e3e929a1cfadc553_diario_derivado;;interna;horaria_agregada;media
2024-05-31;134.04166666666666;24;True;0;2463;nivel;Epagri;;;2;False;diaria;e3e929a1cfadc553_diario_derivado;;interna;horaria_agregada;media
2024-06-01;131.95833333333334;24;True;0;2463;nivel;Epagri;;;2;False;diaria;e3e929a1cfadc553_diario_derivado;;interna;horaria_agregada;media
2024-06-02;130.70833333333334;24;True;0;2463;nivel;Epagri;;;2;False;diaria;e3e929a1cfadc553_diario_derivado;;interna;horaria_agregada;media
2024-06-03;129.08333333333334;24;True;0;2463;nivel;Epagri;;;2;False;diaria;e3e929a1cfadc553_diario_derivado;;interna;horaria_agregada;media
2024-06-04;128.04166666666666;24;True;0;2463;nivel;Epagri;;;2;False;diaria;e3e929a1cfadc553_diario_derivado;;interna;horaria_agregada;media
2024-06-05;126.875;24;True;0;2463;nivel;Epagri;;;2;False;diaria;e3e929a1cfadc553_diario_derivado;;interna;horaria_agregada;media
2024-06-06;125.91666666666667;24;True;0;2463;nivel;Epagri;;;2;False;diaria;e3e929a1cfadc553_diario_derivado;;interna;horaria_agregada;media
2024-06-07;123.75;24;True;0;2463;nivel;Epagri;;;2;False;diaria;e3e929a1cfadc553_diario_derivado;;interna;horaria_agregada;media
2024-06-08;122.0;24;True;0;2463;nivel;Epagri;;;2;False;diaria;e3e929a1cfadc553_diario_derivado;;interna;horaria_agregada;media
2024-06-09;121.0;24;True;0;2463;nivel;Epagri;;;2;False;diaria;e3e929a1cfadc553_diario_derivado;;interna;horaria_agregada;media
2024-06-10;120.625;24;True;0;2463;nivel;Epagri;;;2;False;diaria;e3e929a1cfadc553_diario_derivado;;interna;horaria_agregada;media
2024-06-11;120.0;24;True;0;2463;nivel;Epagri;;;2;False;diaria;e3e929a1cfadc553_diario_derivado;;interna;horaria_agregada;media
2024-06-12;119.79166666666667;24;True;0;2463;nivel;Epagri;;;2;False;diaria;e3e929a1cfadc553_diario_derivado;;interna;horaria_agregada;media
2024-06-13;118.79166666666667;24;True;0;2463;nivel;Epagri;;;2;False;diaria;e3e929a1cfadc553_diario_derivado;;interna;horaria_agregada;media
2024-06-14;117.83333333333333;24;True;0;2463;nivel;Epagri;;;2;False;diaria;e3e929a1cfadc553_diario_derivado;;interna;horaria_agregada;media
2024-06-15;117.0;24;True;0;2463;nivel;Epagri;;;2;False;diaria;e3e929a1cfadc553_diario_derivado;;interna;horaria_agregada;media
2024-06-16;117.04166666666667;24;True;0;2463;nivel;Epagri;;;2;False;diaria;e3e929a1cfadc553_diario_derivado;;interna;horaria_agregada;media
2024-06-17;120.29166666666667;24;True;0;2463;nivel;Epagri;;;2;False;diaria;e3e929a1cfadc553_diario_derivado;;interna;horaria_agregada;media
2024-06-18;127.54166666666667;24;True;0;2463;nivel;Epagri;;;2;False;diaria;e3e929a1cfadc553_diario_derivado;;interna;horaria_agregada;media
2024-06-19;120.54166666666667;24;True;0;2463;nivel;Epagri;;;2;False;diaria;e3e929a1cfadc553_diario_derivado;;interna;horaria_agregada;media
2024-06-20;122.75;24;True;0;2463;nivel;Epagri;;;2;False;diaria;e3e929a1cfadc553_diario_derivado;;interna;horaria_agregada;media
2024-06-21;120.45833333333333;24;True;0;2463;nivel;Epagri;;;2;False;diaria;e3e929a1cfadc553_diario_derivado;;interna;horaria_agregada;media
2024-06-22;117.33333333333333;24;True;0;2463;nivel;Epagri;;;2;False;diaria;e3e929a1cfadc553_diario_derivado;;interna;horaria_agregada;media
2024-06-23;115.91666666666667;24;True;0;2463;nivel;Epagri;;;2;False;diaria;e3e929a1cfadc553_diario_derivado;;interna;horaria_agregada;media
2024-06-24;170.125;24;True;0;2463;nivel;Epagri;;;2;False;diaria;e3e929a1cfadc553_diario_derivado;;interna;horaria_agregada;media
2024-06-25;142.66666666666666;24;True;0;2463;nivel;Epagri;;;2;False;diaria;e3e929a1cfadc553_diario_derivado;;interna;horaria_agregada;media
2024-06-26;186.66666666666666;24;True;0;2463;nivel;Epagri;;;2;False;diaria;e3e929a1cfadc553_diario_derivado;;interna;horaria_agregada;media
2024-06-27;135.625;24;True;0;2463;nivel;Epagri;;;2;False;diaria;e3e929a1cfadc553_diario_derivado;;interna;horaria_agregada;media
2024-06-28;126.91666666666667;24;True;0;2463;nivel;Epagri;;;2;False;diaria;e3e929a1cfadc553_diario_derivado;;interna;horaria_agregada;media
2024-06-29;123.25;24;True;0;2463;nivel;Epagri;;;2;False;diaria;e3e929a1cfadc553_diario_derivado;;interna;horaria_agregada;media
2024-06-30;120.79166666666667;24;True;0;2463;nivel;Epagri;;;2;False;diaria;e3e929a1cfadc553_diario_derivado;;interna;horaria_agregada;media
2024-07-01;119.16666666666667;24;True;0;2463;nivel;Epagri;;;2;False;diaria;e3e929a1cfadc553_diario_derivado;;interna;horaria_agregada;media
2024-07-02;118.08333333333333;24;True;0;2463;nivel;Epagri;;;2;False;diaria;e3e929a1cfadc553_diario_derivado;;interna;horaria_agregada;media
2024-07-03;117.625;24;True;0;2463;nivel;Epagri;;;2;False;diaria;e3e929a1cfadc553_diario_derivado;;interna;horaria_agregada;media
2024-07-04;117.0;24;True;0;2463;nivel;Epagri;;;2;False;diaria;e3e929a1cfadc553_diario_derivado;;interna;horaria_agregada;media
2024-07-05;116.91666666666667;24;True;0;2463;nivel;Epagri;;;2;False;diaria;e3e929a1cfadc553_diario_derivado;;interna;horaria_agregada;media
2024-07-06;119.41666666666667;24;True;0;2463;nivel;Epagri;;;2;False;diaria;e3e929a1cfadc553_diario_derivado;;interna;horaria_agregada;media
2024-07-07;217.33333333333334;24;True;0;2463;nivel;Epagri;;;2;False;diaria;e3e929a1cfadc553_diario_derivado;;interna;horaria_agregada;media
2024-07-08;177.79166666666666;24;True;0;2463;nivel;Epagri;;;2;False;diaria;e3e929a1cfadc553_diario_derivado;;interna;horaria_agregada;media
2024-07-09;141.66666666666666;24;True;0;2463;nivel;Epagri;;;2;False;diaria;e3e929a1cfadc553_diario_derivado;;interna;horaria_agregada;media
2024-07-10;192.125;24;True;0;2463;nivel;Epagri;;;2;False;diaria;e3e929a1cfadc553_diario_derivado;;interna;horaria_agregada;media
2024-07-11;172.0;24;True;0;2463;nivel;Epagri;;;2;False;diaria;e3e929a1cfadc553_diario_derivado;;interna;horaria_agregada;media
2024-07-12;190.70833333333334;24;True;0;2463;nivel;Epagri;;;2;False;diaria;e3e929a1cfadc553_diario_derivado;;interna;horaria_agregada;media
2024-07-13;157.66666666666666;24;True;0;2463;nivel;Epagri;;;2;False;diaria;e3e929a1cfadc553_diario_derivado;;interna;horaria_agregada;media
2024-07-14;238.54166666666666;24;True;0;2463;nivel;Epagri;;;2;False;diaria;e3e929a1cfadc553_diario_derivado;;interna;horaria_agregada;media
2024-07-15;198.79166666666666;24;True;0;2463;nivel;Epagri;;;2;False;diaria;e3e929a1cfadc553_diario_derivado;;interna;horaria_agregada;media
2024-07-16;175.41666666666666;24;True;0;2463;nivel;Epagri;;;2;False;diaria;e3e929a1cfadc553_diario_derivado;;interna;horaria_agregada;media
2024-07-17;162.33333333333334;24;True;0;2463;nivel;Epagri;;;2;False;diaria;e3e929a1cfadc553_diario_derivado;;interna;horaria_agregada;media
2024-07-18;149.66666666666666;24;True;0;2463;nivel;Epagri;;;2;False;diaria;e3e929a1cfadc553_diario_derivado;;interna;horaria_agregada;media
2024-07-19;143.20833333333334;24;True;0;2463;nivel;Epagri;;;2;False;diaria;e3e929a1cfadc553_diario_derivado;;interna;horaria_agregada;media
2024-07-20;138.79166666666666;24;True;0;2463;nivel;Epagri;;;2;False;diaria;e3e929a1cfadc553_diario_derivado;;interna;horaria_agregada;media
2024-07-21;135.91666666666666;24;True;0;2463;nivel;Epagri;;;2;False;diaria;e3e929a1cfadc553_diario_derivado;;interna;horaria_agregada;media
2024-07-22;133.20833333333334;24;True;0;2463;nivel;Epagri;;;2;False;diaria;e3e929a1cfadc553_diario_derivado;;interna;horaria_agregada;media
2024-07-23;131.125;24;True;0;2463;nivel;Epagri;;;2;False;diaria;e3e929a1cfadc553_diario_derivado;;interna;horaria_agregada;media
2024-07-24;129.45833333333334;24;True;0;2463;nivel;Epagri;;;2;False;diaria;e3e929a1cfadc553_diario_derivado;;interna;horaria_agregada;media
2024-07-25;127.79166666666667;24;True;0;2463;nivel;Epagri;;;2;False;diaria;e3e929a1cfadc553_diario_derivado;;interna;horaria_agregada;media
2024-07-26;126.70833333333333;24;True;0;2463;nivel;Epagri;;;2;False;diaria;e3e929a1cfadc553_diario_derivado;;interna;horaria_agregada;media
2024-07-27;125.70833333333333;24;True;0;2463;nivel;Epagri;;;2;False;diaria;e3e929a1cfadc553_diario_derivado;;interna;horaria_agregada;media
2024-07-28;124.45833333333333;24;True;0;2463;nivel;Epagri;;;2;False;diaria;e3e929a1cfadc553_diario_derivado;;interna;horaria_agregada;media
2024-07-29;126.41666666666667;24;True;0;2463;nivel;Epagri;;;2;False;diaria;e3e929a1cfadc553_diario_derivado;;interna;horaria_agregada;media
2024-07-30;124.70833333333333;24;True;0;2463;nivel;Epagri;;;2;False;diaria;e3e929a1cfadc553_diario_derivado;;interna;horaria_agregada;media
2024-07-31;123.45833333333333;24;True;0;2463;nivel;Epagri;;;2;False;diaria;e3e929a1cfadc553_diario_derivado;;interna;horaria_agregada;media
2024-08-01;;15;False;0;2463;nivel;Epagri;;;2;False;diaria;e3e929a1cfadc553_diario_derivado;;interna;horaria_agregada;media
2024-08-02;;0;False;0;2463;nivel;Epagri;;;2;False;diaria;e3e929a1cfadc553_diario_derivado;;interna;horaria_agregada;media
2024-08-03;;0;False;0;2463;nivel;Epagri;;;2;False;diaria;e3e929a1cfadc553_diario_derivado;;interna;horaria_agregada;media
2024-08-04;;0;False;0;2463;nivel;Epagri;;;2;False;diaria;e3e929a1cfadc553_diario_derivado;;interna;horaria_agregada;media
2024-08-05;;0;False;0;2463;nivel;Epagri;;;2;False;diaria;e3e929a1cfadc553_diario_derivado;;interna;horaria_agregada;media
2024-08-06;;0;False;0;2463;nivel;Epagri;;;2;False;diaria;e3e929a1cfadc553_diario_derivado;;interna;horaria_agregada;media
2024-08-07;;0;False;0;2463;nivel;Epagri;;;2;False;diaria;e3e929a1cfadc553_diario_derivado;;interna;horaria_agregada;media
2024-08-08;;0;False;0;2463;nivel;Epagri;;;2;False;diaria;e3e929a1cfadc553_diario_derivado;;interna;horaria_agregada;media
2024-08-09;;0;False;0;2463;nivel;Epagri;;;2;False;diaria;e3e929a1cfadc553_diario_derivado;;interna;horaria_agregada;media
2024-08-10;;0;False;0;2463;nivel;Epagri;;;2;False;diaria;e3e929a1cfadc553_diario_derivado;;interna;horaria_agregada;media
2024-08-11;;0;False;0;2463;nivel;Epagri;;;2;False;diaria;e3e929a1cfadc553_diario_derivado;;interna;horaria_agregada;media
2024-08-12;;0;False;0;2463;nivel;Epagri;;;2;False;diaria;e3e929a1cfadc553_diario_derivado;;interna;horaria_agregada;media
2024-08-13;;0;False;0;2463;nivel;Epagri;;;2;False;diaria;e3e929a1cfadc553_diario_derivado;;interna;horaria_agregada;media
2024-08-14;;9;False;0;2463;nivel;Epagri;;;2;False;diaria;e3e929a1cfadc553_diario_derivado;;interna;horaria_agregada;media
2024-08-15;115.0;24;True;0;2463;nivel;Epagri;;;2;False;diaria;e3e929a1cfadc553_diario_derivado;;interna;horaria_agregada;media
2024-08-16;115.0;24;True;0;2463;nivel;Epagri;;;2;False;diaria;e3e929a1cfadc553_diario_derivado;;interna;horaria_agregada;media
2024-08-17;114.91666666666667;24;True;0;2463;nivel;Epagri;;;2;False;diaria;e3e929a1cfadc553_diario_derivado;;interna;horaria_agregada;media
2024-08-18;114.29166666666667;24;True;0;2463;nivel;Epagri;;;2;False;diaria;e3e929a1cfadc553_diario_derivado;;interna;horaria_agregada;media
2024-08-19;114.0;24;True;0;2463;nivel;Epagri;;;2;False;diaria;e3e929a1cfadc553_diario_derivado;;interna;horaria_agregada;media
2024-08-20;113.66666666666667;24;True;0;2463;nivel;Epagri;;;2;False;diaria;e3e929a1cfadc553_diario_derivado;;interna;horaria_agregada;media
2024-08-21;114.95833333333333;24;True;0;2463;nivel;Epagri;;;2;False;diaria;e3e929a1cfadc553_diario_derivado;;interna;horaria_agregada;media
2024-08-22;114.29166666666667;24;True;0;2463;nivel;Epagri;;;2;False;diaria;e3e929a1cfadc553_diario_derivado;;interna;horaria_agregada;media
2024-08-23;114.66666666666667;24;True;0;2463;nivel;Epagri;;;2;False;diaria;e3e929a1cfadc553_diario_derivado;;interna;horaria_agregada;media
2024-08-24;119.375;24;True;0;2463;nivel;Epagri;;;2;False;diaria;e3e929a1cfadc553_diario_derivado;;interna;horaria_agregada;media
2024-08-25;117.625;24;True;0;2463;nivel;Epagri;;;2;False;diaria;e3e929a1cfadc553_diario_derivado;;interna;horaria_agregada;media
2024-08-26;113.41666666666667;24;True;0;2463;nivel;Epagri;;;2;False;diaria;e3e929a1cfadc553_diario_derivado;;interna;horaria_agregada;media
2024-08-27;112.04166666666667;24;True;0;2463;nivel;Epagri;;;2;False;diaria;e3e929a1cfadc553_diario_derivado;;interna;horaria_agregada;media
2024-08-28;112.0;24;True;0;2463;nivel;Epagri;;;2;False;diaria;e3e929a1cfadc553_diario_derivado;;interna;horaria_agregada;media
2024-08-29;111.91666666666667;24;True;0;2463;nivel;Epagri;;;2;False;diaria;e3e929a1cfadc553_diario_derivado;;interna;horaria_agregada;media
2024-08-30;111.41666666666667;24;True;0;2463;nivel;Epagri;;;2;False;diaria;e3e929a1cfadc553_diario_derivado;;interna;horaria_agregada;media
2024-08-31;111.0;24;True;0;2463;nivel;Epagri;;;2;False;diaria;e3e929a1cfadc553_diario_derivado;;interna;horaria_agregada;media
2024-09-01;111.04166666666667;24;True;0;2463;nivel;Epagri;;;2;False;diaria;e3e929a1cfadc553_diario_derivado;;interna;horaria_agregada;media
2024-09-02;111.04166666666667;24;True;0;2463;nivel;Epagri;;;2;False;diaria;e3e929a1cfadc553_diario_derivado;;interna;horaria_agregada;media
2024-09-03;110.54166666666667;24;True;0;2463;nivel;Epagri;;;2;False;diaria;e3e929a1cfadc553_diario_derivado;;interna;horaria_agregada;media
2024-09-04;110.04166666666667;24;True;0;2463;nivel;Epagri;;;2;False;diaria;e3e929a1cfadc553_diario_derivado;;interna;horaria_agregada;media
2024-09-05;111.625;24;True;0;2463;nivel;Epagri;;;2;False;diaria;e3e929a1cfadc553_diario_derivado;;interna;horaria_agregada;media
2024-09-06;110.625;24;True;0;2463;nivel;Epagri;;;2;False;diaria;e3e929a1cfadc553_diario_derivado;;interna;horaria_agregada;media
2024-09-07;110.0;24;True;0;2463;nivel;Epagri;;;2;False;diaria;e3e929a1cfadc553_diario_derivado;;interna;horaria_agregada;media
2024-09-08;110.0;24;True;0;2463;nivel;Epagri;;;2;False;diaria;e3e929a1cfadc553_diario_derivado;;interna;horaria_agregada;media
2024-09-09;109.95833333333333;24;True;0;2463;nivel;Epagri;;;2;False;diaria;e3e929a1cfadc553_diario_derivado;;interna;horaria_agregada;media
2024-09-10;109.41666666666667;24;True;0;2463;nivel;Epagri;;;2;False;diaria;e3e929a1cfadc553_diario_derivado;;interna;horaria_agregada;media
2024-09-11;109.0;24;True;0;2463;nivel;Epagri;;;2;False;diaria;e3e929a1cfadc553_diario_derivado;;interna;horaria_agregada;media
2024-09-12;108.75;24;True;0;2463;nivel;Epagri;;;2;False;diaria;e3e929a1cfadc553_diario_derivado;;interna;horaria_agregada;media
2024-09-13;109.29166666666667;24;True;0;2463;nivel;Epagri;;;2;False;diaria;e3e929a1cfadc553_diario_derivado;;interna;horaria_agregada;media
2024-09-14;116.75;24;True;0;2463;nivel;Epagri;;;2;False;diaria;e3e929a1cfadc553_diario_derivado;;interna;horaria_agregada;media
2024-09-15;112.45833333333333;24;True;0;2463;nivel;Epagri;;;2;False;diaria;e3e929a1cfadc553_diario_derivado;;interna;horaria_agregada;media
2024-09-16;127.375;24;True;0;2463;nivel;Epagri;;;2;False;diaria;e3e929a1cfadc553_diario_derivado;;interna;horaria_agregada;media
2024-09-17;115.20833333333333;24;True;0;2463;nivel;Epagri;;;2;False;diaria;e3e929a1cfadc553_diario_derivado;;interna;horaria_agregada;media
2024-09-18;111.08333333333333;24;True;0;2463;nivel;Epagri;;;2;False;diaria;e3e929a1cfadc553_diario_derivado;;interna;horaria_agregada;media
2024-09-19;110.33333333333333;24;True;0;2463;nivel;Epagri;;;2;False;diaria;e3e929a1cfadc553_diario_derivado;;interna;horaria_agregada;media
2024-09-20;160.33333333333334;24;True;0;2463;nivel;Epagri;;;2;False;diaria;e3e929a1cfadc553_diario_derivado;;interna;horaria_agregada;media
2024-09-21;130.83333333333334;24;True;0;2463;nivel;Epagri;;;2;False;diaria;e3e929a1cfadc553_diario_derivado;;interna;horaria_agregada;media
2024-09-22;116.25;24;True;0;2463;nivel;Epagri;;;2;False;diaria;e3e929a1cfadc553_diario_derivado;;interna;horaria_agregada;media
2024-09-23;113.0;24;True;0;2463;nivel;Epagri;;;2;False;diaria;e3e929a1cfadc553_diario_derivado;;interna;horaria_agregada;media
2024-09-24;111.625;24;True;0;2463;nivel;Epagri;;;2;False;diaria;e3e929a1cfadc553_diario_derivado;;interna;horaria_agregada;media
2024-09-25;110.875;24;True;0;2463;nivel;Epagri;;;2;False;diaria;e3e929a1cfadc553_diario_derivado;;interna;horaria_agregada;media
2024-09-26;110.0;24;True;0;2463;nivel;Epagri;;;2;False;diaria;e3e929a1cfadc553_diario_derivado;;interna;horaria_agregada;media
2024-09-27;110.0;24;True;0;2463;nivel;Epagri;;;2;False;diaria;e3e929a1cfadc553_diario_derivado;;interna;horaria_agregada;media
2024-09-28;109.0;24;True;0;2463;nivel;Epagri;;;2;False;diaria;e3e929a1cfadc553_diario_derivado;;interna;horaria_agregada;media
2024-09-29;108.79166666666667;24;True;0;2463;nivel;Epagri;;;2;False;diaria;e3e929a1cfadc553_diario_derivado;;interna;horaria_agregada;media
2024-09-30;;23;False;0;2463;nivel;Epagri;;;2;False;diaria;e3e929a1cfadc553_diario_derivado;;interna;horaria_agregada;media
2024-10-01;;23;False;0;2463;nivel;Epagri;;;2;False;diaria;e3e929a1cfadc553_diario_derivado;;interna;horaria_agregada;media
2024-10-02;171.75;24;True;0;2463;nivel;Epagri;;;2;False;diaria;e3e929a1cfadc553_diario_derivado;;interna;horaria_agregada;media
2024-10-03;143.16666666666666;24;True;0;2463;nivel;Epagri;;;2;False;diaria;e3e929a1cfadc553_diario_derivado;;interna;horaria_agregada;media
2024-10-04;120.13541666666667;24;True;0;2463;nivel;Epagri;;;2;False;diaria;e3e929a1cfadc553_diario_derivado;;interna;horaria_agregada;media
2024-10-05;115.41666666666667;24;True;0;2463;nivel;Epagri;;;2;False;diaria;e3e929a1cfadc553_diario_derivado;;interna;horaria_agregada;media
2024-10-06;113.16666666666667;24;True;0;2463;nivel;Epagri;;;2;False;diaria;e3e929a1cfadc553_diario_derivado;;interna;horaria_agregada;media
2024-10-07;111.875;24;True;0;2463;nivel;Epagri;;;2;False;diaria;e3e929a1cfadc553_diario_derivado;;interna;horaria_agregada;media
2024-10-08;112.83333333333333;24;True;0;2463;nivel;Epagri;;;2;False;diaria;e3e929a1cfadc553_diario_derivado;;interna;horaria_agregada;media
2024-10-09;141.5;24;True;0;2463;nivel;Epagri;;;2;False;diaria;e3e929a1cfadc553_diario_derivado;;interna;horaria_agregada;media
2024-10-10;211.125;24;True;0;2463;nivel;Epagri;;;2;False;diaria;e3e929a1cfadc553_diario_derivado;;interna;horaria_agregada;media
2024-10-11;294.8333333333333;24;True;0;2463;nivel;Epagri;;;2;False;diaria;e3e929a1cfadc553_diario_derivado;;interna;horaria_agregada;media
2024-10-12;161.04166666666666;24;True;0;2463;nivel;Epagri;;;2;False;diaria;e3e929a1cfadc553_diario_derivado;;interna;horaria_agregada;media
2024-10-13;139.66666666666666;24;True;0;2463;nivel;Epagri;;;2;False;diaria;e3e929a1cfadc553_diario_derivado;;interna;horaria_agregada;media
2024-10-14;131.66666666666666;24;True;0;2463;nivel;Epagri;;;2;False;diaria;e3e929a1cfadc553_diario_derivado;;interna;horaria_agregada;media
2024-10-15;152.66666666666666;24;True;0;2463;nivel;Epagri;;;2;False;diaria;e3e929a1cfadc553_diario_derivado;;interna;horaria_agregada;media
2024-10-16;139.66666666666666;24;True;0;2463;nivel;Epagri;;;2;False;diaria;e3e929a1cfadc553_diario_derivado;;interna;horaria_agregada;media
2024-10-17;129.58333333333334;24;True;0;2463;nivel;Epagri;;;2;False;diaria;e3e929a1cfadc553_diario_derivado;;interna;horaria_agregada;media
2024-10-18;125.875;24;True;0;2463;nivel;Epagri;;;2;False;diaria;e3e929a1cfadc553_diario_derivado;;interna;horaria_agregada;media
2024-10-19;123.875;24;True;0;2463;nivel;Epagri;;;2;False;diaria;e3e929a1cfadc553_diario_derivado;;interna;horaria_agregada;media
2024-10-20;122.25;24;True;0;2463;nivel;Epagri;;;2;False;diaria;e3e929a1cfadc553_diario_derivado;;interna;horaria_agregada;media
2024-10-21;134.0;24;True;0;2463;nivel;Epagri;;;2;False;diaria;e3e929a1cfadc553_diario_derivado;;interna;horaria_agregada;media
2024-10-22;136.70833333333334;24;True;0;2463;nivel;Epagri;;;2;False;diaria;e3e929a1cfadc553_diario_derivado;;interna;horaria_agregada;media
2024-10-23;124.83333333333333;24;True;0;2463;nivel;Epagri;;;2;False;diaria;e3e929a1cfadc553_diario_derivado;;interna;horaria_agregada;media
2024-10-24;122.41666666666667;24;True;0;2463;nivel;Epagri;;;2;False;diaria;e3e929a1cfadc553_diario_derivado;;interna;horaria_agregada;media
2024-10-25;123.25;24;True;0;2463;nivel;Epagri;;;2;False;diaria;e3e929a1cfadc553_diario_derivado;;interna;horaria_agregada;media
2024-10-26;118.75;24;True;0;2463;nivel;Epagri;;;2;False;diaria;e3e929a1cfadc553_diario_derivado;;interna;horaria_agregada;media
2024-10-27;116.875;24;True;0;2463;nivel;Epagri;;;2;False;diaria;e3e929a1cfadc553_diario_derivado;;interna;horaria_agregada;media
2024-10-28;116.0;24;True;0;2463;nivel;Epagri;;;2;False;diaria;e3e929a1cfadc553_diario_derivado;;interna;horaria_agregada;media
2024-10-29;116.0;24;True;0;2463;nivel;Epagri;;;2;False;diaria;e3e929a1cfadc553_diario_derivado;;interna;horaria_agregada;media
2024-10-30;118.45833333333333;24;True;0;2463;nivel;Epagri;;;2;False;diaria;e3e929a1cfadc553_diario_derivado;;interna;horaria_agregada;media
2024-10-31;136.29166666666666;24;True;0;2463;nivel;Epagri;;;2;False;diaria;e3e929a1cfadc553_diario_derivado;;interna;horaria_agregada;media
2024-11-01;120.66666666666667;24;True;0;2463;nivel;Epagri;;;2;False;diaria;e3e929a1cfadc553_diario_derivado;;interna;horaria_agregada;media
2024-11-02;129.33333333333334;24;True;0;2463;nivel;Epagri;;;2;False;diaria;e3e929a1cfadc553_diario_derivado;;interna;horaria_agregada;media
2024-11-03;241.20833333333334;24;True;0;2463;nivel;Epagri;;;2;False;diaria;e3e929a1cfadc553_diario_derivado;;interna;horaria_agregada;media
2024-11-04;366.7916666666667;24;True;0;2463;nivel;Epagri;;;2;False;diaria;e3e929a1cfadc553_diario_derivado;;interna;horaria_agregada;media
2024-11-05;308.9583333333333;24;True;0;2463;nivel;Epagri;;;2;False;diaria;e3e929a1cfadc553_diario_derivado;;interna;horaria_agregada;media
2024-11-06;207.45833333333334;24;True;0;2463;nivel;Epagri;;;2;False;diaria;e3e929a1cfadc553_diario_derivado;;interna;horaria_agregada;media
2024-11-07;215.625;24;True;0;2463;nivel;Epagri;;;2;False;diaria;e3e929a1cfadc553_diario_derivado;;interna;horaria_agregada;media
2024-11-08;181.79166666666666;24;True;0;2463;nivel;Epagri;;;2;False;diaria;e3e929a1cfadc553_diario_derivado;;interna;horaria_agregada;media
2024-11-09;163.0;24;True;0;2463;nivel;Epagri;;;2;False;diaria;e3e929a1cfadc553_diario_derivado;;interna;horaria_agregada;media
2024-11-10;153.125;24;True;0;2463;nivel;Epagri;;;2;False;diaria;e3e929a1cfadc553_diario_derivado;;interna;horaria_agregada;media
2024-11-11;147.29166666666666;24;True;0;2463;nivel;Epagri;;;2;False;diaria;e3e929a1cfadc553_diario_derivado;;interna;horaria_agregada;media
2024-11-12;143.16666666666666;24;True;0;2463;nivel;Epagri;;;2;False;diaria;e3e929a1cfadc553_diario_derivado;;interna;horaria_agregada;media
2024-11-13;138.625;24;True;0;2463;nivel;Epagri;;;2;False;diaria;e3e929a1cfadc553_diario_derivado;;interna;horaria_agregada;media
2024-11-14;135.625;24;True;0;2463;nivel;Epagri;;;2;False;diaria;e3e929a1cfadc553_diario_derivado;;interna;horaria_agregada;media
2024-11-15;133.45833333333334;24;True;0;2463;nivel;Epagri;;;2;False;diaria;e3e929a1cfadc553_diario_derivado;;interna;horaria_agregada;media
2024-11-16;146.79166666666666;24;True;0;2463;nivel;Epagri;;;2;False;diaria;e3e929a1cfadc553_diario_derivado;;interna;horaria_agregada;media
2024-11-17;139.58333333333334;24;True;0;2463;nivel;Epagri;;;2;False;diaria;e3e929a1cfadc553_diario_derivado;;interna;horaria_agregada;media
2024-11-18;132.58333333333334;24;True;0;2463;nivel;Epagri;;;2;False;diaria;e3e929a1cfadc553_diario_derivado;;interna;horaria_agregada;media
2024-11-19;129.75;24;True;0;2463;nivel;Epagri;;;2;False;diaria;e3e929a1cfadc553_diario_derivado;;interna;horaria_agregada;media
2024-11-20;182.875;24;True;0;2463;nivel;Epagri;;;2;False;diaria;e3e929a1cfadc553_diario_derivado;;interna;horaria_agregada;media
2024-11-21;179.16666666666666;24;True;0;2463;nivel;Epagri;;;2;False;diaria;e3e929a1cfadc553_diario_derivado;;interna;horaria_agregada;media
2024-11-22;207.20833333333334;24;True;0;2463;nivel;Epagri;;;2;False;diaria;e3e929a1cfadc553_diario_derivado;;interna;horaria_agregada;media
2024-11-23;183.83333333333334;24;True;0;2463;nivel;Epagri;;;2;False;diaria;e3e929a1cfadc553_diario_derivado;;interna;horaria_agregada;media
2024-11-24;166.45833333333334;24;True;0;2463;nivel;Epagri;;;2;False;diaria;e3e929a1cfadc553_diario_derivado;;interna;horaria_agregada;media
2024-11-25;149.125;24;True;0;2463;nivel;Epagri;;;2;False;diaria;e3e929a1cfadc553_diario_derivado;;interna;horaria_agregada;media
2024-11-26;142.16666666666666;24;True;0;2463;nivel;Epagri;;;2;False;diaria;e3e929a1cfadc553_diario_derivado;;interna;horaria_agregada;media
2024-11-27;139.625;24;True;0;2463;nivel;Epagri;;;2;False;diaria;e3e929a1cfadc553_diario_derivado;;interna;horaria_agregada;media
2024-11-28;142.25;24;True;0;2463;nivel;Epagri;;;2;False;diaria;e3e929a1cfadc553_diario_derivado;;interna;horaria_agregada;media
2024-11-29;136.625;24;True;0;2463;nivel;Epagri;;;2;False;diaria;e3e929a1cfadc553_diario_derivado;;interna;horaria_agregada;media
2024-11-30;134.20833333333334;24;True;0;2463;nivel;Epagri;;;2;False;diaria;e3e929a1cfadc553_diario_derivado;;interna;horaria_agregada;media
2024-12-01;133.95833333333334;24;True;0;2463;nivel;Epagri;;;2;False;diaria;e3e929a1cfadc553_diario_derivado;;interna;horaria_agregada;media
2024-12-02;134.91666666666666;24;True;0;2463;nivel;Epagri;;;2;False;diaria;e3e929a1cfadc553_diario_derivado;;interna;horaria_agregada;media
2024-12-03;130.20833333333334;24;True;0;2463;nivel;Epagri;;;2;False;diaria;e3e929a1cfadc553_diario_derivado;;interna;horaria_agregada;media
2024-12-04;127.875;24;True;0;2463;nivel;Epagri;;;2;False;diaria;e3e929a1cfadc553_diario_derivado;;interna;horaria_agregada;media
2024-12-05;126.20833333333333;24;True;0;2463;nivel;Epagri;;;2;False;diaria;e3e929a1cfadc553_diario_derivado;;interna;horaria_agregada;media
2024-12-06;124.83333333333333;24;True;0;2463;nivel;Epagri;;;2;False;diaria;e3e929a1cfadc553_diario_derivado;;interna;horaria_agregada;media
2024-12-07;176.08333333333334;24;True;0;2463;nivel;Epagri;;;2;False;diaria;e3e929a1cfadc553_diario_derivado;;interna;horaria_agregada;media
2024-12-08;145.58333333333334;24;True;0;2463;nivel;Epagri;;;2;False;diaria;e3e929a1cfadc553_diario_derivado;;interna;horaria_agregada;media
2024-12-09;161.125;24;True;0;2463;nivel;Epagri;;;2;False;diaria;e3e929a1cfadc553_diario_derivado;;interna;horaria_agregada;media
2024-12-10;174.70833333333334;24;True;0;2463;nivel;Epagri;;;2;False;diaria;e3e929a1cfadc553_diario_derivado;;interna;horaria_agregada;media
2024-12-11;147.91666666666666;24;True;0;2463;nivel;Epagri;;;2;False;diaria;e3e929a1cfadc553_diario_derivado;;interna;horaria_agregada;media
2024-12-12;137.45833333333334;24;True;0;2463;nivel;Epagri;;;2;False;diaria;e3e929a1cfadc553_diario_derivado;;interna;horaria_agregada;media
2024-12-13;132.83333333333334;24;True;0;2463;nivel;Epagri;;;2;False;diaria;e3e929a1cfadc553_diario_derivado;;interna;horaria_agregada;media
2024-12-14;202.66666666666666;24;True;0;2463;nivel;Epagri;;;2;False;diaria;e3e929a1cfadc553_diario_derivado;;interna;horaria_agregada;media
2024-12-15;149.16666666666666;24;True;0;2463;nivel;Epagri;;;2;False;diaria;e3e929a1cfadc553_diario_derivado;;interna;horaria_agregada;media
2024-12-16;144.79166666666666;24;True;0;2463;nivel;Epagri;;;2;False;diaria;e3e929a1cfadc553_diario_derivado;;interna;horaria_agregada;media
2024-12-17;143.375;24;True;0;2463;nivel;Epagri;;;2;False;diaria;e3e929a1cfadc553_diario_derivado;;interna;horaria_agregada;media
2024-12-18;134.375;24;True;0;2463;nivel;Epagri;;;2;False;diaria;e3e929a1cfadc553_diario_derivado;;interna;horaria_agregada;media
2024-12-19;133.54166666666666;24;True;0;2463;nivel;Epagri;;;2;False;diaria;e3e929a1cfadc553_diario_derivado;;interna;horaria_agregada;media
2024-12-20;151.95833333333334;24;True;0;2463;nivel;Epagri;;;2;False;diaria;e3e929a1cfadc553_diario_derivado;;interna;horaria_agregada;media
2024-12-21;133.33333333333334;24;True;0;2463;nivel;Epagri;;;2;False;diaria;e3e929a1cfadc553_diario_derivado;;interna;horaria_agregada;media
2024-12-22;134.75;24;True;0;2463;nivel;Epagri;;;2;False;diaria;e3e929a1cfadc553_diario_derivado;;interna;horaria_agregada;media
2024-12-23;138.08333333333334;24;True;0;2463;nivel;Epagri;;;2;False;diaria;e3e929a1cfadc553_diario_derivado;;interna;horaria_agregada;media
2024-12-24;133.91666666666666;24;True;0;2463;nivel;Epagri;;;2;False;diaria;e3e929a1cfadc553_diario_derivado;;interna;horaria_agregada;media
2024-12-25;158.45833333333334;24;True;0;2463;nivel;Epagri;;;2;False;diaria;e3e929a1cfadc553_diario_derivado;;interna;horaria_agregada;media
2024-12-26;151.33333333333334;24;True;0;2463;nivel;Epagri;;;2;False;diaria;e3e929a1cfadc553_diario_derivado;;interna;horaria_agregada;media
2024-12-27;135.41666666666666;24;True;0;2463;nivel;Epagri;;;2;False;diaria;e3e929a1cfadc553_diario_derivado;;interna;horaria_agregada;media
2024-12-28;132.25;24;True;0;2463;nivel;Epagri;;;2;False;diaria;e3e929a1cfadc553_diario_derivado;;interna;horaria_agregada;media
2024-12-29;130.375;24;True;0;2463;nivel;Epagri;;;2;False;diaria;e3e929a1cfadc553_diario_derivado;;interna;horaria_agregada;media
2024-12-30;141.625;24;True;0;2463;nivel;Epagri;;;2;False;diaria;e3e929a1cfadc553_diario_derivado;;interna;horaria_agregada;media
2024-12-31;135.16666666666666;24;True;0;2463;nivel;Epagri;;;2;False;diaria;e3e929a1cfadc553_diario_derivado;;interna;horaria_agregada;media
2025-01-01;135.04166666666666;24;True;0;2463;nivel;Epagri;;;2;False;diaria;e3e929a1cfadc553_diario_derivado;;interna;horaria_agregada;media
2025-01-02;134.33333333333334;24;True;0;2463;nivel;Epagri;;;2;False;diaria;e3e929a1cfadc553_diario_derivado;;interna;horaria_agregada;media
2025-01-03;131.0;24;True;0;2463;nivel;Epagri;;;2;False;diaria;e3e929a1cfadc553_diario_derivado;;interna;horaria_agregada;media
2025-01-04;128.70833333333334;24;True;0;2463;nivel;Epagri;;;2;False;diaria;e3e929a1cfadc553_diario_derivado;;interna;horaria_agregada;media
2025-01-05;125.66666666666667;24;True;0;2463;nivel;Epagri;;;2;False;diaria;e3e929a1cfadc553_diario_derivado;;interna;horaria_agregada;media
2025-01-06;128.83333333333334;24;True;0;2463;nivel;Epagri;;;2;False;diaria;e3e929a1cfadc553_diario_derivado;;interna;horaria_agregada;media
2025-01-07;127.95833333333333;24;True;0;2463;nivel;Epagri;;;2;False;diaria;e3e929a1cfadc553_diario_derivado;;interna;horaria_agregada;media
2025-01-08;127.0;24;True;0;2463;nivel;Epagri;;;2;False;diaria;e3e929a1cfadc553_diario_derivado;;interna;horaria_agregada;media
2025-01-09;149.16666666666666;24;True;0;2463;nivel;Epagri;;;2;False;diaria;e3e929a1cfadc553_diario_derivado;;interna;horaria_agregada;media
2025-01-10;133.41666666666666;24;True;0;2463;nivel;Epagri;;;2;False;diaria;e3e929a1cfadc553_diario_derivado;;interna;horaria_agregada;media
2025-01-11;126.91666666666667;24;True;0;2463;nivel;Epagri;;;2;False;diaria;e3e929a1cfadc553_diario_derivado;;interna;horaria_agregada;media
2025-01-12;129.25;24;True;0;2463;nivel;Epagri;;;2;False;diaria;e3e929a1cfadc553_diario_derivado;;interna;horaria_agregada;media
2025-01-13;124.25;24;True;0;2463;nivel;Epagri;;;2;False;diaria;e3e929a1cfadc553_diario_derivado;;interna;horaria_agregada;media
2025-01-14;123.08333333333333;24;True;0;2463;nivel;Epagri;;;2;False;diaria;e3e929a1cfadc553_diario_derivado;;interna;horaria_agregada;media
2025-01-15;121.29166666666667;24;True;0;2463;nivel;Epagri;;;2;False;diaria;e3e929a1cfadc553_diario_derivado;;interna;horaria_agregada;media
2025-01-16;154.83333333333334;24;True;0;2463;nivel;Epagri;;;2;False;diaria;e3e929a1cfadc553_diario_derivado;;interna;horaria_agregada;media
2025-01-17;346.5416666666667;24;True;0;2463;nivel;Epagri;;;2;False;diaria;e3e929a1cfadc553_diario_derivado;;interna;horaria_agregada;media
2025-01-18;207.375;24;True;0;2463;nivel;Epagri;;;2;False;diaria;e3e929a1cfadc553_diario_derivado;;interna;horaria_agregada;media
2025-01-19;171.04166666666666;24;True;0;2463;nivel;Epagri;;;2;False;diaria;e3e929a1cfadc553_diario_derivado;;interna;horaria_agregada;media
2025-01-20;158.375;24;True;0;2463;nivel;Epagri;;;2;False;diaria;e3e929a1cfadc553_diario_derivado;;interna;horaria_agregada;media
2025-01-21;156.5;24;True;0;2463;nivel;Epagri;;;2;False;diaria;e3e929a1cfadc553_diario_derivado;;interna;horaria_agregada;media
2025-01-22;143.41666666666666;24;True;0;2463;nivel;Epagri;;;2;False;diaria;e3e929a1cfadc553_diario_derivado;;interna;horaria_agregada;media
2025-01-23;139.29166666666666;24;True;0;2463;nivel;Epagri;;;2;False;diaria;e3e929a1cfadc553_diario_derivado;;interna;horaria_agregada;media
2025-01-24;194.125;24;True;0;2463;nivel;Epagri;;;2;False;diaria;e3e929a1cfadc553_diario_derivado;;interna;horaria_agregada;media
2025-01-25;197.41666666666666;24;True;0;2463;nivel;Epagri;;;2;False;diaria;e3e929a1cfadc553_diario_derivado;;interna;horaria_agregada;media
2025-01-26;171.875;24;True;0;2463;nivel;Epagri;;;2;False;diaria;e3e929a1cfadc553_diario_derivado;;interna;horaria_agregada;media
2025-01-27;153.95833333333334;24;True;0;2463;nivel;Epagri;;;2;False;diaria;e3e929a1cfadc553_diario_derivado;;interna;horaria_agregada;media
2025-01-28;151.20833333333334;24;True;0;2463;nivel;Epagri;;;2;False;diaria;e3e929a1cfadc553_diario_derivado;;interna;horaria_agregada;media
2025-01-29;163.16666666666666;24;True;0;2463;nivel;Epagri;;;2;False;diaria;e3e929a1cfadc553_diario_derivado;;interna;horaria_agregada;media
2025-01-30;156.20833333333334;24;True;0;2463;nivel;Epagri;;;2;False;diaria;e3e929a1cfadc553_diario_derivado;;interna;horaria_agregada;media
2025-01-31;148.5;24;True;0;2463;nivel;Epagri;;;2;False;diaria;e3e929a1cfadc553_diario_derivado;;interna;horaria_agregada;media
2025-02-01;151.625;24;True;0;2463;nivel;Epagri;;;2;False;diaria;e3e929a1cfadc553_diario_derivado;;interna;horaria_agregada;media
2025-02-02;151.45833333333334;24;True;0;2463;nivel;Epagri;;;2;False;diaria;e3e929a1cfadc553_diario_derivado;;interna;horaria_agregada;media
2025-02-03;193.16666666666666;24;True;0;2463;nivel;Epagri;;;2;False;diaria;e3e929a1cfadc553_diario_derivado;;interna;horaria_agregada;media
2025-02-04;194.41666666666666;24;True;0;2463;nivel;Epagri;;;2;False;diaria;e3e929a1cfadc553_diario_derivado;;interna;horaria_agregada;media
2025-02-05;168.29166666666666;24;True;0;2463;nivel;Epagri;;;2;False;diaria;e3e929a1cfadc553_diario_derivado;;interna;horaria_agregada;media
2025-02-06;177.16666666666666;24;True;0;2463;nivel;Epagri;;;2;False;diaria;e3e929a1cfadc553_diario_derivado;;interna;horaria_agregada;media
2025-02-07;169.29166666666666;24;True;0;2463;nivel;Epagri;;;2;False;diaria;e3e929a1cfadc553_diario_derivado;;interna;horaria_agregada;media
2025-02-08;155.95833333333334;24;True;0;2463;nivel;Epagri;;;2;False;diaria;e3e929a1cfadc553_diario_derivado;;interna;horaria_agregada;media
2025-02-09;146.54166666666666;24;True;0;2463;nivel;Epagri;;;2;False;diaria;e3e929a1cfadc553_diario_derivado;;interna;horaria_agregada;media
2025-02-10;141.875;24;True;0;2463;nivel;Epagri;;;2;False;diaria;e3e929a1cfadc553_diario_derivado;;interna;horaria_agregada;media
2025-02-11;138.875;24;True;0;2463;nivel;Epagri;;;2;False;diaria;e3e929a1cfadc553_diario_derivado;;interna;horaria_agregada;media
2025-02-12;136.66666666666666;24;True;0;2463;nivel;Epagri;;;2;False;diaria;e3e929a1cfadc553_diario_derivado;;interna;horaria_agregada;media
2025-02-13;136.54166666666666;24;True;0;2463;nivel;Epagri;;;2;False;diaria;e3e929a1cfadc553_diario_derivado;;interna;horaria_agregada;media
2025-02-14;141.25;24;True;0;2463;nivel;Epagri;;;2;False;diaria;e3e929a1cfadc553_diario_derivado;;interna;horaria_agregada;media
2025-02-15;139.125;24;True;0;2463;nivel;Epagri;;;2;False;diaria;e3e929a1cfadc553_diario_derivado;;interna;horaria_agregada;media
2025-02-16;158.91666666666666;24;True;0;2463;nivel;Epagri;;;2;False;diaria;e3e929a1cfadc553_diario_derivado;;interna;horaria_agregada;media
2025-02-17;190.125;24;True;0;2463;nivel;Epagri;;;2;False;diaria;e3e929a1cfadc553_diario_derivado;;interna;horaria_agregada;media
2025-02-18;190.58333333333334;24;True;0;2463;nivel;Epagri;;;2;False;diaria;e3e929a1cfadc553_diario_derivado;;interna;horaria_agregada;media
2025-02-19;155.58333333333334;24;True;0;2463;nivel;Epagri;;;2;False;diaria;e3e929a1cfadc553_diario_derivado;;interna;horaria_agregada;media
2025-02-20;148.08333333333334;24;True;0;2463;nivel;Epagri;;;2;False;diaria;e3e929a1cfadc553_diario_derivado;;interna;horaria_agregada;media
2025-02-21;141.33333333333334;24;True;0;2463;nivel;Epagri;;;2;False;diaria;e3e929a1cfadc553_diario_derivado;;interna;horaria_agregada;media
2025-02-22;138.04166666666666;24;True;0;2463;nivel;Epagri;;;2;False;diaria;e3e929a1cfadc553_diario_derivado;;interna;horaria_agregada;media
2025-02-23;135.83333333333334;24;True;0;2463;nivel;Epagri;;;2;False;diaria;e3e929a1cfadc553_diario_derivado;;interna;horaria_agregada;media
2025-02-24;133.58333333333334;24;True;0;2463;nivel;Epagri;;;2;False;diaria;e3e929a1cfadc553_diario_derivado;;interna;horaria_agregada;media
2025-02-25;131.75;24;True;0;2463;nivel;Epagri;;;2;False;diaria;e3e929a1cfadc553_diario_derivado;;interna;horaria_agregada;media
2025-02-26;130.41666666666666;24;True;0;2463;nivel;Epagri;;;2;False;diaria;e3e929a1cfadc553_diario_derivado;;interna;horaria_agregada;media
2025-02-27;128.83333333333334;24;True;0;2463;nivel;Epagri;;;2;False;diaria;e3e929a1cfadc553_diario_derivado;;interna;horaria_agregada;media
2025-02-28;127.70833333333333;24;True;0;2463;nivel;Epagri;;;2;False;diaria;e3e929a1cfadc553_diario_derivado;;interna;horaria_agregada;media
2025-03-01;126.54166666666667;24;True;0;2463;nivel;Epagri;;;2;False;diaria;e3e929a1cfadc553_diario_derivado;;interna;horaria_agregada;media
2025-03-02;125.5;24;True;0;2463;nivel;Epagri;;;2;False;diaria;e3e929a1cfadc553_diario_derivado;;interna;horaria_agregada;media
2025-03-03;124.41666666666667;24;True;0;2463;nivel;Epagri;;;2;False;diaria;e3e929a1cfadc553_diario_derivado;;interna;horaria_agregada;media
2025-03-04;123.70833333333333;24;True;0;2463;nivel;Epagri;;;2;False;diaria;e3e929a1cfadc553_diario_derivado;;interna;horaria_agregada;media
2025-03-05;122.79166666666667;24;True;0;2463;nivel;Epagri;;;2;False;diaria;e3e929a1cfadc553_diario_derivado;;interna;horaria_agregada;media
2025-03-06;122.08333333333333;24;True;0;2463;nivel;Epagri;;;2;False;diaria;e3e929a1cfadc553_diario_derivado;;interna;horaria_agregada;media
2025-03-07;121.66666666666667;24;True;0;2463;nivel;Epagri;;;2;False;diaria;e3e929a1cfadc553_diario_derivado;;interna;horaria_agregada;media
2025-03-08;;23;False;0;2463;nivel;Epagri;;;2;False;diaria;e3e929a1cfadc553_diario_derivado;;interna;horaria_agregada;media
2025-03-09;125.58333333333333;24;True;0;2463;nivel;Epagri;;;2;False;diaria;e3e929a1cfadc553_diario_derivado;;interna;horaria_agregada;media
2025-03-10;125.04166666666667;24;True;0;2463;nivel;Epagri;;;2;False;diaria;e3e929a1cfadc553_diario_derivado;;interna;horaria_agregada;media
2025-03-11;121.25;24;True;0;2463;nivel;Epagri;;;2;False;diaria;e3e929a1cfadc553_diario_derivado;;interna;horaria_agregada;media
2025-03-12;136.08333333333334;24;True;0;2463;nivel;Epagri;;;2;False;diaria;e3e929a1cfadc553_diario_derivado;;interna;horaria_agregada;media
2025-03-13;133.875;24;True;0;2463;nivel;Epagri;;;2;False;diaria;e3e929a1cfadc553_diario_derivado;;interna;horaria_agregada;media
2025-03-14;123.0;24;True;0;2463;nivel;Epagri;;;2;False;diaria;e3e929a1cfadc553_diario_derivado;;interna;horaria_agregada;media
2025-03-15;119.95833333333333;24;True;0;2463;nivel;Epagri;;;2;False;diaria;e3e929a1cfadc553_diario_derivado;;interna;horaria_agregada;media
2025-03-16;118.75;24;True;0;2463;nivel;Epagri;;;2;False;diaria;e3e929a1cfadc553_diario_derivado;;interna;horaria_agregada;media
2025-03-17;117.91666666666667;24;True;0;2463;nivel;Epagri;;;2;False;diaria;e3e929a1cfadc553_diario_derivado;;interna;horaria_agregada;media
2025-03-18;120.20833333333333;24;True;0;2463;nivel;Epagri;;;2;False;diaria;e3e929a1cfadc553_diario_derivado;;interna;horaria_agregada;media
2025-03-19;132.95833333333334;24;True;0;2463;nivel;Epagri;;;2;False;diaria;e3e929a1cfadc553_diario_derivado;;interna;horaria_agregada;media
2025-03-20;118.91666666666667;24;True;0;2463;nivel;Epagri;;;2;False;diaria;e3e929a1cfadc553_diario_derivado;;interna;horaria_agregada;media
2025-03-21;;23;False;0;2463;nivel;Epagri;;;2;False;diaria;e3e929a1cfadc553_diario_derivado;;interna;horaria_agregada;media
2025-03-22;;15;False;0;2463;nivel;Epagri;;;2;False;diaria;e3e929a1cfadc553_diario_derivado;;interna;horaria_agregada;media
2025-03-23;116.79166666666667;24;True;0;2463;nivel;Epagri;;;2;False;diaria;e3e929a1cfadc553_diario_derivado;;interna;horaria_agregada;media
2025-03-24;125.91666666666667;24;True;0;2463;nivel;Epagri;;;2;False;diaria;e3e929a1cfadc553_diario_derivado;;interna;horaria_agregada;media
2025-03-25;132.04166666666666;24;True;0;2463;nivel;Epagri;;;2;False;diaria;e3e929a1cfadc553_diario_derivado;;interna;horaria_agregada;media
2025-03-26;123.25;24;True;0;2463;nivel;Epagri;;;2;False;diaria;e3e929a1cfadc553_diario_derivado;;interna;horaria_agregada;media
2025-03-27;;22;False;0;2463;nivel;Epagri;;;2;False;diaria;e3e929a1cfadc553_diario_derivado;;interna;horaria_agregada;media
2025-03-28;;18;False;0;2463;nivel;Epagri;;;2;False;diaria;e3e929a1cfadc553_diario_derivado;;interna;horaria_agregada;media
2025-03-29;117.33333333333333;24;True;0;2463;nivel;Epagri;;;2;False;diaria;e3e929a1cfadc553_diario_derivado;;interna;horaria_agregada;media
2025-03-30;117.45833333333333;24;True;0;2463;nivel;Epagri;;;2;False;diaria;e3e929a1cfadc553_diario_derivado;;interna;horaria_agregada;media
2025-03-31;114.875;24;True;0;2463;nivel;Epagri;;;2;False;diaria;e3e929a1cfadc553_diario_derivado;;interna;horaria_agregada;media
2025-04-01;113.91666666666667;24;True;0;2463;nivel;Epagri;;;2;False;diaria;e3e929a1cfadc553_diario_derivado;;interna;horaria_agregada;media
2025-04-02;113.79166666666667;24;True;0;2463;nivel;Epagri;;;2;False;diaria;e3e929a1cfadc553_diario_derivado;;interna;horaria_agregada;media
2025-04-03;113.41666666666667;24;True;0;2463;nivel;Epagri;;;2;False;diaria;e3e929a1cfadc553_diario_derivado;;interna;horaria_agregada;media
2025-04-04;114.29166666666667;24;True;0;2463;nivel;Epagri;;;2;False;diaria;e3e929a1cfadc553_diario_derivado;;interna;horaria_agregada;media
2025-04-05;112.54166666666667;24;True;0;2463;nivel;Epagri;;;2;False;diaria;e3e929a1cfadc553_diario_derivado;;interna;horaria_agregada;media
2025-04-06;111.41666666666667;24;True;0;2463;nivel;Epagri;;;2;False;diaria;e3e929a1cfadc553_diario_derivado;;interna;horaria_agregada;media
2025-04-07;129.58333333333334;24;True;0;2463;nivel;Epagri;;;2;False;diaria;e3e929a1cfadc553_diario_derivado;;interna;horaria_agregada;media
2025-04-08;159.375;24;True;0;2463;nivel;Epagri;;;2;False;diaria;e3e929a1cfadc553_diario_derivado;;interna;horaria_agregada;media
2025-04-09;147.58333333333334;24;True;0;2463;nivel;Epagri;;;2;False;diaria;e3e929a1cfadc553_diario_derivado;;interna;horaria_agregada;media
2025-04-10;156.16666666666666;24;True;0;2463;nivel;Epagri;;;2;False;diaria;e3e929a1cfadc553_diario_derivado;;interna;horaria_agregada;media
2025-04-11;210.79166666666666;24;True;0;2463;nivel;Epagri;;;2;False;diaria;e3e929a1cfadc553_diario_derivado;;interna;horaria_agregada;media
2025-04-12;140.83333333333334;24;True;0;2463;nivel;Epagri;;;2;False;diaria;e3e929a1cfadc553_diario_derivado;;interna;horaria_agregada;media
2025-04-13;137.0;24;True;0;2463;nivel;Epagri;;;2;False;diaria;e3e929a1cfadc553_diario_derivado;;interna;horaria_agregada;media
2025-04-14;131.04166666666666;24;True;0;2463;nivel;Epagri;;;2;False;diaria;e3e929a1cfadc553_diario_derivado;;interna;horaria_agregada;media
2025-04-15;124.95833333333333;24;True;0;2463;nivel;Epagri;;;2;False;diaria;e3e929a1cfadc553_diario_derivado;;interna;horaria_agregada;media
2025-04-16;;23;False;0;2463;nivel;Epagri;;;2;False;diaria;e3e929a1cfadc553_diario_derivado;;interna;horaria_agregada;media
2025-04-17;;23;False;0;2463;nivel;Epagri;;;2;False;diaria;e3e929a1cfadc553_diario_derivado;;interna;horaria_agregada;media
2025-04-18;118.875;24;True;0;2463;nivel;Epagri;;;2;False;diaria;e3e929a1cfadc553_diario_derivado;;interna;horaria_agregada;media
2025-04-19;117.83333333333333;24;True;0;2463;nivel;Epagri;;;2;False;diaria;e3e929a1cfadc553_diario_derivado;;interna;horaria_agregada;media
2025-04-20;;22;False;0;2463;nivel;Epagri;;;2;False;diaria;e3e929a1cfadc553_diario_derivado;;interna;horaria_agregada;media
2025-04-21;115.79166666666667;24;True;0;2463;nivel;Epagri;;;2;False;diaria;e3e929a1cfadc553_diario_derivado;;interna;horaria_agregada;media
2025-04-22;114.875;24;True;0;2463;nivel;Epagri;;;2;False;diaria;e3e929a1cfadc553_diario_derivado;;interna;horaria_agregada;media
2025-04-23;114.0;24;True;0;2463;nivel;Epagri;;;2;False;diaria;e3e929a1cfadc553_diario_derivado;;interna;horaria_agregada;media
2025-04-24;113.70833333333333;24;True;0;2463;nivel;Epagri;;;2;False;diaria;e3e929a1cfadc553_diario_derivado;;interna;horaria_agregada;media
2025-04-25;113.0;24;True;0;2463;nivel;Epagri;;;2;False;diaria;e3e929a1cfadc553_diario_derivado;;interna;horaria_agregada;media
2025-04-26;112.20833333333333;24;True;0;2463;nivel;Epagri;;;2;False;diaria;e3e929a1cfadc553_diario_derivado;;interna;horaria_agregada;media
2025-04-27;;22;False;0;2463;nivel;Epagri;;;2;False;diaria;e3e929a1cfadc553_diario_derivado;;interna;horaria_agregada;media
2025-04-28;;17;False;0;2463;nivel;Epagri;;;2;False;diaria;e3e929a1cfadc553_diario_derivado;;interna;horaria_agregada;media
2025-04-29;111.16666666666667;24;True;0;2463;nivel;Epagri;;;2;False;diaria;e3e929a1cfadc553_diario_derivado;;interna;horaria_agregada;media
2025-04-30;110.08333333333333;24;True;0;2463;nivel;Epagri;;;2;False;diaria;e3e929a1cfadc553_diario_derivado;;interna;horaria_agregada;media
2025-05-01;110.0;24;True;0;2463;nivel;Epagri;;;2;False;diaria;e3e929a1cfadc553_diario_derivado;;interna;horaria_agregada;media
2025-05-02;110.0;24;True;0;2463;nivel;Epagri;;;2;False;diaria;e3e929a1cfadc553_diario_derivado;;interna;horaria_agregada;media
2025-05-03;109.75;24;True;0;2463;nivel;Epagri;;;2;False;diaria;e3e929a1cfadc553_diario_derivado;;interna;horaria_agregada;media
2025-05-04;109.0;24;True;0;2463;nivel;Epagri;;;2;False;diaria;e3e929a1cfadc553_diario_derivado;;interna;horaria_agregada;media
2025-05-05;109.0;24;True;0;2463;nivel;Epagri;;;2;False;diaria;e3e929a1cfadc553_diario_derivado;;interna;horaria_agregada;media
2025-05-06;108.875;24;True;0;2463;nivel;Epagri;;;2;False;diaria;e3e929a1cfadc553_diario_derivado;;interna;horaria_agregada;media
2025-05-07;108.66666666666667;24;True;0;2463;nivel;Epagri;;;2;False;diaria;e3e929a1cfadc553_diario_derivado;;interna;horaria_agregada;media
2025-05-08;108.20833333333333;24;True;0;2463;nivel;Epagri;;;2;False;diaria;e3e929a1cfadc553_diario_derivado;;interna;horaria_agregada;media
2025-05-09;117.5;24;True;0;2463;nivel;Epagri;;;2;False;diaria;e3e929a1cfadc553_diario_derivado;;interna;horaria_agregada;media
2025-05-10;138.91666666666666;24;True;0;2463;nivel;Epagri;;;2;False;diaria;e3e929a1cfadc553_diario_derivado;;interna;horaria_agregada;media
2025-05-11;112.75;24;True;0;2463;nivel;Epagri;;;2;False;diaria;e3e929a1cfadc553_diario_derivado;;interna;horaria_agregada;media
2025-05-12;110.0;24;True;0;2463;nivel;Epagri;;;2;False;diaria;e3e929a1cfadc553_diario_derivado;;interna;horaria_agregada;media
2025-05-13;110.875;24;True;0;2463;nivel;Epagri;;;2;False;diaria;e3e929a1cfadc553_diario_derivado;;interna;horaria_agregada;media
2025-05-14;147.875;24;True;0;2463;nivel;Epagri;;;2;False;diaria;e3e929a1cfadc553_diario_derivado;;interna;horaria_agregada;media
2025-05-15;119.08333333333333;24;True;0;2463;nivel;Epagri;;;2;False;diaria;e3e929a1cfadc553_diario_derivado;;interna;horaria_agregada;media
2025-05-16;113.66666666666667;24;True;0;2463;nivel;Epagri;;;2;False;diaria;e3e929a1cfadc553_diario_derivado;;interna;horaria_agregada;media
2025-05-17;112.5;24;True;0;2463;nivel;Epagri;;;2;False;diaria;e3e929a1cfadc553_diario_derivado;;interna;horaria_agregada;media
2025-05-18;110.95833333333333;24;True;0;2463;nivel;Epagri;;;2;False;diaria;e3e929a1cfadc553_diario_derivado;;interna;horaria_agregada;media
2025-05-19;110.0;24;True;0;2463;nivel;Epagri;;;2;False;diaria;e3e929a1cfadc553_diario_derivado;;interna;horaria_agregada;media
2025-05-20;110.0;24;True;0;2463;nivel;Epagri;;;2;False;diaria;e3e929a1cfadc553_diario_derivado;;interna;horaria_agregada;media
2025-05-21;110.79166666666667;24;True;0;2463;nivel;Epagri;;;2;False;diaria;e3e929a1cfadc553_diario_derivado;;interna;horaria_agregada;media
2025-05-22;119.0;24;True;0;2463;nivel;Epagri;;;2;False;diaria;e3e929a1cfadc553_diario_derivado;;interna;horaria_agregada;media
2025-05-23;125.58333333333333;24;True;0;2463;nivel;Epagri;;;2;False;diaria;e3e929a1cfadc553_diario_derivado;;interna;horaria_agregada;media
2025-05-24;121.75;24;True;0;2463;nivel;Epagri;;;2;False;diaria;e3e929a1cfadc553_diario_derivado;;interna;horaria_agregada;media
2025-05-25;163.0;24;True;0;2463;nivel;Epagri;;;2;False;diaria;e3e929a1cfadc553_diario_derivado;;interna;horaria_agregada;media
2025-05-26;126.33333333333333;24;True;0;2463;nivel;Epagri;;;2;False;diaria;e3e929a1cfadc553_diario_derivado;;interna;horaria_agregada;media
2025-05-27;118.25;24;True;0;2463;nivel;Epagri;;;2;False;diaria;e3e929a1cfadc553_diario_derivado;;interna;horaria_agregada;media
2025-05-28;115.41666666666667;24;True;0;2463;nivel;Epagri;;;2;False;diaria;e3e929a1cfadc553_diario_derivado;;interna;horaria_agregada;media
2025-05-29;113.08333333333333;24;True;0;2463;nivel;Epagri;;;2;False;diaria;e3e929a1cfadc553_diario_derivado;;interna;horaria_agregada;media
2025-05-30;111.08333333333333;24;True;0;2463;nivel;Epagri;;;2;False;diaria;e3e929a1cfadc553_diario_derivado;;interna;horaria_agregada;media
2025-05-31;110.41666666666667;24;True;0;2463;nivel;Epagri;;;2;False;diaria;e3e929a1cfadc553_diario_derivado;;interna;horaria_agregada;media
2025-06-01;110.0;24;True;0;2463;nivel;Epagri;;;2;False;diaria;e3e929a1cfadc553_diario_derivado;;interna;horaria_agregada;media
2025-06-02;109.08333333333333;24;True;0;2463;nivel;Epagri;;;2;False;diaria;e3e929a1cfadc553_diario_derivado;;interna;horaria_agregada;media
2025-06-03;109.5;24;True;0;2463;nivel;Epagri;;;2;False;diaria;e3e929a1cfadc553_diario_derivado;;interna;horaria_agregada;media
2025-06-04;109.04166666666667;24;True;0;2463;nivel;Epagri;;;2;False;diaria;e3e929a1cfadc553_diario_derivado;;interna;horaria_agregada;media
2025-06-05;114.83333333333333;24;True;0;2463;nivel;Epagri;;;2;False;diaria;e3e929a1cfadc553_diario_derivado;;interna;horaria_agregada;media
2025-06-06;113.33333333333333;24;True;0;2463;nivel;Epagri;;;2;False;diaria;e3e929a1cfadc553_diario_derivado;;interna;horaria_agregada;media
2025-06-07;110.29166666666667;24;True;0;2463;nivel;Epagri;;;2;False;diaria;e3e929a1cfadc553_diario_derivado;;interna;horaria_agregada;media
2025-06-08;114.125;24;True;0;2463;nivel;Epagri;;;2;False;diaria;e3e929a1cfadc553_diario_derivado;;interna;horaria_agregada;media
2025-06-09;113.875;24;True;0;2463;nivel;Epagri;;;2;False;diaria;e3e929a1cfadc553_diario_derivado;;interna;horaria_agregada;media
2025-06-10;110.04166666666667;24;True;0;2463;nivel;Epagri;;;2;False;diaria;e3e929a1cfadc553_diario_derivado;;interna;horaria_agregada;media
2025-06-11;108.25;24;True;0;2463;nivel;Epagri;;;2;False;diaria;e3e929a1cfadc553_diario_derivado;;interna;horaria_agregada;media
2025-06-12;107.20833333333333;24;True;0;2463;nivel;Epagri;;;2;False;diaria;e3e929a1cfadc553_diario_derivado;;interna;horaria_agregada;media
2025-06-13;107.29166666666667;24;True;0;2463;nivel;Epagri;;;2;False;diaria;e3e929a1cfadc553_diario_derivado;;interna;horaria_agregada;media
2025-06-14;125.29166666666667;24;True;0;2463;nivel;Epagri;;;2;False;diaria;e3e929a1cfadc553_diario_derivado;;interna;horaria_agregada;media
2025-06-15;126.5;24;True;0;2463;nivel;Epagri;;;2;False;diaria;e3e929a1cfadc553_diario_derivado;;interna;horaria_agregada;media
2025-06-16;117.875;24;True;0;2463;nivel;Epagri;;;2;False;diaria;e3e929a1cfadc553_diario_derivado;;interna;horaria_agregada;media
2025-06-17;111.875;24;True;0;2463;nivel;Epagri;;;2;False;diaria;e3e929a1cfadc553_diario_derivado;;interna;horaria_agregada;media
2025-06-18;110.125;24;True;0;2463;nivel;Epagri;;;2;False;diaria;e3e929a1cfadc553_diario_derivado;;interna;horaria_agregada;media
2025-06-19;;23;False;0;2463;nivel;Epagri;;;2;False;diaria;e3e929a1cfadc553_diario_derivado;;interna;horaria_agregada;media
2025-06-20;115.66666666666667;24;True;0;2463;nivel;Epagri;;;2;False;diaria;e3e929a1cfadc553_diario_derivado;;interna;horaria_agregada;media
2025-06-21;114.16666666666667;24;True;0;2463;nivel;Epagri;;;2;False;diaria;e3e929a1cfadc553_diario_derivado;;interna;horaria_agregada;media
2025-06-22;110.375;24;True;0;2463;nivel;Epagri;;;2;False;diaria;e3e929a1cfadc553_diario_derivado;;interna;horaria_agregada;media
2025-06-23;168.0;24;True;0;2463;nivel;Epagri;;;2;False;diaria;e3e929a1cfadc553_diario_derivado;;interna;horaria_agregada;media
2025-06-24;124.70833333333333;24;True;0;2463;nivel;Epagri;;;2;False;diaria;e3e929a1cfadc553_diario_derivado;;interna;horaria_agregada;media
2025-06-25;115.54166666666667;24;True;0;2463;nivel;Epagri;;;2;False;diaria;e3e929a1cfadc553_diario_derivado;;interna;horaria_agregada;media
2025-06-26;138.875;24;True;0;2463;nivel;Epagri;;;2;False;diaria;e3e929a1cfadc553_diario_derivado;;interna;horaria_agregada;media
2025-06-27;143.45833333333334;24;True;0;2463;nivel;Epagri;;;2;False;diaria;e3e929a1cfadc553_diario_derivado;;interna;horaria_agregada;media
2025-06-28;134.08333333333334;24;True;0;2463;nivel;Epagri;;;2;False;diaria;e3e929a1cfadc553_diario_derivado;;interna;horaria_agregada;media
2025-06-29;164.125;24;True;0;2463;nivel;Epagri;;;2;False;diaria;e3e929a1cfadc553_diario_derivado;;interna;horaria_agregada;media
2025-06-30;;22;False;0;2463;nivel;Epagri;;;2;False;diaria;e3e929a1cfadc553_diario_derivado;;interna;horaria_agregada;media
2025-07-01;126.66666666666667;24;True;0;2463;nivel;Epagri;;;2;False;diaria;e3e929a1cfadc553_diario_derivado;;interna;horaria_agregada;media
2025-07-02;121.375;24;True;0;2463;nivel;Epagri;;;2;False;diaria;e3e929a1cfadc553_diario_derivado;;interna;horaria_agregada;media
2025-07-03;118.54166666666667;24;True;0;2463;nivel;Epagri;;;2;False;diaria;e3e929a1cfadc553_diario_derivado;;interna;horaria_agregada;media
2025-07-04;117.41666666666667;24;True;0;2463;nivel;Epagri;;;2;False;diaria;e3e929a1cfadc553_diario_derivado;;interna;horaria_agregada;media
2025-07-05;118.41666666666667;24;True;0;2463;nivel;Epagri;;;2;False;diaria;e3e929a1cfadc553_diario_derivado;;interna;horaria_agregada;media
2025-07-06;115.29166666666667;24;True;0;2463;nivel;Epagri;;;2;False;diaria;e3e929a1cfadc553_diario_derivado;;interna;horaria_agregada;media
2025-07-07;113.83333333333333;24;True;0;2463;nivel;Epagri;;;2;False;diaria;e3e929a1cfadc553_diario_derivado;;interna;horaria_agregada;media
2025-07-08;112.75;24;True;0;2463;nivel;Epagri;;;2;False;diaria;e3e929a1cfadc553_diario_derivado;;interna;horaria_agregada;media
2025-07-09;111.875;24;True;0;2463;nivel;Epagri;;;2;False;diaria;e3e929a1cfadc553_diario_derivado;;interna;horaria_agregada;media
2025-07-10;111.0;24;True;0;2463;nivel;Epagri;;;2;False;diaria;e3e929a1cfadc553_diario_derivado;;interna;horaria_agregada;media
2025-07-11;111.0;24;True;0;2463;nivel;Epagri;;;2;False;diaria;e3e929a1cfadc553_diario_derivado;;interna;horaria_agregada;media
2025-07-12;110.08333333333333;24;True;0;2463;nivel;Epagri;;;2;False;diaria;e3e929a1cfadc553_diario_derivado;;interna;horaria_agregada;media
2025-07-13;109.95833333333333;24;True;0;2463;nivel;Epagri;;;2;False;diaria;e3e929a1cfadc553_diario_derivado;;interna;horaria_agregada;media
2025-07-14;109.04166666666667;24;True;0;2463;nivel;Epagri;;;2;False;diaria;e3e929a1cfadc553_diario_derivado;;interna;horaria_agregada;media
2025-07-15;109.0;24;True;0;2463;nivel;Epagri;;;2;False;diaria;e3e929a1cfadc553_diario_derivado;;interna;horaria_agregada;media
2025-07-16;108.45833333333333;24;True;0;2463;nivel;Epagri;;;2;False;diaria;e3e929a1cfadc553_diario_derivado;;interna;horaria_agregada;media
2025-07-17;108.0;24;True;0;2463;nivel;Epagri;;;2;False;diaria;e3e929a1cfadc553_diario_derivado;;interna;horaria_agregada;media
2025-07-18;107.79166666666667;24;True;0;2463;nivel;Epagri;;;2;False;diaria;e3e929a1cfadc553_diario_derivado;;interna;horaria_agregada;media
2025-07-19;;23;False;0;2463;nivel;Epagri;;;2;False;diaria;e3e929a1cfadc553_diario_derivado;;interna;horaria_agregada;media
2025-07-20;107.0;24;True;0;2463;nivel;Epagri;;;2;False;diaria;e3e929a1cfadc553_diario_derivado;;interna;horaria_agregada;media
2025-07-21;106.16666666666667;24;True;0;2463;nivel;Epagri;;;2;False;diaria;e3e929a1cfadc553_diario_derivado;;interna;horaria_agregada;media
2025-07-22;106.0;24;True;0;2463;nivel;Epagri;;;2;False;diaria;e3e929a1cfadc553_diario_derivado;;interna;horaria_agregada;media
2025-07-23;106.0;24;True;0;2463;nivel;Epagri;;;2;False;diaria;e3e929a1cfadc553_diario_derivado;;interna;horaria_agregada;media
2025-07-24;106.08333333333333;24;True;0;2463;nivel;Epagri;;;2;False;diaria;e3e929a1cfadc553_diario_derivado;;interna;horaria_agregada;media
2025-07-25;113.0;24;True;0;2463;nivel;Epagri;;;2;False;diaria;e3e929a1cfadc553_diario_derivado;;interna;horaria_agregada;media
2025-07-26;115.29166666666667;24;True;0;2463;nivel;Epagri;;;2;False;diaria;e3e929a1cfadc553_diario_derivado;;interna;horaria_agregada;media
2025-07-27;109.375;24;True;0;2463;nivel;Epagri;;;2;False;diaria;e3e929a1cfadc553_diario_derivado;;interna;horaria_agregada;media
2025-07-28;125.70833333333333;24;True;0;2463;nivel;Epagri;;;2;False;diaria;e3e929a1cfadc553_diario_derivado;;interna;horaria_agregada;media
2025-07-29;110.33333333333333;24;True;0;2463;nivel;Epagri;;;2;False;diaria;e3e929a1cfadc553_diario_derivado;;interna;horaria_agregada;media
2025-07-30;106.91666666666667;24;True;0;2463;nivel;Epagri;;;2;False;diaria;e3e929a1cfadc553_diario_derivado;;interna;horaria_agregada;media
2025-07-31;106.0;24;True;0;2463;nivel;Epagri;;;2;False;diaria;e3e929a1cfadc553_diario_derivado;;interna;horaria_agregada;media
2025-08-01;;20;False;0;2463;nivel;Epagri;;;2;False;diaria;e3e929a1cfadc553_diario_derivado;;interna;horaria_agregada;media
2025-08-02;;17;False;0;2463;nivel;Epagri;;;2;False;diaria;e3e929a1cfadc553_diario_derivado;;interna;horaria_agregada;media
2025-08-03;105.41666666666667;24;True;0;2463;nivel;Epagri;;;2;False;diaria;e3e929a1cfadc553_diario_derivado;;interna;horaria_agregada;media
2025-08-04;106.0;24;True;0;2463;nivel;Epagri;;;2;False;diaria;e3e929a1cfadc553_diario_derivado;;interna;horaria_agregada;media
2025-08-05;140.375;24;True;0;2463;nivel;Epagri;;;2;False;diaria;e3e929a1cfadc553_diario_derivado;;interna;horaria_agregada;media
2025-08-06;122.08333333333333;24;True;0;2463;nivel;Epagri;;;2;False;diaria;e3e929a1cfadc553_diario_derivado;;interna;horaria_agregada;media
2025-08-07;113.91666666666667;24;True;0;2463;nivel;Epagri;;;2;False;diaria;e3e929a1cfadc553_diario_derivado;;interna;horaria_agregada;media
2025-08-08;127.0;24;True;0;2463;nivel;Epagri;;;2;False;diaria;e3e929a1cfadc553_diario_derivado;;interna;horaria_agregada;media
2025-08-09;126.45833333333333;24;True;0;2463;nivel;Epagri;;;2;False;diaria;e3e929a1cfadc553_diario_derivado;;interna;horaria_agregada;media
2025-08-10;113.70833333333333;24;True;0;2463;nivel;Epagri;;;2;False;diaria;e3e929a1cfadc553_diario_derivado;;interna;horaria_agregada;media
2025-08-11;110.16666666666667;24;True;0;2463;nivel;Epagri;;;2;False;diaria;e3e929a1cfadc553_diario_derivado;;interna;horaria_agregada;media
2025-08-12;108.66666666666667;24;True;0;2463;nivel;Epagri;;;2;False;diaria;e3e929a1cfadc553_diario_derivado;;interna;horaria_agregada;media
2025-08-13;107.79166666666667;24;True;0;2463;nivel;Epagri;;;2;False;diaria;e3e929a1cfadc553_diario_derivado;;interna;horaria_agregada;media
2025-08-14;107.0;24;True;0;2463;nivel;Epagri;;;2;False;diaria;e3e929a1cfadc553_diario_derivado;;interna;horaria_agregada;media
2025-08-15;106.16666666666667;24;True;0;2463;nivel;Epagri;;;2;False;diaria;e3e929a1cfadc553_diario_derivado;;interna;horaria_agregada;media
2025-08-16;111.375;24;True;0;2463;nivel;Epagri;;;2;False;diaria;e3e929a1cfadc553_diario_derivado;;interna;horaria_agregada;media
2025-08-17;113.45833333333333;24;True;0;2463;nivel;Epagri;;;2;False;diaria;e3e929a1cfadc553_diario_derivado;;interna;horaria_agregada;media
2025-08-18;109.04166666666667;24;True;0;2463;nivel;Epagri;;;2;False;diaria;e3e929a1cfadc553_diario_derivado;;interna;horaria_agregada;media
2025-08-19;107.29166666666667;24;True;0;2463;nivel;Epagri;;;2;False;diaria;e3e929a1cfadc553_diario_derivado;;interna;horaria_agregada;media
2025-08-20;133.375;24;True;0;2463;nivel;Epagri;;;2;False;diaria;e3e929a1cfadc553_diario_derivado;;interna;horaria_agregada;media
2025-08-21;118.0;24;True;0;2463;nivel;Epagri;;;2;False;diaria;e3e929a1cfadc553_diario_derivado;;interna;horaria_agregada;media
2025-08-22;110.95833333333333;24;True;0;2463;nivel;Epagri;;;2;False;diaria;e3e929a1cfadc553_diario_derivado;;interna;horaria_agregada;media
2025-08-23;108.91666666666667;24;True;0;2463;nivel;Epagri;;;2;False;diaria;e3e929a1cfadc553_diario_derivado;;interna;horaria_agregada;media
2025-08-24;125.25;24;True;0;2463;nivel;Epagri;;;2;False;diaria;e3e929a1cfadc553_diario_derivado;;interna;horaria_agregada;media
2025-08-25;145.29166666666666;24;True;0;2463;nivel;Epagri;;;2;False;diaria;e3e929a1cfadc553_diario_derivado;;interna;horaria_agregada;media
2025-08-26;;22;False;0;2463;nivel;Epagri;;;2;False;diaria;e3e929a1cfadc553_diario_derivado;;interna;horaria_agregada;media
2025-08-27;;17;False;0;2463;nivel;Epagri;;;2;False;diaria;e3e929a1cfadc553_diario_derivado;;interna;horaria_agregada;media
2025-08-28;133.0;24;True;0;2463;nivel;Epagri;;;2;False;diaria;e3e929a1cfadc553_diario_derivado;;interna;horaria_agregada;media
2025-08-29;121.25;24;True;0;2463;nivel;Epagri;;;2;False;diaria;e3e929a1cfadc553_diario_derivado;;interna;horaria_agregada;media
2025-08-30;117.33333333333333;24;True;0;2463;nivel;Epagri;;;2;False;diaria;e3e929a1cfadc553_diario_derivado;;interna;horaria_agregada;media
2025-08-31;124.58333333333333;24;True;0;2463;nivel;Epagri;;;2;False;diaria;e3e929a1cfadc553_diario_derivado;;interna;horaria_agregada;media
2025-09-01;255.66666666666666;24;True;0;2463;nivel;Epagri;;;2;False;diaria;e3e929a1cfadc553_diario_derivado;;interna;horaria_agregada;media
2025-09-02;259.5833333333333;24;True;0;2463;nivel;Epagri;;;2;False;diaria;e3e929a1cfadc553_diario_derivado;;interna;horaria_agregada;media
2025-09-03;199.0;24;True;0;2463;nivel;Epagri;;;2;False;diaria;e3e929a1cfadc553_diario_derivado;;interna;horaria_agregada;media
2025-09-04;156.0;24;True;0;2463;nivel;Epagri;;;2;False;diaria;e3e929a1cfadc553_diario_derivado;;interna;horaria_agregada;media
2025-09-05;145.375;24;True;0;2463;nivel;Epagri;;;2;False;diaria;e3e929a1cfadc553_diario_derivado;;interna;horaria_agregada;media
2025-09-06;152.04166666666666;24;True;0;2463;nivel;Epagri;;;2;False;diaria;e3e929a1cfadc553_diario_derivado;;interna;horaria_agregada;media
2025-09-07;135.04166666666666;24;True;0;2463;nivel;Epagri;;;2;False;diaria;e3e929a1cfadc553_diario_derivado;;interna;horaria_agregada;media
2025-09-08;179.75;24;True;0;2463;nivel;Epagri;;;2;False;diaria;e3e929a1cfadc553_diario_derivado;;interna;horaria_agregada;media
2025-09-09;201.79166666666666;24;True;0;2463;nivel;Epagri;;;2;False;diaria;e3e929a1cfadc553_diario_derivado;;interna;horaria_agregada;media
2025-09-10;150.0;24;True;0;2463;nivel;Epagri;;;2;False;diaria;e3e929a1cfadc553_diario_derivado;;interna;horaria_agregada;media
2025-09-11;139.625;24;True;0;2463;nivel;Epagri;;;2;False;diaria;e3e929a1cfadc553_diario_derivado;;interna;horaria_agregada;media
2025-09-12;133.66666666666666;24;True;0;2463;nivel;Epagri;;;2;False;diaria;e3e929a1cfadc553_diario_derivado;;interna;horaria_agregada;media
2025-09-13;129.5;24;True;0;2463;nivel;Epagri;;;2;False;diaria;e3e929a1cfadc553_diario_derivado;;interna;horaria_agregada;media
2025-09-14;126.75;24;True;0;2463;nivel;Epagri;;;2;False;diaria;e3e929a1cfadc553_diario_derivado;;interna;horaria_agregada;media
2025-09-15;124.625;24;True;0;2463;nivel;Epagri;;;2;False;diaria;e3e929a1cfadc553_diario_derivado;;interna;horaria_agregada;media
2025-09-16;125.0;24;True;0;2463;nivel;Epagri;;;2;False;diaria;e3e929a1cfadc553_diario_derivado;;interna;horaria_agregada;media
2025-09-17;123.70833333333333;24;True;0;2463;nivel;Epagri;;;2;False;diaria;e3e929a1cfadc553_diario_derivado;;interna;horaria_agregada;media
2025-09-18;126.79166666666667;24;True;0;2463;nivel;Epagri;;;2;False;diaria;e3e929a1cfadc553_diario_derivado;;interna;horaria_agregada;media
2025-09-19;126.45833333333333;24;True;0;2463;nivel;Epagri;;;2;False;diaria;e3e929a1cfadc553_diario_derivado;;interna;horaria_agregada;media
2025-09-20;121.54166666666667;24;True;0;2463;nivel;Epagri;;;2;False;diaria;e3e929a1cfadc553_diario_derivado;;interna;horaria_agregada;media
2025-09-21;135.66666666666666;24;True;0;2463;nivel;Epagri;;;2;False;diaria;e3e929a1cfadc553_diario_derivado;;interna;horaria_agregada;media
2025-09-22;154.66666666666666;24;True;0;2463;nivel;Epagri;;;2;False;diaria;e3e929a1cfadc553_diario_derivado;;interna;horaria_agregada;media
2025-09-23;133.83333333333334;24;True;0;2463;nivel;Epagri;;;2;False;diaria;e3e929a1cfadc553_diario_derivado;;interna;horaria_agregada;media
2025-09-24;123.25;24;True;0;2463;nivel;Epagri;;;2;False;diaria;e3e929a1cfadc553_diario_derivado;;interna;horaria_agregada;media
2025-09-25;120.83333333333333;24;True;0;2463;nivel;Epagri;;;2;False;diaria;e3e929a1cfadc553_diario_derivado;;interna;horaria_agregada;media
2025-09-26;119.20833333333333;24;True;0;2463;nivel;Epagri;;;2;False;diaria;e3e929a1cfadc553_diario_derivado;;interna;horaria_agregada;media
2025-09-27;118.0;24;True;0;2463;nivel;Epagri;;;2;False;diaria;e3e929a1cfadc553_diario_derivado;;interna;horaria_agregada;media
2025-09-28;124.79166666666667;24;True;0;2463;nivel;Epagri;;;2;False;diaria;e3e929a1cfadc553_diario_derivado;;interna;horaria_agregada;media
2025-09-29;121.66666666666667;24;True;0;2463;nivel;Epagri;;;2;False;diaria;e3e929a1cfadc553_diario_derivado;;interna;horaria_agregada;media
2025-09-30;118.0;24;True;0;2463;nivel;Epagri;;;2;False;diaria;e3e929a1cfadc553_diario_derivado;;interna;horaria_agregada;media
2025-10-01;126.70833333333333;24;True;0;2463;nivel;Epagri;;;2;False;diaria;e3e929a1cfadc553_diario_derivado;;interna;horaria_agregada;media
2025-10-02;123.16666666666667;24;True;0;2463;nivel;Epagri;;;2;False;diaria;e3e929a1cfadc553_diario_derivado;;interna;horaria_agregada;media
2025-10-03;223.58333333333334;24;True;0;2463;nivel;Epagri;;;2;False;diaria;e3e929a1cfadc553_diario_derivado;;interna;horaria_agregada;media
2025-10-04;253.95833333333334;24;True;0;2463;nivel;Epagri;;;2;False;diaria;e3e929a1cfadc553_diario_derivado;;interna;horaria_agregada;media
2025-10-05;155.75;24;True;0;2463;nivel;Epagri;;;2;False;diaria;e3e929a1cfadc553_diario_derivado;;interna;horaria_agregada;media
2025-10-06;142.70833333333334;24;True;0;2463;nivel;Epagri;;;2;False;diaria;e3e929a1cfadc553_diario_derivado;;interna;horaria_agregada;media
2025-10-07;136.08333333333334;24;True;0;2463;nivel;Epagri;;;2;False;diaria;e3e929a1cfadc553_diario_derivado;;interna;horaria_agregada;media
2025-10-08;131.125;24;True;0;2463;nivel;Epagri;;;2;False;diaria;e3e929a1cfadc553_diario_derivado;;interna;horaria_agregada;media
2025-10-09;140.08333333333334;24;True;0;2463;nivel;Epagri;;;2;False;diaria;e3e929a1cfadc553_diario_derivado;;interna;horaria_agregada;media
2025-10-10;161.83333333333334;24;True;0;2463;nivel;Epagri;;;2;False;diaria;e3e929a1cfadc553_diario_derivado;;interna;horaria_agregada;media
2025-10-11;157.5;24;True;0;2463;nivel;Epagri;;;2;False;diaria;e3e929a1cfadc553_diario_derivado;;interna;horaria_agregada;media
2025-10-12;154.25;24;True;0;2463;nivel;Epagri;;;2;False;diaria;e3e929a1cfadc553_diario_derivado;;interna;horaria_agregada;media
2025-10-13;145.125;24;True;0;2463;nivel;Epagri;;;2;False;diaria;e3e929a1cfadc553_diario_derivado;;interna;horaria_agregada;media
2025-10-14;134.45833333333334;24;True;0;2463;nivel;Epagri;;;2;False;diaria;e3e929a1cfadc553_diario_derivado;;interna;horaria_agregada;media
2025-10-15;130.45833333333334;24;True;0;2463;nivel;Epagri;;;2;False;diaria;e3e929a1cfadc553_diario_derivado;;interna;horaria_agregada;media
2025-10-16;127.95833333333333;24;True;0;2463;nivel;Epagri;;;2;False;diaria;e3e929a1cfadc553_diario_derivado;;interna;horaria_agregada;media
2025-10-17;126.875;24;True;0;2463;nivel;Epagri;;;2;False;diaria;e3e929a1cfadc553_diario_derivado;;interna;horaria_agregada;media
2025-10-18;145.5;24;True;0;2463;nivel;Epagri;;;2;False;diaria;e3e929a1cfadc553_diario_derivado;;interna;horaria_agregada;media
2025-10-19;136.58333333333334;24;True;0;2463;nivel;Epagri;;;2;False;diaria;e3e929a1cfadc553_diario_derivado;;interna;horaria_agregada;media
2025-10-20;128.54166666666666;24;True;0;2463;nivel;Epagri;;;2;False;diaria;e3e929a1cfadc553_diario_derivado;;interna;horaria_agregada;media
2025-10-21;125.29166666666667;24;True;0;2463;nivel;Epagri;;;2;False;diaria;e3e929a1cfadc553_diario_derivado;;interna;horaria_agregada;media
2025-10-22;125.75;24;True;0;2463;nivel;Epagri;;;2;False;diaria;e3e929a1cfadc553_diario_derivado;;interna;horaria_agregada;media
2025-10-23;123.95833333333333;24;True;0;2463;nivel;Epagri;;;2;False;diaria;e3e929a1cfadc553_diario_derivado;;interna;horaria_agregada;media
2025-10-24;128.58333333333334;24;True;0;2463;nivel;Epagri;;;2;False;diaria;e3e929a1cfadc553_diario_derivado;;interna;horaria_agregada;media
2025-10-25;126.20833333333333;24;True;0;2463;nivel;Epagri;;;2;False;diaria;e3e929a1cfadc553_diario_derivado;;interna;horaria_agregada;media
2025-10-26;123.16666666666667;24;True;0;2463;nivel;Epagri;;;2;False;diaria;e3e929a1cfadc553_diario_derivado;;interna;horaria_agregada;media
2025-10-27;140.625;24;True;0;2463;nivel;Epagri;;;2;False;diaria;e3e929a1cfadc553_diario_derivado;;interna;horaria_agregada;media
2025-10-28;133.0;24;True;0;2463;nivel;Epagri;;;2;False;diaria;e3e929a1cfadc553_diario_derivado;;interna;horaria_agregada;media
2025-10-29;220.5;24;True;0;2463;nivel;Epagri;;;2;False;diaria;e3e929a1cfadc553_diario_derivado;;interna;horaria_agregada;media
2025-10-30;156.0;24;True;0;2463;nivel;Epagri;;;2;False;diaria;e3e929a1cfadc553_diario_derivado;;interna;horaria_agregada;media
2025-10-31;139.29166666666666;24;True;0;2463;nivel;Epagri;;;2;False;diaria;e3e929a1cfadc553_diario_derivado;;interna;horaria_agregada;media
2025-11-01;140.45833333333334;24;True;0;2463;nivel;Epagri;;;2;False;diaria;e3e929a1cfadc553_diario_derivado;;interna;horaria_agregada;media
2025-11-02;134.0;24;True;0;2463;nivel;Epagri;;;2;False;diaria;e3e929a1cfadc553_diario_derivado;;interna;horaria_agregada;media
2025-11-03;136.375;24;True;0;2463;nivel;Epagri;;;2;False;diaria;e3e929a1cfadc553_diario_derivado;;interna;horaria_agregada;media
2025-11-04;134.16666666666666;24;True;0;2463;nivel;Epagri;;;2;False;diaria;e3e929a1cfadc553_diario_derivado;;interna;horaria_agregada;media
2025-11-05;128.375;24;True;0;2463;nivel;Epagri;;;2;False;diaria;e3e929a1cfadc553_diario_derivado;;interna;horaria_agregada;media
2025-11-06;125.125;24;True;0;2463;nivel;Epagri;;;2;False;diaria;e3e929a1cfadc553_diario_derivado;;interna;horaria_agregada;media
2025-11-07;150.54166666666666;24;True;0;2463;nivel;Epagri;;;2;False;diaria;e3e929a1cfadc553_diario_derivado;;interna;horaria_agregada;media
2025-11-08;211.29166666666666;24;True;0;2463;nivel;Epagri;;;2;False;diaria;e3e929a1cfadc553_diario_derivado;;interna;horaria_agregada;media
2025-11-09;153.70833333333334;24;True;0;2463;nivel;Epagri;;;2;False;diaria;e3e929a1cfadc553_diario_derivado;;interna;horaria_agregada;media
2025-11-10;139.91666666666666;24;True;0;2463;nivel;Epagri;;;2;False;diaria;e3e929a1cfadc553_diario_derivado;;interna;horaria_agregada;media
2025-11-11;133.91666666666666;24;True;0;2463;nivel;Epagri;;;2;False;diaria;e3e929a1cfadc553_diario_derivado;;interna;horaria_agregada;media
2025-11-12;130.83333333333334;24;True;0;2463;nivel;Epagri;;;2;False;diaria;e3e929a1cfadc553_diario_derivado;;interna;horaria_agregada;media
2025-11-13;128.79166666666666;24;True;0;2463;nivel;Epagri;;;2;False;diaria;e3e929a1cfadc553_diario_derivado;;interna;horaria_agregada;media
2025-11-14;126.70833333333333;24;True;0;2463;nivel;Epagri;;;2;False;diaria;e3e929a1cfadc553_diario_derivado;;interna;horaria_agregada;media
2025-11-15;125.16666666666667;24;True;0;2463;nivel;Epagri;;;2;False;diaria;e3e929a1cfadc553_diario_derivado;;interna;horaria_agregada;media
2025-11-16;123.95833333333333;24;True;0;2463;nivel;Epagri;;;2;False;diaria;e3e929a1cfadc553_diario_derivado;;interna;horaria_agregada;media
2025-11-17;124.83333333333333;24;True;0;2463;nivel;Epagri;;;2;False;diaria;e3e929a1cfadc553_diario_derivado;;interna;horaria_agregada;media
2025-11-18;129.79166666666666;24;True;0;2463;nivel;Epagri;;;2;False;diaria;e3e929a1cfadc553_diario_derivado;;interna;horaria_agregada;media
2025-11-19;131.25;24;True;0;2463;nivel;Epagri;;;2;False;diaria;e3e929a1cfadc553_diario_derivado;;interna;horaria_agregada;media
2025-11-20;121.75;24;True;0;2463;nivel;Epagri;;;2;False;diaria;e3e929a1cfadc553_diario_derivado;;interna;horaria_agregada;media
2025-11-21;119.91666666666667;24;True;0;2463;nivel;Epagri;;;2;False;diaria;e3e929a1cfadc553_diario_derivado;;interna;horaria_agregada;media
2025-11-22;120.5;24;True;0;2463;nivel;Epagri;;;2;False;diaria;e3e929a1cfadc553_diario_derivado;;interna;horaria_agregada;media
2025-11-23;135.875;24;True;0;2463;nivel;Epagri;;;2;False;diaria;e3e929a1cfadc553_diario_derivado;;interna;horaria_agregada;media
2025-11-24;148.08333333333334;24;True;0;2463;nivel;Epagri;;;2;False;diaria;e3e929a1cfadc553_diario_derivado;;interna;horaria_agregada;media
2025-11-25;130.5;24;True;0;2463;nivel;Epagri;;;2;False;diaria;e3e929a1cfadc553_diario_derivado;;interna;horaria_agregada;media
2025-11-26;122.95833333333333;24;True;0;2463;nivel;Epagri;;;2;False;diaria;e3e929a1cfadc553_diario_derivado;;interna;horaria_agregada;media
2025-11-27;123.08333333333333;24;True;0;2463;nivel;Epagri;;;2;False;diaria;e3e929a1cfadc553_diario_derivado;;interna;horaria_agregada;media
2025-11-28;127.375;24;True;0;2463;nivel;Epagri;;;2;False;diaria;e3e929a1cfadc553_diario_derivado;;interna;horaria_agregada;media
2025-11-29;127.79166666666667;24;True;0;2463;nivel;Epagri;;;2;False;diaria;e3e929a1cfadc553_diario_derivado;;interna;horaria_agregada;media
2025-11-30;120.125;24;True;0;2463;nivel;Epagri;;;2;False;diaria;e3e929a1cfadc553_diario_derivado;;interna;horaria_agregada;media
2025-12-01;121.16666666666667;24;True;0;2463;nivel;Epagri;;;2;False;diaria;e3e929a1cfadc553_diario_derivado;;interna;horaria_agregada;media
2025-12-02;141.625;24;True;0;2463;nivel;Epagri;;;2;False;diaria;e3e929a1cfadc553_diario_derivado;;interna;horaria_agregada;media
2025-12-03;134.70833333333334;24;True;0;2463;nivel;Epagri;;;2;False;diaria;e3e929a1cfadc553_diario_derivado;;interna;horaria_agregada;media
2025-12-04;122.25;24;True;0;2463;nivel;Epagri;;;2;False;diaria;e3e929a1cfadc553_diario_derivado;;interna;horaria_agregada;media
2025-12-05;120.79166666666667;24;True;0;2463;nivel;Epagri;;;2;False;diaria;e3e929a1cfadc553_diario_derivado;;interna;horaria_agregada;media
2025-12-06;118.79166666666667;24;True;0;2463;nivel;Epagri;;;2;False;diaria;e3e929a1cfadc553_diario_derivado;;interna;horaria_agregada;media
2025-12-07;117.625;24;True;0;2463;nivel;Epagri;;;2;False;diaria;e3e929a1cfadc553_diario_derivado;;interna;horaria_agregada;media
2025-12-08;116.29166666666667;24;True;0;2463;nivel;Epagri;;;2;False;diaria;e3e929a1cfadc553_diario_derivado;;interna;horaria_agregada;media
2025-12-09;213.45833333333334;24;True;0;2463;nivel;Epagri;;;2;False;diaria;e3e929a1cfadc553_diario_derivado;;interna;horaria_agregada;media
2025-12-10;155.54166666666666;24;True;0;2463;nivel;Epagri;;;2;False;diaria;e3e929a1cfadc553_diario_derivado;;interna;horaria_agregada;media
2025-12-11;141.70833333333334;24;True;0;2463;nivel;Epagri;;;2;False;diaria;e3e929a1cfadc553_diario_derivado;;interna;horaria_agregada;media
2025-12-12;128.875;24;True;0;2463;nivel;Epagri;;;2;False;diaria;e3e929a1cfadc553_diario_derivado;;interna;horaria_agregada;media
2025-12-13;125.25;24;True;0;2463;nivel;Epagri;;;2;False;diaria;e3e929a1cfadc553_diario_derivado;;interna;horaria_agregada;media
2025-12-14;122.875;24;True;0;2463;nivel;Epagri;;;2;False;diaria;e3e929a1cfadc553_diario_derivado;;interna;horaria_agregada;media
2025-12-15;122.08333333333333;24;True;0;2463;nivel;Epagri;;;2;False;diaria;e3e929a1cfadc553_diario_derivado;;interna;horaria_agregada;media
2025-12-16;121.45833333333333;24;True;0;2463;nivel;Epagri;;;2;False;diaria;e3e929a1cfadc553_diario_derivado;;interna;horaria_agregada;media
2025-12-17;119.04166666666667;24;True;0;2463;nivel;Epagri;;;2;False;diaria;e3e929a1cfadc553_diario_derivado;;interna;horaria_agregada;media
2025-12-18;117.875;24;True;0;2463;nivel;Epagri;;;2;False;diaria;e3e929a1cfadc553_diario_derivado;;interna;horaria_agregada;media
2025-12-19;117.04166666666667;24;True;0;2463;nivel;Epagri;;;2;False;diaria;e3e929a1cfadc553_diario_derivado;;interna;horaria_agregada;media
2025-12-20;116.41666666666667;24;True;0;2463;nivel;Epagri;;;2;False;diaria;e3e929a1cfadc553_diario_derivado;;interna;horaria_agregada;media
2025-12-21;115.95833333333333;24;True;0;2463;nivel;Epagri;;;2;False;diaria;e3e929a1cfadc553_diario_derivado;;interna;horaria_agregada;media
2025-12-22;115.5;24;True;0;2463;nivel;Epagri;;;2;False;diaria;e3e929a1cfadc553_diario_derivado;;interna;horaria_agregada;media
2025-12-23;115.25;24;True;0;2463;nivel;Epagri;;;2;False;diaria;e3e929a1cfadc553_diario_derivado;;interna;horaria_agregada;media
2025-12-24;142.66666666666666;24;True;0;2463;nivel;Epagri;;;2;False;diaria;e3e929a1cfadc553_diario_derivado;;interna;horaria_agregada;media
2025-12-25;152.45833333333334;24;True;0;2463;nivel;Epagri;;;2;False;diaria;e3e929a1cfadc553_diario_derivado;;interna;horaria_agregada;media
2025-12-26;138.625;24;True;0;2463;nivel;Epagri;;;2;False;diaria;e3e929a1cfadc553_diario_derivado;;interna;horaria_agregada;media
2025-12-27;155.125;24;True;0;2463;nivel;Epagri;;;2;False;diaria;e3e929a1cfadc553_diario_derivado;;interna;horaria_agregada;media
2025-12-28;197.45833333333334;24;True;0;2463;nivel;Epagri;;;2;False;diaria;e3e929a1cfadc553_diario_derivado;;interna;horaria_agregada;media
2025-12-29;231.91666666666666;24;True;0;2463;nivel;Epagri;;;2;False;diaria;e3e929a1cfadc553_diario_derivado;;interna;horaria_agregada;media
2025-12-30;196.625;24;True;0;2463;nivel;Epagri;;;2;False;diaria;e3e929a1cfadc553_diario_derivado;;interna;horaria_agregada;media
2025-12-31;299.2083333333333;24;True;0;2463;nivel;Epagri;;;2;False;diaria;e3e929a1cfadc553_diario_derivado;;interna;horaria_agregada;media
2026-01-01;218.16666666666666;24;True;0;2463;nivel;Epagri;;;2;False;diaria;e3e929a1cfadc553_diario_derivado;;interna;horaria_agregada;media
2026-01-02;186.20833333333334;24;True;0;2463;nivel;Epagri;;;2;False;diaria;e3e929a1cfadc553_diario_derivado;;interna;horaria_agregada;media
2026-01-03;160.70833333333334;24;True;0;2463;nivel;Epagri;;;2;False;diaria;e3e929a1cfadc553_diario_derivado;;interna;horaria_agregada;media
2026-01-04;149.79166666666666;24;True;0;2463;nivel;Epagri;;;2;False;diaria;e3e929a1cfadc553_diario_derivado;;interna;horaria_agregada;media
2026-01-05;143.41666666666666;24;True;0;2463;nivel;Epagri;;;2;False;diaria;e3e929a1cfadc553_diario_derivado;;interna;horaria_agregada;media
2026-01-06;139.45833333333334;24;True;0;2463;nivel;Epagri;;;2;False;diaria;e3e929a1cfadc553_diario_derivado;;interna;horaria_agregada;media
2026-01-07;136.5;24;True;0;2463;nivel;Epagri;;;2;False;diaria;e3e929a1cfadc553_diario_derivado;;interna;horaria_agregada;media
2026-01-08;134.70833333333334;24;True;0;2463;nivel;Epagri;;;2;False;diaria;e3e929a1cfadc553_diario_derivado;;interna;horaria_agregada;media
2026-01-09;132.58333333333334;24;True;0;2463;nivel;Epagri;;;2;False;diaria;e3e929a1cfadc553_diario_derivado;;interna;horaria_agregada;media
2026-01-10;142.29166666666666;24;True;0;2463;nivel;Epagri;;;2;False;diaria;e3e929a1cfadc553_diario_derivado;;interna;horaria_agregada;media
2026-01-11;133.16666666666666;24;True;0;2463;nivel;Epagri;;;2;False;diaria;e3e929a1cfadc553_diario_derivado;;interna;horaria_agregada;media
2026-01-12;133.66666666666666;24;True;0;2463;nivel;Epagri;;;2;False;diaria;e3e929a1cfadc553_diario_derivado;;interna;horaria_agregada;media
2026-01-13;134.45833333333334;24;True;0;2463;nivel;Epagri;;;2;False;diaria;e3e929a1cfadc553_diario_derivado;;interna;horaria_agregada;media
2026-01-14;131.04166666666666;24;True;0;2463;nivel;Epagri;;;2;False;diaria;e3e929a1cfadc553_diario_derivado;;interna;horaria_agregada;media
2026-01-15;124.70833333333333;24;True;0;2463;nivel;Epagri;;;2;False;diaria;e3e929a1cfadc553_diario_derivado;;interna;horaria_agregada;media
2026-01-16;131.25;24;True;0;2463;nivel;Epagri;;;2;False;diaria;e3e929a1cfadc553_diario_derivado;;interna;horaria_agregada;media
2026-01-17;130.04166666666666;24;True;0;2463;nivel;Epagri;;;2;False;diaria;e3e929a1cfadc553_diario_derivado;;interna;horaria_agregada;media
2026-01-18;155.70833333333334;24;True;0;2463;nivel;Epagri;;;2;False;diaria;e3e929a1cfadc553_diario_derivado;;interna;horaria_agregada;media
2026-01-19;176.16666666666666;24;True;0;2463;nivel;Epagri;;;2;False;diaria;e3e929a1cfadc553_diario_derivado;;interna;horaria_agregada;media
2026-01-20;138.04166666666666;24;True;0;2463;nivel;Epagri;;;2;False;diaria;e3e929a1cfadc553_diario_derivado;;interna;horaria_agregada;media
2026-01-21;133.125;24;True;0;2463;nivel;Epagri;;;2;False;diaria;e3e929a1cfadc553_diario_derivado;;interna;horaria_agregada;media
2026-01-22;130.375;24;True;0;2463;nivel;Epagri;;;2;False;diaria;e3e929a1cfadc553_diario_derivado;;interna;horaria_agregada;media
2026-01-23;126.45833333333333;24;True;0;2463;nivel;Epagri;;;2;False;diaria;e3e929a1cfadc553_diario_derivado;;interna;horaria_agregada;media
2026-01-24;124.04166666666667;24;True;0;2463;nivel;Epagri;;;2;False;diaria;e3e929a1cfadc553_diario_derivado;;interna;horaria_agregada;media
2026-01-25;122.41666666666667;24;True;0;2463;nivel;Epagri;;;2;False;diaria;e3e929a1cfadc553_diario_derivado;;interna;horaria_agregada;media
2026-01-26;120.79166666666667;24;True;0;2463;nivel;Epagri;;;2;False;diaria;e3e929a1cfadc553_diario_derivado;;interna;horaria_agregada;media
2026-01-27;119.79166666666667;24;True;0;2463;nivel;Epagri;;;2;False;diaria;e3e929a1cfadc553_diario_derivado;;interna;horaria_agregada;media
2026-01-28;119.0;24;True;0;2463;nivel;Epagri;;;2;False;diaria;e3e929a1cfadc553_diario_derivado;;interna;horaria_agregada;media
2026-01-29;122.875;24;True;0;2463;nivel;Epagri;;;2;False;diaria;e3e929a1cfadc553_diario_derivado;;interna;horaria_agregada;media
2026-01-30;123.08333333333333;24;True;0;2463;nivel;Epagri;;;2;False;diaria;e3e929a1cfadc553_diario_derivado;;interna;horaria_agregada;media
2026-01-31;147.79166666666666;24;True;0;2463;nivel;Epagri;;;2;False;diaria;e3e929a1cfadc553_diario_derivado;;interna;horaria_agregada;media
2026-02-01;146.33333333333334;24;True;0;2463;nivel;Epagri;;;2;False;diaria;e3e929a1cfadc553_diario_derivado;;interna;horaria_agregada;media
2026-02-02;124.25;24;True;0;2463;nivel;Epagri;;;2;False;diaria;e3e929a1cfadc553_diario_derivado;;interna;horaria_agregada;media
2026-02-03;122.91666666666667;24;True;0;2463;nivel;Epagri;;;2;False;diaria;e3e929a1cfadc553_diario_derivado;;interna;horaria_agregada;media
2026-02-04;133.66666666666666;24;True;0;2463;nivel;Epagri;;;2;False;diaria;e3e929a1cfadc553_diario_derivado;;interna;horaria_agregada;media
2026-02-05;122.0;24;True;0;2463;nivel;Epagri;;;2;False;diaria;e3e929a1cfadc553_diario_derivado;;interna;horaria_agregada;media
2026-02-06;119.75;24;True;0;2463;nivel;Epagri;;;2;False;diaria;e3e929a1cfadc553_diario_derivado;;interna;horaria_agregada;media
2026-02-07;149.75;24;True;0;2463;nivel;Epagri;;;2;False;diaria;e3e929a1cfadc553_diario_derivado;;interna;horaria_agregada;media
2026-02-08;144.0;24;True;0;2463;nivel;Epagri;;;2;False;diaria;e3e929a1cfadc553_diario_derivado;;interna;horaria_agregada;media
2026-02-09;127.33333333333333;24;True;0;2463;nivel;Epagri;;;2;False;diaria;e3e929a1cfadc553_diario_derivado;;interna;horaria_agregada;media
2026-02-10;133.5;24;True;0;2463;nivel;Epagri;;;2;False;diaria;e3e929a1cfadc553_diario_derivado;;interna;horaria_agregada;media
2026-02-11;126.16666666666667;24;True;0;2463;nivel;Epagri;;;2;False;diaria;e3e929a1cfadc553_diario_derivado;;interna;horaria_agregada;media
2026-02-12;125.79166666666667;24;True;0;2463;nivel;Epagri;;;2;False;diaria;e3e929a1cfadc553_diario_derivado;;interna;horaria_agregada;media
2026-02-13;168.66666666666666;24;True;0;2463;nivel;Epagri;;;2;False;diaria;e3e929a1cfadc553_diario_derivado;;interna;horaria_agregada;media
2026-02-14;159.54166666666666;24;True;0;2463;nivel;Epagri;;;2;False;diaria;e3e929a1cfadc553_diario_derivado;;interna;horaria_agregada;media
2026-02-15;177.375;24;True;0;2463;nivel;Epagri;;;2;False;diaria;e3e929a1cfadc553_diario_derivado;;interna;horaria_agregada;media
2026-02-16;144.20833333333334;24;True;0;2463;nivel;Epagri;;;2;False;diaria;e3e929a1cfadc553_diario_derivado;;interna;horaria_agregada;media
2026-02-17;142.5;24;True;0;2463;nivel;Epagri;;;2;False;diaria;e3e929a1cfadc553_diario_derivado;;interna;horaria_agregada;media
2026-02-18;142.125;24;True;0;2463;nivel;Epagri;;;2;False;diaria;e3e929a1cfadc553_diario_derivado;;interna;horaria_agregada;media
2026-02-19;131.08333333333334;24;True;0;2463;nivel;Epagri;;;2;False;diaria;e3e929a1cfadc553_diario_derivado;;interna;horaria_agregada;media
2026-02-20;128.20833333333334;24;True;0;2463;nivel;Epagri;;;2;False;diaria;e3e929a1cfadc553_diario_derivado;;interna;horaria_agregada;media
2026-02-21;154.45833333333334;24;True;0;2463;nivel;Epagri;;;2;False;diaria;e3e929a1cfadc553_diario_derivado;;interna;horaria_agregada;media
2026-02-22;130.125;24;True;0;2463;nivel;Epagri;;;2;False;diaria;e3e929a1cfadc553_diario_derivado;;interna;horaria_agregada;media
2026-02-23;126.625;24;True;0;2463;nivel;Epagri;;;2;False;diaria;e3e929a1cfadc553_diario_derivado;;interna;horaria_agregada;media
2026-02-24;139.70833333333334;24;True;0;2463;nivel;Epagri;;;2;False;diaria;e3e929a1cfadc553_diario_derivado;;interna;horaria_agregada;media
2026-02-25;147.95833333333334;24;True;0;2463;nivel;Epagri;;;2;False;diaria;e3e929a1cfadc553_diario_derivado;;interna;horaria_agregada;media
2026-02-26;137.125;24;True;0;2463;nivel;Epagri;;;2;False;diaria;e3e929a1cfadc553_diario_derivado;;interna;horaria_agregada;media
2026-02-27;128.33333333333334;24;True;0;2463;nivel;Epagri;;;2;False;diaria;e3e929a1cfadc553_diario_derivado;;interna;horaria_agregada;media
2026-02-28;125.0;24;True;0;2463;nivel;Epagri;;;2;False;diaria;e3e929a1cfadc553_diario_derivado;;interna;horaria_agregada;media
2026-03-01;123.625;24;True;0;2463;nivel;Epagri;;;2;False;diaria;e3e929a1cfadc553_diario_derivado;;interna;horaria_agregada;media
2026-03-02;122.66666666666667;24;True;0;2463;nivel;Epagri;;;2;False;diaria;e3e929a1cfadc553_diario_derivado;;interna;horaria_agregada;media
2026-03-03;121.08333333333333;24;True;0;2463;nivel;Epagri;;;2;False;diaria;e3e929a1cfadc553_diario_derivado;;interna;horaria_agregada;media
2026-03-04;120.20833333333333;24;True;0;2463;nivel;Epagri;;;2;False;diaria;e3e929a1cfadc553_diario_derivado;;interna;horaria_agregada;media
2026-03-05;119.25;24;True;0;2463;nivel;Epagri;;;2;False;diaria;e3e929a1cfadc553_diario_derivado;;interna;horaria_agregada;media
2026-03-06;118.83333333333333;24;True;0;2463;nivel;Epagri;;;2;False;diaria;e3e929a1cfadc553_diario_derivado;;interna;horaria_agregada;media
2026-03-07;118.54166666666667;24;True;0;2463;nivel;Epagri;;;2;False;diaria;e3e929a1cfadc553_diario_derivado;;interna;horaria_agregada;media
2026-03-08;117.95833333333333;24;True;0;2463;nivel;Epagri;;;2;False;diaria;e3e929a1cfadc553_diario_derivado;;interna;horaria_agregada;media
2026-03-09;121.95833333333333;24;True;0;2463;nivel;Epagri;;;2;False;diaria;e3e929a1cfadc553_diario_derivado;;interna;horaria_agregada;media
2026-03-10;121.83333333333333;24;True;0;2463;nivel;Epagri;;;2;False;diaria;e3e929a1cfadc553_diario_derivado;;interna;horaria_agregada;media
2026-03-11;124.08333333333333;24;True;0;2463;nivel;Epagri;;;2;False;diaria;e3e929a1cfadc553_diario_derivado;;interna;horaria_agregada;media
2026-03-12;121.125;24;True;0;2463;nivel;Epagri;;;2;False;diaria;e3e929a1cfadc553_diario_derivado;;interna;horaria_agregada;media
2026-03-13;125.04166666666667;24;True;0;2463;nivel;Epagri;;;2;False;diaria;e3e929a1cfadc553_diario_derivado;;interna;horaria_agregada;media
2026-03-14;119.66666666666667;24;True;0;2463;nivel;Epagri;;;2;False;diaria;e3e929a1cfadc553_diario_derivado;;interna;horaria_agregada;media
2026-03-15;118.375;24;True;0;2463;nivel;Epagri;;;2;False;diaria;e3e929a1cfadc553_diario_derivado;;interna;horaria_agregada;media
2026-03-16;116.91666666666667;24;True;0;2463;nivel;Epagri;;;2;False;diaria;e3e929a1cfadc553_diario_derivado;;interna;horaria_agregada;media
2026-03-17;116.0;24;True;0;2463;nivel;Epagri;;;2;False;diaria;e3e929a1cfadc553_diario_derivado;;interna;horaria_agregada;media
2026-03-18;115.91666666666667;24;True;0;2463;nivel;Epagri;;;2;False;diaria;e3e929a1cfadc553_diario_derivado;;interna;horaria_agregada;media
2026-03-19;115.70833333333333;24;True;0;2463;nivel;Epagri;;;2;False;diaria;e3e929a1cfadc553_diario_derivado;;interna;horaria_agregada;media
2026-03-20;116.20833333333333;24;True;0;2463;nivel;Epagri;;;2;False;diaria;e3e929a1cfadc553_diario_derivado;;interna;horaria_agregada;media
2026-03-21;115.79166666666667;24;True;0;2463;nivel;Epagri;;;2;False;diaria;e3e929a1cfadc553_diario_derivado;;interna;horaria_agregada;media
2026-03-22;128.20833333333334;24;True;0;2463;nivel;Epagri;;;2;False;diaria;e3e929a1cfadc553_diario_derivado;;interna;horaria_agregada;media
2026-03-23;117.41666666666667;24;True;0;2463;nivel;Epagri;;;2;False;diaria;e3e929a1cfadc553_diario_derivado;;interna;horaria_agregada;media
2026-03-24;115.16666666666667;24;True;0;2463;nivel;Epagri;;;2;False;diaria;e3e929a1cfadc553_diario_derivado;;interna;horaria_agregada;media
2026-03-25;114.79166666666667;24;True;0;2463;nivel;Epagri;;;2;False;diaria;e3e929a1cfadc553_diario_derivado;;interna;horaria_agregada;media
2026-03-26;114.0;24;True;0;2463;nivel;Epagri;;;2;False;diaria;e3e929a1cfadc553_diario_derivado;;interna;horaria_agregada;media
2026-03-27;113.20833333333333;24;True;0;2463;nivel;Epagri;;;2;False;diaria;e3e929a1cfadc553_diario_derivado;;interna;horaria_agregada;media
2026-03-28;112.08333333333333;24;True;0;2463;nivel;Epagri;;;2;False;diaria;e3e929a1cfadc553_diario_derivado;;interna;horaria_agregada;media
2026-03-29;112.04166666666667;24;True;0;2463;nivel;Epagri;;;2;False;diaria;e3e929a1cfadc553_diario_derivado;;interna;horaria_agregada;media
2026-03-30;112.625;24;True;0;2463;nivel;Epagri;;;2;False;diaria;e3e929a1cfadc553_diario_derivado;;interna;horaria_agregada;media
2026-03-31;131.375;24;True;0;2463;nivel;Epagri;;;2;False;diaria;e3e929a1cfadc553_diario_derivado;;interna;horaria_agregada;media
2026-04-01;117.875;24;True;0;2463;nivel;Epagri;;;2;False;diaria;e3e929a1cfadc553_diario_derivado;;interna;horaria_agregada;media
2026-04-02;113.29166666666667;24;True;0;2463;nivel;Epagri;;;2;False;diaria;e3e929a1cfadc553_diario_derivado;;interna;horaria_agregada;media
2026-04-03;112.5;24;True;0;2463;nivel;Epagri;;;2;False;diaria;e3e929a1cfadc553_diario_derivado;;interna;horaria_agregada;media
2026-04-04;121.16666666666667;24;True;0;2463;nivel;Epagri;;;2;False;diaria;e3e929a1cfadc553_diario_derivado;;interna;horaria_agregada;media
2026-04-05;122.25;24;True;0;2463;nivel;Epagri;;;2;False;diaria;e3e929a1cfadc553_diario_derivado;;interna;horaria_agregada;media
2026-04-06;150.04166666666666;24;True;0;2463;nivel;Epagri;;;2;False;diaria;e3e929a1cfadc553_diario_derivado;;interna;horaria_agregada;media
2026-04-07;264.375;24;True;0;2463;nivel;Epagri;;;2;False;diaria;e3e929a1cfadc553_diario_derivado;;interna;horaria_agregada;media
2026-04-08;168.375;24;True;0;2463;nivel;Epagri;;;2;False;diaria;e3e929a1cfadc553_diario_derivado;;interna;horaria_agregada;media
2026-04-09;136.91666666666666;24;True;0;2463;nivel;Epagri;;;2;False;diaria;e3e929a1cfadc553_diario_derivado;;interna;horaria_agregada;media
2026-04-10;128.58333333333334;24;True;0;2463;nivel;Epagri;;;2;False;diaria;e3e929a1cfadc553_diario_derivado;;interna;horaria_agregada;media
2026-04-11;124.75;24;True;0;2463;nivel;Epagri;;;2;False;diaria;e3e929a1cfadc553_diario_derivado;;interna;horaria_agregada;media
2026-04-12;129.25;24;True;0;2463;nivel;Epagri;;;2;False;diaria;e3e929a1cfadc553_diario_derivado;;interna;horaria_agregada;media
2026-04-13;124.41666666666667;24;True;0;2463;nivel;Epagri;;;2;False;diaria;e3e929a1cfadc553_diario_derivado;;interna;horaria_agregada;media
2026-04-14;121.75;24;True;0;2463;nivel;Epagri;;;2;False;diaria;e3e929a1cfadc553_diario_derivado;;interna;horaria_agregada;media
2026-04-15;120.41666666666667;24;True;0;2463;nivel;Epagri;;;2;False;diaria;e3e929a1cfadc553_diario_derivado;;interna;horaria_agregada;media
2026-04-16;119.875;24;True;0;2463;nivel;Epagri;;;2;False;diaria;e3e929a1cfadc553_diario_derivado;;interna;horaria_agregada;media
2026-04-17;118.5;24;True;0;2463;nivel;Epagri;;;2;False;diaria;e3e929a1cfadc553_diario_derivado;;interna;horaria_agregada;media
2026-04-18;117.16666666666667;24;True;0;2463;nivel;Epagri;;;2;False;diaria;e3e929a1cfadc553_diario_derivado;;interna;horaria_agregada;media
2026-04-19;116.08333333333333;24;True;0;2463;nivel;Epagri;;;2;False;diaria;e3e929a1cfadc553_diario_derivado;;interna;horaria_agregada;media
2026-04-20;115.625;24;True;0;2463;nivel;Epagri;;;2;False;diaria;e3e929a1cfadc553_diario_derivado;;interna;horaria_agregada;media
2026-04-21;115.41666666666667;24;True;0;2463;nivel;Epagri;;;2;False;diaria;e3e929a1cfadc553_diario_derivado;;interna;horaria_agregada;media
2026-04-22;115.0;24;True;0;2463;nivel;Epagri;;;2;False;diaria;e3e929a1cfadc553_diario_derivado;;interna;horaria_agregada;media
2026-04-23;114.70833333333333;24;True;0;2463;nivel;Epagri;;;2;False;diaria;e3e929a1cfadc553_diario_derivado;;interna;horaria_agregada;media
2026-04-24;114.70833333333333;24;True;0;2463;nivel;Epagri;;;2;False;diaria;e3e929a1cfadc553_diario_derivado;;interna;horaria_agregada;media
2026-04-25;114.0;24;True;0;2463;nivel;Epagri;;;2;False;diaria;e3e929a1cfadc553_diario_derivado;;interna;horaria_agregada;media
2026-04-26;137.91666666666666;24;True;0;2463;nivel;Epagri;;;2;False;diaria;e3e929a1cfadc553_diario_derivado;;interna;horaria_agregada;media
2026-04-27;123.5;24;True;0;2463;nivel;Epagri;;;2;False;diaria;e3e929a1cfadc553_diario_derivado;;interna;horaria_agregada;media
2026-04-28;116.0;24;True;0;2463;nivel;Epagri;;;2;False;diaria;e3e929a1cfadc553_diario_derivado;;interna;horaria_agregada;media
2026-04-29;115.70833333333333;24;True;0;2463;nivel;Epagri;;;2;False;diaria;e3e929a1cfadc553_diario_derivado;;interna;horaria_agregada;media
2026-04-30;115.0;24;True;0;2463;nivel;Epagri;;;2;False;diaria;e3e929a1cfadc553_diario_derivado;;interna;horaria_agregada;media
2026-05-01;114.0;24;True;0;2463;nivel;Epagri;;;2;False;diaria;e3e929a1cfadc553_diario_derivado;;interna;horaria_agregada;media
2026-05-02;121.75;24;True;0;2463;nivel;Epagri;;;2;False;diaria;e3e929a1cfadc553_diario_derivado;;interna;horaria_agregada;media
2026-05-03;118.20833333333333;24;True;0;2463;nivel;Epagri;;;2;False;diaria;e3e929a1cfadc553_diario_derivado;;interna;horaria_agregada;media
2026-05-04;113.95833333333333;24;True;0;2463;nivel;Epagri;;;2;False;diaria;e3e929a1cfadc553_diario_derivado;;interna;horaria_agregada;media
2026-05-05;114.0;24;True;0;2463;nivel;Epagri;;;2;False;diaria;e3e929a1cfadc553_diario_derivado;;interna;horaria_agregada;media
2026-05-06;113.0;24;True;0;2463;nivel;Epagri;;;2;False;diaria;e3e929a1cfadc553_diario_derivado;;interna;horaria_agregada;media
2026-05-07;112.16666666666667;24;True;0;2463;nivel;Epagri;;;2;False;diaria;e3e929a1cfadc553_diario_derivado;;interna;horaria_agregada;media
2026-05-08;112.91666666666667;24;True;0;2463;nivel;Epagri;;;2;False;diaria;e3e929a1cfadc553_diario_derivado;;interna;horaria_agregada;media
2026-05-09;121.08333333333333;24;True;0;2463;nivel;Epagri;;;2;False;diaria;e3e929a1cfadc553_diario_derivado;;interna;horaria_agregada;media
2026-05-10;144.29166666666666;24;True;0;2463;nivel;Epagri;;;2;False;diaria;e3e929a1cfadc553_diario_derivado;;interna;horaria_agregada;media
2026-05-11;117.41666666666667;24;True;0;2463;nivel;Epagri;;;2;False;diaria;e3e929a1cfadc553_diario_derivado;;interna;horaria_agregada;media
2026-05-12;113.375;24;True;0;2463;nivel;Epagri;;;2;False;diaria;e3e929a1cfadc553_diario_derivado;;interna;horaria_agregada;media
2026-05-13;111.79166666666667;24;True;0;2463;nivel;Epagri;;;2;False;diaria;e3e929a1cfadc553_diario_derivado;;interna;horaria_agregada;media
2026-05-14;110.375;24;True;0;2463;nivel;Epagri;;;2;False;diaria;e3e929a1cfadc553_diario_derivado;;interna;horaria_agregada;media
2026-05-15;110.0;24;True;0;2463;nivel;Epagri;;;2;False;diaria;e3e929a1cfadc553_diario_derivado;;interna;horaria_agregada;media
2026-05-16;110.0;24;True;0;2463;nivel;Epagri;;;2;False;diaria;e3e929a1cfadc553_diario_derivado;;interna;horaria_agregada;media
2026-05-17;110.0;24;True;0;2463;nivel;Epagri;;;2;False;diaria;e3e929a1cfadc553_diario_derivado;;interna;horaria_agregada;media
2026-05-18;109.125;24;True;0;2463;nivel;Epagri;;;2;False;diaria;e3e929a1cfadc553_diario_derivado;;interna;horaria_agregada;media
2026-05-19;108.70833333333333;24;True;0;2463;nivel;Epagri;;;2;False;diaria;e3e929a1cfadc553_diario_derivado;;interna;horaria_agregada;media
2026-05-20;108.08333333333333;24;True;0;2463;nivel;Epagri;;;2;False;diaria;e3e929a1cfadc553_diario_derivado;;interna;horaria_agregada;media
2026-05-21;107.08333333333333;24;True;0;2463;nivel;Epagri;;;2;False;diaria;e3e929a1cfadc553_diario_derivado;;interna;horaria_agregada;media
2026-05-22;106.79166666666667;24;True;0;2463;nivel;Epagri;;;2;False;diaria;e3e929a1cfadc553_diario_derivado;;interna;horaria_agregada;media
2026-05-23;134.95833333333334;24;True;0;2463;nivel;Epagri;;;2;False;diaria;e3e929a1cfadc553_diario_derivado;;interna;horaria_agregada;media
2026-05-24;118.5;24;True;0;2463;nivel;Epagri;;;2;False;diaria;e3e929a1cfadc553_diario_derivado;;interna;horaria_agregada;media
2026-05-25;115.41666666666667;24;True;0;2463;nivel;Epagri;;;2;False;diaria;e3e929a1cfadc553_diario_derivado;;interna;horaria_agregada;media
2026-05-26;149.875;24;True;0;2463;nivel;Epagri;;;2;False;diaria;e3e929a1cfadc553_diario_derivado;;interna;horaria_agregada;media
2026-05-27;124.54166666666667;24;True;0;2463;nivel;Epagri;;;2;False;diaria;e3e929a1cfadc553_diario_derivado;;interna;horaria_agregada;media
2026-05-28;115.16666666666667;24;True;0;2463;nivel;Epagri;;;2;False;diaria;e3e929a1cfadc553_diario_derivado;;interna;horaria_agregada;media
2026-05-29;112.625;24;True;0;2463;nivel;Epagri;;;2;False;diaria;e3e929a1cfadc553_diario_derivado;;interna;horaria_agregada;media
2026-05-30;111.0;24;True;0;2463;nivel;Epagri;;;2;False;diaria;e3e929a1cfadc553_diario_derivado;;interna;horaria_agregada;media
2026-05-31;110.0;24;True;0;2463;nivel;Epagri;;;2;False;diaria;e3e929a1cfadc553_diario_derivado;;interna;horaria_agregada;media
2026-06-01;109.125;24;True;0;2463;nivel;Epagri;;;2;False;diaria;e3e929a1cfadc553_diario_derivado;;interna;horaria_agregada;media
2026-06-02;108.83333333333333;24;True;0;2463;nivel;Epagri;;;2;False;diaria;e3e929a1cfadc553_diario_derivado;;interna;horaria_agregada;media
2026-06-03;108.0;24;True;0;2463;nivel;Epagri;;;2;False;diaria;e3e929a1cfadc553_diario_derivado;;interna;horaria_agregada;media
2026-06-04;115.20833333333333;24;True;0;2463;nivel;Epagri;;;2;False;diaria;e3e929a1cfadc553_diario_derivado;;interna;horaria_agregada;media
2026-06-05;;23;False;0;2463;nivel;Epagri;;;2;False;diaria;e3e929a1cfadc553_diario_derivado;;interna;horaria_agregada;media
2026-06-06;;21;False;0;2463;nivel;Epagri;;;2;False;diaria;e3e929a1cfadc553_diario_derivado;;interna;horaria_agregada;media
2026-06-07;109.33333333333333;24;True;0;2463;nivel;Epagri;;;2;False;diaria;e3e929a1cfadc553_diario_derivado;;interna;horaria_agregada;media
2026-06-08;108.875;24;True;0;2463;nivel;Epagri;;;2;False;diaria;e3e929a1cfadc553_diario_derivado;;interna;horaria_agregada;media
2026-06-09;109.125;24;True;0;2463;nivel;Epagri;;;2;False;diaria;e3e929a1cfadc553_diario_derivado;;interna;horaria_agregada;media
2026-06-10;108.625;24;True;0;2463;nivel;Epagri;;;2;False;diaria;e3e929a1cfadc553_diario_derivado;;interna;horaria_agregada;media
2026-06-11;107.83333333333333;24;True;0;2463;nivel;Epagri;;;2;False;diaria;e3e929a1cfadc553_diario_derivado;;interna;horaria_agregada;media
2026-06-12;109.54166666666667;24;True;0;2463;nivel;Epagri;;;2;False;diaria;e3e929a1cfadc553_diario_derivado;;interna;horaria_agregada;media
2026-06-13;111.91666666666667;24;True;0;2463;nivel;Epagri;;;2;False;diaria;e3e929a1cfadc553_diario_derivado;;interna;horaria_agregada;media
2026-06-14;107.875;24;True;0;2463;nivel;Epagri;;;2;False;diaria;e3e929a1cfadc553_diario_derivado;;interna;horaria_agregada;media
2026-06-15;106.5;24;True;0;2463;nivel;Epagri;;;2;False;diaria;e3e929a1cfadc553_diario_derivado;;interna;horaria_agregada;media
2026-06-16;106.0;24;True;0;2463;nivel;Epagri;;;2;False;diaria;e3e929a1cfadc553_diario_derivado;;interna;horaria_agregada;media
2026-06-17;105.20833333333333;24;True;0;2463;nivel;Epagri;;;2;False;diaria;e3e929a1cfadc553_diario_derivado;;interna;horaria_agregada;media
2026-06-18;104.45833333333333;24;True;0;2463;nivel;Epagri;;;2;False;diaria;e3e929a1cfadc553_diario_derivado;;interna;horaria_agregada;media
2026-06-19;106.0;24;True;0;2463;nivel;Epagri;;;2;False;diaria;e3e929a1cfadc553_diario_derivado;;interna;horaria_agregada;media
2026-06-20;131.5;24;True;0;2463;nivel;Epagri;;;2;False;diaria;e3e929a1cfadc553_diario_derivado;;interna;horaria_agregada;media
2026-06-21;139.66666666666666;24;True;0;2463;nivel;Epagri;;;2;False;diaria;e3e929a1cfadc553_diario_derivado;;interna;horaria_agregada;media
2026-06-22;116.125;24;True;0;2463;nivel;Epagri;;;2;False;diaria;e3e929a1cfadc553_diario_derivado;;interna;horaria_agregada;media
2026-06-23;122.125;24;True;0;2463;nivel;Epagri;;;2;False;diaria;e3e929a1cfadc553_diario_derivado;;interna;horaria_agregada;media
2026-06-24;112.5;24;True;0;2463;nivel;Epagri;;;2;False;diaria;e3e929a1cfadc553_diario_derivado;;interna;horaria_agregada;media
2026-06-25;109.33333333333333;24;True;0;2463;nivel;Epagri;;;2;False;diaria;e3e929a1cfadc553_diario_derivado;;interna;horaria_agregada;media
2026-06-26;108.0;24;True;0;2463;nivel;Epagri;;;2;False;diaria;e3e929a1cfadc553_diario_derivado;;interna;horaria_agregada;media
2026-06-27;107.33333333333333;24;True;0;2463;nivel;Epagri;;;2;False;diaria;e3e929a1cfadc553_diario_derivado;;interna;horaria_agregada;media
2026-06-28;108.33333333333333;24;True;0;2463;nivel;Epagri;;;2;False;diaria;e3e929a1cfadc553_diario_derivado;;interna;horaria_agregada;media
2026-06-29;119.0;24;True;0;2463;nivel;Epagri;;;2;False;diaria;e3e929a1cfadc553_diario_derivado;;interna;horaria_agregada;media
2026-06-30;129.58333333333334;24;True;0;2463;nivel;Epagri;;;2;False;diaria;e3e929a1cfadc553_diario_derivado;;interna;horaria_agregada;media
2026-07-01;169.29166666666666;24;True;0;2463;nivel;Epagri;;;2;False;diaria;e3e929a1cfadc553_diario_derivado;;interna;horaria_agregada;media
2026-07-02;190.70833333333334;24;True;0;2463;nivel;Epagri;;;2;False;diaria;e3e929a1cfadc553_diario_derivado;;interna;horaria_agregada;media
2026-07-03;152.91666666666666;24;True;0;2463;nivel;Epagri;;;2;False;diaria;e3e929a1cfadc553_diario_derivado;;interna;horaria_agregada;media
2026-07-04;130.625;24;True;0;2463;nivel;Epagri;;;2;False;diaria;e3e929a1cfadc553_diario_derivado;;interna;horaria_agregada;media
2026-07-05;123.33333333333333;24;True;0;2463;nivel;Epagri;;;2;False;diaria;e3e929a1cfadc553_diario_derivado;;interna;horaria_agregada;media
2026-07-06;119.66666666666667;24;True;0;2463;nivel;Epagri;;;2;False;diaria;e3e929a1cfadc553_diario_derivado;;interna;horaria_agregada;media
2026-07-07;119.58333333333333;24;True;0;2463;nivel;Epagri;;;2;False;diaria;e3e929a1cfadc553_diario_derivado;;interna;horaria_agregada;media
2026-07-08;116.08333333333333;24;True;0;2463;nivel;Epagri;;;2;False;diaria;e3e929a1cfadc553_diario_derivado;;interna;horaria_agregada;media
2026-07-09;113.54166666666667;24;True;0;2463;nivel;Epagri;;;2;False;diaria;e3e929a1cfadc553_diario_derivado;;interna;horaria_agregada;media
2026-07-10;112.04166666666667;24;True;0;2463;nivel;Epagri;;;2;False;diaria;e3e929a1cfadc553_diario_derivado;;interna;horaria_agregada;media
2026-07-11;180.66666666666666;24;True;0;2463;nivel;Epagri;;;2;False;diaria;e3e929a1cfadc553_diario_derivado;;interna;horaria_agregada;media
2026-07-12;143.83333333333334;24;True;0;2463;nivel;Epagri;;;2;False;diaria;e3e929a1cfadc553_diario_derivado;;interna;horaria_agregada;media
2026-07-13;126.04166666666667;24;True;0;2463;nivel;Epagri;;;2;False;diaria;e3e929a1cfadc553_diario_derivado;;interna;horaria_agregada;media
2026-07-14;120.91666666666667;24;True;0;2463;nivel;Epagri;;;2;False;diaria;e3e929a1cfadc553_diario_derivado;;interna;horaria_agregada;media
2026-07-15;119.33333333333333;24;True;0;2463;nivel;Epagri;;;2;False;diaria;e3e929a1cfadc553_diario_derivado;;interna;horaria_agregada;media
2026-07-16;117.04166666666667;24;True;0;2463;nivel;Epagri;;;2;False;diaria;e3e929a1cfadc553_diario_derivado;;interna;horaria_agregada;media
2026-07-17;115.16666666666667;24;True;0;2463;nivel;Epagri;;;2;False;diaria;e3e929a1cfadc553_diario_derivado;;interna;horaria_agregada;media
2026-07-18;113.66666666666667;24;True;0;2463;nivel;Epagri;;;2;False;diaria;e3e929a1cfadc553_diario_derivado;;interna;horaria_agregada;media
2026-07-19;112.0;24;True;0;2463;nivel;Epagri;;;2;False;diaria;e3e929a1cfadc553_diario_derivado;;interna;horaria_agregada;media
2026-07-20;111.0;24;True;0;2463;nivel;Epagri;;;2;False;diaria;e3e929a1cfadc553_diario_derivado;;interna;horaria_agregada;media
2026-07-21;111.0;24;True;0;2463;nivel;Epagri;;;2;False;diaria;e3e929a1cfadc553_diario_derivado;;interna;horaria_agregada;media
2026-07-22;139.0;24;True;0;2463;nivel;Epagri;;;2;False;diaria;e3e929a1cfadc553_diario_derivado;;interna;horaria_agregada;media
2026-07-23;117.95833333333333;24;True;0;2463;nivel;Epagri;;;2;False;diaria;e3e929a1cfadc553_diario_derivado;;interna;horaria_agregada;media
2026-07-24;112.54166666666667;24;True;0;2463;nivel;Epagri;;;2;False;diaria;e3e929a1cfadc553_diario_derivado;;interna;horaria_agregada;media
2026-07-25;111.08333333333333;24;True;0;2463;nivel;Epagri;;;2;False;diaria;e3e929a1cfadc553_diario_derivado;;interna;horaria_agregada;media
2026-07-26;110.0;24;True;0;2463;nivel;Epagri;;;2;False;diaria;e3e929a1cfadc553_diario_derivado;;interna;horaria_agregada;media
2026-07-27;109.41666666666667;24;True;0;2463;nivel;Epagri;;;2;False;diaria;e3e929a1cfadc553_diario_derivado;;interna;horaria_agregada;media
2026-07-28;;11;False;0;2463;nivel;Epagri;;;2;False;diaria;e3e929a1cfadc553_diario_derivado;;interna;horaria_agregada;media
2026-07-29;;15;False;0;2463;nivel;Epagri;;;2;False;diaria;e3e929a1cfadc553_diario_derivado;;interna;horaria_agregada;media
2026-07-30;118.33333333333333;24;True;0;2463;nivel;Epagri;;;2;False;diaria;e3e929a1cfadc553_diario_derivado;;interna;horaria_agregada;media
2026-07-31;112.125;24;True;0;2463;nivel;Epagri;;;2;False;diaria;e3e929a1cfadc553_diario_derivado;;interna;horaria_agregada;media
2026-08-01;110.29166666666667;24;True;0;2463;nivel;Epagri;;;2;False;diaria;e3e929a1cfadc553_diario_derivado;;interna;horaria_agregada;media
2026-08-02;109.66666666666667;24;True;0;2463;nivel;Epagri;;;2;False;diaria;e3e929a1cfadc553_diario_derivado;;interna;horaria_agregada;media
2026-08-03;109.0;24;True;0;2463;nivel;Epagri;;;2;False;diaria;e3e929a1cfadc553_diario_derivado;;interna;horaria_agregada;media
2026-08-04;108.04166666666667;24;True;0;2463;nivel;Epagri;;;2;False;diaria;e3e929a1cfadc553_diario_derivado;;interna;horaria_agregada;media
2026-08-05;108.91666666666667;24;True;0;2463;nivel;Epagri;;;2;False;diaria;e3e929a1cfadc553_diario_derivado;;interna;horaria_agregada;media
2026-08-06;115.375;24;True;0;2463;nivel;Epagri;;;2;False;diaria;e3e929a1cfadc553_diario_derivado;;interna;horaria_agregada;media
2026-08-07;121.33333333333333;24;True;0;2463;nivel;Epagri;;;2;False;diaria;e3e929a1cfadc553_diario_derivado;;interna;horaria_agregada;media
2026-08-08;114.625;24;True;0;2463;nivel;Epagri;;;2;False;diaria;e3e929a1cfadc553_diario_derivado;;interna;horaria_agregada;media
2026-08-09;118.5;24;True;0;2463;nivel;Epagri;;;2;False;diaria;e3e929a1cfadc553_diario_derivado;;interna;horaria_agregada;media
2026-08-10;112.08333333333333;24;True;0;2463;nivel;Epagri;;;2;False;diaria;e3e929a1cfadc553_diario_derivado;;interna;horaria_agregada;media
2026-08-11;109.25;24;True;0;2463;nivel;Epagri;;;2;False;diaria;e3e929a1cfadc553_diario_derivado;;interna;horaria_agregada;media
2026-08-12;;23;False;0;2463;nivel;Epagri;;;2;False;diaria;e3e929a1cfadc553_diario_derivado;;interna;horaria_agregada;media
2026-08-13;145.625;24;True;0;2463;nivel;Epagri;;;2;False;diaria;e3e929a1cfadc553_diario_derivado;;interna;horaria_agregada;media
2026-08-14;144.41666666666666;24;True;0;2463;nivel;Epagri;;;2;False;diaria;e3e929a1cfadc553_diario_derivado;;interna;horaria_agregada;media
2026-08-15;184.625;24;True;0;2463;nivel;Epagri;;;2;False;diaria;e3e929a1cfadc553_diario_derivado;;interna;horaria_agregada;media
2026-08-16;209.41666666666666;24;True;0;2463;nivel;Epagri;;;2;False;diaria;e3e929a1cfadc553_diario_derivado;;interna;horaria_agregada;media
2026-08-17;163.125;24;True;0;2463;nivel;Epagri;;;2;False;diaria;e3e929a1cfadc553_diario_derivado;;interna;horaria_agregada;media
2026-08-18;;21;False;0;2463;nivel;Epagri;;;2;False;diaria;e3e929a1cfadc553_diario_derivado;;interna;horaria_agregada;media
2026-08-19;131.375;24;True;0;2463;nivel;Epagri;;;2;False;diaria;e3e929a1cfadc553_diario_derivado;;interna;horaria_agregada;media
2026-08-20;126.20833333333333;24;True;0;2463;nivel;Epagri;;;2;False;diaria;e3e929a1cfadc553_diario_derivado;;interna;horaria_agregada;media
2026-08-21;122.33333333333333;24;True;0;2463;nivel;Epagri;;;2;False;diaria;e3e929a1cfadc553_diario_derivado;;interna;horaria_agregada;media
2026-08-22;119.20833333333333;24;True;0;2463;nivel;Epagri;;;2;False;diaria;e3e929a1cfadc553_diario_derivado;;interna;horaria_agregada;media
2026-08-23;117.29166666666667;24;True;0;2463;nivel;Epagri;;;2;False;diaria;e3e929a1cfadc553_diario_derivado;;interna;horaria_agregada;media
2026-08-24;115.75;24;True;0;2463;nivel;Epagri;;;2;False;diaria;e3e929a1cfadc553_diario_derivado;;interna;horaria_agregada;media
2026-08-25;114.95833333333333;24;True;0;2463;nivel;Epagri;;;2;False;diaria;e3e929a1cfadc553_diario_derivado;;interna;horaria_agregada;media
2026-08-26;114.0;24;True;0;2463;nivel;Epagri;;;2;False;diaria;e3e929a1cfadc553_diario_derivado;;interna;horaria_agregada;media
2026-08-27;114.0;24;True;0;2463;nivel;Epagri;;;2;False;diaria;e3e929a1cfadc553_diario_derivado;;interna;horaria_agregada;media
2026-08-28;113.875;24;True;0;2463;nivel;Epagri;;;2;False;diaria;e3e929a1cfadc553_diario_derivado;;interna;horaria_agregada;media
2026-08-29;120.625;24;True;0;2463;nivel;Epagri;;;2;False;diaria;e3e929a1cfadc553_diario_derivado;;interna;horaria_agregada;media
2026-08-30;151.125;24;True;0;2463;nivel;Epagri;;;2;False;diaria;e3e929a1cfadc553_diario_derivado;;interna;horaria_agregada;media
2026-08-31;187.70833333333334;24;True;0;2463;nivel;Epagri;;;2;False;diaria;e3e929a1cfadc553_diario_derivado;;interna;horaria_agregada;media
2026-09-01;180.66666666666666;24;True;0;2463;nivel;Epagri;;;2;False;diaria;e3e929a1cfadc553_diario_derivado;;interna;horaria_agregada;media
2026-09-02;135.54166666666666;24;True;0;2463;nivel;Epagri;;;2;False;diaria;e3e929a1cfadc553_diario_derivado;;interna;horaria_agregada;media
2026-09-03;127.875;24;True;0;2463;nivel;Epagri;;;2;False;diaria;e3e929a1cfadc553_diario_derivado;;interna;horaria_agregada;media
2026-09-04;123.75;24;True;0;2463;nivel;Epagri;;;2;False;diaria;e3e929a1cfadc553_diario_derivado;;interna;horaria_agregada;media
2026-09-05;;21;False;0;2463;nivel;Epagri;;;2;False;diaria;e3e929a1cfadc553_diario_derivado;;interna;horaria_agregada;media
2026-09-06;119.25;24;True;0;2463;nivel;Epagri;;;2;False;diaria;e3e929a1cfadc553_diario_derivado;;interna;horaria_agregada;media
2026-09-07;117.0;24;True;0;2463;nivel;Epagri;;;2;False;diaria;e3e929a1cfadc553_diario_derivado;;interna;horaria_agregada;media
2026-09-08;116.16666666666667;24;True;0;2463;nivel;Epagri;;;2;False;diaria;e3e929a1cfadc553_diario_derivado;;interna;horaria_agregada;media
2026-09-09;115.625;24;True;0;2463;nivel;Epagri;;;2;False;diaria;e3e929a1cfadc553_diario_derivado;;interna;horaria_agregada;media
2026-09-10;127.16666666666667;24;True;0;2463;nivel;Epagri;;;2;False;diaria;e3e929a1cfadc553_diario_derivado;;interna;horaria_agregada;media
2026-09-11;152.0;24;True;0;2463;nivel;Epagri;;;2;False;diaria;e3e929a1cfadc553_diario_derivado;;interna;horaria_agregada;media
2026-09-12;138.54166666666666;24;True;0;2463;nivel;Epagri;;;2;False;diaria;e3e929a1cfadc553_diario_derivado;;interna;horaria_agregada;media
2026-09-13;;23;False;0;2463;nivel;Epagri;;;2;False;diaria;e3e929a1cfadc553_diario_derivado;;interna;horaria_agregada;media
2026-09-14;;17;False;0;2463;nivel;Epagri;;;2;False;diaria;e3e929a1cfadc553_diario_derivado;;interna;horaria_agregada;media
