data_hora;valor;horas_validas;dia_completo;horas_conflitantes;codigo_estacao;tipo;fonte;longitude;latitude;numero_posicoes_internas;posicao_espacial_ambigua;resolucao;serie_id;nivel_consistencia;relacao_codigo;origem_resolucao;metodo_agregacao
2013-12-15;;13;False;0;84100000;nivel;Epagri;;;2;False;diaria;dea0d5f08b8c0f64_diario_derivado;;interna;horaria_agregada;media
2013-12-16;198.95833333333334;24;True;0;84100000;nivel;Epagri;;;2;False;diaria;dea0d5f08b8c0f64_diario_derivado;;interna;horaria_agregada;media
2013-12-17;175.04166666666666;24;True;0;84100000;nivel;Epagri;;;2;False;diaria;dea0d5f08b8c0f64_diario_derivado;;interna;horaria_agregada;media
2013-12-18;170.5;24;True;0;84100000;nivel;Epagri;;;2;False;diaria;dea0d5f08b8c0f64_diario_derivado;;interna;horaria_agregada;media
2013-12-19;;18;False;0;84100000;nivel;Epagri;;;2;False;diaria;dea0d5f08b8c0f64_diario_derivado;;interna;horaria_agregada;media
2013-12-20;168.54166666666666;24;True;0;84100000;nivel;Epagri;;;2;False;diaria;dea0d5f08b8c0f64_diario_derivado;;interna;horaria_agregada;media
2013-12-21;166.91666666666666;24;True;0;84100000;nivel;Epagri;;;2;False;diaria;dea0d5f08b8c0f64_diario_derivado;;interna;horaria_agregada;media
2013-12-22;166.0;24;True;0;84100000;nivel;Epagri;;;2;False;diaria;dea0d5f08b8c0f64_diario_derivado;;interna;horaria_agregada;media
2013-12-23;169.25;24;True;0;84100000;nivel;Epagri;;;2;False;diaria;dea0d5f08b8c0f64_diario_derivado;;interna;horaria_agregada;media
2013-12-24;166.95833333333334;24;True;0;84100000;nivel;Epagri;;;2;False;diaria;dea0d5f08b8c0f64_diario_derivado;;interna;horaria_agregada;media
2013-12-25;165.54166666666666;24;True;0;84100000;nivel;Epagri;;;2;False;diaria;dea0d5f08b8c0f64_diario_derivado;;interna;horaria_agregada;media
2013-12-26;164.625;24;True;0;84100000;nivel;Epagri;;;2;False;diaria;dea0d5f08b8c0f64_diario_derivado;;interna;horaria_agregada;media
2013-12-27;163.375;24;True;0;84100000;nivel;Epagri;;;2;False;diaria;dea0d5f08b8c0f64_diario_derivado;;interna;horaria_agregada;media
2013-12-28;164.20833333333334;24;True;0;84100000;nivel;Epagri;;;2;False;diaria;dea0d5f08b8c0f64_diario_derivado;;interna;horaria_agregada;media
2013-12-29;172.91666666666666;24;True;0;84100000;nivel;Epagri;;;2;False;diaria;dea0d5f08b8c0f64_diario_derivado;;interna;horaria_agregada;media
2013-12-30;184.04166666666666;24;True;0;84100000;nivel;Epagri;;;2;False;diaria;dea0d5f08b8c0f64_diario_derivado;;interna;horaria_agregada;media
2013-12-31;199.625;24;True;0;84100000;nivel;Epagri;;;2;False;diaria;dea0d5f08b8c0f64_diario_derivado;;interna;horaria_agregada;media
2014-01-01;189.95833333333334;24;True;0;84100000;nivel;Epagri;;;2;False;diaria;dea0d5f08b8c0f64_diario_derivado;;interna;horaria_agregada;media
2014-01-02;201.70833333333334;24;True;0;84100000;nivel;Epagri;;;2;False;diaria;dea0d5f08b8c0f64_diario_derivado;;interna;horaria_agregada;media
2014-01-03;214.125;24;True;0;84100000;nivel;Epagri;;;2;False;diaria;dea0d5f08b8c0f64_diario_derivado;;interna;horaria_agregada;media
2014-01-04;;23;False;0;84100000;nivel;Epagri;;;2;False;diaria;dea0d5f08b8c0f64_diario_derivado;;interna;horaria_agregada;media
2014-01-05;191.91666666666666;24;True;0;84100000;nivel;Epagri;;;2;False;diaria;dea0d5f08b8c0f64_diario_derivado;;interna;horaria_agregada;media
2014-01-06;181.25;24;True;0;84100000;nivel;Epagri;;;2;False;diaria;dea0d5f08b8c0f64_diario_derivado;;interna;horaria_agregada;media
2014-01-07;182.33333333333334;24;True;0;84100000;nivel;Epagri;;;2;False;diaria;dea0d5f08b8c0f64_diario_derivado;;interna;horaria_agregada;media
2014-01-08;178.04166666666666;24;True;0;84100000;nivel;Epagri;;;2;False;diaria;dea0d5f08b8c0f64_diario_derivado;;interna;horaria_agregada;media
2014-01-09;181.16666666666666;24;True;0;84100000;nivel;Epagri;;;2;False;diaria;dea0d5f08b8c0f64_diario_derivado;;interna;horaria_agregada;media
2014-01-10;;1;False;0;84100000;nivel;Epagri;;;2;False;diaria;dea0d5f08b8c0f64_diario_derivado;;interna;horaria_agregada;media
2014-01-11;;0;False;0;84100000;nivel;Epagri;;;2;False;diaria;dea0d5f08b8c0f64_diario_derivado;;interna;horaria_agregada;media
2014-01-12;;0;False;0;84100000;nivel;Epagri;;;2;False;diaria;dea0d5f08b8c0f64_diario_derivado;;interna;horaria_agregada;media
2014-01-13;;0;False;0;84100000;nivel;Epagri;;;2;False;diaria;dea0d5f08b8c0f64_diario_derivado;;interna;horaria_agregada;media
2014-01-14;;0;False;0;84100000;nivel;Epagri;;;2;False;diaria;dea0d5f08b8c0f64_diario_derivado;;interna;horaria_agregada;media
2014-01-15;;0;False;0;84100000;nivel;Epagri;;;2;False;diaria;dea0d5f08b8c0f64_diario_derivado;;interna;horaria_agregada;media
2014-01-16;;0;False;0;84100000;nivel;Epagri;;;2;False;diaria;dea0d5f08b8c0f64_diario_derivado;;interna;horaria_agregada;media
2014-01-17;;0;False;0;84100000;nivel;Epagri;;;2;False;diaria;dea0d5f08b8c0f64_diario_derivado;;interna;horaria_agregada;media
2014-01-18;;0;False;0;84100000;nivel;Epagri;;;2;False;diaria;dea0d5f08b8c0f64_diario_derivado;;interna;horaria_agregada;media
2014-01-19;;0;False;0;84100000;nivel;Epagri;;;2;False;diaria;dea0d5f08b8c0f64_diario_derivado;;interna;horaria_agregada;media
2014-01-20;;0;False;0;84100000;nivel;Epagri;;;2;False;diaria;dea0d5f08b8c0f64_diario_derivado;;interna;horaria_agregada;media
2014-01-21;;0;False;0;84100000;nivel;Epagri;;;2;False;diaria;dea0d5f08b8c0f64_diario_derivado;;interna;horaria_agregada;media
2014-01-22;;0;False;0;84100000;nivel;Epagri;;;2;False;diaria;dea0d5f08b8c0f64_diario_derivado;;interna;horaria_agregada;media
2014-01-23;;0;False;0;84100000;nivel;Epagri;;;2;False;diaria;dea0d5f08b8c0f64_diario_derivado;;interna;horaria_agregada;media
2014-01-24;;0;False;0;84100000;nivel;Epagri;;;2;False;diaria;dea0d5f08b8c0f64_diario_derivado;;interna;horaria_agregada;media
2014-01-25;;0;False;0;84100000;nivel;Epagri;;;2;False;diaria;dea0d5f08b8c0f64_diario_derivado;;interna;horaria_agregada;media
2014-01-26;;0;False;0;84100000;nivel;Epagri;;;2;False;diaria;dea0d5f08b8c0f64_diario_derivado;;interna;horaria_agregada;media
2014-01-27;;0;False;0;84100000;nivel;Epagri;;;2;False;diaria;dea0d5f08b8c0f64_diario_derivado;;interna;horaria_agregada;media
2014-01-28;;9;False;0;84100000;nivel;Epagri;;;2;False;diaria;dea0d5f08b8c0f64_diario_derivado;;interna;horaria_agregada;media
2014-01-29;174.25;24;True;0;84100000;nivel;Epagri;;;2;False;diaria;dea0d5f08b8c0f64_diario_derivado;;interna;horaria_agregada;media
2014-01-30;;23;False;0;84100000;nivel;Epagri;;;2;False;diaria;dea0d5f08b8c0f64_diario_derivado;;interna;horaria_agregada;media
2014-01-31;;23;False;0;84100000;nivel;Epagri;;;2;False;diaria;dea0d5f08b8c0f64_diario_derivado;;interna;horaria_agregada;media
2014-02-01;;0;False;0;84100000;nivel;Epagri;;;2;False;diaria;dea0d5f08b8c0f64_diario_derivado;;interna;horaria_agregada;media
2014-02-02;;0;False;0;84100000;nivel;Epagri;;;2;False;diaria;dea0d5f08b8c0f64_diario_derivado;;interna;horaria_agregada;media
2014-02-03;;0;False;0;84100000;nivel;Epagri;;;2;False;diaria;dea0d5f08b8c0f64_diario_derivado;;interna;horaria_agregada;media
2014-02-04;;0;False;0;84100000;nivel;Epagri;;;2;False;diaria;dea0d5f08b8c0f64_diario_derivado;;interna;horaria_agregada;media
2014-02-05;;0;False;0;84100000;nivel;Epagri;;;2;False;diaria;dea0d5f08b8c0f64_diario_derivado;;interna;horaria_agregada;media
2014-02-06;;0;False;0;84100000;nivel;Epagri;;;2;False;diaria;dea0d5f08b8c0f64_diario_derivado;;interna;horaria_agregada;media
2014-02-07;;0;False;0;84100000;nivel;Epagri;;;2;False;diaria;dea0d5f08b8c0f64_diario_derivado;;interna;horaria_agregada;media
2014-02-08;;0;False;0;84100000;nivel;Epagri;;;2;False;diaria;dea0d5f08b8c0f64_diario_derivado;;interna;horaria_agregada;media
2014-02-09;;0;False;0;84100000;nivel;Epagri;;;2;False;diaria;dea0d5f08b8c0f64_diario_derivado;;interna;horaria_agregada;media
2014-02-10;;13;False;0;84100000;nivel;Epagri;;;2;False;diaria;dea0d5f08b8c0f64_diario_derivado;;interna;horaria_agregada;media
2014-02-11;160.20833333333334;24;True;0;84100000;nivel;Epagri;;;2;False;diaria;dea0d5f08b8c0f64_diario_derivado;;interna;horaria_agregada;media
2014-02-12;160.125;24;True;0;84100000;nivel;Epagri;;;2;False;diaria;dea0d5f08b8c0f64_diario_derivado;;interna;horaria_agregada;media
2014-02-13;159.79166666666666;24;True;0;84100000;nivel;Epagri;;;2;False;diaria;dea0d5f08b8c0f64_diario_derivado;;interna;horaria_agregada;media
2014-02-14;203.625;24;True;0;84100000;nivel;Epagri;;;2;False;diaria;dea0d5f08b8c0f64_diario_derivado;;interna;horaria_agregada;media
2014-02-15;181.58333333333334;24;True;0;84100000;nivel;Epagri;;;2;False;diaria;dea0d5f08b8c0f64_diario_derivado;;interna;horaria_agregada;media
2014-02-16;168.0;24;True;0;84100000;nivel;Epagri;;;2;False;diaria;dea0d5f08b8c0f64_diario_derivado;;interna;horaria_agregada;media
2014-02-17;165.41666666666666;24;True;0;84100000;nivel;Epagri;;;2;False;diaria;dea0d5f08b8c0f64_diario_derivado;;interna;horaria_agregada;media
2014-02-18;170.83333333333334;24;True;0;84100000;nivel;Epagri;;;2;False;diaria;dea0d5f08b8c0f64_diario_derivado;;interna;horaria_agregada;media
2014-02-19;175.25;24;True;0;84100000;nivel;Epagri;;;2;False;diaria;dea0d5f08b8c0f64_diario_derivado;;interna;horaria_agregada;media
2014-02-20;168.66666666666666;24;True;0;84100000;nivel;Epagri;;;2;False;diaria;dea0d5f08b8c0f64_diario_derivado;;interna;horaria_agregada;media
2014-02-21;164.875;24;True;0;84100000;nivel;Epagri;;;2;False;diaria;dea0d5f08b8c0f64_diario_derivado;;interna;horaria_agregada;media
2014-02-22;168.5;24;True;0;84100000;nivel;Epagri;;;2;False;diaria;dea0d5f08b8c0f64_diario_derivado;;interna;horaria_agregada;media
2014-02-23;168.29166666666666;24;True;0;84100000;nivel;Epagri;;;2;False;diaria;dea0d5f08b8c0f64_diario_derivado;;interna;horaria_agregada;media
2014-02-24;203.70833333333334;24;True;0;84100000;nivel;Epagri;;;2;False;diaria;dea0d5f08b8c0f64_diario_derivado;;interna;horaria_agregada;media
2014-02-25;182.20833333333334;24;True;0;84100000;nivel;Epagri;;;2;False;diaria;dea0d5f08b8c0f64_diario_derivado;;interna;horaria_agregada;media
2014-02-26;;23;False;0;84100000;nivel;Epagri;;;2;False;diaria;dea0d5f08b8c0f64_diario_derivado;;interna;horaria_agregada;media
2014-02-27;;20;False;0;84100000;nivel;Epagri;;;2;False;diaria;dea0d5f08b8c0f64_diario_derivado;;interna;horaria_agregada;media
2014-02-28;203.0;24;True;0;84100000;nivel;Epagri;;;2;False;diaria;dea0d5f08b8c0f64_diario_derivado;;interna;horaria_agregada;media
2014-03-01;185.54166666666666;24;True;0;84100000;nivel;Epagri;;;2;False;diaria;dea0d5f08b8c0f64_diario_derivado;;interna;horaria_agregada;media
2014-03-02;179.04166666666666;24;True;0;84100000;nivel;Epagri;;;2;False;diaria;dea0d5f08b8c0f64_diario_derivado;;interna;horaria_agregada;media
2014-03-03;175.79166666666666;24;True;0;84100000;nivel;Epagri;;;2;False;diaria;dea0d5f08b8c0f64_diario_derivado;;interna;horaria_agregada;media
2014-03-04;181.29166666666666;24;True;0;84100000;nivel;Epagri;;;2;False;diaria;dea0d5f08b8c0f64_diario_derivado;;interna;horaria_agregada;media
2014-03-05;187.33333333333334;24;True;0;84100000;nivel;Epagri;;;2;False;diaria;dea0d5f08b8c0f64_diario_derivado;;interna;horaria_agregada;media
2014-03-06;175.54166666666666;24;True;0;84100000;nivel;Epagri;;;2;False;diaria;dea0d5f08b8c0f64_diario_derivado;;interna;horaria_agregada;media
2014-03-07;172.125;24;True;0;84100000;nivel;Epagri;;;2;False;diaria;dea0d5f08b8c0f64_diario_derivado;;interna;horaria_agregada;media
2014-03-08;179.04166666666666;24;True;0;84100000;nivel;Epagri;;;2;False;diaria;dea0d5f08b8c0f64_diario_derivado;;interna;horaria_agregada;media
2014-03-09;;23;False;0;84100000;nivel;Epagri;;;2;False;diaria;dea0d5f08b8c0f64_diario_derivado;;interna;horaria_agregada;media
2014-03-10;179.66666666666666;24;True;0;84100000;nivel;Epagri;;;2;False;diaria;dea0d5f08b8c0f64_diario_derivado;;interna;horaria_agregada;media
2014-03-11;205.5;24;True;0;84100000;nivel;Epagri;;;2;False;diaria;dea0d5f08b8c0f64_diario_derivado;;interna;horaria_agregada;media
2014-03-12;;23;False;0;84100000;nivel;Epagri;;;2;False;diaria;dea0d5f08b8c0f64_diario_derivado;;interna;horaria_agregada;media
2014-03-13;212.66666666666666;24;True;0;84100000;nivel;Epagri;;;2;False;diaria;dea0d5f08b8c0f64_diario_derivado;;interna;horaria_agregada;media
2014-03-14;212.16666666666666;24;True;0;84100000;nivel;Epagri;;;2;False;diaria;dea0d5f08b8c0f64_diario_derivado;;interna;horaria_agregada;media
2014-03-15;192.66666666666666;24;True;0;84100000;nivel;Epagri;;;2;False;diaria;dea0d5f08b8c0f64_diario_derivado;;interna;horaria_agregada;media
2014-03-16;;2;False;0;84100000;nivel;Epagri;;;2;False;diaria;dea0d5f08b8c0f64_diario_derivado;;interna;horaria_agregada;media
2014-03-17;;0;False;0;84100000;nivel;Epagri;;;2;False;diaria;dea0d5f08b8c0f64_diario_derivado;;interna;horaria_agregada;media
2014-03-18;;1;False;0;84100000;nivel;Epagri;;;2;False;diaria;dea0d5f08b8c0f64_diario_derivado;;interna;horaria_agregada;media
2014-03-19;;0;False;0;84100000;nivel;Epagri;;;2;False;diaria;dea0d5f08b8c0f64_diario_derivado;;interna;horaria_agregada;media
2014-03-20;;0;False;0;84100000;nivel;Epagri;;;2;False;diaria;dea0d5f08b8c0f64_diario_derivado;;interna;horaria_agregada;media
2014-03-21;;0;False;0;84100000;nivel;Epagri;;;2;False;diaria;dea0d5f08b8c0f64_diario_derivado;;interna;horaria_agregada;media
2014-03-22;;0;False;0;84100000;nivel;Epagri;;;2;False;diaria;dea0d5f08b8c0f64_diario_derivado;;interna;horaria_agregada;media
2014-03-23;;0;False;0;84100000;nivel;Epagri;;;2;False;diaria;dea0d5f08b8c0f64_diario_derivado;;interna;horaria_agregada;media
2014-03-24;;0;False;0;84100000;nivel;Epagri;;;2;False;diaria;dea0d5f08b8c0f64_diario_derivado;;interna;horaria_agregada;media
2014-03-25;;11;False;0;84100000;nivel;Epagri;;;2;False;diaria;dea0d5f08b8c0f64_diario_derivado;;interna;horaria_agregada;media
2014-03-26;176.625;24;True;0;84100000;nivel;Epagri;;;2;False;diaria;dea0d5f08b8c0f64_diario_derivado;;interna;horaria_agregada;media
2014-03-27;203.83333333333334;24;True;0;84100000;nivel;Epagri;;;2;False;diaria;dea0d5f08b8c0f64_diario_derivado;;interna;horaria_agregada;media
2014-03-28;189.16666666666666;24;True;0;84100000;nivel;Epagri;;;2;False;diaria;dea0d5f08b8c0f64_diario_derivado;;interna;horaria_agregada;media
2014-03-29;;10;False;0;84100000;nivel;Epagri;;;2;False;diaria;dea0d5f08b8c0f64_diario_derivado;;interna;horaria_agregada;media
2014-03-30;;21;False;0;84100000;nivel;Epagri;;;2;False;diaria;dea0d5f08b8c0f64_diario_derivado;;interna;horaria_agregada;media
2014-03-31;189.95833333333334;24;True;0;84100000;nivel;Epagri;;;2;False;diaria;dea0d5f08b8c0f64_diario_derivado;;interna;horaria_agregada;media
2014-04-01;190.95833333333334;24;True;0;84100000;nivel;Epagri;;;2;False;diaria;dea0d5f08b8c0f64_diario_derivado;;interna;horaria_agregada;media
2014-04-02;194.5;24;True;0;84100000;nivel;Epagri;;;2;False;diaria;dea0d5f08b8c0f64_diario_derivado;;interna;horaria_agregada;media
2014-04-03;206.375;24;True;0;84100000;nivel;Epagri;;;2;False;diaria;dea0d5f08b8c0f64_diario_derivado;;interna;horaria_agregada;media
2014-04-04;193.66666666666666;24;True;0;84100000;nivel;Epagri;;;2;False;diaria;dea0d5f08b8c0f64_diario_derivado;;interna;horaria_agregada;media
2014-04-05;185.45833333333334;24;True;0;84100000;nivel;Epagri;;;2;False;diaria;dea0d5f08b8c0f64_diario_derivado;;interna;horaria_agregada;media
2014-04-06;181.20833333333334;24;True;0;84100000;nivel;Epagri;;;2;False;diaria;dea0d5f08b8c0f64_diario_derivado;;interna;horaria_agregada;media
2014-04-07;178.83333333333334;24;True;0;84100000;nivel;Epagri;;;2;False;diaria;dea0d5f08b8c0f64_diario_derivado;;interna;horaria_agregada;media
2014-04-08;177.25;24;True;0;84100000;nivel;Epagri;;;2;False;diaria;dea0d5f08b8c0f64_diario_derivado;;interna;horaria_agregada;media
2014-04-09;190.625;24;True;0;84100000;nivel;Epagri;;;2;False;diaria;dea0d5f08b8c0f64_diario_derivado;;interna;horaria_agregada;media
2014-04-10;180.5;24;True;0;84100000;nivel;Epagri;;;2;False;diaria;dea0d5f08b8c0f64_diario_derivado;;interna;horaria_agregada;media
2014-04-11;177.45833333333334;24;True;0;84100000;nivel;Epagri;;;2;False;diaria;dea0d5f08b8c0f64_diario_derivado;;interna;horaria_agregada;media
2014-04-12;178.20833333333334;24;True;0;84100000;nivel;Epagri;;;2;False;diaria;dea0d5f08b8c0f64_diario_derivado;;interna;horaria_agregada;media
2014-04-13;177.58333333333334;24;True;0;84100000;nivel;Epagri;;;2;False;diaria;dea0d5f08b8c0f64_diario_derivado;;interna;horaria_agregada;media
2014-04-14;174.20833333333334;24;True;0;84100000;nivel;Epagri;;;2;False;diaria;dea0d5f08b8c0f64_diario_derivado;;interna;horaria_agregada;media
2014-04-15;173.04166666666666;24;True;0;84100000;nivel;Epagri;;;2;False;diaria;dea0d5f08b8c0f64_diario_derivado;;interna;horaria_agregada;media
2014-04-16;173.54166666666666;24;True;0;84100000;nivel;Epagri;;;2;False;diaria;dea0d5f08b8c0f64_diario_derivado;;interna;horaria_agregada;media
2014-04-17;174.08333333333334;24;True;0;84100000;nivel;Epagri;;;2;False;diaria;dea0d5f08b8c0f64_diario_derivado;;interna;horaria_agregada;media
2014-04-18;173.29166666666666;24;True;0;84100000;nivel;Epagri;;;2;False;diaria;dea0d5f08b8c0f64_diario_derivado;;interna;horaria_agregada;media
2014-04-19;;23;False;0;84100000;nivel;Epagri;;;2;False;diaria;dea0d5f08b8c0f64_diario_derivado;;interna;horaria_agregada;media
2014-04-20;;21;False;0;84100000;nivel;Epagri;;;2;False;diaria;dea0d5f08b8c0f64_diario_derivado;;interna;horaria_agregada;media
2014-04-21;179.625;24;True;0;84100000;nivel;Epagri;;;2;False;diaria;dea0d5f08b8c0f64_diario_derivado;;interna;horaria_agregada;media
2014-04-22;176.54166666666666;24;True;0;84100000;nivel;Epagri;;;2;False;diaria;dea0d5f08b8c0f64_diario_derivado;;interna;horaria_agregada;media
2014-04-23;;23;False;0;84100000;nivel;Epagri;;;2;False;diaria;dea0d5f08b8c0f64_diario_derivado;;interna;horaria_agregada;media
2014-04-24;174.04166666666666;24;True;0;84100000;nivel;Epagri;;;2;False;diaria;dea0d5f08b8c0f64_diario_derivado;;interna;horaria_agregada;media
2014-04-25;174.04166666666666;24;True;0;84100000;nivel;Epagri;;;2;False;diaria;dea0d5f08b8c0f64_diario_derivado;;interna;horaria_agregada;media
2014-04-26;172.375;24;True;0;84100000;nivel;Epagri;;;2;False;diaria;dea0d5f08b8c0f64_diario_derivado;;interna;horaria_agregada;media
2014-04-27;171.54166666666666;24;True;0;84100000;nivel;Epagri;;;2;False;diaria;dea0d5f08b8c0f64_diario_derivado;;interna;horaria_agregada;media
2014-04-28;172.625;24;True;0;84100000;nivel;Epagri;;;2;False;diaria;dea0d5f08b8c0f64_diario_derivado;;interna;horaria_agregada;media
2014-04-29;171.58333333333334;24;True;0;84100000;nivel;Epagri;;;2;False;diaria;dea0d5f08b8c0f64_diario_derivado;;interna;horaria_agregada;media
2014-04-30;171.75;24;True;0;84100000;nivel;Epagri;;;2;False;diaria;dea0d5f08b8c0f64_diario_derivado;;interna;horaria_agregada;media
2014-05-01;186.20833333333334;24;True;0;84100000;nivel;Epagri;;;2;False;diaria;dea0d5f08b8c0f64_diario_derivado;;interna;horaria_agregada;media
2014-05-02;175.125;24;True;0;84100000;nivel;Epagri;;;2;False;diaria;dea0d5f08b8c0f64_diario_derivado;;interna;horaria_agregada;media
2014-05-03;171.75;24;True;0;84100000;nivel;Epagri;;;2;False;diaria;dea0d5f08b8c0f64_diario_derivado;;interna;horaria_agregada;media
2014-05-04;171.125;24;True;0;84100000;nivel;Epagri;;;2;False;diaria;dea0d5f08b8c0f64_diario_derivado;;interna;horaria_agregada;media
2014-05-05;170.625;24;True;0;84100000;nivel;Epagri;;;2;False;diaria;dea0d5f08b8c0f64_diario_derivado;;interna;horaria_agregada;media
2014-05-06;171.25;24;True;0;84100000;nivel;Epagri;;;2;False;diaria;dea0d5f08b8c0f64_diario_derivado;;interna;horaria_agregada;media
2014-05-07;170.375;24;True;0;84100000;nivel;Epagri;;;2;False;diaria;dea0d5f08b8c0f64_diario_derivado;;interna;horaria_agregada;media
2014-05-08;173.625;24;True;0;84100000;nivel;Epagri;;;2;False;diaria;dea0d5f08b8c0f64_diario_derivado;;interna;horaria_agregada;media
2014-05-09;172.5;24;True;0;84100000;nivel;Epagri;;;2;False;diaria;dea0d5f08b8c0f64_diario_derivado;;interna;horaria_agregada;media
2014-05-10;169.33333333333334;24;True;0;84100000;nivel;Epagri;;;2;False;diaria;dea0d5f08b8c0f64_diario_derivado;;interna;horaria_agregada;media
2014-05-11;170.58333333333334;24;True;0;84100000;nivel;Epagri;;;2;False;diaria;dea0d5f08b8c0f64_diario_derivado;;interna;horaria_agregada;media
2014-05-12;169.54166666666666;24;True;0;84100000;nivel;Epagri;;;2;False;diaria;dea0d5f08b8c0f64_diario_derivado;;interna;horaria_agregada;media
2014-05-13;169.0;24;True;0;84100000;nivel;Epagri;;;2;False;diaria;dea0d5f08b8c0f64_diario_derivado;;interna;horaria_agregada;media
2014-05-14;169.45833333333334;24;True;0;84100000;nivel;Epagri;;;2;False;diaria;dea0d5f08b8c0f64_diario_derivado;;interna;horaria_agregada;media
2014-05-15;168.75;24;True;0;84100000;nivel;Epagri;;;2;False;diaria;dea0d5f08b8c0f64_diario_derivado;;interna;horaria_agregada;media
2014-05-16;170.375;24;True;0;84100000;nivel;Epagri;;;2;False;diaria;dea0d5f08b8c0f64_diario_derivado;;interna;horaria_agregada;media
2014-05-17;168.75;24;True;0;84100000;nivel;Epagri;;;2;False;diaria;dea0d5f08b8c0f64_diario_derivado;;interna;horaria_agregada;media
2014-05-18;167.875;24;True;0;84100000;nivel;Epagri;;;2;False;diaria;dea0d5f08b8c0f64_diario_derivado;;interna;horaria_agregada;media
2014-05-19;167.29166666666666;24;True;0;84100000;nivel;Epagri;;;2;False;diaria;dea0d5f08b8c0f64_diario_derivado;;interna;horaria_agregada;media
2014-05-20;167.16666666666666;24;True;0;84100000;nivel;Epagri;;;2;False;diaria;dea0d5f08b8c0f64_diario_derivado;;interna;horaria_agregada;media
2014-05-21;167.29166666666666;24;True;0;84100000;nivel;Epagri;;;2;False;diaria;dea0d5f08b8c0f64_diario_derivado;;interna;horaria_agregada;media
2014-05-22;;19;False;0;84100000;nivel;Epagri;;;2;False;diaria;dea0d5f08b8c0f64_diario_derivado;;interna;horaria_agregada;media
2014-05-23;177.83333333333334;24;True;0;84100000;nivel;Epagri;;;2;False;diaria;dea0d5f08b8c0f64_diario_derivado;;interna;horaria_agregada;media
2014-05-24;173.04166666666666;24;True;0;84100000;nivel;Epagri;;;2;False;diaria;dea0d5f08b8c0f64_diario_derivado;;interna;horaria_agregada;media
2014-05-25;169.875;24;True;0;84100000;nivel;Epagri;;;2;False;diaria;dea0d5f08b8c0f64_diario_derivado;;interna;horaria_agregada;media
2014-05-26;;22;False;0;84100000;nivel;Epagri;;;2;False;diaria;dea0d5f08b8c0f64_diario_derivado;;interna;horaria_agregada;media
2014-05-27;184.79166666666666;24;True;0;84100000;nivel;Epagri;;;2;False;diaria;dea0d5f08b8c0f64_diario_derivado;;interna;horaria_agregada;media
2014-05-28;175.625;24;True;0;84100000;nivel;Epagri;;;2;False;diaria;dea0d5f08b8c0f64_diario_derivado;;interna;horaria_agregada;media
2014-05-29;172.125;24;True;0;84100000;nivel;Epagri;;;2;False;diaria;dea0d5f08b8c0f64_diario_derivado;;interna;horaria_agregada;media
2014-05-30;170.91666666666666;24;True;0;84100000;nivel;Epagri;;;2;False;diaria;dea0d5f08b8c0f64_diario_derivado;;interna;horaria_agregada;media
2014-05-31;170.33333333333334;24;True;0;84100000;nivel;Epagri;;;2;False;diaria;dea0d5f08b8c0f64_diario_derivado;;interna;horaria_agregada;media
2014-06-01;174.5;24;True;0;84100000;nivel;Epagri;;;2;False;diaria;dea0d5f08b8c0f64_diario_derivado;;interna;horaria_agregada;media
2014-06-02;170.04166666666666;24;True;0;84100000;nivel;Epagri;;;2;False;diaria;dea0d5f08b8c0f64_diario_derivado;;interna;horaria_agregada;media
2014-06-03;168.0;24;True;0;84100000;nivel;Epagri;;;2;False;diaria;dea0d5f08b8c0f64_diario_derivado;;interna;horaria_agregada;media
2014-06-04;167.41666666666666;24;True;0;84100000;nivel;Epagri;;;2;False;diaria;dea0d5f08b8c0f64_diario_derivado;;interna;horaria_agregada;media
2014-06-05;192.08333333333334;24;True;0;84100000;nivel;Epagri;;;2;False;diaria;dea0d5f08b8c0f64_diario_derivado;;interna;horaria_agregada;media
2014-06-06;226.04166666666666;24;True;0;84100000;nivel;Epagri;;;2;False;diaria;dea0d5f08b8c0f64_diario_derivado;;interna;horaria_agregada;media
2014-06-07;186.45833333333334;24;True;0;84100000;nivel;Epagri;;;2;False;diaria;dea0d5f08b8c0f64_diario_derivado;;interna;horaria_agregada;media
2014-06-08;223.875;24;True;0;84100000;nivel;Epagri;;;2;False;diaria;dea0d5f08b8c0f64_diario_derivado;;interna;horaria_agregada;media
2014-06-09;237.95833333333334;24;True;0;84100000;nivel;Epagri;;;2;False;diaria;dea0d5f08b8c0f64_diario_derivado;;interna;horaria_agregada;media
2014-06-10;;22;False;0;84100000;nivel;Epagri;;;2;False;diaria;dea0d5f08b8c0f64_diario_derivado;;interna;horaria_agregada;media
2014-06-11;184.625;24;True;0;84100000;nivel;Epagri;;;2;False;diaria;dea0d5f08b8c0f64_diario_derivado;;interna;horaria_agregada;media
2014-06-12;205.33333333333334;24;True;0;84100000;nivel;Epagri;;;2;False;diaria;dea0d5f08b8c0f64_diario_derivado;;interna;horaria_agregada;media
2014-06-13;191.04166666666666;24;True;0;84100000;nivel;Epagri;;;2;False;diaria;dea0d5f08b8c0f64_diario_derivado;;interna;horaria_agregada;media
2014-06-14;185.95833333333334;24;True;0;84100000;nivel;Epagri;;;2;False;diaria;dea0d5f08b8c0f64_diario_derivado;;interna;horaria_agregada;media
2014-06-15;183.375;24;True;0;84100000;nivel;Epagri;;;2;False;diaria;dea0d5f08b8c0f64_diario_derivado;;interna;horaria_agregada;media
2014-06-16;181.79166666666666;24;True;0;84100000;nivel;Epagri;;;2;False;diaria;dea0d5f08b8c0f64_diario_derivado;;interna;horaria_agregada;media
2014-06-17;179.45833333333334;24;True;0;84100000;nivel;Epagri;;;2;False;diaria;dea0d5f08b8c0f64_diario_derivado;;interna;horaria_agregada;media
2014-06-18;190.83333333333334;24;True;0;84100000;nivel;Epagri;;;2;False;diaria;dea0d5f08b8c0f64_diario_derivado;;interna;horaria_agregada;media
2014-06-19;182.70833333333334;24;True;0;84100000;nivel;Epagri;;;2;False;diaria;dea0d5f08b8c0f64_diario_derivado;;interna;horaria_agregada;media
2014-06-20;177.66666666666666;24;True;0;84100000;nivel;Epagri;;;2;False;diaria;dea0d5f08b8c0f64_diario_derivado;;interna;horaria_agregada;media
2014-06-21;176.625;24;True;0;84100000;nivel;Epagri;;;2;False;diaria;dea0d5f08b8c0f64_diario_derivado;;interna;horaria_agregada;media
2014-06-22;175.625;24;True;0;84100000;nivel;Epagri;;;2;False;diaria;dea0d5f08b8c0f64_diario_derivado;;interna;horaria_agregada;media
2014-06-23;175.25;24;True;0;84100000;nivel;Epagri;;;2;False;diaria;dea0d5f08b8c0f64_diario_derivado;;interna;horaria_agregada;media
2014-06-24;174.75;24;True;0;84100000;nivel;Epagri;;;2;False;diaria;dea0d5f08b8c0f64_diario_derivado;;interna;horaria_agregada;media
2014-06-25;174.70833333333334;24;True;0;84100000;nivel;Epagri;;;2;False;diaria;dea0d5f08b8c0f64_diario_derivado;;interna;horaria_agregada;media
2014-06-26;177.875;24;True;0;84100000;nivel;Epagri;;;2;False;diaria;dea0d5f08b8c0f64_diario_derivado;;interna;horaria_agregada;media
2014-06-27;247.16666666666666;24;True;0;84100000;nivel;Epagri;;;2;False;diaria;dea0d5f08b8c0f64_diario_derivado;;interna;horaria_agregada;media
2014-06-28;316.25;24;True;0;84100000;nivel;Epagri;;;2;False;diaria;dea0d5f08b8c0f64_diario_derivado;;interna;horaria_agregada;media
2014-06-29;275.4166666666667;24;True;0;84100000;nivel;Epagri;;;2;False;diaria;dea0d5f08b8c0f64_diario_derivado;;interna;horaria_agregada;media
2014-06-30;217.79166666666666;24;True;0;84100000;nivel;Epagri;;;2;False;diaria;dea0d5f08b8c0f64_diario_derivado;;interna;horaria_agregada;media
2014-07-01;201.625;24;True;0;84100000;nivel;Epagri;;;2;False;diaria;dea0d5f08b8c0f64_diario_derivado;;interna;horaria_agregada;media
2014-07-02;;23;False;0;84100000;nivel;Epagri;;;2;False;diaria;dea0d5f08b8c0f64_diario_derivado;;interna;horaria_agregada;media
2014-07-03;190.91666666666666;24;True;0;84100000;nivel;Epagri;;;2;False;diaria;dea0d5f08b8c0f64_diario_derivado;;interna;horaria_agregada;media
2014-07-04;187.91666666666666;24;True;0;84100000;nivel;Epagri;;;2;False;diaria;dea0d5f08b8c0f64_diario_derivado;;interna;horaria_agregada;media
2014-07-05;185.83333333333334;24;True;0;84100000;nivel;Epagri;;;2;False;diaria;dea0d5f08b8c0f64_diario_derivado;;interna;horaria_agregada;media
2014-07-06;184.33333333333334;24;True;0;84100000;nivel;Epagri;;;2;False;diaria;dea0d5f08b8c0f64_diario_derivado;;interna;horaria_agregada;media
2014-07-07;184.20833333333334;24;True;0;84100000;nivel;Epagri;;;2;False;diaria;dea0d5f08b8c0f64_diario_derivado;;interna;horaria_agregada;media
2014-07-08;182.79166666666666;24;True;0;84100000;nivel;Epagri;;;2;False;diaria;dea0d5f08b8c0f64_diario_derivado;;interna;horaria_agregada;media
2014-07-09;181.41666666666666;24;True;0;84100000;nivel;Epagri;;;2;False;diaria;dea0d5f08b8c0f64_diario_derivado;;interna;horaria_agregada;media
2014-07-10;183.375;24;True;0;84100000;nivel;Epagri;;;2;False;diaria;dea0d5f08b8c0f64_diario_derivado;;interna;horaria_agregada;media
2014-07-11;187.33333333333334;24;True;0;84100000;nivel;Epagri;;;2;False;diaria;dea0d5f08b8c0f64_diario_derivado;;interna;horaria_agregada;media
2014-07-12;190.125;24;True;0;84100000;nivel;Epagri;;;2;False;diaria;dea0d5f08b8c0f64_diario_derivado;;interna;horaria_agregada;media
2014-07-13;191.75;24;True;0;84100000;nivel;Epagri;;;2;False;diaria;dea0d5f08b8c0f64_diario_derivado;;interna;horaria_agregada;media
2014-07-14;;23;False;0;84100000;nivel;Epagri;;;2;False;diaria;dea0d5f08b8c0f64_diario_derivado;;interna;horaria_agregada;media
2014-07-15;;22;False;0;84100000;nivel;Epagri;;;2;False;diaria;dea0d5f08b8c0f64_diario_derivado;;interna;horaria_agregada;media
2014-07-16;;22;False;0;84100000;nivel;Epagri;;;2;False;diaria;dea0d5f08b8c0f64_diario_derivado;;interna;horaria_agregada;media
2014-07-17;182.5;24;True;0;84100000;nivel;Epagri;;;2;False;diaria;dea0d5f08b8c0f64_diario_derivado;;interna;horaria_agregada;media
2014-07-18;180.79166666666666;24;True;0;84100000;nivel;Epagri;;;2;False;diaria;dea0d5f08b8c0f64_diario_derivado;;interna;horaria_agregada;media
2014-07-19;178.45833333333334;24;True;0;84100000;nivel;Epagri;;;2;False;diaria;dea0d5f08b8c0f64_diario_derivado;;interna;horaria_agregada;media
2014-07-20;177.625;24;True;0;84100000;nivel;Epagri;;;2;False;diaria;dea0d5f08b8c0f64_diario_derivado;;interna;horaria_agregada;media
2014-07-21;177.04166666666666;24;True;0;84100000;nivel;Epagri;;;2;False;diaria;dea0d5f08b8c0f64_diario_derivado;;interna;horaria_agregada;media
2014-07-22;177.16666666666666;24;True;0;84100000;nivel;Epagri;;;2;False;diaria;dea0d5f08b8c0f64_diario_derivado;;interna;horaria_agregada;media
2014-07-23;176.58333333333334;24;True;0;84100000;nivel;Epagri;;;2;False;diaria;dea0d5f08b8c0f64_diario_derivado;;interna;horaria_agregada;media
2014-07-24;196.58333333333334;24;True;0;84100000;nivel;Epagri;;;2;False;diaria;dea0d5f08b8c0f64_diario_derivado;;interna;horaria_agregada;media
2014-07-25;193.08333333333334;24;True;0;84100000;nivel;Epagri;;;2;False;diaria;dea0d5f08b8c0f64_diario_derivado;;interna;horaria_agregada;media
2014-07-26;180.04166666666666;24;True;0;84100000;nivel;Epagri;;;2;False;diaria;dea0d5f08b8c0f64_diario_derivado;;interna;horaria_agregada;media
2014-07-27;178.45833333333334;24;True;0;84100000;nivel;Epagri;;;2;False;diaria;dea0d5f08b8c0f64_diario_derivado;;interna;horaria_agregada;media
2014-07-28;177.0;24;True;0;84100000;nivel;Epagri;;;2;False;diaria;dea0d5f08b8c0f64_diario_derivado;;interna;horaria_agregada;media
2014-07-29;176.66666666666666;24;True;0;84100000;nivel;Epagri;;;2;False;diaria;dea0d5f08b8c0f64_diario_derivado;;interna;horaria_agregada;media
2014-07-30;178.0;24;True;0;84100000;nivel;Epagri;;;2;False;diaria;dea0d5f08b8c0f64_diario_derivado;;interna;horaria_agregada;media
2014-07-31;176.58333333333334;24;True;0;84100000;nivel;Epagri;;;2;False;diaria;dea0d5f08b8c0f64_diario_derivado;;interna;horaria_agregada;media
2014-08-01;176.29166666666666;24;True;0;84100000;nivel;Epagri;;;2;False;diaria;dea0d5f08b8c0f64_diario_derivado;;interna;horaria_agregada;media
2014-08-02;181.41666666666666;24;True;0;84100000;nivel;Epagri;;;2;False;diaria;dea0d5f08b8c0f64_diario_derivado;;interna;horaria_agregada;media
2014-08-03;176.29166666666666;24;True;0;84100000;nivel;Epagri;;;2;False;diaria;dea0d5f08b8c0f64_diario_derivado;;interna;horaria_agregada;media
2014-08-04;175.45833333333334;24;True;0;84100000;nivel;Epagri;;;2;False;diaria;dea0d5f08b8c0f64_diario_derivado;;interna;horaria_agregada;media
2014-08-05;178.20833333333334;24;True;0;84100000;nivel;Epagri;;;2;False;diaria;dea0d5f08b8c0f64_diario_derivado;;interna;horaria_agregada;media
2014-08-06;173.625;24;True;0;84100000;nivel;Epagri;;;2;False;diaria;dea0d5f08b8c0f64_diario_derivado;;interna;horaria_agregada;media
2014-08-07;173.45833333333334;24;True;0;84100000;nivel;Epagri;;;2;False;diaria;dea0d5f08b8c0f64_diario_derivado;;interna;horaria_agregada;media
2014-08-08;172.25;24;True;0;84100000;nivel;Epagri;;;2;False;diaria;dea0d5f08b8c0f64_diario_derivado;;interna;horaria_agregada;media
2014-08-09;172.25;24;True;0;84100000;nivel;Epagri;;;2;False;diaria;dea0d5f08b8c0f64_diario_derivado;;interna;horaria_agregada;media
2014-08-10;172.66666666666666;24;True;0;84100000;nivel;Epagri;;;2;False;diaria;dea0d5f08b8c0f64_diario_derivado;;interna;horaria_agregada;media
2014-08-11;172.58333333333334;24;True;0;84100000;nivel;Epagri;;;2;False;diaria;dea0d5f08b8c0f64_diario_derivado;;interna;horaria_agregada;media
2014-08-12;172.16666666666666;24;True;0;84100000;nivel;Epagri;;;2;False;diaria;dea0d5f08b8c0f64_diario_derivado;;interna;horaria_agregada;media
2014-08-13;188.41666666666666;24;True;0;84100000;nivel;Epagri;;;2;False;diaria;dea0d5f08b8c0f64_diario_derivado;;interna;horaria_agregada;media
2014-08-14;;23;False;0;84100000;nivel;Epagri;;;2;False;diaria;dea0d5f08b8c0f64_diario_derivado;;interna;horaria_agregada;media
2014-08-15;171.58333333333334;24;True;0;84100000;nivel;Epagri;;;2;False;diaria;dea0d5f08b8c0f64_diario_derivado;;interna;horaria_agregada;media
2014-08-16;208.54166666666666;24;True;0;84100000;nivel;Epagri;;;2;False;diaria;dea0d5f08b8c0f64_diario_derivado;;interna;horaria_agregada;media
2014-08-17;199.5;24;True;0;84100000;nivel;Epagri;;;2;False;diaria;dea0d5f08b8c0f64_diario_derivado;;interna;horaria_agregada;media
2014-08-18;180.95833333333334;24;True;0;84100000;nivel;Epagri;;;2;False;diaria;dea0d5f08b8c0f64_diario_derivado;;interna;horaria_agregada;media
2014-08-19;177.25;24;True;0;84100000;nivel;Epagri;;;2;False;diaria;dea0d5f08b8c0f64_diario_derivado;;interna;horaria_agregada;media
2014-08-20;175.125;24;True;0;84100000;nivel;Epagri;;;2;False;diaria;dea0d5f08b8c0f64_diario_derivado;;interna;horaria_agregada;media
2014-08-21;174.0;24;True;0;84100000;nivel;Epagri;;;2;False;diaria;dea0d5f08b8c0f64_diario_derivado;;interna;horaria_agregada;media
2014-08-22;173.0;24;True;0;84100000;nivel;Epagri;;;2;False;diaria;dea0d5f08b8c0f64_diario_derivado;;interna;horaria_agregada;media
2014-08-23;171.95833333333334;24;True;0;84100000;nivel;Epagri;;;2;False;diaria;dea0d5f08b8c0f64_diario_derivado;;interna;horaria_agregada;media
2014-08-24;171.875;24;True;0;84100000;nivel;Epagri;;;2;False;diaria;dea0d5f08b8c0f64_diario_derivado;;interna;horaria_agregada;media
2014-08-25;171.29166666666666;24;True;0;84100000;nivel;Epagri;;;2;False;diaria;dea0d5f08b8c0f64_diario_derivado;;interna;horaria_agregada;media
2014-08-26;174.66666666666666;24;True;0;84100000;nivel;Epagri;;;2;False;diaria;dea0d5f08b8c0f64_diario_derivado;;interna;horaria_agregada;media
2014-08-27;170.20833333333334;24;True;0;84100000;nivel;Epagri;;;2;False;diaria;dea0d5f08b8c0f64_diario_derivado;;interna;horaria_agregada;media
2014-08-28;169.20833333333334;24;True;0;84100000;nivel;Epagri;;;2;False;diaria;dea0d5f08b8c0f64_diario_derivado;;interna;horaria_agregada;media
2014-08-29;169.08333333333334;24;True;0;84100000;nivel;Epagri;;;2;False;diaria;dea0d5f08b8c0f64_diario_derivado;;interna;horaria_agregada;media
2014-08-30;169.08333333333334;24;True;0;84100000;nivel;Epagri;;;2;False;diaria;dea0d5f08b8c0f64_diario_derivado;;interna;horaria_agregada;media
2014-08-31;177.41666666666666;24;True;0;84100000;nivel;Epagri;;;2;False;diaria;dea0d5f08b8c0f64_diario_derivado;;interna;horaria_agregada;media
2014-09-01;175.5;24;True;0;84100000;nivel;Epagri;;;2;False;diaria;dea0d5f08b8c0f64_diario_derivado;;interna;horaria_agregada;media
2014-09-02;174.33333333333334;24;True;0;84100000;nivel;Epagri;;;2;False;diaria;dea0d5f08b8c0f64_diario_derivado;;interna;horaria_agregada;media
2014-09-03;185.79166666666666;24;True;0;84100000;nivel;Epagri;;;2;False;diaria;dea0d5f08b8c0f64_diario_derivado;;interna;horaria_agregada;media
2014-09-04;176.66666666666666;24;True;0;84100000;nivel;Epagri;;;2;False;diaria;dea0d5f08b8c0f64_diario_derivado;;interna;horaria_agregada;media
2014-09-05;196.0;24;True;0;84100000;nivel;Epagri;;;2;False;diaria;dea0d5f08b8c0f64_diario_derivado;;interna;horaria_agregada;media
2014-09-06;183.79166666666666;24;True;0;84100000;nivel;Epagri;;;2;False;diaria;dea0d5f08b8c0f64_diario_derivado;;interna;horaria_agregada;media
2014-09-07;178.45833333333334;24;True;0;84100000;nivel;Epagri;;;2;False;diaria;dea0d5f08b8c0f64_diario_derivado;;interna;horaria_agregada;media
2014-09-08;174.875;24;True;0;84100000;nivel;Epagri;;;2;False;diaria;dea0d5f08b8c0f64_diario_derivado;;interna;horaria_agregada;media
2014-09-09;172.83333333333334;24;True;0;84100000;nivel;Epagri;;;2;False;diaria;dea0d5f08b8c0f64_diario_derivado;;interna;horaria_agregada;media
2014-09-10;171.625;24;True;0;84100000;nivel;Epagri;;;2;False;diaria;dea0d5f08b8c0f64_diario_derivado;;interna;horaria_agregada;media
2014-09-11;170.0;24;True;0;84100000;nivel;Epagri;;;2;False;diaria;dea0d5f08b8c0f64_diario_derivado;;interna;horaria_agregada;media
2014-09-12;169.875;24;True;0;84100000;nivel;Epagri;;;2;False;diaria;dea0d5f08b8c0f64_diario_derivado;;interna;horaria_agregada;media
2014-09-13;170.875;24;True;0;84100000;nivel;Epagri;;;2;False;diaria;dea0d5f08b8c0f64_diario_derivado;;interna;horaria_agregada;media
2014-09-14;169.45833333333334;24;True;0;84100000;nivel;Epagri;;;2;False;diaria;dea0d5f08b8c0f64_diario_derivado;;interna;horaria_agregada;media
2014-09-15;169.0;24;True;0;84100000;nivel;Epagri;;;2;False;diaria;dea0d5f08b8c0f64_diario_derivado;;interna;horaria_agregada;media
2014-09-16;167.66666666666666;24;True;0;84100000;nivel;Epagri;;;2;False;diaria;dea0d5f08b8c0f64_diario_derivado;;interna;horaria_agregada;media
2014-09-17;167.16666666666666;24;True;0;84100000;nivel;Epagri;;;2;False;diaria;dea0d5f08b8c0f64_diario_derivado;;interna;horaria_agregada;media
2014-09-18;168.66666666666666;24;True;0;84100000;nivel;Epagri;;;2;False;diaria;dea0d5f08b8c0f64_diario_derivado;;interna;horaria_agregada;media
2014-09-19;182.29166666666666;24;True;0;84100000;nivel;Epagri;;;2;False;diaria;dea0d5f08b8c0f64_diario_derivado;;interna;horaria_agregada;media
2014-09-20;173.58333333333334;24;True;0;84100000;nivel;Epagri;;;2;False;diaria;dea0d5f08b8c0f64_diario_derivado;;interna;horaria_agregada;media
2014-09-21;174.04166666666666;24;True;0;84100000;nivel;Epagri;;;2;False;diaria;dea0d5f08b8c0f64_diario_derivado;;interna;horaria_agregada;media
2014-09-22;168.125;24;True;0;84100000;nivel;Epagri;;;2;False;diaria;dea0d5f08b8c0f64_diario_derivado;;interna;horaria_agregada;media
2014-09-23;167.58333333333334;24;True;0;84100000;nivel;Epagri;;;2;False;diaria;dea0d5f08b8c0f64_diario_derivado;;interna;horaria_agregada;media
2014-09-24;181.66666666666666;24;True;0;84100000;nivel;Epagri;;;2;False;diaria;dea0d5f08b8c0f64_diario_derivado;;interna;horaria_agregada;media
2014-09-25;177.91666666666666;24;True;0;84100000;nivel;Epagri;;;2;False;diaria;dea0d5f08b8c0f64_diario_derivado;;interna;horaria_agregada;media
2014-09-26;184.70833333333334;24;True;0;84100000;nivel;Epagri;;;2;False;diaria;dea0d5f08b8c0f64_diario_derivado;;interna;horaria_agregada;media
2014-09-27;187.16666666666666;24;True;0;84100000;nivel;Epagri;;;2;False;diaria;dea0d5f08b8c0f64_diario_derivado;;interna;horaria_agregada;media
2014-09-28;179.45833333333334;24;True;0;84100000;nivel;Epagri;;;2;False;diaria;dea0d5f08b8c0f64_diario_derivado;;interna;horaria_agregada;media
2014-09-29;247.625;24;True;0;84100000;nivel;Epagri;;;2;False;diaria;dea0d5f08b8c0f64_diario_derivado;;interna;horaria_agregada;media
2014-09-30;208.375;24;True;0;84100000;nivel;Epagri;;;2;False;diaria;dea0d5f08b8c0f64_diario_derivado;;interna;horaria_agregada;media
2014-10-01;235.54166666666666;24;True;0;84100000;nivel;Epagri;;;2;False;diaria;dea0d5f08b8c0f64_diario_derivado;;interna;horaria_agregada;media
2014-10-02;193.125;24;True;0;84100000;nivel;Epagri;;;2;False;diaria;dea0d5f08b8c0f64_diario_derivado;;interna;horaria_agregada;media
2014-10-03;183.29166666666666;24;True;0;84100000;nivel;Epagri;;;2;False;diaria;dea0d5f08b8c0f64_diario_derivado;;interna;horaria_agregada;media
2014-10-04;179.58333333333334;24;True;0;84100000;nivel;Epagri;;;2;False;diaria;dea0d5f08b8c0f64_diario_derivado;;interna;horaria_agregada;media
2014-10-05;177.625;24;True;0;84100000;nivel;Epagri;;;2;False;diaria;dea0d5f08b8c0f64_diario_derivado;;interna;horaria_agregada;media
2014-10-06;176.25;24;True;0;84100000;nivel;Epagri;;;2;False;diaria;dea0d5f08b8c0f64_diario_derivado;;interna;horaria_agregada;media
2014-10-07;175.08333333333334;24;True;0;84100000;nivel;Epagri;;;2;False;diaria;dea0d5f08b8c0f64_diario_derivado;;interna;horaria_agregada;media
2014-10-08;174.04166666666666;24;True;0;84100000;nivel;Epagri;;;2;False;diaria;dea0d5f08b8c0f64_diario_derivado;;interna;horaria_agregada;media
2014-10-09;172.875;24;True;0;84100000;nivel;Epagri;;;2;False;diaria;dea0d5f08b8c0f64_diario_derivado;;interna;horaria_agregada;media
2014-10-10;;19;False;0;84100000;nivel;Epagri;;;2;False;diaria;dea0d5f08b8c0f64_diario_derivado;;interna;horaria_agregada;media
2014-10-11;171.0;24;True;0;84100000;nivel;Epagri;;;2;False;diaria;dea0d5f08b8c0f64_diario_derivado;;interna;horaria_agregada;media
2014-10-12;;19;False;0;84100000;nivel;Epagri;;;2;False;diaria;dea0d5f08b8c0f64_diario_derivado;;interna;horaria_agregada;media
2014-10-13;;10;False;0;84100000;nivel;Epagri;;;2;False;diaria;dea0d5f08b8c0f64_diario_derivado;;interna;horaria_agregada;media
2014-10-14;266.4583333333333;24;True;0;84100000;nivel;Epagri;;;2;False;diaria;dea0d5f08b8c0f64_diario_derivado;;interna;horaria_agregada;media
2014-10-15;195.91666666666666;24;True;0;84100000;nivel;Epagri;;;2;False;diaria;dea0d5f08b8c0f64_diario_derivado;;interna;horaria_agregada;media
2014-10-16;183.75;24;True;0;84100000;nivel;Epagri;;;2;False;diaria;dea0d5f08b8c0f64_diario_derivado;;interna;horaria_agregada;media
2014-10-17;181.0;24;True;0;84100000;nivel;Epagri;;;2;False;diaria;dea0d5f08b8c0f64_diario_derivado;;interna;horaria_agregada;media
2014-10-18;183.75;24;True;0;84100000;nivel;Epagri;;;2;False;diaria;dea0d5f08b8c0f64_diario_derivado;;interna;horaria_agregada;media
2014-10-19;;23;False;0;84100000;nivel;Epagri;;;2;False;diaria;dea0d5f08b8c0f64_diario_derivado;;interna;horaria_agregada;media
2014-10-20;182.04166666666666;24;True;0;84100000;nivel;Epagri;;;2;False;diaria;dea0d5f08b8c0f64_diario_derivado;;interna;horaria_agregada;media
2014-10-21;176.04166666666666;24;True;0;84100000;nivel;Epagri;;;2;False;diaria;dea0d5f08b8c0f64_diario_derivado;;interna;horaria_agregada;media
2014-10-22;174.54166666666666;24;True;0;84100000;nivel;Epagri;;;2;False;diaria;dea0d5f08b8c0f64_diario_derivado;;interna;horaria_agregada;media
2014-10-23;173.54166666666666;24;True;0;84100000;nivel;Epagri;;;2;False;diaria;dea0d5f08b8c0f64_diario_derivado;;interna;horaria_agregada;media
2014-10-24;;23;False;0;84100000;nivel;Epagri;;;2;False;diaria;dea0d5f08b8c0f64_diario_derivado;;interna;horaria_agregada;media
2014-10-25;174.54166666666666;24;True;0;84100000;nivel;Epagri;;;2;False;diaria;dea0d5f08b8c0f64_diario_derivado;;interna;horaria_agregada;media
2014-10-26;182.91666666666666;24;True;0;84100000;nivel;Epagri;;;2;False;diaria;dea0d5f08b8c0f64_diario_derivado;;interna;horaria_agregada;media
2014-10-27;176.54166666666666;24;True;0;84100000;nivel;Epagri;;;2;False;diaria;dea0d5f08b8c0f64_diario_derivado;;interna;horaria_agregada;media
2014-10-28;172.75;24;True;0;84100000;nivel;Epagri;;;2;False;diaria;dea0d5f08b8c0f64_diario_derivado;;interna;horaria_agregada;media
2014-10-29;171.33333333333334;24;True;0;84100000;nivel;Epagri;;;2;False;diaria;dea0d5f08b8c0f64_diario_derivado;;interna;horaria_agregada;media
2014-10-30;170.66666666666666;24;True;0;84100000;nivel;Epagri;;;2;False;diaria;dea0d5f08b8c0f64_diario_derivado;;interna;horaria_agregada;media
2014-10-31;171.25;24;True;0;84100000;nivel;Epagri;;;2;False;diaria;dea0d5f08b8c0f64_diario_derivado;;interna;horaria_agregada;media
2014-11-01;170.625;24;True;0;84100000;nivel;Epagri;;;2;False;diaria;dea0d5f08b8c0f64_diario_derivado;;interna;horaria_agregada;media
2014-11-02;170.16666666666666;24;True;0;84100000;nivel;Epagri;;;2;False;diaria;dea0d5f08b8c0f64_diario_derivado;;interna;horaria_agregada;media
2014-11-03;;23;False;0;84100000;nivel;Epagri;;;2;False;diaria;dea0d5f08b8c0f64_diario_derivado;;interna;horaria_agregada;media
2014-11-04;197.20833333333334;24;True;0;84100000;nivel;Epagri;;;2;False;diaria;dea0d5f08b8c0f64_diario_derivado;;interna;horaria_agregada;media
2014-11-05;180.16666666666666;24;True;0;84100000;nivel;Epagri;;;2;False;diaria;dea0d5f08b8c0f64_diario_derivado;;interna;horaria_agregada;media
2014-11-06;;23;False;0;84100000;nivel;Epagri;;;2;False;diaria;dea0d5f08b8c0f64_diario_derivado;;interna;horaria_agregada;media
2014-11-07;176.625;24;True;0;84100000;nivel;Epagri;;;2;False;diaria;dea0d5f08b8c0f64_diario_derivado;;interna;horaria_agregada;media
2014-11-08;173.04166666666666;24;True;0;84100000;nivel;Epagri;;;2;False;diaria;dea0d5f08b8c0f64_diario_derivado;;interna;horaria_agregada;media
2014-11-09;;18;False;0;84100000;nivel;Epagri;;;2;False;diaria;dea0d5f08b8c0f64_diario_derivado;;interna;horaria_agregada;media
2014-11-10;;11;False;0;84100000;nivel;Epagri;;;2;False;diaria;dea0d5f08b8c0f64_diario_derivado;;interna;horaria_agregada;media
2014-11-11;;23;False;0;84100000;nivel;Epagri;;;2;False;diaria;dea0d5f08b8c0f64_diario_derivado;;interna;horaria_agregada;media
2014-11-12;156.20833333333334;24;True;0;84100000;nivel;Epagri;;;2;False;diaria;dea0d5f08b8c0f64_diario_derivado;;interna;horaria_agregada;media
2014-11-13;168.5;24;True;0;84100000;nivel;Epagri;;;2;False;diaria;dea0d5f08b8c0f64_diario_derivado;;interna;horaria_agregada;media
2014-11-14;166.75;24;True;0;84100000;nivel;Epagri;;;2;False;diaria;dea0d5f08b8c0f64_diario_derivado;;interna;horaria_agregada;media
2014-11-15;166.375;24;True;0;84100000;nivel;Epagri;;;2;False;diaria;dea0d5f08b8c0f64_diario_derivado;;interna;horaria_agregada;media
2014-11-16;166.125;24;True;0;84100000;nivel;Epagri;;;2;False;diaria;dea0d5f08b8c0f64_diario_derivado;;interna;horaria_agregada;media
2014-11-17;165.5;24;True;0;84100000;nivel;Epagri;;;2;False;diaria;dea0d5f08b8c0f64_diario_derivado;;interna;horaria_agregada;media
2014-11-18;164.875;24;True;0;84100000;nivel;Epagri;;;2;False;diaria;dea0d5f08b8c0f64_diario_derivado;;interna;horaria_agregada;media
2014-11-19;;23;False;0;84100000;nivel;Epagri;;;2;False;diaria;dea0d5f08b8c0f64_diario_derivado;;interna;horaria_agregada;media
2014-11-20;165.83333333333334;24;True;0;84100000;nivel;Epagri;;;2;False;diaria;dea0d5f08b8c0f64_diario_derivado;;interna;horaria_agregada;media
2014-11-21;;18;False;0;84100000;nivel;Epagri;;;2;False;diaria;dea0d5f08b8c0f64_diario_derivado;;interna;horaria_agregada;media
2014-11-22;168.29166666666666;24;True;0;84100000;nivel;Epagri;;;2;False;diaria;dea0d5f08b8c0f64_diario_derivado;;interna;horaria_agregada;media
2014-11-23;166.58333333333334;24;True;0;84100000;nivel;Epagri;;;2;False;diaria;dea0d5f08b8c0f64_diario_derivado;;interna;horaria_agregada;media
2014-11-24;164.79166666666666;24;True;0;84100000;nivel;Epagri;;;2;False;diaria;dea0d5f08b8c0f64_diario_derivado;;interna;horaria_agregada;media
2014-11-25;167.33333333333334;24;True;0;84100000;nivel;Epagri;;;2;False;diaria;dea0d5f08b8c0f64_diario_derivado;;interna;horaria_agregada;media
2014-11-26;198.20833333333334;24;True;0;84100000;nivel;Epagri;;;2;False;diaria;dea0d5f08b8c0f64_diario_derivado;;interna;horaria_agregada;media
2014-11-27;173.66666666666666;24;True;0;84100000;nivel;Epagri;;;2;False;diaria;dea0d5f08b8c0f64_diario_derivado;;interna;horaria_agregada;media
2014-11-28;171.375;24;True;0;84100000;nivel;Epagri;;;2;False;diaria;dea0d5f08b8c0f64_diario_derivado;;interna;horaria_agregada;media
2014-11-29;171.375;24;True;0;84100000;nivel;Epagri;;;2;False;diaria;dea0d5f08b8c0f64_diario_derivado;;interna;horaria_agregada;media
2014-11-30;171.08333333333334;24;True;0;84100000;nivel;Epagri;;;2;False;diaria;dea0d5f08b8c0f64_diario_derivado;;interna;horaria_agregada;media
2014-12-01;171.5;24;True;0;84100000;nivel;Epagri;;;2;False;diaria;dea0d5f08b8c0f64_diario_derivado;;interna;horaria_agregada;media
2014-12-02;171.54166666666666;24;True;0;84100000;nivel;Epagri;;;2;False;diaria;dea0d5f08b8c0f64_diario_derivado;;interna;horaria_agregada;media
2014-12-03;171.54166666666666;24;True;0;84100000;nivel;Epagri;;;2;False;diaria;dea0d5f08b8c0f64_diario_derivado;;interna;horaria_agregada;media
2014-12-04;171.45833333333334;24;True;0;84100000;nivel;Epagri;;;2;False;diaria;dea0d5f08b8c0f64_diario_derivado;;interna;horaria_agregada;media
2014-12-05;171.25;24;True;0;84100000;nivel;Epagri;;;2;False;diaria;dea0d5f08b8c0f64_diario_derivado;;interna;horaria_agregada;media
2014-12-06;171.25;24;True;0;84100000;nivel;Epagri;;;2;False;diaria;dea0d5f08b8c0f64_diario_derivado;;interna;horaria_agregada;media
2014-12-07;171.41666666666666;24;True;0;84100000;nivel;Epagri;;;2;False;diaria;dea0d5f08b8c0f64_diario_derivado;;interna;horaria_agregada;media
2014-12-08;171.54166666666666;24;True;0;84100000;nivel;Epagri;;;2;False;diaria;dea0d5f08b8c0f64_diario_derivado;;interna;horaria_agregada;media
2014-12-09;171.5;24;True;0;84100000;nivel;Epagri;;;2;False;diaria;dea0d5f08b8c0f64_diario_derivado;;interna;horaria_agregada;media
2014-12-10;171.33333333333334;24;True;0;84100000;nivel;Epagri;;;2;False;diaria;dea0d5f08b8c0f64_diario_derivado;;interna;horaria_agregada;media
2014-12-11;;0;False;0;84100000;nivel;Epagri;;;2;False;diaria;dea0d5f08b8c0f64_diario_derivado;;interna;horaria_agregada;media
2014-12-12;;0;False;0;84100000;nivel;Epagri;;;2;False;diaria;dea0d5f08b8c0f64_diario_derivado;;interna;horaria_agregada;media
2014-12-13;;0;False;0;84100000;nivel;Epagri;;;2;False;diaria;dea0d5f08b8c0f64_diario_derivado;;interna;horaria_agregada;media
2014-12-14;;0;False;0;84100000;nivel;Epagri;;;2;False;diaria;dea0d5f08b8c0f64_diario_derivado;;interna;horaria_agregada;media
2014-12-15;168.45833333333334;24;True;0;84100000;nivel;Epagri;;;2;False;diaria;dea0d5f08b8c0f64_diario_derivado;;interna;horaria_agregada;media
2014-12-16;165.58333333333334;24;True;0;84100000;nivel;Epagri;;;2;False;diaria;dea0d5f08b8c0f64_diario_derivado;;interna;horaria_agregada;media
2014-12-17;164.5;24;True;0;84100000;nivel;Epagri;;;2;False;diaria;dea0d5f08b8c0f64_diario_derivado;;interna;horaria_agregada;media
2014-12-18;171.0;24;True;0;84100000;nivel;Epagri;;;2;False;diaria;dea0d5f08b8c0f64_diario_derivado;;interna;horaria_agregada;media
2014-12-19;171.83333333333334;24;True;0;84100000;nivel;Epagri;;;2;False;diaria;dea0d5f08b8c0f64_diario_derivado;;interna;horaria_agregada;media
2014-12-20;181.41666666666666;24;True;0;84100000;nivel;Epagri;;;2;False;diaria;dea0d5f08b8c0f64_diario_derivado;;interna;horaria_agregada;media
2014-12-21;168.45833333333334;24;True;0;84100000;nivel;Epagri;;;2;False;diaria;dea0d5f08b8c0f64_diario_derivado;;interna;horaria_agregada;media
2014-12-22;186.125;24;True;0;84100000;nivel;Epagri;;;2;False;diaria;dea0d5f08b8c0f64_diario_derivado;;interna;horaria_agregada;media
2014-12-23;175.70833333333334;24;True;0;84100000;nivel;Epagri;;;2;False;diaria;dea0d5f08b8c0f64_diario_derivado;;interna;horaria_agregada;media
2014-12-24;170.54166666666666;24;True;0;84100000;nivel;Epagri;;;2;False;diaria;dea0d5f08b8c0f64_diario_derivado;;interna;horaria_agregada;media
2014-12-25;168.125;24;True;0;84100000;nivel;Epagri;;;2;False;diaria;dea0d5f08b8c0f64_diario_derivado;;interna;horaria_agregada;media
2014-12-26;181.45833333333334;24;True;0;84100000;nivel;Epagri;;;2;False;diaria;dea0d5f08b8c0f64_diario_derivado;;interna;horaria_agregada;media
2014-12-27;247.29166666666666;24;True;0;84100000;nivel;Epagri;;;2;False;diaria;dea0d5f08b8c0f64_diario_derivado;;interna;horaria_agregada;media
2014-12-28;188.16666666666666;24;True;0;84100000;nivel;Epagri;;;2;False;diaria;dea0d5f08b8c0f64_diario_derivado;;interna;horaria_agregada;media
2014-12-29;211.125;24;True;0;84100000;nivel;Epagri;;;2;False;diaria;dea0d5f08b8c0f64_diario_derivado;;interna;horaria_agregada;media
2014-12-30;194.625;24;True;0;84100000;nivel;Epagri;;;2;False;diaria;dea0d5f08b8c0f64_diario_derivado;;interna;horaria_agregada;media
2014-12-31;196.5;24;True;0;84100000;nivel;Epagri;;;2;False;diaria;dea0d5f08b8c0f64_diario_derivado;;interna;horaria_agregada;media
2015-01-01;180.91666666666666;24;True;0;84100000;nivel;Epagri;;;2;False;diaria;dea0d5f08b8c0f64_diario_derivado;;interna;horaria_agregada;media
2015-01-02;177.79166666666666;24;True;0;84100000;nivel;Epagri;;;2;False;diaria;dea0d5f08b8c0f64_diario_derivado;;interna;horaria_agregada;media
2015-01-03;178.41666666666666;24;True;0;84100000;nivel;Epagri;;;2;False;diaria;dea0d5f08b8c0f64_diario_derivado;;interna;horaria_agregada;media
2015-01-04;;2;False;0;84100000;nivel;Epagri;;;2;False;diaria;dea0d5f08b8c0f64_diario_derivado;;interna;horaria_agregada;media
2015-01-05;;0;False;0;84100000;nivel;Epagri;;;2;False;diaria;dea0d5f08b8c0f64_diario_derivado;;interna;horaria_agregada;media
2015-01-06;;0;False;0;84100000;nivel;Epagri;;;2;False;diaria;dea0d5f08b8c0f64_diario_derivado;;interna;horaria_agregada;media
2015-01-07;;0;False;0;84100000;nivel;Epagri;;;2;False;diaria;dea0d5f08b8c0f64_diario_derivado;;interna;horaria_agregada;media
2015-01-08;;0;False;0;84100000;nivel;Epagri;;;2;False;diaria;dea0d5f08b8c0f64_diario_derivado;;interna;horaria_agregada;media
2015-01-09;;0;False;0;84100000;nivel;Epagri;;;2;False;diaria;dea0d5f08b8c0f64_diario_derivado;;interna;horaria_agregada;media
2015-01-10;;0;False;0;84100000;nivel;Epagri;;;2;False;diaria;dea0d5f08b8c0f64_diario_derivado;;interna;horaria_agregada;media
2015-01-11;;0;False;0;84100000;nivel;Epagri;;;2;False;diaria;dea0d5f08b8c0f64_diario_derivado;;interna;horaria_agregada;media
2015-01-12;;0;False;0;84100000;nivel;Epagri;;;2;False;diaria;dea0d5f08b8c0f64_diario_derivado;;interna;horaria_agregada;media
2015-01-13;;0;False;0;84100000;nivel;Epagri;;;2;False;diaria;dea0d5f08b8c0f64_diario_derivado;;interna;horaria_agregada;media
2015-01-14;;0;False;0;84100000;nivel;Epagri;;;2;False;diaria;dea0d5f08b8c0f64_diario_derivado;;interna;horaria_agregada;media
2015-01-15;;0;False;0;84100000;nivel;Epagri;;;2;False;diaria;dea0d5f08b8c0f64_diario_derivado;;interna;horaria_agregada;media
2015-01-16;;0;False;0;84100000;nivel;Epagri;;;2;False;diaria;dea0d5f08b8c0f64_diario_derivado;;interna;horaria_agregada;media
2015-01-17;;0;False;0;84100000;nivel;Epagri;;;2;False;diaria;dea0d5f08b8c0f64_diario_derivado;;interna;horaria_agregada;media
2015-01-18;;0;False;0;84100000;nivel;Epagri;;;2;False;diaria;dea0d5f08b8c0f64_diario_derivado;;interna;horaria_agregada;media
2015-01-19;;0;False;0;84100000;nivel;Epagri;;;2;False;diaria;dea0d5f08b8c0f64_diario_derivado;;interna;horaria_agregada;media
2015-01-20;;0;False;0;84100000;nivel;Epagri;;;2;False;diaria;dea0d5f08b8c0f64_diario_derivado;;interna;horaria_agregada;media
2015-01-21;;0;False;0;84100000;nivel;Epagri;;;2;False;diaria;dea0d5f08b8c0f64_diario_derivado;;interna;horaria_agregada;media
2015-01-22;;0;False;0;84100000;nivel;Epagri;;;2;False;diaria;dea0d5f08b8c0f64_diario_derivado;;interna;horaria_agregada;media
2015-01-23;;0;False;0;84100000;nivel;Epagri;;;2;False;diaria;dea0d5f08b8c0f64_diario_derivado;;interna;horaria_agregada;media
2015-01-24;;0;False;0;84100000;nivel;Epagri;;;2;False;diaria;dea0d5f08b8c0f64_diario_derivado;;interna;horaria_agregada;media
2015-01-25;;0;False;0;84100000;nivel;Epagri;;;2;False;diaria;dea0d5f08b8c0f64_diario_derivado;;interna;horaria_agregada;media
2015-01-26;;0;False;0;84100000;nivel;Epagri;;;2;False;diaria;dea0d5f08b8c0f64_diario_derivado;;interna;horaria_agregada;media
2015-01-27;;9;False;0;84100000;nivel;Epagri;;;2;False;diaria;dea0d5f08b8c0f64_diario_derivado;;interna;horaria_agregada;media
2015-01-28;183.04166666666666;24;True;0;84100000;nivel;Epagri;;;2;False;diaria;dea0d5f08b8c0f64_diario_derivado;;interna;horaria_agregada;media
2015-01-29;180.875;24;True;0;84100000;nivel;Epagri;;;2;False;diaria;dea0d5f08b8c0f64_diario_derivado;;interna;horaria_agregada;media
2015-01-30;188.04166666666666;24;True;0;84100000;nivel;Epagri;;;2;False;diaria;dea0d5f08b8c0f64_diario_derivado;;interna;horaria_agregada;media
2015-01-31;182.29166666666666;24;True;0;84100000;nivel;Epagri;;;2;False;diaria;dea0d5f08b8c0f64_diario_derivado;;interna;horaria_agregada;media
2015-02-01;180.875;24;True;0;84100000;nivel;Epagri;;;2;False;diaria;dea0d5f08b8c0f64_diario_derivado;;interna;horaria_agregada;media
2015-02-02;179.54166666666666;24;True;0;84100000;nivel;Epagri;;;2;False;diaria;dea0d5f08b8c0f64_diario_derivado;;interna;horaria_agregada;media
2015-02-03;180.75;24;True;0;84100000;nivel;Epagri;;;2;False;diaria;dea0d5f08b8c0f64_diario_derivado;;interna;horaria_agregada;media
2015-02-04;183.04166666666666;24;True;0;84100000;nivel;Epagri;;;2;False;diaria;dea0d5f08b8c0f64_diario_derivado;;interna;horaria_agregada;media
2015-02-05;181.58333333333334;24;True;0;84100000;nivel;Epagri;;;2;False;diaria;dea0d5f08b8c0f64_diario_derivado;;interna;horaria_agregada;media
2015-02-06;179.66666666666666;24;True;0;84100000;nivel;Epagri;;;2;False;diaria;dea0d5f08b8c0f64_diario_derivado;;interna;horaria_agregada;media
2015-02-07;175.70833333333334;24;True;0;84100000;nivel;Epagri;;;2;False;diaria;dea0d5f08b8c0f64_diario_derivado;;interna;horaria_agregada;media
2015-02-08;174.25;24;True;0;84100000;nivel;Epagri;;;2;False;diaria;dea0d5f08b8c0f64_diario_derivado;;interna;horaria_agregada;media
2015-02-09;173.75;24;True;0;84100000;nivel;Epagri;;;2;False;diaria;dea0d5f08b8c0f64_diario_derivado;;interna;horaria_agregada;media
2015-02-10;179.33333333333334;24;True;0;84100000;nivel;Epagri;;;2;False;diaria;dea0d5f08b8c0f64_diario_derivado;;interna;horaria_agregada;media
2015-02-11;198.54166666666666;24;True;0;84100000;nivel;Epagri;;;2;False;diaria;dea0d5f08b8c0f64_diario_derivado;;interna;horaria_agregada;media
2015-02-12;211.375;24;True;0;84100000;nivel;Epagri;;;2;False;diaria;dea0d5f08b8c0f64_diario_derivado;;interna;horaria_agregada;media
2015-02-13;189.29166666666666;24;True;0;84100000;nivel;Epagri;;;2;False;diaria;dea0d5f08b8c0f64_diario_derivado;;interna;horaria_agregada;media
2015-02-14;192.45833333333334;24;True;0;84100000;nivel;Epagri;;;2;False;diaria;dea0d5f08b8c0f64_diario_derivado;;interna;horaria_agregada;media
2015-02-15;193.125;24;True;0;84100000;nivel;Epagri;;;2;False;diaria;dea0d5f08b8c0f64_diario_derivado;;interna;horaria_agregada;media
2015-02-16;182.25;24;True;0;84100000;nivel;Epagri;;;2;False;diaria;dea0d5f08b8c0f64_diario_derivado;;interna;horaria_agregada;media
2015-02-17;184.25;24;True;0;84100000;nivel;Epagri;;;2;False;diaria;dea0d5f08b8c0f64_diario_derivado;;interna;horaria_agregada;media
2015-02-18;201.91666666666666;24;True;0;84100000;nivel;Epagri;;;2;False;diaria;dea0d5f08b8c0f64_diario_derivado;;interna;horaria_agregada;media
2015-02-19;195.25;24;True;0;84100000;nivel;Epagri;;;2;False;diaria;dea0d5f08b8c0f64_diario_derivado;;interna;horaria_agregada;media
2015-02-20;192.29166666666666;24;True;0;84100000;nivel;Epagri;;;2;False;diaria;dea0d5f08b8c0f64_diario_derivado;;interna;horaria_agregada;media
2015-02-21;219.29166666666666;24;True;0;84100000;nivel;Epagri;;;2;False;diaria;dea0d5f08b8c0f64_diario_derivado;;interna;horaria_agregada;media
2015-02-22;187.91666666666666;24;True;0;84100000;nivel;Epagri;;;2;False;diaria;dea0d5f08b8c0f64_diario_derivado;;interna;horaria_agregada;media
2015-02-23;186.33333333333334;24;True;0;84100000;nivel;Epagri;;;2;False;diaria;dea0d5f08b8c0f64_diario_derivado;;interna;horaria_agregada;media
2015-02-24;215.75;24;True;0;84100000;nivel;Epagri;;;2;False;diaria;dea0d5f08b8c0f64_diario_derivado;;interna;horaria_agregada;media
2015-02-25;195.91666666666666;24;True;0;84100000;nivel;Epagri;;;2;False;diaria;dea0d5f08b8c0f64_diario_derivado;;interna;horaria_agregada;media
2015-02-26;197.20833333333334;24;True;0;84100000;nivel;Epagri;;;2;False;diaria;dea0d5f08b8c0f64_diario_derivado;;interna;horaria_agregada;media
2015-02-27;221.91666666666666;24;True;0;84100000;nivel;Epagri;;;2;False;diaria;dea0d5f08b8c0f64_diario_derivado;;interna;horaria_agregada;media
2015-02-28;205.29166666666666;24;True;0;84100000;nivel;Epagri;;;2;False;diaria;dea0d5f08b8c0f64_diario_derivado;;interna;horaria_agregada;media
2015-03-01;189.375;24;True;0;84100000;nivel;Epagri;;;2;False;diaria;dea0d5f08b8c0f64_diario_derivado;;interna;horaria_agregada;media
2015-03-02;185.08333333333334;24;True;0;84100000;nivel;Epagri;;;2;False;diaria;dea0d5f08b8c0f64_diario_derivado;;interna;horaria_agregada;media
2015-03-03;183.29166666666666;24;True;0;84100000;nivel;Epagri;;;2;False;diaria;dea0d5f08b8c0f64_diario_derivado;;interna;horaria_agregada;media
2015-03-04;180.75;24;True;0;84100000;nivel;Epagri;;;2;False;diaria;dea0d5f08b8c0f64_diario_derivado;;interna;horaria_agregada;media
2015-03-05;196.58333333333334;24;True;0;84100000;nivel;Epagri;;;2;False;diaria;dea0d5f08b8c0f64_diario_derivado;;interna;horaria_agregada;media
2015-03-06;255.33333333333334;24;True;0;84100000;nivel;Epagri;;;2;False;diaria;dea0d5f08b8c0f64_diario_derivado;;interna;horaria_agregada;media
2015-03-07;195.5;24;True;0;84100000;nivel;Epagri;;;2;False;diaria;dea0d5f08b8c0f64_diario_derivado;;interna;horaria_agregada;media
2015-03-08;187.625;24;True;0;84100000;nivel;Epagri;;;2;False;diaria;dea0d5f08b8c0f64_diario_derivado;;interna;horaria_agregada;media
2015-03-09;185.70833333333334;24;True;0;84100000;nivel;Epagri;;;2;False;diaria;dea0d5f08b8c0f64_diario_derivado;;interna;horaria_agregada;media
2015-03-10;;23;False;0;84100000;nivel;Epagri;;;2;False;diaria;dea0d5f08b8c0f64_diario_derivado;;interna;horaria_agregada;media
2015-03-11;204.0;24;True;0;84100000;nivel;Epagri;;;2;False;diaria;dea0d5f08b8c0f64_diario_derivado;;interna;horaria_agregada;media
2015-03-12;190.5;24;True;0;84100000;nivel;Epagri;;;2;False;diaria;dea0d5f08b8c0f64_diario_derivado;;interna;horaria_agregada;media
2015-03-13;183.54166666666666;24;True;0;84100000;nivel;Epagri;;;2;False;diaria;dea0d5f08b8c0f64_diario_derivado;;interna;horaria_agregada;media
2015-03-14;183.66666666666666;24;True;0;84100000;nivel;Epagri;;;2;False;diaria;dea0d5f08b8c0f64_diario_derivado;;interna;horaria_agregada;media
2015-03-15;196.66666666666666;24;True;0;84100000;nivel;Epagri;;;2;False;diaria;dea0d5f08b8c0f64_diario_derivado;;interna;horaria_agregada;media
2015-03-16;189.79166666666666;24;True;0;84100000;nivel;Epagri;;;2;False;diaria;dea0d5f08b8c0f64_diario_derivado;;interna;horaria_agregada;media
2015-03-17;181.20833333333334;24;True;0;84100000;nivel;Epagri;;;2;False;diaria;dea0d5f08b8c0f64_diario_derivado;;interna;horaria_agregada;media
2015-03-18;179.41666666666666;24;True;0;84100000;nivel;Epagri;;;2;False;diaria;dea0d5f08b8c0f64_diario_derivado;;interna;horaria_agregada;media
2015-03-19;178.16666666666666;24;True;0;84100000;nivel;Epagri;;;2;False;diaria;dea0d5f08b8c0f64_diario_derivado;;interna;horaria_agregada;media
2015-03-20;178.25;24;True;0;84100000;nivel;Epagri;;;2;False;diaria;dea0d5f08b8c0f64_diario_derivado;;interna;horaria_agregada;media
2015-03-21;180.08333333333334;24;True;0;84100000;nivel;Epagri;;;2;False;diaria;dea0d5f08b8c0f64_diario_derivado;;interna;horaria_agregada;media
2015-03-22;180.70833333333334;24;True;0;84100000;nivel;Epagri;;;2;False;diaria;dea0d5f08b8c0f64_diario_derivado;;interna;horaria_agregada;media
2015-03-23;;0;False;0;84100000;nivel;Epagri;;;2;False;diaria;dea0d5f08b8c0f64_diario_derivado;;interna;horaria_agregada;media
2015-03-24;;0;False;0;84100000;nivel;Epagri;;;2;False;diaria;dea0d5f08b8c0f64_diario_derivado;;interna;horaria_agregada;media
2015-03-25;;0;False;0;84100000;nivel;Epagri;;;2;False;diaria;dea0d5f08b8c0f64_diario_derivado;;interna;horaria_agregada;media
2015-03-26;;0;False;0;84100000;nivel;Epagri;;;2;False;diaria;dea0d5f08b8c0f64_diario_derivado;;interna;horaria_agregada;media
2015-03-27;;0;False;0;84100000;nivel;Epagri;;;2;False;diaria;dea0d5f08b8c0f64_diario_derivado;;interna;horaria_agregada;media
2015-03-28;;0;False;0;84100000;nivel;Epagri;;;2;False;diaria;dea0d5f08b8c0f64_diario_derivado;;interna;horaria_agregada;media
2015-03-29;;0;False;0;84100000;nivel;Epagri;;;2;False;diaria;dea0d5f08b8c0f64_diario_derivado;;interna;horaria_agregada;media
2015-03-30;;0;False;0;84100000;nivel;Epagri;;;2;False;diaria;dea0d5f08b8c0f64_diario_derivado;;interna;horaria_agregada;media
2015-03-31;;0;False;0;84100000;nivel;Epagri;;;2;False;diaria;dea0d5f08b8c0f64_diario_derivado;;interna;horaria_agregada;media
2015-04-01;;0;False;0;84100000;nivel;Epagri;;;2;False;diaria;dea0d5f08b8c0f64_diario_derivado;;interna;horaria_agregada;media
2015-04-02;;0;False;0;84100000;nivel;Epagri;;;2;False;diaria;dea0d5f08b8c0f64_diario_derivado;;interna;horaria_agregada;media
2015-04-03;;0;False;0;84100000;nivel;Epagri;;;2;False;diaria;dea0d5f08b8c0f64_diario_derivado;;interna;horaria_agregada;media
2015-04-04;;0;False;0;84100000;nivel;Epagri;;;2;False;diaria;dea0d5f08b8c0f64_diario_derivado;;interna;horaria_agregada;media
2015-04-05;;0;False;0;84100000;nivel;Epagri;;;2;False;diaria;dea0d5f08b8c0f64_diario_derivado;;interna;horaria_agregada;media
2015-04-06;;0;False;0;84100000;nivel;Epagri;;;2;False;diaria;dea0d5f08b8c0f64_diario_derivado;;interna;horaria_agregada;media
2015-04-07;;0;False;0;84100000;nivel;Epagri;;;2;False;diaria;dea0d5f08b8c0f64_diario_derivado;;interna;horaria_agregada;media
2015-04-08;;0;False;0;84100000;nivel;Epagri;;;2;False;diaria;dea0d5f08b8c0f64_diario_derivado;;interna;horaria_agregada;media
2015-04-09;;0;False;0;84100000;nivel;Epagri;;;2;False;diaria;dea0d5f08b8c0f64_diario_derivado;;interna;horaria_agregada;media
2015-04-10;;0;False;0;84100000;nivel;Epagri;;;2;False;diaria;dea0d5f08b8c0f64_diario_derivado;;interna;horaria_agregada;media
2015-04-11;;0;False;0;84100000;nivel;Epagri;;;2;False;diaria;dea0d5f08b8c0f64_diario_derivado;;interna;horaria_agregada;media
2015-04-12;;0;False;0;84100000;nivel;Epagri;;;2;False;diaria;dea0d5f08b8c0f64_diario_derivado;;interna;horaria_agregada;media
2015-04-13;;0;False;0;84100000;nivel;Epagri;;;2;False;diaria;dea0d5f08b8c0f64_diario_derivado;;interna;horaria_agregada;media
2015-04-14;;0;False;0;84100000;nivel;Epagri;;;2;False;diaria;dea0d5f08b8c0f64_diario_derivado;;interna;horaria_agregada;media
2015-04-15;;0;False;0;84100000;nivel;Epagri;;;2;False;diaria;dea0d5f08b8c0f64_diario_derivado;;interna;horaria_agregada;media
2015-04-16;;0;False;0;84100000;nivel;Epagri;;;2;False;diaria;dea0d5f08b8c0f64_diario_derivado;;interna;horaria_agregada;media
2015-04-17;;0;False;0;84100000;nivel;Epagri;;;2;False;diaria;dea0d5f08b8c0f64_diario_derivado;;interna;horaria_agregada;media
2015-04-18;;0;False;0;84100000;nivel;Epagri;;;2;False;diaria;dea0d5f08b8c0f64_diario_derivado;;interna;horaria_agregada;media
2015-04-19;;0;False;0;84100000;nivel;Epagri;;;2;False;diaria;dea0d5f08b8c0f64_diario_derivado;;interna;horaria_agregada;media
2015-04-20;;0;False;0;84100000;nivel;Epagri;;;2;False;diaria;dea0d5f08b8c0f64_diario_derivado;;interna;horaria_agregada;media
2015-04-21;;0;False;0;84100000;nivel;Epagri;;;2;False;diaria;dea0d5f08b8c0f64_diario_derivado;;interna;horaria_agregada;media
2015-04-22;;0;False;0;84100000;nivel;Epagri;;;2;False;diaria;dea0d5f08b8c0f64_diario_derivado;;interna;horaria_agregada;media
2015-04-23;;0;False;0;84100000;nivel;Epagri;;;2;False;diaria;dea0d5f08b8c0f64_diario_derivado;;interna;horaria_agregada;media
2015-04-24;;0;False;0;84100000;nivel;Epagri;;;2;False;diaria;dea0d5f08b8c0f64_diario_derivado;;interna;horaria_agregada;media
2015-04-25;;0;False;0;84100000;nivel;Epagri;;;2;False;diaria;dea0d5f08b8c0f64_diario_derivado;;interna;horaria_agregada;media
2015-04-26;;0;False;0;84100000;nivel;Epagri;;;2;False;diaria;dea0d5f08b8c0f64_diario_derivado;;interna;horaria_agregada;media
2015-04-27;;0;False;0;84100000;nivel;Epagri;;;2;False;diaria;dea0d5f08b8c0f64_diario_derivado;;interna;horaria_agregada;media
2015-04-28;;0;False;0;84100000;nivel;Epagri;;;2;False;diaria;dea0d5f08b8c0f64_diario_derivado;;interna;horaria_agregada;media
2015-04-29;;0;False;0;84100000;nivel;Epagri;;;2;False;diaria;dea0d5f08b8c0f64_diario_derivado;;interna;horaria_agregada;media
2015-04-30;;0;False;0;84100000;nivel;Epagri;;;2;False;diaria;dea0d5f08b8c0f64_diario_derivado;;interna;horaria_agregada;media
2015-05-01;;0;False;0;84100000;nivel;Epagri;;;2;False;diaria;dea0d5f08b8c0f64_diario_derivado;;interna;horaria_agregada;media
2015-05-02;;0;False;0;84100000;nivel;Epagri;;;2;False;diaria;dea0d5f08b8c0f64_diario_derivado;;interna;horaria_agregada;media
2015-05-03;;0;False;0;84100000;nivel;Epagri;;;2;False;diaria;dea0d5f08b8c0f64_diario_derivado;;interna;horaria_agregada;media
2015-05-04;;0;False;0;84100000;nivel;Epagri;;;2;False;diaria;dea0d5f08b8c0f64_diario_derivado;;interna;horaria_agregada;media
2015-05-05;;0;False;0;84100000;nivel;Epagri;;;2;False;diaria;dea0d5f08b8c0f64_diario_derivado;;interna;horaria_agregada;media
2015-05-06;;0;False;0;84100000;nivel;Epagri;;;2;False;diaria;dea0d5f08b8c0f64_diario_derivado;;interna;horaria_agregada;media
2015-05-07;;0;False;0;84100000;nivel;Epagri;;;2;False;diaria;dea0d5f08b8c0f64_diario_derivado;;interna;horaria_agregada;media
2015-05-08;;0;False;0;84100000;nivel;Epagri;;;2;False;diaria;dea0d5f08b8c0f64_diario_derivado;;interna;horaria_agregada;media
2015-05-09;;0;False;0;84100000;nivel;Epagri;;;2;False;diaria;dea0d5f08b8c0f64_diario_derivado;;interna;horaria_agregada;media
2015-05-10;;0;False;0;84100000;nivel;Epagri;;;2;False;diaria;dea0d5f08b8c0f64_diario_derivado;;interna;horaria_agregada;media
2015-05-11;;0;False;0;84100000;nivel;Epagri;;;2;False;diaria;dea0d5f08b8c0f64_diario_derivado;;interna;horaria_agregada;media
2015-05-12;;0;False;0;84100000;nivel;Epagri;;;2;False;diaria;dea0d5f08b8c0f64_diario_derivado;;interna;horaria_agregada;media
2015-05-13;;0;False;0;84100000;nivel;Epagri;;;2;False;diaria;dea0d5f08b8c0f64_diario_derivado;;interna;horaria_agregada;media
2015-05-14;;0;False;0;84100000;nivel;Epagri;;;2;False;diaria;dea0d5f08b8c0f64_diario_derivado;;interna;horaria_agregada;media
2015-05-15;;0;False;0;84100000;nivel;Epagri;;;2;False;diaria;dea0d5f08b8c0f64_diario_derivado;;interna;horaria_agregada;media
2015-05-16;;0;False;0;84100000;nivel;Epagri;;;2;False;diaria;dea0d5f08b8c0f64_diario_derivado;;interna;horaria_agregada;media
2015-05-17;;0;False;0;84100000;nivel;Epagri;;;2;False;diaria;dea0d5f08b8c0f64_diario_derivado;;interna;horaria_agregada;media
2015-05-18;;0;False;0;84100000;nivel;Epagri;;;2;False;diaria;dea0d5f08b8c0f64_diario_derivado;;interna;horaria_agregada;media
2015-05-19;;0;False;0;84100000;nivel;Epagri;;;2;False;diaria;dea0d5f08b8c0f64_diario_derivado;;interna;horaria_agregada;media
2015-05-20;;0;False;0;84100000;nivel;Epagri;;;2;False;diaria;dea0d5f08b8c0f64_diario_derivado;;interna;horaria_agregada;media
2015-05-21;;0;False;0;84100000;nivel;Epagri;;;2;False;diaria;dea0d5f08b8c0f64_diario_derivado;;interna;horaria_agregada;media
2015-05-22;;0;False;0;84100000;nivel;Epagri;;;2;False;diaria;dea0d5f08b8c0f64_diario_derivado;;interna;horaria_agregada;media
2015-05-23;;0;False;0;84100000;nivel;Epagri;;;2;False;diaria;dea0d5f08b8c0f64_diario_derivado;;interna;horaria_agregada;media
2015-05-24;;0;False;0;84100000;nivel;Epagri;;;2;False;diaria;dea0d5f08b8c0f64_diario_derivado;;interna;horaria_agregada;media
2015-05-25;;0;False;0;84100000;nivel;Epagri;;;2;False;diaria;dea0d5f08b8c0f64_diario_derivado;;interna;horaria_agregada;media
2015-05-26;;0;False;0;84100000;nivel;Epagri;;;2;False;diaria;dea0d5f08b8c0f64_diario_derivado;;interna;horaria_agregada;media
2015-05-27;;0;False;0;84100000;nivel;Epagri;;;2;False;diaria;dea0d5f08b8c0f64_diario_derivado;;interna;horaria_agregada;media
2015-05-28;;0;False;0;84100000;nivel;Epagri;;;2;False;diaria;dea0d5f08b8c0f64_diario_derivado;;interna;horaria_agregada;media
2015-05-29;;0;False;0;84100000;nivel;Epagri;;;2;False;diaria;dea0d5f08b8c0f64_diario_derivado;;interna;horaria_agregada;media
2015-05-30;;0;False;0;84100000;nivel;Epagri;;;2;False;diaria;dea0d5f08b8c0f64_diario_derivado;;interna;horaria_agregada;media
2015-05-31;;0;False;0;84100000;nivel;Epagri;;;2;False;diaria;dea0d5f08b8c0f64_diario_derivado;;interna;horaria_agregada;media
2015-06-01;;0;False;0;84100000;nivel;Epagri;;;2;False;diaria;dea0d5f08b8c0f64_diario_derivado;;interna;horaria_agregada;media
2015-06-02;;0;False;0;84100000;nivel;Epagri;;;2;False;diaria;dea0d5f08b8c0f64_diario_derivado;;interna;horaria_agregada;media
2015-06-03;;0;False;0;84100000;nivel;Epagri;;;2;False;diaria;dea0d5f08b8c0f64_diario_derivado;;interna;horaria_agregada;media
2015-06-04;;0;False;0;84100000;nivel;Epagri;;;2;False;diaria;dea0d5f08b8c0f64_diario_derivado;;interna;horaria_agregada;media
2015-06-05;;0;False;0;84100000;nivel;Epagri;;;2;False;diaria;dea0d5f08b8c0f64_diario_derivado;;interna;horaria_agregada;media
2015-06-06;;0;False;0;84100000;nivel;Epagri;;;2;False;diaria;dea0d5f08b8c0f64_diario_derivado;;interna;horaria_agregada;media
2015-06-07;;0;False;0;84100000;nivel;Epagri;;;2;False;diaria;dea0d5f08b8c0f64_diario_derivado;;interna;horaria_agregada;media
2015-06-08;;0;False;0;84100000;nivel;Epagri;;;2;False;diaria;dea0d5f08b8c0f64_diario_derivado;;interna;horaria_agregada;media
2015-06-09;;0;False;0;84100000;nivel;Epagri;;;2;False;diaria;dea0d5f08b8c0f64_diario_derivado;;interna;horaria_agregada;media
2015-06-10;;0;False;0;84100000;nivel;Epagri;;;2;False;diaria;dea0d5f08b8c0f64_diario_derivado;;interna;horaria_agregada;media
2015-06-11;;0;False;0;84100000;nivel;Epagri;;;2;False;diaria;dea0d5f08b8c0f64_diario_derivado;;interna;horaria_agregada;media
2015-06-12;;0;False;0;84100000;nivel;Epagri;;;2;False;diaria;dea0d5f08b8c0f64_diario_derivado;;interna;horaria_agregada;media
2015-06-13;;0;False;0;84100000;nivel;Epagri;;;2;False;diaria;dea0d5f08b8c0f64_diario_derivado;;interna;horaria_agregada;media
2015-06-14;;0;False;0;84100000;nivel;Epagri;;;2;False;diaria;dea0d5f08b8c0f64_diario_derivado;;interna;horaria_agregada;media
2015-06-15;;0;False;0;84100000;nivel;Epagri;;;2;False;diaria;dea0d5f08b8c0f64_diario_derivado;;interna;horaria_agregada;media
2015-06-16;;10;False;0;84100000;nivel;Epagri;;;2;False;diaria;dea0d5f08b8c0f64_diario_derivado;;interna;horaria_agregada;media
2015-06-17;187.16666666666666;24;True;0;84100000;nivel;Epagri;;;2;False;diaria;dea0d5f08b8c0f64_diario_derivado;;interna;horaria_agregada;media
2015-06-18;;23;False;0;84100000;nivel;Epagri;;;2;False;diaria;dea0d5f08b8c0f64_diario_derivado;;interna;horaria_agregada;media
2015-06-19;193.625;24;True;0;84100000;nivel;Epagri;;;2;False;diaria;dea0d5f08b8c0f64_diario_derivado;;interna;horaria_agregada;media
2015-06-20;186.45833333333334;24;True;0;84100000;nivel;Epagri;;;2;False;diaria;dea0d5f08b8c0f64_diario_derivado;;interna;horaria_agregada;media
2015-06-21;185.41666666666666;24;True;0;84100000;nivel;Epagri;;;2;False;diaria;dea0d5f08b8c0f64_diario_derivado;;interna;horaria_agregada;media
2015-06-22;184.45833333333334;24;True;0;84100000;nivel;Epagri;;;2;False;diaria;dea0d5f08b8c0f64_diario_derivado;;interna;horaria_agregada;media
2015-06-23;182.54166666666666;24;True;0;84100000;nivel;Epagri;;;2;False;diaria;dea0d5f08b8c0f64_diario_derivado;;interna;horaria_agregada;media
2015-06-24;181.0;24;True;0;84100000;nivel;Epagri;;;2;False;diaria;dea0d5f08b8c0f64_diario_derivado;;interna;horaria_agregada;media
2015-06-25;180.79166666666666;24;True;0;84100000;nivel;Epagri;;;2;False;diaria;dea0d5f08b8c0f64_diario_derivado;;interna;horaria_agregada;media
2015-06-26;181.75;24;True;0;84100000;nivel;Epagri;;;2;False;diaria;dea0d5f08b8c0f64_diario_derivado;;interna;horaria_agregada;media
2015-06-27;180.875;24;True;0;84100000;nivel;Epagri;;;2;False;diaria;dea0d5f08b8c0f64_diario_derivado;;interna;horaria_agregada;media
2015-06-28;179.625;24;True;0;84100000;nivel;Epagri;;;2;False;diaria;dea0d5f08b8c0f64_diario_derivado;;interna;horaria_agregada;media
2015-06-29;178.625;24;True;0;84100000;nivel;Epagri;;;2;False;diaria;dea0d5f08b8c0f64_diario_derivado;;interna;horaria_agregada;media
2015-06-30;178.375;24;True;0;84100000;nivel;Epagri;;;2;False;diaria;dea0d5f08b8c0f64_diario_derivado;;interna;horaria_agregada;media
2015-07-01;177.75;24;True;0;84100000;nivel;Epagri;;;2;False;diaria;dea0d5f08b8c0f64_diario_derivado;;interna;horaria_agregada;media
2015-07-02;177.375;24;True;0;84100000;nivel;Epagri;;;2;False;diaria;dea0d5f08b8c0f64_diario_derivado;;interna;horaria_agregada;media
2015-07-03;177.75;24;True;0;84100000;nivel;Epagri;;;2;False;diaria;dea0d5f08b8c0f64_diario_derivado;;interna;horaria_agregada;media
2015-07-04;;23;False;0;84100000;nivel;Epagri;;;2;False;diaria;dea0d5f08b8c0f64_diario_derivado;;interna;horaria_agregada;media
2015-07-05;175.95833333333334;24;True;0;84100000;nivel;Epagri;;;2;False;diaria;dea0d5f08b8c0f64_diario_derivado;;interna;horaria_agregada;media
2015-07-06;176.66666666666666;24;True;0;84100000;nivel;Epagri;;;2;False;diaria;dea0d5f08b8c0f64_diario_derivado;;interna;horaria_agregada;media
2015-07-07;206.625;24;True;0;84100000;nivel;Epagri;;;2;False;diaria;dea0d5f08b8c0f64_diario_derivado;;interna;horaria_agregada;media
2015-07-08;229.04166666666666;24;True;0;84100000;nivel;Epagri;;;2;False;diaria;dea0d5f08b8c0f64_diario_derivado;;interna;horaria_agregada;media
2015-07-09;;23;False;0;84100000;nivel;Epagri;;;2;False;diaria;dea0d5f08b8c0f64_diario_derivado;;interna;horaria_agregada;media
2015-07-10;191.45833333333334;24;True;0;84100000;nivel;Epagri;;;2;False;diaria;dea0d5f08b8c0f64_diario_derivado;;interna;horaria_agregada;media
2015-07-11;186.125;24;True;0;84100000;nivel;Epagri;;;2;False;diaria;dea0d5f08b8c0f64_diario_derivado;;interna;horaria_agregada;media
2015-07-12;183.25;24;True;0;84100000;nivel;Epagri;;;2;False;diaria;dea0d5f08b8c0f64_diario_derivado;;interna;horaria_agregada;media
2015-07-13;185.16666666666666;24;True;0;84100000;nivel;Epagri;;;2;False;diaria;dea0d5f08b8c0f64_diario_derivado;;interna;horaria_agregada;media
2015-07-14;203.75;24;True;0;84100000;nivel;Epagri;;;2;False;diaria;dea0d5f08b8c0f64_diario_derivado;;interna;horaria_agregada;media
2015-07-15;222.875;24;True;0;84100000;nivel;Epagri;;;2;False;diaria;dea0d5f08b8c0f64_diario_derivado;;interna;horaria_agregada;media
2015-07-16;207.0;24;True;0;84100000;nivel;Epagri;;;2;False;diaria;dea0d5f08b8c0f64_diario_derivado;;interna;horaria_agregada;media
2015-07-17;216.08333333333334;24;True;0;84100000;nivel;Epagri;;;2;False;diaria;dea0d5f08b8c0f64_diario_derivado;;interna;horaria_agregada;media
2015-07-18;196.41666666666666;24;True;0;84100000;nivel;Epagri;;;2;False;diaria;dea0d5f08b8c0f64_diario_derivado;;interna;horaria_agregada;media
2015-07-19;190.25;24;True;0;84100000;nivel;Epagri;;;2;False;diaria;dea0d5f08b8c0f64_diario_derivado;;interna;horaria_agregada;media
2015-07-20;188.0;24;True;0;84100000;nivel;Epagri;;;2;False;diaria;dea0d5f08b8c0f64_diario_derivado;;interna;horaria_agregada;media
2015-07-21;223.75;24;True;0;84100000;nivel;Epagri;;;2;False;diaria;dea0d5f08b8c0f64_diario_derivado;;interna;horaria_agregada;media
2015-07-22;191.20833333333334;24;True;0;84100000;nivel;Epagri;;;2;False;diaria;dea0d5f08b8c0f64_diario_derivado;;interna;horaria_agregada;media
2015-07-23;190.16666666666666;24;True;0;84100000;nivel;Epagri;;;2;False;diaria;dea0d5f08b8c0f64_diario_derivado;;interna;horaria_agregada;media
2015-07-24;290.5;24;True;0;84100000;nivel;Epagri;;;2;False;diaria;dea0d5f08b8c0f64_diario_derivado;;interna;horaria_agregada;media
2015-07-25;217.54166666666666;24;True;0;84100000;nivel;Epagri;;;2;False;diaria;dea0d5f08b8c0f64_diario_derivado;;interna;horaria_agregada;media
2015-07-26;205.25;24;True;0;84100000;nivel;Epagri;;;2;False;diaria;dea0d5f08b8c0f64_diario_derivado;;interna;horaria_agregada;media
2015-07-27;198.41666666666666;24;True;0;84100000;nivel;Epagri;;;2;False;diaria;dea0d5f08b8c0f64_diario_derivado;;interna;horaria_agregada;media
2015-07-28;194.08333333333334;24;True;0;84100000;nivel;Epagri;;;2;False;diaria;dea0d5f08b8c0f64_diario_derivado;;interna;horaria_agregada;media
2015-07-29;190.79166666666666;24;True;0;84100000;nivel;Epagri;;;2;False;diaria;dea0d5f08b8c0f64_diario_derivado;;interna;horaria_agregada;media
2015-07-30;188.33333333333334;24;True;0;84100000;nivel;Epagri;;;2;False;diaria;dea0d5f08b8c0f64_diario_derivado;;interna;horaria_agregada;media
2015-07-31;186.5;24;True;0;84100000;nivel;Epagri;;;2;False;diaria;dea0d5f08b8c0f64_diario_derivado;;interna;horaria_agregada;media
2015-08-01;185.66666666666666;24;True;0;84100000;nivel;Epagri;;;2;False;diaria;dea0d5f08b8c0f64_diario_derivado;;interna;horaria_agregada;media
2015-08-02;184.58333333333334;24;True;0;84100000;nivel;Epagri;;;2;False;diaria;dea0d5f08b8c0f64_diario_derivado;;interna;horaria_agregada;media
2015-08-03;183.41666666666666;24;True;0;84100000;nivel;Epagri;;;2;False;diaria;dea0d5f08b8c0f64_diario_derivado;;interna;horaria_agregada;media
2015-08-04;182.45833333333334;24;True;0;84100000;nivel;Epagri;;;2;False;diaria;dea0d5f08b8c0f64_diario_derivado;;interna;horaria_agregada;media
2015-08-05;182.25;24;True;0;84100000;nivel;Epagri;;;2;False;diaria;dea0d5f08b8c0f64_diario_derivado;;interna;horaria_agregada;media
2015-08-06;181.79166666666666;24;True;0;84100000;nivel;Epagri;;;2;False;diaria;dea0d5f08b8c0f64_diario_derivado;;interna;horaria_agregada;media
2015-08-07;181.04166666666666;24;True;0;84100000;nivel;Epagri;;;2;False;diaria;dea0d5f08b8c0f64_diario_derivado;;interna;horaria_agregada;media
2015-08-08;180.33333333333334;24;True;0;84100000;nivel;Epagri;;;2;False;diaria;dea0d5f08b8c0f64_diario_derivado;;interna;horaria_agregada;media
2015-08-09;180.16666666666666;24;True;0;84100000;nivel;Epagri;;;2;False;diaria;dea0d5f08b8c0f64_diario_derivado;;interna;horaria_agregada;media
2015-08-10;181.20833333333334;24;True;0;84100000;nivel;Epagri;;;2;False;diaria;dea0d5f08b8c0f64_diario_derivado;;interna;horaria_agregada;media
2015-08-11;180.25;24;True;0;84100000;nivel;Epagri;;;2;False;diaria;dea0d5f08b8c0f64_diario_derivado;;interna;horaria_agregada;media
2015-08-12;178.91666666666666;24;True;0;84100000;nivel;Epagri;;;2;False;diaria;dea0d5f08b8c0f64_diario_derivado;;interna;horaria_agregada;media
2015-08-13;178.16666666666666;24;True;0;84100000;nivel;Epagri;;;2;False;diaria;dea0d5f08b8c0f64_diario_derivado;;interna;horaria_agregada;media
2015-08-14;177.5;24;True;0;84100000;nivel;Epagri;;;2;False;diaria;dea0d5f08b8c0f64_diario_derivado;;interna;horaria_agregada;media
2015-08-15;177.20833333333334;24;True;0;84100000;nivel;Epagri;;;2;False;diaria;dea0d5f08b8c0f64_diario_derivado;;interna;horaria_agregada;media
2015-08-16;176.54166666666666;24;True;0;84100000;nivel;Epagri;;;2;False;diaria;dea0d5f08b8c0f64_diario_derivado;;interna;horaria_agregada;media
2015-08-17;176.41666666666666;24;True;0;84100000;nivel;Epagri;;;2;False;diaria;dea0d5f08b8c0f64_diario_derivado;;interna;horaria_agregada;media
2015-08-18;176.25;24;True;0;84100000;nivel;Epagri;;;2;False;diaria;dea0d5f08b8c0f64_diario_derivado;;interna;horaria_agregada;media
2015-08-19;181.20833333333334;24;True;0;84100000;nivel;Epagri;;;2;False;diaria;dea0d5f08b8c0f64_diario_derivado;;interna;horaria_agregada;media
2015-08-20;175.70833333333334;24;True;0;84100000;nivel;Epagri;;;2;False;diaria;dea0d5f08b8c0f64_diario_derivado;;interna;horaria_agregada;media
2015-08-21;175.66666666666666;24;True;0;84100000;nivel;Epagri;;;2;False;diaria;dea0d5f08b8c0f64_diario_derivado;;interna;horaria_agregada;media
2015-08-22;180.70833333333334;24;True;0;84100000;nivel;Epagri;;;2;False;diaria;dea0d5f08b8c0f64_diario_derivado;;interna;horaria_agregada;media
2015-08-23;176.41666666666666;24;True;0;84100000;nivel;Epagri;;;2;False;diaria;dea0d5f08b8c0f64_diario_derivado;;interna;horaria_agregada;media
2015-08-24;174.79166666666666;24;True;0;84100000;nivel;Epagri;;;2;False;diaria;dea0d5f08b8c0f64_diario_derivado;;interna;horaria_agregada;media
2015-08-25;176.58333333333334;24;True;0;84100000;nivel;Epagri;;;2;False;diaria;dea0d5f08b8c0f64_diario_derivado;;interna;horaria_agregada;media
2015-08-26;195.5;24;True;0;84100000;nivel;Epagri;;;2;False;diaria;dea0d5f08b8c0f64_diario_derivado;;interna;horaria_agregada;media
2015-08-27;229.79166666666666;24;True;0;84100000;nivel;Epagri;;;2;False;diaria;dea0d5f08b8c0f64_diario_derivado;;interna;horaria_agregada;media
2015-08-28;184.08333333333334;24;True;0;84100000;nivel;Epagri;;;2;False;diaria;dea0d5f08b8c0f64_diario_derivado;;interna;horaria_agregada;media
2015-08-29;;23;False;0;84100000;nivel;Epagri;;;2;False;diaria;dea0d5f08b8c0f64_diario_derivado;;interna;horaria_agregada;media
2015-08-30;176.20833333333334;24;True;0;84100000;nivel;Epagri;;;2;False;diaria;dea0d5f08b8c0f64_diario_derivado;;interna;horaria_agregada;media
2015-08-31;175.29166666666666;24;True;0;84100000;nivel;Epagri;;;2;False;diaria;dea0d5f08b8c0f64_diario_derivado;;interna;horaria_agregada;media
2015-09-01;174.0;24;True;0;84100000;nivel;Epagri;;;2;False;diaria;dea0d5f08b8c0f64_diario_derivado;;interna;horaria_agregada;media
2015-09-02;176.625;24;True;0;84100000;nivel;Epagri;;;2;False;diaria;dea0d5f08b8c0f64_diario_derivado;;interna;horaria_agregada;media
2015-09-03;175.875;24;True;0;84100000;nivel;Epagri;;;2;False;diaria;dea0d5f08b8c0f64_diario_derivado;;interna;horaria_agregada;media
2015-09-04;176.875;24;True;0;84100000;nivel;Epagri;;;2;False;diaria;dea0d5f08b8c0f64_diario_derivado;;interna;horaria_agregada;media
2015-09-05;182.125;24;True;0;84100000;nivel;Epagri;;;2;False;diaria;dea0d5f08b8c0f64_diario_derivado;;interna;horaria_agregada;media
2015-09-06;197.375;24;True;0;84100000;nivel;Epagri;;;2;False;diaria;dea0d5f08b8c0f64_diario_derivado;;interna;horaria_agregada;media
2015-09-07;187.54166666666666;24;True;0;84100000;nivel;Epagri;;;2;False;diaria;dea0d5f08b8c0f64_diario_derivado;;interna;horaria_agregada;media
2015-09-08;208.33333333333334;24;True;0;84100000;nivel;Epagri;;;2;False;diaria;dea0d5f08b8c0f64_diario_derivado;;interna;horaria_agregada;media
2015-09-09;184.83333333333334;24;True;0;84100000;nivel;Epagri;;;2;False;diaria;dea0d5f08b8c0f64_diario_derivado;;interna;horaria_agregada;media
2015-09-10;187.58333333333334;24;True;0;84100000;nivel;Epagri;;;2;False;diaria;dea0d5f08b8c0f64_diario_derivado;;interna;horaria_agregada;media
2015-09-11;255.0;24;True;0;84100000;nivel;Epagri;;;2;False;diaria;dea0d5f08b8c0f64_diario_derivado;;interna;horaria_agregada;media
2015-09-12;190.41666666666666;24;True;0;84100000;nivel;Epagri;;;2;False;diaria;dea0d5f08b8c0f64_diario_derivado;;interna;horaria_agregada;media
2015-09-13;182.875;24;True;0;84100000;nivel;Epagri;;;2;False;diaria;dea0d5f08b8c0f64_diario_derivado;;interna;horaria_agregada;media
2015-09-14;179.95833333333334;24;True;0;84100000;nivel;Epagri;;;2;False;diaria;dea0d5f08b8c0f64_diario_derivado;;interna;horaria_agregada;media
2015-09-15;178.58333333333334;24;True;0;84100000;nivel;Epagri;;;2;False;diaria;dea0d5f08b8c0f64_diario_derivado;;interna;horaria_agregada;media
2015-09-16;179.25;24;True;0;84100000;nivel;Epagri;;;2;False;diaria;dea0d5f08b8c0f64_diario_derivado;;interna;horaria_agregada;media
2015-09-17;264.375;24;True;0;84100000;nivel;Epagri;;;2;False;diaria;dea0d5f08b8c0f64_diario_derivado;;interna;horaria_agregada;media
2015-09-18;219.16666666666666;24;True;0;84100000;nivel;Epagri;;;2;False;diaria;dea0d5f08b8c0f64_diario_derivado;;interna;horaria_agregada;media
2015-09-19;216.83333333333334;24;True;0;84100000;nivel;Epagri;;;2;False;diaria;dea0d5f08b8c0f64_diario_derivado;;interna;horaria_agregada;media
2015-09-20;208.70833333333334;24;True;0;84100000;nivel;Epagri;;;2;False;diaria;dea0d5f08b8c0f64_diario_derivado;;interna;horaria_agregada;media
2015-09-21;195.45833333333334;24;True;0;84100000;nivel;Epagri;;;2;False;diaria;dea0d5f08b8c0f64_diario_derivado;;interna;horaria_agregada;media
2015-09-22;189.33333333333334;24;True;0;84100000;nivel;Epagri;;;2;False;diaria;dea0d5f08b8c0f64_diario_derivado;;interna;horaria_agregada;media
2015-09-23;186.29166666666666;24;True;0;84100000;nivel;Epagri;;;2;False;diaria;dea0d5f08b8c0f64_diario_derivado;;interna;horaria_agregada;media
2015-09-24;184.08333333333334;24;True;0;84100000;nivel;Epagri;;;2;False;diaria;dea0d5f08b8c0f64_diario_derivado;;interna;horaria_agregada;media
2015-09-25;214.83333333333334;24;True;0;84100000;nivel;Epagri;;;2;False;diaria;dea0d5f08b8c0f64_diario_derivado;;interna;horaria_agregada;media
2015-09-26;233.54166666666666;24;True;0;84100000;nivel;Epagri;;;2;False;diaria;dea0d5f08b8c0f64_diario_derivado;;interna;horaria_agregada;media
2015-09-27;325.2916666666667;24;True;0;84100000;nivel;Epagri;;;2;False;diaria;dea0d5f08b8c0f64_diario_derivado;;interna;horaria_agregada;media
2015-09-28;;23;False;0;84100000;nivel;Epagri;;;2;False;diaria;dea0d5f08b8c0f64_diario_derivado;;interna;horaria_agregada;media
2015-09-29;217.875;24;True;0;84100000;nivel;Epagri;;;2;False;diaria;dea0d5f08b8c0f64_diario_derivado;;interna;horaria_agregada;media
2015-09-30;206.125;24;True;0;84100000;nivel;Epagri;;;2;False;diaria;dea0d5f08b8c0f64_diario_derivado;;interna;horaria_agregada;media
2015-10-01;200.45833333333334;24;True;0;84100000;nivel;Epagri;;;2;False;diaria;dea0d5f08b8c0f64_diario_derivado;;interna;horaria_agregada;media
2015-10-02;202.20833333333334;24;True;0;84100000;nivel;Epagri;;;2;False;diaria;dea0d5f08b8c0f64_diario_derivado;;interna;horaria_agregada;media
2015-10-03;206.29166666666666;24;True;0;84100000;nivel;Epagri;;;2;False;diaria;dea0d5f08b8c0f64_diario_derivado;;interna;horaria_agregada;media
2015-10-04;195.29166666666666;24;True;0;84100000;nivel;Epagri;;;2;False;diaria;dea0d5f08b8c0f64_diario_derivado;;interna;horaria_agregada;media
2015-10-05;;21;False;0;84100000;nivel;Epagri;;;2;False;diaria;dea0d5f08b8c0f64_diario_derivado;;interna;horaria_agregada;media
2015-10-06;192.95833333333334;24;True;0;84100000;nivel;Epagri;;;2;False;diaria;dea0d5f08b8c0f64_diario_derivado;;interna;horaria_agregada;media
2015-10-07;192.54166666666666;24;True;0;84100000;nivel;Epagri;;;2;False;diaria;dea0d5f08b8c0f64_diario_derivado;;interna;horaria_agregada;media
2015-10-08;205.58333333333334;24;True;0;84100000;nivel;Epagri;;;2;False;diaria;dea0d5f08b8c0f64_diario_derivado;;interna;horaria_agregada;media
2015-10-09;267.7083333333333;24;True;0;84100000;nivel;Epagri;;;2;False;diaria;dea0d5f08b8c0f64_diario_derivado;;interna;horaria_agregada;media
2015-10-10;259.9583333333333;24;True;0;84100000;nivel;Epagri;;;2;False;diaria;dea0d5f08b8c0f64_diario_derivado;;interna;horaria_agregada;media
2015-10-11;243.29166666666666;24;True;0;84100000;nivel;Epagri;;;2;False;diaria;dea0d5f08b8c0f64_diario_derivado;;interna;horaria_agregada;media
2015-10-12;230.875;24;True;0;84100000;nivel;Epagri;;;2;False;diaria;dea0d5f08b8c0f64_diario_derivado;;interna;horaria_agregada;media
2015-10-13;216.54166666666666;24;True;0;84100000;nivel;Epagri;;;2;False;diaria;dea0d5f08b8c0f64_diario_derivado;;interna;horaria_agregada;media
2015-10-14;243.58333333333334;24;True;0;84100000;nivel;Epagri;;;2;False;diaria;dea0d5f08b8c0f64_diario_derivado;;interna;horaria_agregada;media
2015-10-15;228.625;24;True;0;84100000;nivel;Epagri;;;2;False;diaria;dea0d5f08b8c0f64_diario_derivado;;interna;horaria_agregada;media
2015-10-16;287.0833333333333;24;True;0;84100000;nivel;Epagri;;;2;False;diaria;dea0d5f08b8c0f64_diario_derivado;;interna;horaria_agregada;media
2015-10-17;253.375;24;True;0;84100000;nivel;Epagri;;;2;False;diaria;dea0d5f08b8c0f64_diario_derivado;;interna;horaria_agregada;media
2015-10-18;;23;False;0;84100000;nivel;Epagri;;;2;False;diaria;dea0d5f08b8c0f64_diario_derivado;;interna;horaria_agregada;media
2015-10-19;214.875;24;True;0;84100000;nivel;Epagri;;;2;False;diaria;dea0d5f08b8c0f64_diario_derivado;;interna;horaria_agregada;media
2015-10-20;211.625;24;True;0;84100000;nivel;Epagri;;;2;False;diaria;dea0d5f08b8c0f64_diario_derivado;;interna;horaria_agregada;media
2015-10-21;247.625;24;True;0;84100000;nivel;Epagri;;;2;False;diaria;dea0d5f08b8c0f64_diario_derivado;;interna;horaria_agregada;media
2015-10-22;298.25;24;True;0;84100000;nivel;Epagri;;;2;False;diaria;dea0d5f08b8c0f64_diario_derivado;;interna;horaria_agregada;media
2015-10-23;237.79166666666666;24;True;0;84100000;nivel;Epagri;;;2;False;diaria;dea0d5f08b8c0f64_diario_derivado;;interna;horaria_agregada;media
2015-10-24;;23;False;0;84100000;nivel;Epagri;;;2;False;diaria;dea0d5f08b8c0f64_diario_derivado;;interna;horaria_agregada;media
2015-10-25;;21;False;0;84100000;nivel;Epagri;;;2;False;diaria;dea0d5f08b8c0f64_diario_derivado;;interna;horaria_agregada;media
2015-10-26;;23;False;0;84100000;nivel;Epagri;;;2;False;diaria;dea0d5f08b8c0f64_diario_derivado;;interna;horaria_agregada;media
2015-10-27;220.33333333333334;24;True;0;84100000;nivel;Epagri;;;2;False;diaria;dea0d5f08b8c0f64_diario_derivado;;interna;horaria_agregada;media
2015-10-28;;20;False;0;84100000;nivel;Epagri;;;2;False;diaria;dea0d5f08b8c0f64_diario_derivado;;interna;horaria_agregada;media
2015-10-29;272.3333333333333;24;True;0;84100000;nivel;Epagri;;;2;False;diaria;dea0d5f08b8c0f64_diario_derivado;;interna;horaria_agregada;media
2015-10-30;259.2083333333333;24;True;0;84100000;nivel;Epagri;;;2;False;diaria;dea0d5f08b8c0f64_diario_derivado;;interna;horaria_agregada;media
2015-10-31;;22;False;0;84100000;nivel;Epagri;;;2;False;diaria;dea0d5f08b8c0f64_diario_derivado;;interna;horaria_agregada;media
2015-11-01;254.41666666666666;24;True;0;84100000;nivel;Epagri;;;2;False;diaria;dea0d5f08b8c0f64_diario_derivado;;interna;horaria_agregada;media
2015-11-02;234.41666666666666;24;True;0;84100000;nivel;Epagri;;;2;False;diaria;dea0d5f08b8c0f64_diario_derivado;;interna;horaria_agregada;media
2015-11-03;;23;False;0;84100000;nivel;Epagri;;;2;False;diaria;dea0d5f08b8c0f64_diario_derivado;;interna;horaria_agregada;media
2015-11-04;267.5416666666667;24;True;0;84100000;nivel;Epagri;;;2;False;diaria;dea0d5f08b8c0f64_diario_derivado;;interna;horaria_agregada;media
2015-11-05;256.2083333333333;24;True;0;84100000;nivel;Epagri;;;2;False;diaria;dea0d5f08b8c0f64_diario_derivado;;interna;horaria_agregada;media
2015-11-06;;23;False;0;84100000;nivel;Epagri;;;2;False;diaria;dea0d5f08b8c0f64_diario_derivado;;interna;horaria_agregada;media
2015-11-07;226.375;24;True;0;84100000;nivel;Epagri;;;2;False;diaria;dea0d5f08b8c0f64_diario_derivado;;interna;horaria_agregada;media
2015-11-08;225.0;24;True;0;84100000;nivel;Epagri;;;2;False;diaria;dea0d5f08b8c0f64_diario_derivado;;interna;horaria_agregada;media
2015-11-09;;21;False;0;84100000;nivel;Epagri;;;2;False;diaria;dea0d5f08b8c0f64_diario_derivado;;interna;horaria_agregada;media
2015-11-10;216.375;24;True;0;84100000;nivel;Epagri;;;2;False;diaria;dea0d5f08b8c0f64_diario_derivado;;interna;horaria_agregada;media
2015-11-11;215.45833333333334;24;True;0;84100000;nivel;Epagri;;;2;False;diaria;dea0d5f08b8c0f64_diario_derivado;;interna;horaria_agregada;media
2015-11-12;211.66666666666666;24;True;0;84100000;nivel;Epagri;;;2;False;diaria;dea0d5f08b8c0f64_diario_derivado;;interna;horaria_agregada;media
2015-11-13;;23;False;0;84100000;nivel;Epagri;;;2;False;diaria;dea0d5f08b8c0f64_diario_derivado;;interna;horaria_agregada;media
2015-11-14;207.79166666666666;24;True;0;84100000;nivel;Epagri;;;2;False;diaria;dea0d5f08b8c0f64_diario_derivado;;interna;horaria_agregada;media
2015-11-15;204.91666666666666;24;True;0;84100000;nivel;Epagri;;;2;False;diaria;dea0d5f08b8c0f64_diario_derivado;;interna;horaria_agregada;media
2015-11-16;202.91666666666666;24;True;0;84100000;nivel;Epagri;;;2;False;diaria;dea0d5f08b8c0f64_diario_derivado;;interna;horaria_agregada;media
2015-11-17;204.375;24;True;0;84100000;nivel;Epagri;;;2;False;diaria;dea0d5f08b8c0f64_diario_derivado;;interna;horaria_agregada;media
2015-11-18;231.25;24;True;0;84100000;nivel;Epagri;;;2;False;diaria;dea0d5f08b8c0f64_diario_derivado;;interna;horaria_agregada;media
2015-11-19;213.41666666666666;24;True;0;84100000;nivel;Epagri;;;2;False;diaria;dea0d5f08b8c0f64_diario_derivado;;interna;horaria_agregada;media
2015-11-20;;23;False;0;84100000;nivel;Epagri;;;2;False;diaria;dea0d5f08b8c0f64_diario_derivado;;interna;horaria_agregada;media
2015-11-21;;22;False;0;84100000;nivel;Epagri;;;2;False;diaria;dea0d5f08b8c0f64_diario_derivado;;interna;horaria_agregada;media
2015-11-22;198.79166666666666;24;True;0;84100000;nivel;Epagri;;;2;False;diaria;dea0d5f08b8c0f64_diario_derivado;;interna;horaria_agregada;media
2015-11-23;198.0;24;True;0;84100000;nivel;Epagri;;;2;False;diaria;dea0d5f08b8c0f64_diario_derivado;;interna;horaria_agregada;media
2015-11-24;197.5;24;True;0;84100000;nivel;Epagri;;;2;False;diaria;dea0d5f08b8c0f64_diario_derivado;;interna;horaria_agregada;media
2015-11-25;198.29166666666666;24;True;0;84100000;nivel;Epagri;;;2;False;diaria;dea0d5f08b8c0f64_diario_derivado;;interna;horaria_agregada;media
2015-11-26;206.125;24;True;0;84100000;nivel;Epagri;;;2;False;diaria;dea0d5f08b8c0f64_diario_derivado;;interna;horaria_agregada;media
2015-11-27;216.04166666666666;24;True;0;84100000;nivel;Epagri;;;2;False;diaria;dea0d5f08b8c0f64_diario_derivado;;interna;horaria_agregada;media
2015-11-28;212.5;24;True;0;84100000;nivel;Epagri;;;2;False;diaria;dea0d5f08b8c0f64_diario_derivado;;interna;horaria_agregada;media
2015-11-29;246.08333333333334;24;True;0;84100000;nivel;Epagri;;;2;False;diaria;dea0d5f08b8c0f64_diario_derivado;;interna;horaria_agregada;media
2015-11-30;;23;False;0;84100000;nivel;Epagri;;;2;False;diaria;dea0d5f08b8c0f64_diario_derivado;;interna;horaria_agregada;media
2015-12-01;;21;False;0;84100000;nivel;Epagri;;;2;False;diaria;dea0d5f08b8c0f64_diario_derivado;;interna;horaria_agregada;media
2015-12-02;;22;False;0;84100000;nivel;Epagri;;;2;False;diaria;dea0d5f08b8c0f64_diario_derivado;;interna;horaria_agregada;media
2015-12-03;204.5;24;True;0;84100000;nivel;Epagri;;;2;False;diaria;dea0d5f08b8c0f64_diario_derivado;;interna;horaria_agregada;media
2015-12-04;;23;False;0;84100000;nivel;Epagri;;;2;False;diaria;dea0d5f08b8c0f64_diario_derivado;;interna;horaria_agregada;media
2015-12-05;216.25;24;True;0;84100000;nivel;Epagri;;;2;False;diaria;dea0d5f08b8c0f64_diario_derivado;;interna;horaria_agregada;media
2015-12-06;213.91666666666666;24;True;0;84100000;nivel;Epagri;;;2;False;diaria;dea0d5f08b8c0f64_diario_derivado;;interna;horaria_agregada;media
2015-12-07;202.54166666666666;24;True;0;84100000;nivel;Epagri;;;2;False;diaria;dea0d5f08b8c0f64_diario_derivado;;interna;horaria_agregada;media
2015-12-08;;19;False;0;84100000;nivel;Epagri;;;2;False;diaria;dea0d5f08b8c0f64_diario_derivado;;interna;horaria_agregada;media
2015-12-09;198.79166666666666;24;True;0;84100000;nivel;Epagri;;;2;False;diaria;dea0d5f08b8c0f64_diario_derivado;;interna;horaria_agregada;media
2015-12-10;219.375;24;True;0;84100000;nivel;Epagri;;;2;False;diaria;dea0d5f08b8c0f64_diario_derivado;;interna;horaria_agregada;media
2015-12-11;199.91666666666666;24;True;0;84100000;nivel;Epagri;;;2;False;diaria;dea0d5f08b8c0f64_diario_derivado;;interna;horaria_agregada;media
2015-12-12;197.625;24;True;0;84100000;nivel;Epagri;;;2;False;diaria;dea0d5f08b8c0f64_diario_derivado;;interna;horaria_agregada;media
2015-12-13;196.83333333333334;24;True;0;84100000;nivel;Epagri;;;2;False;diaria;dea0d5f08b8c0f64_diario_derivado;;interna;horaria_agregada;media
2015-12-14;198.79166666666666;24;True;0;84100000;nivel;Epagri;;;2;False;diaria;dea0d5f08b8c0f64_diario_derivado;;interna;horaria_agregada;media
2015-12-15;202.45833333333334;24;True;0;84100000;nivel;Epagri;;;2;False;diaria;dea0d5f08b8c0f64_diario_derivado;;interna;horaria_agregada;media
2015-12-16;192.45833333333334;24;True;0;84100000;nivel;Epagri;;;2;False;diaria;dea0d5f08b8c0f64_diario_derivado;;interna;horaria_agregada;media
2015-12-17;191.66666666666666;24;True;0;84100000;nivel;Epagri;;;2;False;diaria;dea0d5f08b8c0f64_diario_derivado;;interna;horaria_agregada;media
2015-12-18;191.45833333333334;24;True;0;84100000;nivel;Epagri;;;2;False;diaria;dea0d5f08b8c0f64_diario_derivado;;interna;horaria_agregada;media
2015-12-19;204.79166666666666;24;True;0;84100000;nivel;Epagri;;;2;False;diaria;dea0d5f08b8c0f64_diario_derivado;;interna;horaria_agregada;media
2015-12-20;196.875;24;True;0;84100000;nivel;Epagri;;;2;False;diaria;dea0d5f08b8c0f64_diario_derivado;;interna;horaria_agregada;media
2015-12-21;195.375;24;True;0;84100000;nivel;Epagri;;;2;False;diaria;dea0d5f08b8c0f64_diario_derivado;;interna;horaria_agregada;media
2015-12-22;194.625;24;True;0;84100000;nivel;Epagri;;;2;False;diaria;dea0d5f08b8c0f64_diario_derivado;;interna;horaria_agregada;media
2015-12-23;191.33333333333334;24;True;0;84100000;nivel;Epagri;;;2;False;diaria;dea0d5f08b8c0f64_diario_derivado;;interna;horaria_agregada;media
2015-12-24;199.16666666666666;24;True;0;84100000;nivel;Epagri;;;2;False;diaria;dea0d5f08b8c0f64_diario_derivado;;interna;horaria_agregada;media
2015-12-25;227.125;24;True;0;84100000;nivel;Epagri;;;2;False;diaria;dea0d5f08b8c0f64_diario_derivado;;interna;horaria_agregada;media
2015-12-26;211.45833333333334;24;True;0;84100000;nivel;Epagri;;;2;False;diaria;dea0d5f08b8c0f64_diario_derivado;;interna;horaria_agregada;media
2015-12-27;275.75;24;True;0;84100000;nivel;Epagri;;;2;False;diaria;dea0d5f08b8c0f64_diario_derivado;;interna;horaria_agregada;media
2015-12-28;299.2916666666667;24;True;0;84100000;nivel;Epagri;;;2;False;diaria;dea0d5f08b8c0f64_diario_derivado;;interna;horaria_agregada;media
2015-12-29;271.5833333333333;24;True;0;84100000;nivel;Epagri;;;2;False;diaria;dea0d5f08b8c0f64_diario_derivado;;interna;horaria_agregada;media
2015-12-30;246.70833333333334;24;True;0;84100000;nivel;Epagri;;;2;False;diaria;dea0d5f08b8c0f64_diario_derivado;;interna;horaria_agregada;media
2015-12-31;276.125;24;True;0;84100000;nivel;Epagri;;;2;False;diaria;dea0d5f08b8c0f64_diario_derivado;;interna;horaria_agregada;media
2016-01-01;235.125;24;True;0;84100000;nivel;Epagri;;;2;False;diaria;dea0d5f08b8c0f64_diario_derivado;;interna;horaria_agregada;media
2016-01-02;227.20833333333334;24;True;0;84100000;nivel;Epagri;;;2;False;diaria;dea0d5f08b8c0f64_diario_derivado;;interna;horaria_agregada;media
2016-01-03;226.33333333333334;24;True;0;84100000;nivel;Epagri;;;2;False;diaria;dea0d5f08b8c0f64_diario_derivado;;interna;horaria_agregada;media
2016-01-04;223.58333333333334;24;True;0;84100000;nivel;Epagri;;;2;False;diaria;dea0d5f08b8c0f64_diario_derivado;;interna;horaria_agregada;media
2016-01-05;239.91666666666666;24;True;0;84100000;nivel;Epagri;;;2;False;diaria;dea0d5f08b8c0f64_diario_derivado;;interna;horaria_agregada;media
2016-01-06;222.375;24;True;0;84100000;nivel;Epagri;;;2;False;diaria;dea0d5f08b8c0f64_diario_derivado;;interna;horaria_agregada;media
2016-01-07;215.75;24;True;0;84100000;nivel;Epagri;;;2;False;diaria;dea0d5f08b8c0f64_diario_derivado;;interna;horaria_agregada;media
2016-01-08;213.58333333333334;24;True;0;84100000;nivel;Epagri;;;2;False;diaria;dea0d5f08b8c0f64_diario_derivado;;interna;horaria_agregada;media
2016-01-09;209.08333333333334;24;True;0;84100000;nivel;Epagri;;;2;False;diaria;dea0d5f08b8c0f64_diario_derivado;;interna;horaria_agregada;media
2016-01-10;220.66666666666666;24;True;0;84100000;nivel;Epagri;;;2;False;diaria;dea0d5f08b8c0f64_diario_derivado;;interna;horaria_agregada;media
2016-01-11;225.20833333333334;24;True;0;84100000;nivel;Epagri;;;2;False;diaria;dea0d5f08b8c0f64_diario_derivado;;interna;horaria_agregada;media
2016-01-12;210.08333333333334;24;True;0;84100000;nivel;Epagri;;;2;False;diaria;dea0d5f08b8c0f64_diario_derivado;;interna;horaria_agregada;media
2016-01-13;205.66666666666666;24;True;0;84100000;nivel;Epagri;;;2;False;diaria;dea0d5f08b8c0f64_diario_derivado;;interna;horaria_agregada;media
2016-01-14;205.75;24;True;0;84100000;nivel;Epagri;;;2;False;diaria;dea0d5f08b8c0f64_diario_derivado;;interna;horaria_agregada;media
2016-01-15;217.33333333333334;24;True;0;84100000;nivel;Epagri;;;2;False;diaria;dea0d5f08b8c0f64_diario_derivado;;interna;horaria_agregada;media
2016-01-16;211.91666666666666;24;True;0;84100000;nivel;Epagri;;;2;False;diaria;dea0d5f08b8c0f64_diario_derivado;;interna;horaria_agregada;media
2016-01-17;200.45833333333334;24;True;0;84100000;nivel;Epagri;;;2;False;diaria;dea0d5f08b8c0f64_diario_derivado;;interna;horaria_agregada;media
2016-01-18;197.83333333333334;24;True;0;84100000;nivel;Epagri;;;2;False;diaria;dea0d5f08b8c0f64_diario_derivado;;interna;horaria_agregada;media
2016-01-19;195.75;24;True;0;84100000;nivel;Epagri;;;2;False;diaria;dea0d5f08b8c0f64_diario_derivado;;interna;horaria_agregada;media
2016-01-20;194.29166666666666;24;True;0;84100000;nivel;Epagri;;;2;False;diaria;dea0d5f08b8c0f64_diario_derivado;;interna;horaria_agregada;media
2016-01-21;193.20833333333334;24;True;0;84100000;nivel;Epagri;;;2;False;diaria;dea0d5f08b8c0f64_diario_derivado;;interna;horaria_agregada;media
2016-01-22;192.75;24;True;0;84100000;nivel;Epagri;;;2;False;diaria;dea0d5f08b8c0f64_diario_derivado;;interna;horaria_agregada;media
2016-01-23;191.625;24;True;0;84100000;nivel;Epagri;;;2;False;diaria;dea0d5f08b8c0f64_diario_derivado;;interna;horaria_agregada;media
2016-01-24;190.54166666666666;24;True;0;84100000;nivel;Epagri;;;2;False;diaria;dea0d5f08b8c0f64_diario_derivado;;interna;horaria_agregada;media
2016-01-25;189.95833333333334;24;True;0;84100000;nivel;Epagri;;;2;False;diaria;dea0d5f08b8c0f64_diario_derivado;;interna;horaria_agregada;media
2016-01-26;191.16666666666666;24;True;0;84100000;nivel;Epagri;;;2;False;diaria;dea0d5f08b8c0f64_diario_derivado;;interna;horaria_agregada;media
2016-01-27;195.5;24;True;0;84100000;nivel;Epagri;;;2;False;diaria;dea0d5f08b8c0f64_diario_derivado;;interna;horaria_agregada;media
2016-01-28;194.70833333333334;24;True;0;84100000;nivel;Epagri;;;2;False;diaria;dea0d5f08b8c0f64_diario_derivado;;interna;horaria_agregada;media
2016-01-29;306.375;24;True;0;84100000;nivel;Epagri;;;2;False;diaria;dea0d5f08b8c0f64_diario_derivado;;interna;horaria_agregada;media
2016-01-30;226.08333333333334;24;True;0;84100000;nivel;Epagri;;;2;False;diaria;dea0d5f08b8c0f64_diario_derivado;;interna;horaria_agregada;media
2016-01-31;264.125;24;True;0;84100000;nivel;Epagri;;;2;False;diaria;dea0d5f08b8c0f64_diario_derivado;;interna;horaria_agregada;media
2016-02-01;234.75;24;True;0;84100000;nivel;Epagri;;;2;False;diaria;dea0d5f08b8c0f64_diario_derivado;;interna;horaria_agregada;media
2016-02-02;234.66666666666666;24;True;0;84100000;nivel;Epagri;;;2;False;diaria;dea0d5f08b8c0f64_diario_derivado;;interna;horaria_agregada;media
2016-02-03;;23;False;0;84100000;nivel;Epagri;;;2;False;diaria;dea0d5f08b8c0f64_diario_derivado;;interna;horaria_agregada;media
2016-02-04;233.625;24;True;0;84100000;nivel;Epagri;;;2;False;diaria;dea0d5f08b8c0f64_diario_derivado;;interna;horaria_agregada;media
2016-02-05;236.83333333333334;24;True;0;84100000;nivel;Epagri;;;2;False;diaria;dea0d5f08b8c0f64_diario_derivado;;interna;horaria_agregada;media
2016-02-06;228.45833333333334;24;True;0;84100000;nivel;Epagri;;;2;False;diaria;dea0d5f08b8c0f64_diario_derivado;;interna;horaria_agregada;media
2016-02-07;212.91666666666666;24;True;0;84100000;nivel;Epagri;;;2;False;diaria;dea0d5f08b8c0f64_diario_derivado;;interna;horaria_agregada;media
2016-02-08;208.5;24;True;0;84100000;nivel;Epagri;;;2;False;diaria;dea0d5f08b8c0f64_diario_derivado;;interna;horaria_agregada;media
2016-02-09;204.95833333333334;24;True;0;84100000;nivel;Epagri;;;2;False;diaria;dea0d5f08b8c0f64_diario_derivado;;interna;horaria_agregada;media
2016-02-10;222.83333333333334;24;True;0;84100000;nivel;Epagri;;;2;False;diaria;dea0d5f08b8c0f64_diario_derivado;;interna;horaria_agregada;media
2016-02-11;;22;False;0;84100000;nivel;Epagri;;;2;False;diaria;dea0d5f08b8c0f64_diario_derivado;;interna;horaria_agregada;media
2016-02-12;202.91666666666666;24;True;0;84100000;nivel;Epagri;;;2;False;diaria;dea0d5f08b8c0f64_diario_derivado;;interna;horaria_agregada;media
2016-02-13;200.16666666666666;24;True;0;84100000;nivel;Epagri;;;2;False;diaria;dea0d5f08b8c0f64_diario_derivado;;interna;horaria_agregada;media
2016-02-14;205.625;24;True;0;84100000;nivel;Epagri;;;2;False;diaria;dea0d5f08b8c0f64_diario_derivado;;interna;horaria_agregada;media
2016-02-15;205.20833333333334;24;True;0;84100000;nivel;Epagri;;;2;False;diaria;dea0d5f08b8c0f64_diario_derivado;;interna;horaria_agregada;media
2016-02-16;203.04166666666666;24;True;0;84100000;nivel;Epagri;;;2;False;diaria;dea0d5f08b8c0f64_diario_derivado;;interna;horaria_agregada;media
2016-02-17;;17;False;0;84100000;nivel;Epagri;;;2;False;diaria;dea0d5f08b8c0f64_diario_derivado;;interna;horaria_agregada;media
2016-02-18;;16;False;0;84100000;nivel;Epagri;;;2;False;diaria;dea0d5f08b8c0f64_diario_derivado;;interna;horaria_agregada;media
2016-02-19;195.125;24;True;0;84100000;nivel;Epagri;;;2;False;diaria;dea0d5f08b8c0f64_diario_derivado;;interna;horaria_agregada;media
2016-02-20;208.0;24;True;0;84100000;nivel;Epagri;;;2;False;diaria;dea0d5f08b8c0f64_diario_derivado;;interna;horaria_agregada;media
2016-02-21;218.875;24;True;0;84100000;nivel;Epagri;;;2;False;diaria;dea0d5f08b8c0f64_diario_derivado;;interna;horaria_agregada;media
2016-02-22;213.79166666666666;24;True;0;84100000;nivel;Epagri;;;2;False;diaria;dea0d5f08b8c0f64_diario_derivado;;interna;horaria_agregada;media
2016-02-23;200.25;24;True;0;84100000;nivel;Epagri;;;2;False;diaria;dea0d5f08b8c0f64_diario_derivado;;interna;horaria_agregada;media
2016-02-24;207.125;24;True;0;84100000;nivel;Epagri;;;2;False;diaria;dea0d5f08b8c0f64_diario_derivado;;interna;horaria_agregada;media
2016-02-25;209.33333333333334;24;True;0;84100000;nivel;Epagri;;;2;False;diaria;dea0d5f08b8c0f64_diario_derivado;;interna;horaria_agregada;media
2016-02-26;200.875;24;True;0;84100000;nivel;Epagri;;;2;False;diaria;dea0d5f08b8c0f64_diario_derivado;;interna;horaria_agregada;media
2016-02-27;196.45833333333334;24;True;0;84100000;nivel;Epagri;;;2;False;diaria;dea0d5f08b8c0f64_diario_derivado;;interna;horaria_agregada;media
2016-02-28;209.375;24;True;0;84100000;nivel;Epagri;;;2;False;diaria;dea0d5f08b8c0f64_diario_derivado;;interna;horaria_agregada;media
2016-02-29;195.66666666666666;24;True;0;84100000;nivel;Epagri;;;2;False;diaria;dea0d5f08b8c0f64_diario_derivado;;interna;horaria_agregada;media
2016-03-01;192.0;24;True;0;84100000;nivel;Epagri;;;2;False;diaria;dea0d5f08b8c0f64_diario_derivado;;interna;horaria_agregada;media
2016-03-02;191.66666666666666;24;True;0;84100000;nivel;Epagri;;;2;False;diaria;dea0d5f08b8c0f64_diario_derivado;;interna;horaria_agregada;media
2016-03-03;328.25;24;True;0;84100000;nivel;Epagri;;;2;False;diaria;dea0d5f08b8c0f64_diario_derivado;;interna;horaria_agregada;media
2016-03-04;233.33333333333334;24;True;0;84100000;nivel;Epagri;;;2;False;diaria;dea0d5f08b8c0f64_diario_derivado;;interna;horaria_agregada;media
2016-03-05;210.58333333333334;24;True;0;84100000;nivel;Epagri;;;2;False;diaria;dea0d5f08b8c0f64_diario_derivado;;interna;horaria_agregada;media
2016-03-06;205.20833333333334;24;True;0;84100000;nivel;Epagri;;;2;False;diaria;dea0d5f08b8c0f64_diario_derivado;;interna;horaria_agregada;media
2016-03-07;201.25;24;True;0;84100000;nivel;Epagri;;;2;False;diaria;dea0d5f08b8c0f64_diario_derivado;;interna;horaria_agregada;media
2016-03-08;198.375;24;True;0;84100000;nivel;Epagri;;;2;False;diaria;dea0d5f08b8c0f64_diario_derivado;;interna;horaria_agregada;media
2016-03-09;197.70833333333334;24;True;0;84100000;nivel;Epagri;;;2;False;diaria;dea0d5f08b8c0f64_diario_derivado;;interna;horaria_agregada;media
2016-03-10;249.41666666666666;24;True;0;84100000;nivel;Epagri;;;2;False;diaria;dea0d5f08b8c0f64_diario_derivado;;interna;horaria_agregada;media
2016-03-11;222.04166666666666;24;True;0;84100000;nivel;Epagri;;;2;False;diaria;dea0d5f08b8c0f64_diario_derivado;;interna;horaria_agregada;media
2016-03-12;212.66666666666666;24;True;0;84100000;nivel;Epagri;;;2;False;diaria;dea0d5f08b8c0f64_diario_derivado;;interna;horaria_agregada;media
2016-03-13;202.58333333333334;24;True;0;84100000;nivel;Epagri;;;2;False;diaria;dea0d5f08b8c0f64_diario_derivado;;interna;horaria_agregada;media
2016-03-14;199.29166666666666;24;True;0;84100000;nivel;Epagri;;;2;False;diaria;dea0d5f08b8c0f64_diario_derivado;;interna;horaria_agregada;media
2016-03-15;197.83333333333334;24;True;0;84100000;nivel;Epagri;;;2;False;diaria;dea0d5f08b8c0f64_diario_derivado;;interna;horaria_agregada;media
2016-03-16;199.04166666666666;24;True;0;84100000;nivel;Epagri;;;2;False;diaria;dea0d5f08b8c0f64_diario_derivado;;interna;horaria_agregada;media
2016-03-17;198.54166666666666;24;True;0;84100000;nivel;Epagri;;;2;False;diaria;dea0d5f08b8c0f64_diario_derivado;;interna;horaria_agregada;media
2016-03-18;194.45833333333334;24;True;0;84100000;nivel;Epagri;;;2;False;diaria;dea0d5f08b8c0f64_diario_derivado;;interna;horaria_agregada;media
2016-03-19;193.33333333333334;24;True;0;84100000;nivel;Epagri;;;2;False;diaria;dea0d5f08b8c0f64_diario_derivado;;interna;horaria_agregada;media
2016-03-20;192.75;24;True;0;84100000;nivel;Epagri;;;2;False;diaria;dea0d5f08b8c0f64_diario_derivado;;interna;horaria_agregada;media
2016-03-21;192.54166666666666;24;True;0;84100000;nivel;Epagri;;;2;False;diaria;dea0d5f08b8c0f64_diario_derivado;;interna;horaria_agregada;media
2016-03-22;192.125;24;True;0;84100000;nivel;Epagri;;;2;False;diaria;dea0d5f08b8c0f64_diario_derivado;;interna;horaria_agregada;media
2016-03-23;190.08333333333334;24;True;0;84100000;nivel;Epagri;;;2;False;diaria;dea0d5f08b8c0f64_diario_derivado;;interna;horaria_agregada;media
2016-03-24;188.91666666666666;24;True;0;84100000;nivel;Epagri;;;2;False;diaria;dea0d5f08b8c0f64_diario_derivado;;interna;horaria_agregada;media
2016-03-25;241.375;24;True;0;84100000;nivel;Epagri;;;2;False;diaria;dea0d5f08b8c0f64_diario_derivado;;interna;horaria_agregada;media
2016-03-26;243.45833333333334;24;True;0;84100000;nivel;Epagri;;;2;False;diaria;dea0d5f08b8c0f64_diario_derivado;;interna;horaria_agregada;media
2016-03-27;205.375;24;True;0;84100000;nivel;Epagri;;;2;False;diaria;dea0d5f08b8c0f64_diario_derivado;;interna;horaria_agregada;media
2016-03-28;196.41666666666666;24;True;0;84100000;nivel;Epagri;;;2;False;diaria;dea0d5f08b8c0f64_diario_derivado;;interna;horaria_agregada;media
2016-03-29;193.54166666666666;24;True;0;84100000;nivel;Epagri;;;2;False;diaria;dea0d5f08b8c0f64_diario_derivado;;interna;horaria_agregada;media
2016-03-30;192.20833333333334;24;True;0;84100000;nivel;Epagri;;;2;False;diaria;dea0d5f08b8c0f64_diario_derivado;;interna;horaria_agregada;media
2016-03-31;218.5;24;True;0;84100000;nivel;Epagri;;;2;False;diaria;dea0d5f08b8c0f64_diario_derivado;;interna;horaria_agregada;media
2016-04-01;;21;False;0;84100000;nivel;Epagri;;;2;False;diaria;dea0d5f08b8c0f64_diario_derivado;;interna;horaria_agregada;media
2016-04-02;;16;False;0;84100000;nivel;Epagri;;;2;False;diaria;dea0d5f08b8c0f64_diario_derivado;;interna;horaria_agregada;media
2016-04-03;197.16666666666666;24;True;0;84100000;nivel;Epagri;;;2;False;diaria;dea0d5f08b8c0f64_diario_derivado;;interna;horaria_agregada;media
2016-04-04;197.0;24;True;0;84100000;nivel;Epagri;;;2;False;diaria;dea0d5f08b8c0f64_diario_derivado;;interna;horaria_agregada;media
2016-04-05;192.83333333333334;24;True;0;84100000;nivel;Epagri;;;2;False;diaria;dea0d5f08b8c0f64_diario_derivado;;interna;horaria_agregada;media
2016-04-06;191.29166666666666;24;True;0;84100000;nivel;Epagri;;;2;False;diaria;dea0d5f08b8c0f64_diario_derivado;;interna;horaria_agregada;media
2016-04-07;190.125;24;True;0;84100000;nivel;Epagri;;;2;False;diaria;dea0d5f08b8c0f64_diario_derivado;;interna;horaria_agregada;media
2016-04-08;190.75;24;True;0;84100000;nivel;Epagri;;;2;False;diaria;dea0d5f08b8c0f64_diario_derivado;;interna;horaria_agregada;media
2016-04-09;194.91666666666666;24;True;0;84100000;nivel;Epagri;;;2;False;diaria;dea0d5f08b8c0f64_diario_derivado;;interna;horaria_agregada;media
2016-04-10;213.41666666666666;24;True;0;84100000;nivel;Epagri;;;2;False;diaria;dea0d5f08b8c0f64_diario_derivado;;interna;horaria_agregada;media
2016-04-11;209.41666666666666;24;True;0;84100000;nivel;Epagri;;;2;False;diaria;dea0d5f08b8c0f64_diario_derivado;;interna;horaria_agregada;media
2016-04-12;217.25;24;True;0;84100000;nivel;Epagri;;;2;False;diaria;dea0d5f08b8c0f64_diario_derivado;;interna;horaria_agregada;media
2016-04-13;212.58333333333334;24;True;0;84100000;nivel;Epagri;;;2;False;diaria;dea0d5f08b8c0f64_diario_derivado;;interna;horaria_agregada;media
2016-04-14;209.875;24;True;0;84100000;nivel;Epagri;;;2;False;diaria;dea0d5f08b8c0f64_diario_derivado;;interna;horaria_agregada;media
2016-04-15;198.45833333333334;24;True;0;84100000;nivel;Epagri;;;2;False;diaria;dea0d5f08b8c0f64_diario_derivado;;interna;horaria_agregada;media
2016-04-16;194.625;24;True;0;84100000;nivel;Epagri;;;2;False;diaria;dea0d5f08b8c0f64_diario_derivado;;interna;horaria_agregada;media
2016-04-17;192.33333333333334;24;True;0;84100000;nivel;Epagri;;;2;False;diaria;dea0d5f08b8c0f64_diario_derivado;;interna;horaria_agregada;media
2016-04-18;190.79166666666666;24;True;0;84100000;nivel;Epagri;;;2;False;diaria;dea0d5f08b8c0f64_diario_derivado;;interna;horaria_agregada;media
2016-04-19;189.45833333333334;24;True;0;84100000;nivel;Epagri;;;2;False;diaria;dea0d5f08b8c0f64_diario_derivado;;interna;horaria_agregada;media
2016-04-20;188.54166666666666;24;True;0;84100000;nivel;Epagri;;;2;False;diaria;dea0d5f08b8c0f64_diario_derivado;;interna;horaria_agregada;media
2016-04-21;187.54166666666666;24;True;0;84100000;nivel;Epagri;;;2;False;diaria;dea0d5f08b8c0f64_diario_derivado;;interna;horaria_agregada;media
2016-04-22;211.58333333333334;24;True;0;84100000;nivel;Epagri;;;2;False;diaria;dea0d5f08b8c0f64_diario_derivado;;interna;horaria_agregada;media
2016-04-23;216.45833333333334;24;True;0;84100000;nivel;Epagri;;;2;False;diaria;dea0d5f08b8c0f64_diario_derivado;;interna;horaria_agregada;media
2016-04-24;194.125;24;True;0;84100000;nivel;Epagri;;;2;False;diaria;dea0d5f08b8c0f64_diario_derivado;;interna;horaria_agregada;media
2016-04-25;189.83333333333334;24;True;0;84100000;nivel;Epagri;;;2;False;diaria;dea0d5f08b8c0f64_diario_derivado;;interna;horaria_agregada;media
2016-04-26;189.20833333333334;24;True;0;84100000;nivel;Epagri;;;2;False;diaria;dea0d5f08b8c0f64_diario_derivado;;interna;horaria_agregada;media
2016-04-27;231.20833333333334;24;True;0;84100000;nivel;Epagri;;;2;False;diaria;dea0d5f08b8c0f64_diario_derivado;;interna;horaria_agregada;media
2016-04-28;195.5;24;True;0;84100000;nivel;Epagri;;;2;False;diaria;dea0d5f08b8c0f64_diario_derivado;;interna;horaria_agregada;media
2016-04-29;190.20833333333334;24;True;0;84100000;nivel;Epagri;;;2;False;diaria;dea0d5f08b8c0f64_diario_derivado;;interna;horaria_agregada;media
2016-04-30;188.45833333333334;24;True;0;84100000;nivel;Epagri;;;2;False;diaria;dea0d5f08b8c0f64_diario_derivado;;interna;horaria_agregada;media
2016-05-01;186.79166666666666;24;True;0;84100000;nivel;Epagri;;;2;False;diaria;dea0d5f08b8c0f64_diario_derivado;;interna;horaria_agregada;media
2016-05-02;186.20833333333334;24;True;0;84100000;nivel;Epagri;;;2;False;diaria;dea0d5f08b8c0f64_diario_derivado;;interna;horaria_agregada;media
2016-05-03;185.54166666666666;24;True;0;84100000;nivel;Epagri;;;2;False;diaria;dea0d5f08b8c0f64_diario_derivado;;interna;horaria_agregada;media
2016-05-04;185.45833333333334;24;True;0;84100000;nivel;Epagri;;;2;False;diaria;dea0d5f08b8c0f64_diario_derivado;;interna;horaria_agregada;media
2016-05-05;185.0;24;True;0;84100000;nivel;Epagri;;;2;False;diaria;dea0d5f08b8c0f64_diario_derivado;;interna;horaria_agregada;media
2016-05-06;186.58333333333334;24;True;0;84100000;nivel;Epagri;;;2;False;diaria;dea0d5f08b8c0f64_diario_derivado;;interna;horaria_agregada;media
2016-05-07;188.58333333333334;24;True;0;84100000;nivel;Epagri;;;2;False;diaria;dea0d5f08b8c0f64_diario_derivado;;interna;horaria_agregada;media
2016-05-08;186.08333333333334;24;True;0;84100000;nivel;Epagri;;;2;False;diaria;dea0d5f08b8c0f64_diario_derivado;;interna;horaria_agregada;media
2016-05-09;186.0;24;True;0;84100000;nivel;Epagri;;;2;False;diaria;dea0d5f08b8c0f64_diario_derivado;;interna;horaria_agregada;media
2016-05-10;185.375;24;True;0;84100000;nivel;Epagri;;;2;False;diaria;dea0d5f08b8c0f64_diario_derivado;;interna;horaria_agregada;media
2016-05-11;;22;False;0;84100000;nivel;Epagri;;;2;False;diaria;dea0d5f08b8c0f64_diario_derivado;;interna;horaria_agregada;media
2016-05-12;184.0;24;True;0;84100000;nivel;Epagri;;;2;False;diaria;dea0d5f08b8c0f64_diario_derivado;;interna;horaria_agregada;media
2016-05-13;183.625;24;True;0;84100000;nivel;Epagri;;;2;False;diaria;dea0d5f08b8c0f64_diario_derivado;;interna;horaria_agregada;media
2016-05-14;183.29166666666666;24;True;0;84100000;nivel;Epagri;;;2;False;diaria;dea0d5f08b8c0f64_diario_derivado;;interna;horaria_agregada;media
2016-05-15;183.75;24;True;0;84100000;nivel;Epagri;;;2;False;diaria;dea0d5f08b8c0f64_diario_derivado;;interna;horaria_agregada;media
2016-05-16;199.625;24;True;0;84100000;nivel;Epagri;;;2;False;diaria;dea0d5f08b8c0f64_diario_derivado;;interna;horaria_agregada;media
2016-05-17;184.125;24;True;0;84100000;nivel;Epagri;;;2;False;diaria;dea0d5f08b8c0f64_diario_derivado;;interna;horaria_agregada;media
2016-05-18;182.25;24;True;0;84100000;nivel;Epagri;;;2;False;diaria;dea0d5f08b8c0f64_diario_derivado;;interna;horaria_agregada;media
2016-05-19;181.41666666666666;24;True;0;84100000;nivel;Epagri;;;2;False;diaria;dea0d5f08b8c0f64_diario_derivado;;interna;horaria_agregada;media
2016-05-20;184.66666666666666;24;True;0;84100000;nivel;Epagri;;;2;False;diaria;dea0d5f08b8c0f64_diario_derivado;;interna;horaria_agregada;media
2016-05-21;197.75;24;True;0;84100000;nivel;Epagri;;;2;False;diaria;dea0d5f08b8c0f64_diario_derivado;;interna;horaria_agregada;media
2016-05-22;200.95833333333334;24;True;0;84100000;nivel;Epagri;;;2;False;diaria;dea0d5f08b8c0f64_diario_derivado;;interna;horaria_agregada;media
2016-05-23;189.95833333333334;24;True;0;84100000;nivel;Epagri;;;2;False;diaria;dea0d5f08b8c0f64_diario_derivado;;interna;horaria_agregada;media
2016-05-24;184.20833333333334;24;True;0;84100000;nivel;Epagri;;;2;False;diaria;dea0d5f08b8c0f64_diario_derivado;;interna;horaria_agregada;media
2016-05-25;183.58333333333334;24;True;0;84100000;nivel;Epagri;;;2;False;diaria;dea0d5f08b8c0f64_diario_derivado;;interna;horaria_agregada;media
2016-05-26;183.66666666666666;24;True;0;84100000;nivel;Epagri;;;2;False;diaria;dea0d5f08b8c0f64_diario_derivado;;interna;horaria_agregada;media
2016-05-27;182.83333333333334;24;True;0;84100000;nivel;Epagri;;;2;False;diaria;dea0d5f08b8c0f64_diario_derivado;;interna;horaria_agregada;media
2016-05-28;182.08333333333334;24;True;0;84100000;nivel;Epagri;;;2;False;diaria;dea0d5f08b8c0f64_diario_derivado;;interna;horaria_agregada;media
2016-05-29;186.04166666666666;24;True;0;84100000;nivel;Epagri;;;2;False;diaria;dea0d5f08b8c0f64_diario_derivado;;interna;horaria_agregada;media
2016-05-30;187.29166666666666;24;True;0;84100000;nivel;Epagri;;;2;False;diaria;dea0d5f08b8c0f64_diario_derivado;;interna;horaria_agregada;media
2016-05-31;182.875;24;True;0;84100000;nivel;Epagri;;;2;False;diaria;dea0d5f08b8c0f64_diario_derivado;;interna;horaria_agregada;media
2016-06-01;181.41666666666666;24;True;0;84100000;nivel;Epagri;;;2;False;diaria;dea0d5f08b8c0f64_diario_derivado;;interna;horaria_agregada;media
2016-06-02;184.66666666666666;24;True;0;84100000;nivel;Epagri;;;2;False;diaria;dea0d5f08b8c0f64_diario_derivado;;interna;horaria_agregada;media
2016-06-03;180.70833333333334;24;True;0;84100000;nivel;Epagri;;;2;False;diaria;dea0d5f08b8c0f64_diario_derivado;;interna;horaria_agregada;media
2016-06-04;179.70833333333334;24;True;0;84100000;nivel;Epagri;;;2;False;diaria;dea0d5f08b8c0f64_diario_derivado;;interna;horaria_agregada;media
2016-06-05;179.75;24;True;0;84100000;nivel;Epagri;;;2;False;diaria;dea0d5f08b8c0f64_diario_derivado;;interna;horaria_agregada;media
2016-06-06;179.125;24;True;0;84100000;nivel;Epagri;;;2;False;diaria;dea0d5f08b8c0f64_diario_derivado;;interna;horaria_agregada;media
2016-06-07;178.66666666666666;24;True;0;84100000;nivel;Epagri;;;2;False;diaria;dea0d5f08b8c0f64_diario_derivado;;interna;horaria_agregada;media
2016-06-08;177.70833333333334;24;True;0;84100000;nivel;Epagri;;;2;False;diaria;dea0d5f08b8c0f64_diario_derivado;;interna;horaria_agregada;media
2016-06-09;176.875;24;True;0;84100000;nivel;Epagri;;;2;False;diaria;dea0d5f08b8c0f64_diario_derivado;;interna;horaria_agregada;media
2016-06-10;176.79166666666666;24;True;0;84100000;nivel;Epagri;;;2;False;diaria;dea0d5f08b8c0f64_diario_derivado;;interna;horaria_agregada;media
2016-06-11;176.41666666666666;24;True;0;84100000;nivel;Epagri;;;2;False;diaria;dea0d5f08b8c0f64_diario_derivado;;interna;horaria_agregada;media
2016-06-12;175.83333333333334;24;True;0;84100000;nivel;Epagri;;;2;False;diaria;dea0d5f08b8c0f64_diario_derivado;;interna;horaria_agregada;media
2016-06-13;176.0;24;True;0;84100000;nivel;Epagri;;;2;False;diaria;dea0d5f08b8c0f64_diario_derivado;;interna;horaria_agregada;media
2016-06-14;176.375;24;True;0;84100000;nivel;Epagri;;;2;False;diaria;dea0d5f08b8c0f64_diario_derivado;;interna;horaria_agregada;media
2016-06-15;176.16666666666666;24;True;0;84100000;nivel;Epagri;;;2;False;diaria;dea0d5f08b8c0f64_diario_derivado;;interna;horaria_agregada;media
2016-06-16;176.66666666666666;24;True;0;84100000;nivel;Epagri;;;2;False;diaria;dea0d5f08b8c0f64_diario_derivado;;interna;horaria_agregada;media
2016-06-17;184.41666666666666;24;True;0;84100000;nivel;Epagri;;;2;False;diaria;dea0d5f08b8c0f64_diario_derivado;;interna;horaria_agregada;media
2016-06-18;179.91666666666666;24;True;0;84100000;nivel;Epagri;;;2;False;diaria;dea0d5f08b8c0f64_diario_derivado;;interna;horaria_agregada;media
2016-06-19;177.29166666666666;24;True;0;84100000;nivel;Epagri;;;2;False;diaria;dea0d5f08b8c0f64_diario_derivado;;interna;horaria_agregada;media
2016-06-20;175.91666666666666;24;True;0;84100000;nivel;Epagri;;;2;False;diaria;dea0d5f08b8c0f64_diario_derivado;;interna;horaria_agregada;media
2016-06-21;175.29166666666666;24;True;0;84100000;nivel;Epagri;;;2;False;diaria;dea0d5f08b8c0f64_diario_derivado;;interna;horaria_agregada;media
2016-06-22;183.16666666666666;24;True;0;84100000;nivel;Epagri;;;2;False;diaria;dea0d5f08b8c0f64_diario_derivado;;interna;horaria_agregada;media
2016-06-23;181.91666666666666;24;True;0;84100000;nivel;Epagri;;;2;False;diaria;dea0d5f08b8c0f64_diario_derivado;;interna;horaria_agregada;media
2016-06-24;177.20833333333334;24;True;0;84100000;nivel;Epagri;;;2;False;diaria;dea0d5f08b8c0f64_diario_derivado;;interna;horaria_agregada;media
2016-06-25;176.125;24;True;0;84100000;nivel;Epagri;;;2;False;diaria;dea0d5f08b8c0f64_diario_derivado;;interna;horaria_agregada;media
2016-06-26;176.0;24;True;0;84100000;nivel;Epagri;;;2;False;diaria;dea0d5f08b8c0f64_diario_derivado;;interna;horaria_agregada;media
2016-06-27;175.125;24;True;0;84100000;nivel;Epagri;;;2;False;diaria;dea0d5f08b8c0f64_diario_derivado;;interna;horaria_agregada;media
2016-06-28;174.79166666666666;24;True;0;84100000;nivel;Epagri;;;2;False;diaria;dea0d5f08b8c0f64_diario_derivado;;interna;horaria_agregada;media
2016-06-29;174.45833333333334;24;True;0;84100000;nivel;Epagri;;;2;False;diaria;dea0d5f08b8c0f64_diario_derivado;;interna;horaria_agregada;media
2016-06-30;174.5;24;True;0;84100000;nivel;Epagri;;;2;False;diaria;dea0d5f08b8c0f64_diario_derivado;;interna;horaria_agregada;media
2016-07-01;174.45833333333334;24;True;0;84100000;nivel;Epagri;;;2;False;diaria;dea0d5f08b8c0f64_diario_derivado;;interna;horaria_agregada;media
2016-07-02;174.16666666666666;24;True;0;84100000;nivel;Epagri;;;2;False;diaria;dea0d5f08b8c0f64_diario_derivado;;interna;horaria_agregada;media
2016-07-03;173.75;24;True;0;84100000;nivel;Epagri;;;2;False;diaria;dea0d5f08b8c0f64_diario_derivado;;interna;horaria_agregada;media
2016-07-04;173.5;24;True;0;84100000;nivel;Epagri;;;2;False;diaria;dea0d5f08b8c0f64_diario_derivado;;interna;horaria_agregada;media
2016-07-05;173.20833333333334;24;True;0;84100000;nivel;Epagri;;;2;False;diaria;dea0d5f08b8c0f64_diario_derivado;;interna;horaria_agregada;media
2016-07-06;173.04166666666666;24;True;0;84100000;nivel;Epagri;;;2;False;diaria;dea0d5f08b8c0f64_diario_derivado;;interna;horaria_agregada;media
2016-07-07;171.58333333333334;24;True;0;84100000;nivel;Epagri;;;2;False;diaria;dea0d5f08b8c0f64_diario_derivado;;interna;horaria_agregada;media
2016-07-08;171.54166666666666;24;True;0;84100000;nivel;Epagri;;;2;False;diaria;dea0d5f08b8c0f64_diario_derivado;;interna;horaria_agregada;media
2016-07-09;171.54166666666666;24;True;0;84100000;nivel;Epagri;;;2;False;diaria;dea0d5f08b8c0f64_diario_derivado;;interna;horaria_agregada;media
2016-07-10;171.66666666666666;24;True;0;84100000;nivel;Epagri;;;2;False;diaria;dea0d5f08b8c0f64_diario_derivado;;interna;horaria_agregada;media
2016-07-11;171.66666666666666;24;True;0;84100000;nivel;Epagri;;;2;False;diaria;dea0d5f08b8c0f64_diario_derivado;;interna;horaria_agregada;media
2016-07-12;171.79166666666666;24;True;0;84100000;nivel;Epagri;;;2;False;diaria;dea0d5f08b8c0f64_diario_derivado;;interna;horaria_agregada;media
2016-07-13;171.54166666666666;24;True;0;84100000;nivel;Epagri;;;2;False;diaria;dea0d5f08b8c0f64_diario_derivado;;interna;horaria_agregada;media
2016-07-14;220.75;24;True;0;84100000;nivel;Epagri;;;2;False;diaria;dea0d5f08b8c0f64_diario_derivado;;interna;horaria_agregada;media
2016-07-15;244.5;24;True;0;84100000;nivel;Epagri;;;2;False;diaria;dea0d5f08b8c0f64_diario_derivado;;interna;horaria_agregada;media
2016-07-16;249.20833333333334;24;True;0;84100000;nivel;Epagri;;;2;False;diaria;dea0d5f08b8c0f64_diario_derivado;;interna;horaria_agregada;media
2016-07-17;192.04166666666666;24;True;0;84100000;nivel;Epagri;;;2;False;diaria;dea0d5f08b8c0f64_diario_derivado;;interna;horaria_agregada;media
2016-07-18;181.54166666666666;24;True;0;84100000;nivel;Epagri;;;2;False;diaria;dea0d5f08b8c0f64_diario_derivado;;interna;horaria_agregada;media
2016-07-19;178.70833333333334;24;True;0;84100000;nivel;Epagri;;;2;False;diaria;dea0d5f08b8c0f64_diario_derivado;;interna;horaria_agregada;media
2016-07-20;177.08333333333334;24;True;0;84100000;nivel;Epagri;;;2;False;diaria;dea0d5f08b8c0f64_diario_derivado;;interna;horaria_agregada;media
2016-07-21;176.0;24;True;0;84100000;nivel;Epagri;;;2;False;diaria;dea0d5f08b8c0f64_diario_derivado;;interna;horaria_agregada;media
2016-07-22;175.25;24;True;0;84100000;nivel;Epagri;;;2;False;diaria;dea0d5f08b8c0f64_diario_derivado;;interna;horaria_agregada;media
2016-07-23;174.54166666666666;24;True;0;84100000;nivel;Epagri;;;2;False;diaria;dea0d5f08b8c0f64_diario_derivado;;interna;horaria_agregada;media
2016-07-24;174.25;24;True;0;84100000;nivel;Epagri;;;2;False;diaria;dea0d5f08b8c0f64_diario_derivado;;interna;horaria_agregada;media
2016-07-25;173.66666666666666;24;True;0;84100000;nivel;Epagri;;;2;False;diaria;dea0d5f08b8c0f64_diario_derivado;;interna;horaria_agregada;media
2016-07-26;;23;False;0;84100000;nivel;Epagri;;;2;False;diaria;dea0d5f08b8c0f64_diario_derivado;;interna;horaria_agregada;media
2016-07-27;173.91666666666666;24;True;0;84100000;nivel;Epagri;;;2;False;diaria;dea0d5f08b8c0f64_diario_derivado;;interna;horaria_agregada;media
2016-07-28;171.83333333333334;24;True;0;84100000;nivel;Epagri;;;2;False;diaria;dea0d5f08b8c0f64_diario_derivado;;interna;horaria_agregada;media
2016-07-29;171.83333333333334;24;True;0;84100000;nivel;Epagri;;;2;False;diaria;dea0d5f08b8c0f64_diario_derivado;;interna;horaria_agregada;media
2016-07-30;172.33333333333334;24;True;0;84100000;nivel;Epagri;;;2;False;diaria;dea0d5f08b8c0f64_diario_derivado;;interna;horaria_agregada;media
2016-07-31;172.45833333333334;24;True;0;84100000;nivel;Epagri;;;2;False;diaria;dea0d5f08b8c0f64_diario_derivado;;interna;horaria_agregada;media
2016-08-01;172.04166666666666;24;True;0;84100000;nivel;Epagri;;;2;False;diaria;dea0d5f08b8c0f64_diario_derivado;;interna;horaria_agregada;media
2016-08-02;171.08333333333334;24;True;0;84100000;nivel;Epagri;;;2;False;diaria;dea0d5f08b8c0f64_diario_derivado;;interna;horaria_agregada;media
2016-08-03;172.29166666666666;24;True;0;84100000;nivel;Epagri;;;2;False;diaria;dea0d5f08b8c0f64_diario_derivado;;interna;horaria_agregada;media
2016-08-04;172.66666666666666;24;True;0;84100000;nivel;Epagri;;;2;False;diaria;dea0d5f08b8c0f64_diario_derivado;;interna;horaria_agregada;media
2016-08-05;172.58333333333334;24;True;0;84100000;nivel;Epagri;;;2;False;diaria;dea0d5f08b8c0f64_diario_derivado;;interna;horaria_agregada;media
2016-08-06;171.70833333333334;24;True;0;84100000;nivel;Epagri;;;2;False;diaria;dea0d5f08b8c0f64_diario_derivado;;interna;horaria_agregada;media
2016-08-07;175.54166666666666;24;True;0;84100000;nivel;Epagri;;;2;False;diaria;dea0d5f08b8c0f64_diario_derivado;;interna;horaria_agregada;media
2016-08-08;172.875;24;True;0;84100000;nivel;Epagri;;;2;False;diaria;dea0d5f08b8c0f64_diario_derivado;;interna;horaria_agregada;media
2016-08-09;172.79166666666666;24;True;0;84100000;nivel;Epagri;;;2;False;diaria;dea0d5f08b8c0f64_diario_derivado;;interna;horaria_agregada;media
2016-08-10;171.54166666666666;24;True;0;84100000;nivel;Epagri;;;2;False;diaria;dea0d5f08b8c0f64_diario_derivado;;interna;horaria_agregada;media
2016-08-11;170.16666666666666;24;True;0;84100000;nivel;Epagri;;;2;False;diaria;dea0d5f08b8c0f64_diario_derivado;;interna;horaria_agregada;media
2016-08-12;169.58333333333334;24;True;0;84100000;nivel;Epagri;;;2;False;diaria;dea0d5f08b8c0f64_diario_derivado;;interna;horaria_agregada;media
2016-08-13;169.33333333333334;24;True;0;84100000;nivel;Epagri;;;2;False;diaria;dea0d5f08b8c0f64_diario_derivado;;interna;horaria_agregada;media
2016-08-14;169.33333333333334;24;True;0;84100000;nivel;Epagri;;;2;False;diaria;dea0d5f08b8c0f64_diario_derivado;;interna;horaria_agregada;media
2016-08-15;175.95833333333334;24;True;0;84100000;nivel;Epagri;;;2;False;diaria;dea0d5f08b8c0f64_diario_derivado;;interna;horaria_agregada;media
2016-08-16;171.91666666666666;24;True;0;84100000;nivel;Epagri;;;2;False;diaria;dea0d5f08b8c0f64_diario_derivado;;interna;horaria_agregada;media
2016-08-17;169.625;24;True;0;84100000;nivel;Epagri;;;2;False;diaria;dea0d5f08b8c0f64_diario_derivado;;interna;horaria_agregada;media
2016-08-18;171.625;24;True;0;84100000;nivel;Epagri;;;2;False;diaria;dea0d5f08b8c0f64_diario_derivado;;interna;horaria_agregada;media
2016-08-19;197.625;24;True;0;84100000;nivel;Epagri;;;2;False;diaria;dea0d5f08b8c0f64_diario_derivado;;interna;horaria_agregada;media
2016-08-20;211.95833333333334;24;True;0;84100000;nivel;Epagri;;;2;False;diaria;dea0d5f08b8c0f64_diario_derivado;;interna;horaria_agregada;media
2016-08-21;198.125;24;True;0;84100000;nivel;Epagri;;;2;False;diaria;dea0d5f08b8c0f64_diario_derivado;;interna;horaria_agregada;media
2016-08-22;186.58333333333334;24;True;0;84100000;nivel;Epagri;;;2;False;diaria;dea0d5f08b8c0f64_diario_derivado;;interna;horaria_agregada;media
2016-08-23;175.95833333333334;24;True;0;84100000;nivel;Epagri;;;2;False;diaria;dea0d5f08b8c0f64_diario_derivado;;interna;horaria_agregada;media
2016-08-24;173.125;24;True;0;84100000;nivel;Epagri;;;2;False;diaria;dea0d5f08b8c0f64_diario_derivado;;interna;horaria_agregada;media
2016-08-25;172.375;24;True;0;84100000;nivel;Epagri;;;2;False;diaria;dea0d5f08b8c0f64_diario_derivado;;interna;horaria_agregada;media
2016-08-26;171.41666666666666;24;True;0;84100000;nivel;Epagri;;;2;False;diaria;dea0d5f08b8c0f64_diario_derivado;;interna;horaria_agregada;media
2016-08-27;171.33333333333334;24;True;0;84100000;nivel;Epagri;;;2;False;diaria;dea0d5f08b8c0f64_diario_derivado;;interna;horaria_agregada;media
2016-08-28;170.45833333333334;24;True;0;84100000;nivel;Epagri;;;2;False;diaria;dea0d5f08b8c0f64_diario_derivado;;interna;horaria_agregada;media
2016-08-29;169.54166666666666;24;True;0;84100000;nivel;Epagri;;;2;False;diaria;dea0d5f08b8c0f64_diario_derivado;;interna;horaria_agregada;media
2016-08-30;174.375;24;True;0;84100000;nivel;Epagri;;;2;False;diaria;dea0d5f08b8c0f64_diario_derivado;;interna;horaria_agregada;media
2016-08-31;172.70833333333334;24;True;0;84100000;nivel;Epagri;;;2;False;diaria;dea0d5f08b8c0f64_diario_derivado;;interna;horaria_agregada;media
2016-09-01;169.375;24;True;0;84100000;nivel;Epagri;;;2;False;diaria;dea0d5f08b8c0f64_diario_derivado;;interna;horaria_agregada;media
2016-09-02;169.33333333333334;24;True;0;84100000;nivel;Epagri;;;2;False;diaria;dea0d5f08b8c0f64_diario_derivado;;interna;horaria_agregada;media
2016-09-03;;3;False;0;84100000;nivel;Epagri;;;2;False;diaria;dea0d5f08b8c0f64_diario_derivado;;interna;horaria_agregada;media
2016-09-04;;0;False;0;84100000;nivel;Epagri;;;2;False;diaria;dea0d5f08b8c0f64_diario_derivado;;interna;horaria_agregada;media
2016-09-05;;0;False;0;84100000;nivel;Epagri;;;2;False;diaria;dea0d5f08b8c0f64_diario_derivado;;interna;horaria_agregada;media
2016-09-06;;0;False;0;84100000;nivel;Epagri;;;2;False;diaria;dea0d5f08b8c0f64_diario_derivado;;interna;horaria_agregada;media
2016-09-07;;0;False;0;84100000;nivel;Epagri;;;2;False;diaria;dea0d5f08b8c0f64_diario_derivado;;interna;horaria_agregada;media
2016-09-08;;0;False;0;84100000;nivel;Epagri;;;2;False;diaria;dea0d5f08b8c0f64_diario_derivado;;interna;horaria_agregada;media
2016-09-09;;0;False;0;84100000;nivel;Epagri;;;2;False;diaria;dea0d5f08b8c0f64_diario_derivado;;interna;horaria_agregada;media
2016-09-10;;0;False;0;84100000;nivel;Epagri;;;2;False;diaria;dea0d5f08b8c0f64_diario_derivado;;interna;horaria_agregada;media
2016-09-11;;0;False;0;84100000;nivel;Epagri;;;2;False;diaria;dea0d5f08b8c0f64_diario_derivado;;interna;horaria_agregada;media
2016-09-12;;0;False;0;84100000;nivel;Epagri;;;2;False;diaria;dea0d5f08b8c0f64_diario_derivado;;interna;horaria_agregada;media
2016-09-13;;0;False;0;84100000;nivel;Epagri;;;2;False;diaria;dea0d5f08b8c0f64_diario_derivado;;interna;horaria_agregada;media
2016-09-14;;0;False;0;84100000;nivel;Epagri;;;2;False;diaria;dea0d5f08b8c0f64_diario_derivado;;interna;horaria_agregada;media
2016-09-15;;0;False;0;84100000;nivel;Epagri;;;2;False;diaria;dea0d5f08b8c0f64_diario_derivado;;interna;horaria_agregada;media
2016-09-16;;0;False;0;84100000;nivel;Epagri;;;2;False;diaria;dea0d5f08b8c0f64_diario_derivado;;interna;horaria_agregada;media
2016-09-17;;0;False;0;84100000;nivel;Epagri;;;2;False;diaria;dea0d5f08b8c0f64_diario_derivado;;interna;horaria_agregada;media
2016-09-18;;0;False;0;84100000;nivel;Epagri;;;2;False;diaria;dea0d5f08b8c0f64_diario_derivado;;interna;horaria_agregada;media
2016-09-19;;0;False;0;84100000;nivel;Epagri;;;2;False;diaria;dea0d5f08b8c0f64_diario_derivado;;interna;horaria_agregada;media
2016-09-20;;0;False;0;84100000;nivel;Epagri;;;2;False;diaria;dea0d5f08b8c0f64_diario_derivado;;interna;horaria_agregada;media
2016-09-21;;0;False;0;84100000;nivel;Epagri;;;2;False;diaria;dea0d5f08b8c0f64_diario_derivado;;interna;horaria_agregada;media
2016-09-22;;0;False;0;84100000;nivel;Epagri;;;2;False;diaria;dea0d5f08b8c0f64_diario_derivado;;interna;horaria_agregada;media
2016-09-23;;0;False;0;84100000;nivel;Epagri;;;2;False;diaria;dea0d5f08b8c0f64_diario_derivado;;interna;horaria_agregada;media
2016-09-24;;0;False;0;84100000;nivel;Epagri;;;2;False;diaria;dea0d5f08b8c0f64_diario_derivado;;interna;horaria_agregada;media
2016-09-25;;0;False;0;84100000;nivel;Epagri;;;2;False;diaria;dea0d5f08b8c0f64_diario_derivado;;interna;horaria_agregada;media
2016-09-26;;0;False;0;84100000;nivel;Epagri;;;2;False;diaria;dea0d5f08b8c0f64_diario_derivado;;interna;horaria_agregada;media
2016-09-27;;0;False;0;84100000;nivel;Epagri;;;2;False;diaria;dea0d5f08b8c0f64_diario_derivado;;interna;horaria_agregada;media
2016-09-28;;0;False;0;84100000;nivel;Epagri;;;2;False;diaria;dea0d5f08b8c0f64_diario_derivado;;interna;horaria_agregada;media
2016-09-29;;0;False;0;84100000;nivel;Epagri;;;2;False;diaria;dea0d5f08b8c0f64_diario_derivado;;interna;horaria_agregada;media
2016-09-30;;0;False;0;84100000;nivel;Epagri;;;2;False;diaria;dea0d5f08b8c0f64_diario_derivado;;interna;horaria_agregada;media
2016-10-01;;0;False;0;84100000;nivel;Epagri;;;2;False;diaria;dea0d5f08b8c0f64_diario_derivado;;interna;horaria_agregada;media
2016-10-02;;0;False;0;84100000;nivel;Epagri;;;2;False;diaria;dea0d5f08b8c0f64_diario_derivado;;interna;horaria_agregada;media
2016-10-03;;0;False;0;84100000;nivel;Epagri;;;2;False;diaria;dea0d5f08b8c0f64_diario_derivado;;interna;horaria_agregada;media
2016-10-04;;0;False;0;84100000;nivel;Epagri;;;2;False;diaria;dea0d5f08b8c0f64_diario_derivado;;interna;horaria_agregada;media
2016-10-05;;0;False;0;84100000;nivel;Epagri;;;2;False;diaria;dea0d5f08b8c0f64_diario_derivado;;interna;horaria_agregada;media
2016-10-06;;0;False;0;84100000;nivel;Epagri;;;2;False;diaria;dea0d5f08b8c0f64_diario_derivado;;interna;horaria_agregada;media
2016-10-07;;0;False;0;84100000;nivel;Epagri;;;2;False;diaria;dea0d5f08b8c0f64_diario_derivado;;interna;horaria_agregada;media
2016-10-08;;0;False;0;84100000;nivel;Epagri;;;2;False;diaria;dea0d5f08b8c0f64_diario_derivado;;interna;horaria_agregada;media
2016-10-09;;0;False;0;84100000;nivel;Epagri;;;2;False;diaria;dea0d5f08b8c0f64_diario_derivado;;interna;horaria_agregada;media
2016-10-10;;0;False;0;84100000;nivel;Epagri;;;2;False;diaria;dea0d5f08b8c0f64_diario_derivado;;interna;horaria_agregada;media
2016-10-11;;0;False;0;84100000;nivel;Epagri;;;2;False;diaria;dea0d5f08b8c0f64_diario_derivado;;interna;horaria_agregada;media
2016-10-12;;0;False;0;84100000;nivel;Epagri;;;2;False;diaria;dea0d5f08b8c0f64_diario_derivado;;interna;horaria_agregada;media
2016-10-13;;0;False;0;84100000;nivel;Epagri;;;2;False;diaria;dea0d5f08b8c0f64_diario_derivado;;interna;horaria_agregada;media
2016-10-14;;0;False;0;84100000;nivel;Epagri;;;2;False;diaria;dea0d5f08b8c0f64_diario_derivado;;interna;horaria_agregada;media
2016-10-15;;0;False;0;84100000;nivel;Epagri;;;2;False;diaria;dea0d5f08b8c0f64_diario_derivado;;interna;horaria_agregada;media
2016-10-16;;0;False;0;84100000;nivel;Epagri;;;2;False;diaria;dea0d5f08b8c0f64_diario_derivado;;interna;horaria_agregada;media
2016-10-17;;0;False;0;84100000;nivel;Epagri;;;2;False;diaria;dea0d5f08b8c0f64_diario_derivado;;interna;horaria_agregada;media
2016-10-18;;0;False;0;84100000;nivel;Epagri;;;2;False;diaria;dea0d5f08b8c0f64_diario_derivado;;interna;horaria_agregada;media
2016-10-19;;0;False;0;84100000;nivel;Epagri;;;2;False;diaria;dea0d5f08b8c0f64_diario_derivado;;interna;horaria_agregada;media
2016-10-20;;0;False;0;84100000;nivel;Epagri;;;2;False;diaria;dea0d5f08b8c0f64_diario_derivado;;interna;horaria_agregada;media
2016-10-21;;0;False;0;84100000;nivel;Epagri;;;2;False;diaria;dea0d5f08b8c0f64_diario_derivado;;interna;horaria_agregada;media
2016-10-22;;0;False;0;84100000;nivel;Epagri;;;2;False;diaria;dea0d5f08b8c0f64_diario_derivado;;interna;horaria_agregada;media
2016-10-23;;0;False;0;84100000;nivel;Epagri;;;2;False;diaria;dea0d5f08b8c0f64_diario_derivado;;interna;horaria_agregada;media
2016-10-24;;0;False;0;84100000;nivel;Epagri;;;2;False;diaria;dea0d5f08b8c0f64_diario_derivado;;interna;horaria_agregada;media
2016-10-25;;0;False;0;84100000;nivel;Epagri;;;2;False;diaria;dea0d5f08b8c0f64_diario_derivado;;interna;horaria_agregada;media
2016-10-26;;0;False;0;84100000;nivel;Epagri;;;2;False;diaria;dea0d5f08b8c0f64_diario_derivado;;interna;horaria_agregada;media
2016-10-27;;0;False;0;84100000;nivel;Epagri;;;2;False;diaria;dea0d5f08b8c0f64_diario_derivado;;interna;horaria_agregada;media
2016-10-28;;0;False;0;84100000;nivel;Epagri;;;2;False;diaria;dea0d5f08b8c0f64_diario_derivado;;interna;horaria_agregada;media
2016-10-29;;0;False;0;84100000;nivel;Epagri;;;2;False;diaria;dea0d5f08b8c0f64_diario_derivado;;interna;horaria_agregada;media
2016-10-30;;0;False;0;84100000;nivel;Epagri;;;2;False;diaria;dea0d5f08b8c0f64_diario_derivado;;interna;horaria_agregada;media
2016-10-31;;0;False;0;84100000;nivel;Epagri;;;2;False;diaria;dea0d5f08b8c0f64_diario_derivado;;interna;horaria_agregada;media
2016-11-01;;0;False;0;84100000;nivel;Epagri;;;2;False;diaria;dea0d5f08b8c0f64_diario_derivado;;interna;horaria_agregada;media
2016-11-02;;0;False;0;84100000;nivel;Epagri;;;2;False;diaria;dea0d5f08b8c0f64_diario_derivado;;interna;horaria_agregada;media
2016-11-03;;0;False;0;84100000;nivel;Epagri;;;2;False;diaria;dea0d5f08b8c0f64_diario_derivado;;interna;horaria_agregada;media
2016-11-04;;0;False;0;84100000;nivel;Epagri;;;2;False;diaria;dea0d5f08b8c0f64_diario_derivado;;interna;horaria_agregada;media
2016-11-05;;0;False;0;84100000;nivel;Epagri;;;2;False;diaria;dea0d5f08b8c0f64_diario_derivado;;interna;horaria_agregada;media
2016-11-06;;0;False;0;84100000;nivel;Epagri;;;2;False;diaria;dea0d5f08b8c0f64_diario_derivado;;interna;horaria_agregada;media
2016-11-07;;0;False;0;84100000;nivel;Epagri;;;2;False;diaria;dea0d5f08b8c0f64_diario_derivado;;interna;horaria_agregada;media
2016-11-08;;0;False;0;84100000;nivel;Epagri;;;2;False;diaria;dea0d5f08b8c0f64_diario_derivado;;interna;horaria_agregada;media
2016-11-09;;0;False;0;84100000;nivel;Epagri;;;2;False;diaria;dea0d5f08b8c0f64_diario_derivado;;interna;horaria_agregada;media
2016-11-10;;0;False;0;84100000;nivel;Epagri;;;2;False;diaria;dea0d5f08b8c0f64_diario_derivado;;interna;horaria_agregada;media
2016-11-11;;0;False;0;84100000;nivel;Epagri;;;2;False;diaria;dea0d5f08b8c0f64_diario_derivado;;interna;horaria_agregada;media
2016-11-12;;0;False;0;84100000;nivel;Epagri;;;2;False;diaria;dea0d5f08b8c0f64_diario_derivado;;interna;horaria_agregada;media
2016-11-13;;0;False;0;84100000;nivel;Epagri;;;2;False;diaria;dea0d5f08b8c0f64_diario_derivado;;interna;horaria_agregada;media
2016-11-14;;0;False;0;84100000;nivel;Epagri;;;2;False;diaria;dea0d5f08b8c0f64_diario_derivado;;interna;horaria_agregada;media
2016-11-15;;0;False;0;84100000;nivel;Epagri;;;2;False;diaria;dea0d5f08b8c0f64_diario_derivado;;interna;horaria_agregada;media
2016-11-16;;0;False;0;84100000;nivel;Epagri;;;2;False;diaria;dea0d5f08b8c0f64_diario_derivado;;interna;horaria_agregada;media
2016-11-17;;0;False;0;84100000;nivel;Epagri;;;2;False;diaria;dea0d5f08b8c0f64_diario_derivado;;interna;horaria_agregada;media
2016-11-18;;0;False;0;84100000;nivel;Epagri;;;2;False;diaria;dea0d5f08b8c0f64_diario_derivado;;interna;horaria_agregada;media
2016-11-19;;0;False;0;84100000;nivel;Epagri;;;2;False;diaria;dea0d5f08b8c0f64_diario_derivado;;interna;horaria_agregada;media
2016-11-20;;0;False;0;84100000;nivel;Epagri;;;2;False;diaria;dea0d5f08b8c0f64_diario_derivado;;interna;horaria_agregada;media
2016-11-21;;0;False;0;84100000;nivel;Epagri;;;2;False;diaria;dea0d5f08b8c0f64_diario_derivado;;interna;horaria_agregada;media
2016-11-22;;0;False;0;84100000;nivel;Epagri;;;2;False;diaria;dea0d5f08b8c0f64_diario_derivado;;interna;horaria_agregada;media
2016-11-23;;0;False;0;84100000;nivel;Epagri;;;2;False;diaria;dea0d5f08b8c0f64_diario_derivado;;interna;horaria_agregada;media
2016-11-24;;0;False;0;84100000;nivel;Epagri;;;2;False;diaria;dea0d5f08b8c0f64_diario_derivado;;interna;horaria_agregada;media
2016-11-25;;0;False;0;84100000;nivel;Epagri;;;2;False;diaria;dea0d5f08b8c0f64_diario_derivado;;interna;horaria_agregada;media
2016-11-26;;0;False;0;84100000;nivel;Epagri;;;2;False;diaria;dea0d5f08b8c0f64_diario_derivado;;interna;horaria_agregada;media
2016-11-27;;0;False;0;84100000;nivel;Epagri;;;2;False;diaria;dea0d5f08b8c0f64_diario_derivado;;interna;horaria_agregada;media
2016-11-28;;0;False;0;84100000;nivel;Epagri;;;2;False;diaria;dea0d5f08b8c0f64_diario_derivado;;interna;horaria_agregada;media
2016-11-29;;0;False;0;84100000;nivel;Epagri;;;2;False;diaria;dea0d5f08b8c0f64_diario_derivado;;interna;horaria_agregada;media
2016-11-30;;6;False;0;84100000;nivel;Epagri;;;2;False;diaria;dea0d5f08b8c0f64_diario_derivado;;interna;horaria_agregada;media
2016-12-01;168.08333333333334;24;True;0;84100000;nivel;Epagri;;;2;False;diaria;dea0d5f08b8c0f64_diario_derivado;;interna;horaria_agregada;media
2016-12-02;169.45833333333334;24;True;0;84100000;nivel;Epagri;;;2;False;diaria;dea0d5f08b8c0f64_diario_derivado;;interna;horaria_agregada;media
2016-12-03;202.625;24;True;0;84100000;nivel;Epagri;;;2;False;diaria;dea0d5f08b8c0f64_diario_derivado;;interna;horaria_agregada;media
2016-12-04;;21;False;0;84100000;nivel;Epagri;;;2;False;diaria;dea0d5f08b8c0f64_diario_derivado;;interna;horaria_agregada;media
2016-12-05;194.66666666666666;24;True;0;84100000;nivel;Epagri;;;2;False;diaria;dea0d5f08b8c0f64_diario_derivado;;interna;horaria_agregada;media
2016-12-06;181.29166666666666;24;True;0;84100000;nivel;Epagri;;;2;False;diaria;dea0d5f08b8c0f64_diario_derivado;;interna;horaria_agregada;media
2016-12-07;176.125;24;True;0;84100000;nivel;Epagri;;;2;False;diaria;dea0d5f08b8c0f64_diario_derivado;;interna;horaria_agregada;media
2016-12-08;180.66666666666666;24;True;0;84100000;nivel;Epagri;;;2;False;diaria;dea0d5f08b8c0f64_diario_derivado;;interna;horaria_agregada;media
2016-12-09;179.875;24;True;0;84100000;nivel;Epagri;;;2;False;diaria;dea0d5f08b8c0f64_diario_derivado;;interna;horaria_agregada;media
2016-12-10;184.29166666666666;24;True;0;84100000;nivel;Epagri;;;2;False;diaria;dea0d5f08b8c0f64_diario_derivado;;interna;horaria_agregada;media
2016-12-11;199.125;24;True;0;84100000;nivel;Epagri;;;2;False;diaria;dea0d5f08b8c0f64_diario_derivado;;interna;horaria_agregada;media
2016-12-12;200.29166666666666;24;True;0;84100000;nivel;Epagri;;;2;False;diaria;dea0d5f08b8c0f64_diario_derivado;;interna;horaria_agregada;media
2016-12-13;188.58333333333334;24;True;0;84100000;nivel;Epagri;;;2;False;diaria;dea0d5f08b8c0f64_diario_derivado;;interna;horaria_agregada;media
2016-12-14;219.83333333333334;24;True;0;84100000;nivel;Epagri;;;2;False;diaria;dea0d5f08b8c0f64_diario_derivado;;interna;horaria_agregada;media
2016-12-15;183.875;24;True;0;84100000;nivel;Epagri;;;2;False;diaria;dea0d5f08b8c0f64_diario_derivado;;interna;horaria_agregada;media
2016-12-16;179.25;24;True;0;84100000;nivel;Epagri;;;2;False;diaria;dea0d5f08b8c0f64_diario_derivado;;interna;horaria_agregada;media
2016-12-17;200.41666666666666;24;True;0;84100000;nivel;Epagri;;;2;False;diaria;dea0d5f08b8c0f64_diario_derivado;;interna;horaria_agregada;media
2016-12-18;190.20833333333334;24;True;0;84100000;nivel;Epagri;;;2;False;diaria;dea0d5f08b8c0f64_diario_derivado;;interna;horaria_agregada;media
2016-12-19;182.0;24;True;0;84100000;nivel;Epagri;;;2;False;diaria;dea0d5f08b8c0f64_diario_derivado;;interna;horaria_agregada;media
2016-12-20;179.625;24;True;0;84100000;nivel;Epagri;;;2;False;diaria;dea0d5f08b8c0f64_diario_derivado;;interna;horaria_agregada;media
2016-12-21;182.83333333333334;24;True;0;84100000;nivel;Epagri;;;2;False;diaria;dea0d5f08b8c0f64_diario_derivado;;interna;horaria_agregada;media
2016-12-22;187.41666666666666;24;True;0;84100000;nivel;Epagri;;;2;False;diaria;dea0d5f08b8c0f64_diario_derivado;;interna;horaria_agregada;media
2016-12-23;192.04166666666666;24;True;0;84100000;nivel;Epagri;;;2;False;diaria;dea0d5f08b8c0f64_diario_derivado;;interna;horaria_agregada;media
2016-12-24;213.04166666666666;24;True;0;84100000;nivel;Epagri;;;2;False;diaria;dea0d5f08b8c0f64_diario_derivado;;interna;horaria_agregada;media
2016-12-25;220.16666666666666;24;True;0;84100000;nivel;Epagri;;;2;False;diaria;dea0d5f08b8c0f64_diario_derivado;;interna;horaria_agregada;media
2016-12-26;187.58333333333334;24;True;0;84100000;nivel;Epagri;;;2;False;diaria;dea0d5f08b8c0f64_diario_derivado;;interna;horaria_agregada;media
2016-12-27;230.875;24;True;0;84100000;nivel;Epagri;;;2;False;diaria;dea0d5f08b8c0f64_diario_derivado;;interna;horaria_agregada;media
2016-12-28;196.125;24;True;0;84100000;nivel;Epagri;;;2;False;diaria;dea0d5f08b8c0f64_diario_derivado;;interna;horaria_agregada;media
2016-12-29;213.16666666666666;24;True;0;84100000;nivel;Epagri;;;2;False;diaria;dea0d5f08b8c0f64_diario_derivado;;interna;horaria_agregada;media
2016-12-30;259.9166666666667;24;True;0;84100000;nivel;Epagri;;;2;False;diaria;dea0d5f08b8c0f64_diario_derivado;;interna;horaria_agregada;media
2016-12-31;236.04166666666666;24;True;0;84100000;nivel;Epagri;;;2;False;diaria;dea0d5f08b8c0f64_diario_derivado;;interna;horaria_agregada;media
2017-01-01;263.2916666666667;24;True;0;84100000;nivel;Epagri;;;2;False;diaria;dea0d5f08b8c0f64_diario_derivado;;interna;horaria_agregada;media
2017-01-02;229.25;24;True;0;84100000;nivel;Epagri;;;2;False;diaria;dea0d5f08b8c0f64_diario_derivado;;interna;horaria_agregada;media
2017-01-03;209.5;24;True;0;84100000;nivel;Epagri;;;2;False;diaria;dea0d5f08b8c0f64_diario_derivado;;interna;horaria_agregada;media
2017-01-04;199.125;24;True;0;84100000;nivel;Epagri;;;2;False;diaria;dea0d5f08b8c0f64_diario_derivado;;interna;horaria_agregada;media
2017-01-05;246.25;24;True;0;84100000;nivel;Epagri;;;2;False;diaria;dea0d5f08b8c0f64_diario_derivado;;interna;horaria_agregada;media
2017-01-06;240.66666666666666;24;True;0;84100000;nivel;Epagri;;;2;False;diaria;dea0d5f08b8c0f64_diario_derivado;;interna;horaria_agregada;media
2017-01-07;204.66666666666666;24;True;0;84100000;nivel;Epagri;;;2;False;diaria;dea0d5f08b8c0f64_diario_derivado;;interna;horaria_agregada;media
2017-01-08;202.91666666666666;24;True;0;84100000;nivel;Epagri;;;2;False;diaria;dea0d5f08b8c0f64_diario_derivado;;interna;horaria_agregada;media
2017-01-09;206.66666666666666;24;True;0;84100000;nivel;Epagri;;;2;False;diaria;dea0d5f08b8c0f64_diario_derivado;;interna;horaria_agregada;media
2017-01-10;195.25;24;True;0;84100000;nivel;Epagri;;;2;False;diaria;dea0d5f08b8c0f64_diario_derivado;;interna;horaria_agregada;media
2017-01-11;198.04166666666666;24;True;0;84100000;nivel;Epagri;;;2;False;diaria;dea0d5f08b8c0f64_diario_derivado;;interna;horaria_agregada;media
2017-01-12;192.25;24;True;0;84100000;nivel;Epagri;;;2;False;diaria;dea0d5f08b8c0f64_diario_derivado;;interna;horaria_agregada;media
2017-01-13;186.79166666666666;24;True;0;84100000;nivel;Epagri;;;2;False;diaria;dea0d5f08b8c0f64_diario_derivado;;interna;horaria_agregada;media
2017-01-14;184.83333333333334;24;True;0;84100000;nivel;Epagri;;;2;False;diaria;dea0d5f08b8c0f64_diario_derivado;;interna;horaria_agregada;media
2017-01-15;183.41666666666666;24;True;0;84100000;nivel;Epagri;;;2;False;diaria;dea0d5f08b8c0f64_diario_derivado;;interna;horaria_agregada;media
2017-01-16;182.29166666666666;24;True;0;84100000;nivel;Epagri;;;2;False;diaria;dea0d5f08b8c0f64_diario_derivado;;interna;horaria_agregada;media
2017-01-17;183.04166666666666;24;True;0;84100000;nivel;Epagri;;;2;False;diaria;dea0d5f08b8c0f64_diario_derivado;;interna;horaria_agregada;media
2017-01-18;200.54166666666666;24;True;0;84100000;nivel;Epagri;;;2;False;diaria;dea0d5f08b8c0f64_diario_derivado;;interna;horaria_agregada;media
2017-01-19;193.08333333333334;24;True;0;84100000;nivel;Epagri;;;2;False;diaria;dea0d5f08b8c0f64_diario_derivado;;interna;horaria_agregada;media
2017-01-20;181.08333333333334;24;True;0;84100000;nivel;Epagri;;;2;False;diaria;dea0d5f08b8c0f64_diario_derivado;;interna;horaria_agregada;media
2017-01-21;179.45833333333334;24;True;0;84100000;nivel;Epagri;;;2;False;diaria;dea0d5f08b8c0f64_diario_derivado;;interna;horaria_agregada;media
2017-01-22;188.04166666666666;24;True;0;84100000;nivel;Epagri;;;2;False;diaria;dea0d5f08b8c0f64_diario_derivado;;interna;horaria_agregada;media
2017-01-23;193.95833333333334;24;True;0;84100000;nivel;Epagri;;;2;False;diaria;dea0d5f08b8c0f64_diario_derivado;;interna;horaria_agregada;media
2017-01-24;204.5;24;True;0;84100000;nivel;Epagri;;;2;False;diaria;dea0d5f08b8c0f64_diario_derivado;;interna;horaria_agregada;media
2017-01-25;212.25;24;True;0;84100000;nivel;Epagri;;;2;False;diaria;dea0d5f08b8c0f64_diario_derivado;;interna;horaria_agregada;media
2017-01-26;234.875;24;True;0;84100000;nivel;Epagri;;;2;False;diaria;dea0d5f08b8c0f64_diario_derivado;;interna;horaria_agregada;media
2017-01-27;230.58333333333334;24;True;0;84100000;nivel;Epagri;;;2;False;diaria;dea0d5f08b8c0f64_diario_derivado;;interna;horaria_agregada;media
2017-01-28;197.875;24;True;0;84100000;nivel;Epagri;;;2;False;diaria;dea0d5f08b8c0f64_diario_derivado;;interna;horaria_agregada;media
2017-01-29;194.375;24;True;0;84100000;nivel;Epagri;;;2;False;diaria;dea0d5f08b8c0f64_diario_derivado;;interna;horaria_agregada;media
2017-01-30;209.25;24;True;0;84100000;nivel;Epagri;;;2;False;diaria;dea0d5f08b8c0f64_diario_derivado;;interna;horaria_agregada;media
2017-01-31;246.83333333333334;24;True;0;84100000;nivel;Epagri;;;2;False;diaria;dea0d5f08b8c0f64_diario_derivado;;interna;horaria_agregada;media
2017-02-01;227.95833333333334;24;True;0;84100000;nivel;Epagri;;;2;False;diaria;dea0d5f08b8c0f64_diario_derivado;;interna;horaria_agregada;media
2017-02-02;229.54166666666666;24;True;0;84100000;nivel;Epagri;;;2;False;diaria;dea0d5f08b8c0f64_diario_derivado;;interna;horaria_agregada;media
2017-02-03;235.91666666666666;24;True;0;84100000;nivel;Epagri;;;2;False;diaria;dea0d5f08b8c0f64_diario_derivado;;interna;horaria_agregada;media
2017-02-04;221.875;24;True;0;84100000;nivel;Epagri;;;2;False;diaria;dea0d5f08b8c0f64_diario_derivado;;interna;horaria_agregada;media
2017-02-05;220.79166666666666;24;True;0;84100000;nivel;Epagri;;;2;False;diaria;dea0d5f08b8c0f64_diario_derivado;;interna;horaria_agregada;media
2017-02-06;223.91666666666666;24;True;0;84100000;nivel;Epagri;;;2;False;diaria;dea0d5f08b8c0f64_diario_derivado;;interna;horaria_agregada;media
2017-02-07;214.75;24;True;0;84100000;nivel;Epagri;;;2;False;diaria;dea0d5f08b8c0f64_diario_derivado;;interna;horaria_agregada;media
2017-02-08;198.70833333333334;24;True;0;84100000;nivel;Epagri;;;2;False;diaria;dea0d5f08b8c0f64_diario_derivado;;interna;horaria_agregada;media
2017-02-09;195.375;24;True;0;84100000;nivel;Epagri;;;2;False;diaria;dea0d5f08b8c0f64_diario_derivado;;interna;horaria_agregada;media
2017-02-10;195.20833333333334;24;True;0;84100000;nivel;Epagri;;;2;False;diaria;dea0d5f08b8c0f64_diario_derivado;;interna;horaria_agregada;media
2017-02-11;191.83333333333334;24;True;0;84100000;nivel;Epagri;;;2;False;diaria;dea0d5f08b8c0f64_diario_derivado;;interna;horaria_agregada;media
2017-02-12;240.79166666666666;24;True;0;84100000;nivel;Epagri;;;2;False;diaria;dea0d5f08b8c0f64_diario_derivado;;interna;horaria_agregada;media
2017-02-13;;22;False;0;84100000;nivel;Epagri;;;2;False;diaria;dea0d5f08b8c0f64_diario_derivado;;interna;horaria_agregada;media
2017-02-14;206.0;24;True;0;84100000;nivel;Epagri;;;2;False;diaria;dea0d5f08b8c0f64_diario_derivado;;interna;horaria_agregada;media
2017-02-15;197.625;24;True;0;84100000;nivel;Epagri;;;2;False;diaria;dea0d5f08b8c0f64_diario_derivado;;interna;horaria_agregada;media
2017-02-16;192.5;24;True;0;84100000;nivel;Epagri;;;2;False;diaria;dea0d5f08b8c0f64_diario_derivado;;interna;horaria_agregada;media
2017-02-17;203.95833333333334;24;True;0;84100000;nivel;Epagri;;;2;False;diaria;dea0d5f08b8c0f64_diario_derivado;;interna;horaria_agregada;media
2017-02-18;199.41666666666666;24;True;0;84100000;nivel;Epagri;;;2;False;diaria;dea0d5f08b8c0f64_diario_derivado;;interna;horaria_agregada;media
2017-02-19;191.25;24;True;0;84100000;nivel;Epagri;;;2;False;diaria;dea0d5f08b8c0f64_diario_derivado;;interna;horaria_agregada;media
2017-02-20;192.58333333333334;24;True;0;84100000;nivel;Epagri;;;2;False;diaria;dea0d5f08b8c0f64_diario_derivado;;interna;horaria_agregada;media
2017-02-21;186.79166666666666;24;True;0;84100000;nivel;Epagri;;;2;False;diaria;dea0d5f08b8c0f64_diario_derivado;;interna;horaria_agregada;media
2017-02-22;185.04166666666666;24;True;0;84100000;nivel;Epagri;;;2;False;diaria;dea0d5f08b8c0f64_diario_derivado;;interna;horaria_agregada;media
2017-02-23;187.41666666666666;24;True;0;84100000;nivel;Epagri;;;2;False;diaria;dea0d5f08b8c0f64_diario_derivado;;interna;horaria_agregada;media
2017-02-24;188.5;24;True;0;84100000;nivel;Epagri;;;2;False;diaria;dea0d5f08b8c0f64_diario_derivado;;interna;horaria_agregada;media
2017-02-25;198.33333333333334;24;True;0;84100000;nivel;Epagri;;;2;False;diaria;dea0d5f08b8c0f64_diario_derivado;;interna;horaria_agregada;media
2017-02-26;189.875;24;True;0;84100000;nivel;Epagri;;;2;False;diaria;dea0d5f08b8c0f64_diario_derivado;;interna;horaria_agregada;media
2017-02-27;185.125;24;True;0;84100000;nivel;Epagri;;;2;False;diaria;dea0d5f08b8c0f64_diario_derivado;;interna;horaria_agregada;media
2017-02-28;187.0;24;True;0;84100000;nivel;Epagri;;;2;False;diaria;dea0d5f08b8c0f64_diario_derivado;;interna;horaria_agregada;media
2017-03-01;188.75;24;True;0;84100000;nivel;Epagri;;;2;False;diaria;dea0d5f08b8c0f64_diario_derivado;;interna;horaria_agregada;media
2017-03-02;183.33333333333334;24;True;0;84100000;nivel;Epagri;;;2;False;diaria;dea0d5f08b8c0f64_diario_derivado;;interna;horaria_agregada;media
2017-03-03;184.95833333333334;24;True;0;84100000;nivel;Epagri;;;2;False;diaria;dea0d5f08b8c0f64_diario_derivado;;interna;horaria_agregada;media
2017-03-04;185.08333333333334;24;True;0;84100000;nivel;Epagri;;;2;False;diaria;dea0d5f08b8c0f64_diario_derivado;;interna;horaria_agregada;media
2017-03-05;180.95833333333334;24;True;0;84100000;nivel;Epagri;;;2;False;diaria;dea0d5f08b8c0f64_diario_derivado;;interna;horaria_agregada;media
2017-03-06;180.54166666666666;24;True;0;84100000;nivel;Epagri;;;2;False;diaria;dea0d5f08b8c0f64_diario_derivado;;interna;horaria_agregada;media
2017-03-07;189.54166666666666;24;True;0;84100000;nivel;Epagri;;;2;False;diaria;dea0d5f08b8c0f64_diario_derivado;;interna;horaria_agregada;media
2017-03-08;209.91666666666666;24;True;0;84100000;nivel;Epagri;;;2;False;diaria;dea0d5f08b8c0f64_diario_derivado;;interna;horaria_agregada;media
2017-03-09;194.0;24;True;0;84100000;nivel;Epagri;;;2;False;diaria;dea0d5f08b8c0f64_diario_derivado;;interna;horaria_agregada;media
2017-03-10;189.875;24;True;0;84100000;nivel;Epagri;;;2;False;diaria;dea0d5f08b8c0f64_diario_derivado;;interna;horaria_agregada;media
2017-03-11;183.41666666666666;24;True;0;84100000;nivel;Epagri;;;2;False;diaria;dea0d5f08b8c0f64_diario_derivado;;interna;horaria_agregada;media
2017-03-12;186.58333333333334;24;True;0;84100000;nivel;Epagri;;;2;False;diaria;dea0d5f08b8c0f64_diario_derivado;;interna;horaria_agregada;media
2017-03-13;184.0;24;True;0;84100000;nivel;Epagri;;;2;False;diaria;dea0d5f08b8c0f64_diario_derivado;;interna;horaria_agregada;media
2017-03-14;178.54166666666666;24;True;0;84100000;nivel;Epagri;;;2;False;diaria;dea0d5f08b8c0f64_diario_derivado;;interna;horaria_agregada;media
2017-03-15;177.70833333333334;24;True;0;84100000;nivel;Epagri;;;2;False;diaria;dea0d5f08b8c0f64_diario_derivado;;interna;horaria_agregada;media
2017-03-16;177.54166666666666;24;True;0;84100000;nivel;Epagri;;;2;False;diaria;dea0d5f08b8c0f64_diario_derivado;;interna;horaria_agregada;media
2017-03-17;176.25;24;True;0;84100000;nivel;Epagri;;;2;False;diaria;dea0d5f08b8c0f64_diario_derivado;;interna;horaria_agregada;media
2017-03-18;175.54166666666666;24;True;0;84100000;nivel;Epagri;;;2;False;diaria;dea0d5f08b8c0f64_diario_derivado;;interna;horaria_agregada;media
2017-03-19;175.25;24;True;0;84100000;nivel;Epagri;;;2;False;diaria;dea0d5f08b8c0f64_diario_derivado;;interna;horaria_agregada;media
2017-03-20;177.5;24;True;0;84100000;nivel;Epagri;;;2;False;diaria;dea0d5f08b8c0f64_diario_derivado;;interna;horaria_agregada;media
2017-03-21;178.66666666666666;24;True;0;84100000;nivel;Epagri;;;2;False;diaria;dea0d5f08b8c0f64_diario_derivado;;interna;horaria_agregada;media
2017-03-22;183.70833333333334;24;True;0;84100000;nivel;Epagri;;;2;False;diaria;dea0d5f08b8c0f64_diario_derivado;;interna;horaria_agregada;media
2017-03-23;187.45833333333334;24;True;0;84100000;nivel;Epagri;;;2;False;diaria;dea0d5f08b8c0f64_diario_derivado;;interna;horaria_agregada;media
2017-03-24;219.16666666666666;24;True;0;84100000;nivel;Epagri;;;2;False;diaria;dea0d5f08b8c0f64_diario_derivado;;interna;horaria_agregada;media
2017-03-25;218.70833333333334;24;True;0;84100000;nivel;Epagri;;;2;False;diaria;dea0d5f08b8c0f64_diario_derivado;;interna;horaria_agregada;media
2017-03-26;187.16666666666666;24;True;0;84100000;nivel;Epagri;;;2;False;diaria;dea0d5f08b8c0f64_diario_derivado;;interna;horaria_agregada;media
2017-03-27;194.20833333333334;24;True;0;84100000;nivel;Epagri;;;2;False;diaria;dea0d5f08b8c0f64_diario_derivado;;interna;horaria_agregada;media
2017-03-28;191.375;24;True;0;84100000;nivel;Epagri;;;2;False;diaria;dea0d5f08b8c0f64_diario_derivado;;interna;horaria_agregada;media
2017-03-29;197.91666666666666;24;True;0;84100000;nivel;Epagri;;;2;False;diaria;dea0d5f08b8c0f64_diario_derivado;;interna;horaria_agregada;media
2017-03-30;184.125;24;True;0;84100000;nivel;Epagri;;;2;False;diaria;dea0d5f08b8c0f64_diario_derivado;;interna;horaria_agregada;media
2017-03-31;181.04166666666666;24;True;0;84100000;nivel;Epagri;;;2;False;diaria;dea0d5f08b8c0f64_diario_derivado;;interna;horaria_agregada;media
2017-04-01;180.33333333333334;24;True;0;84100000;nivel;Epagri;;;2;False;diaria;dea0d5f08b8c0f64_diario_derivado;;interna;horaria_agregada;media
2017-04-02;180.625;24;True;0;84100000;nivel;Epagri;;;2;False;diaria;dea0d5f08b8c0f64_diario_derivado;;interna;horaria_agregada;media
2017-04-03;207.04166666666666;24;True;0;84100000;nivel;Epagri;;;2;False;diaria;dea0d5f08b8c0f64_diario_derivado;;interna;horaria_agregada;media
2017-04-04;198.33333333333334;24;True;0;84100000;nivel;Epagri;;;2;False;diaria;dea0d5f08b8c0f64_diario_derivado;;interna;horaria_agregada;media
2017-04-05;187.83333333333334;24;True;0;84100000;nivel;Epagri;;;2;False;diaria;dea0d5f08b8c0f64_diario_derivado;;interna;horaria_agregada;media
2017-04-06;188.08333333333334;24;True;0;84100000;nivel;Epagri;;;2;False;diaria;dea0d5f08b8c0f64_diario_derivado;;interna;horaria_agregada;media
2017-04-07;182.04166666666666;24;True;0;84100000;nivel;Epagri;;;2;False;diaria;dea0d5f08b8c0f64_diario_derivado;;interna;horaria_agregada;media
2017-04-08;208.95833333333334;24;True;0;84100000;nivel;Epagri;;;2;False;diaria;dea0d5f08b8c0f64_diario_derivado;;interna;horaria_agregada;media
2017-04-09;222.83333333333334;24;True;0;84100000;nivel;Epagri;;;2;False;diaria;dea0d5f08b8c0f64_diario_derivado;;interna;horaria_agregada;media
2017-04-10;245.83333333333334;24;True;0;84100000;nivel;Epagri;;;2;False;diaria;dea0d5f08b8c0f64_diario_derivado;;interna;horaria_agregada;media
2017-04-11;207.45833333333334;24;True;0;84100000;nivel;Epagri;;;2;False;diaria;dea0d5f08b8c0f64_diario_derivado;;interna;horaria_agregada;media
2017-04-12;194.45833333333334;24;True;0;84100000;nivel;Epagri;;;2;False;diaria;dea0d5f08b8c0f64_diario_derivado;;interna;horaria_agregada;media
2017-04-13;187.70833333333334;24;True;0;84100000;nivel;Epagri;;;2;False;diaria;dea0d5f08b8c0f64_diario_derivado;;interna;horaria_agregada;media
2017-04-14;185.375;24;True;0;84100000;nivel;Epagri;;;2;False;diaria;dea0d5f08b8c0f64_diario_derivado;;interna;horaria_agregada;media
2017-04-15;186.375;24;True;0;84100000;nivel;Epagri;;;2;False;diaria;dea0d5f08b8c0f64_diario_derivado;;interna;horaria_agregada;media
2017-04-16;200.45833333333334;24;True;0;84100000;nivel;Epagri;;;2;False;diaria;dea0d5f08b8c0f64_diario_derivado;;interna;horaria_agregada;media
2017-04-17;186.08333333333334;24;True;0;84100000;nivel;Epagri;;;2;False;diaria;dea0d5f08b8c0f64_diario_derivado;;interna;horaria_agregada;media
2017-04-18;184.125;24;True;0;84100000;nivel;Epagri;;;2;False;diaria;dea0d5f08b8c0f64_diario_derivado;;interna;horaria_agregada;media
2017-04-19;192.41666666666666;24;True;0;84100000;nivel;Epagri;;;2;False;diaria;dea0d5f08b8c0f64_diario_derivado;;interna;horaria_agregada;media
2017-04-20;187.83333333333334;24;True;0;84100000;nivel;Epagri;;;2;False;diaria;dea0d5f08b8c0f64_diario_derivado;;interna;horaria_agregada;media
2017-04-21;186.54166666666666;24;True;0;84100000;nivel;Epagri;;;2;False;diaria;dea0d5f08b8c0f64_diario_derivado;;interna;horaria_agregada;media
2017-04-22;183.375;24;True;0;84100000;nivel;Epagri;;;2;False;diaria;dea0d5f08b8c0f64_diario_derivado;;interna;horaria_agregada;media
2017-04-23;179.95833333333334;24;True;0;84100000;nivel;Epagri;;;2;False;diaria;dea0d5f08b8c0f64_diario_derivado;;interna;horaria_agregada;media
2017-04-24;179.41666666666666;24;True;0;84100000;nivel;Epagri;;;2;False;diaria;dea0d5f08b8c0f64_diario_derivado;;interna;horaria_agregada;media
2017-04-25;179.70833333333334;24;True;0;84100000;nivel;Epagri;;;2;False;diaria;dea0d5f08b8c0f64_diario_derivado;;interna;horaria_agregada;media
2017-04-26;200.45833333333334;24;True;0;84100000;nivel;Epagri;;;2;False;diaria;dea0d5f08b8c0f64_diario_derivado;;interna;horaria_agregada;media
2017-04-27;182.75;24;True;0;84100000;nivel;Epagri;;;2;False;diaria;dea0d5f08b8c0f64_diario_derivado;;interna;horaria_agregada;media
2017-04-28;178.41666666666666;24;True;0;84100000;nivel;Epagri;;;2;False;diaria;dea0d5f08b8c0f64_diario_derivado;;interna;horaria_agregada;media
2017-04-29;;18;False;0;84100000;nivel;Epagri;;;2;False;diaria;dea0d5f08b8c0f64_diario_derivado;;interna;horaria_agregada;media
2017-04-30;176.79166666666666;24;True;0;84100000;nivel;Epagri;;;2;False;diaria;dea0d5f08b8c0f64_diario_derivado;;interna;horaria_agregada;media
2017-05-01;176.41666666666666;24;True;0;84100000;nivel;Epagri;;;2;False;diaria;dea0d5f08b8c0f64_diario_derivado;;interna;horaria_agregada;media
2017-05-02;176.625;24;True;0;84100000;nivel;Epagri;;;2;False;diaria;dea0d5f08b8c0f64_diario_derivado;;interna;horaria_agregada;media
2017-05-03;176.75;24;True;0;84100000;nivel;Epagri;;;2;False;diaria;dea0d5f08b8c0f64_diario_derivado;;interna;horaria_agregada;media
2017-05-04;176.29166666666666;24;True;0;84100000;nivel;Epagri;;;2;False;diaria;dea0d5f08b8c0f64_diario_derivado;;interna;horaria_agregada;media
2017-05-05;179.25;24;True;0;84100000;nivel;Epagri;;;2;False;diaria;dea0d5f08b8c0f64_diario_derivado;;interna;horaria_agregada;media
2017-05-06;176.29166666666666;24;True;0;84100000;nivel;Epagri;;;2;False;diaria;dea0d5f08b8c0f64_diario_derivado;;interna;horaria_agregada;media
2017-05-07;175.75;24;True;0;84100000;nivel;Epagri;;;2;False;diaria;dea0d5f08b8c0f64_diario_derivado;;interna;horaria_agregada;media
2017-05-08;176.29166666666666;24;True;0;84100000;nivel;Epagri;;;2;False;diaria;dea0d5f08b8c0f64_diario_derivado;;interna;horaria_agregada;media
2017-05-09;175.5;24;True;0;84100000;nivel;Epagri;;;2;False;diaria;dea0d5f08b8c0f64_diario_derivado;;interna;horaria_agregada;media
2017-05-10;174.125;24;True;0;84100000;nivel;Epagri;;;2;False;diaria;dea0d5f08b8c0f64_diario_derivado;;interna;horaria_agregada;media
2017-05-11;173.41666666666666;24;True;0;84100000;nivel;Epagri;;;2;False;diaria;dea0d5f08b8c0f64_diario_derivado;;interna;horaria_agregada;media
2017-05-12;;23;False;0;84100000;nivel;Epagri;;;2;False;diaria;dea0d5f08b8c0f64_diario_derivado;;interna;horaria_agregada;media
2017-05-13;173.54166666666666;24;True;0;84100000;nivel;Epagri;;;2;False;diaria;dea0d5f08b8c0f64_diario_derivado;;interna;horaria_agregada;media
2017-05-14;175.58333333333334;24;True;0;84100000;nivel;Epagri;;;2;False;diaria;dea0d5f08b8c0f64_diario_derivado;;interna;horaria_agregada;media
2017-05-15;172.79166666666666;24;True;0;84100000;nivel;Epagri;;;2;False;diaria;dea0d5f08b8c0f64_diario_derivado;;interna;horaria_agregada;media
2017-05-16;172.125;24;True;0;84100000;nivel;Epagri;;;2;False;diaria;dea0d5f08b8c0f64_diario_derivado;;interna;horaria_agregada;media
2017-05-17;171.91666666666666;24;True;0;84100000;nivel;Epagri;;;2;False;diaria;dea0d5f08b8c0f64_diario_derivado;;interna;horaria_agregada;media
2017-05-18;189.875;24;True;0;84100000;nivel;Epagri;;;2;False;diaria;dea0d5f08b8c0f64_diario_derivado;;interna;horaria_agregada;media
2017-05-19;259.75;24;True;0;84100000;nivel;Epagri;;;2;False;diaria;dea0d5f08b8c0f64_diario_derivado;;interna;horaria_agregada;media
2017-05-20;287.0416666666667;24;True;0;84100000;nivel;Epagri;;;2;False;diaria;dea0d5f08b8c0f64_diario_derivado;;interna;horaria_agregada;media
2017-05-21;330.125;24;True;0;84100000;nivel;Epagri;;;2;False;diaria;dea0d5f08b8c0f64_diario_derivado;;interna;horaria_agregada;media
2017-05-22;224.58333333333334;24;True;0;84100000;nivel;Epagri;;;2;False;diaria;dea0d5f08b8c0f64_diario_derivado;;interna;horaria_agregada;media
2017-05-23;204.0;24;True;0;84100000;nivel;Epagri;;;2;False;diaria;dea0d5f08b8c0f64_diario_derivado;;interna;horaria_agregada;media
2017-05-24;241.45833333333334;24;True;0;84100000;nivel;Epagri;;;2;False;diaria;dea0d5f08b8c0f64_diario_derivado;;interna;horaria_agregada;media
2017-05-25;206.83333333333334;24;True;0;84100000;nivel;Epagri;;;2;False;diaria;dea0d5f08b8c0f64_diario_derivado;;interna;horaria_agregada;media
2017-05-26;198.5;24;True;0;84100000;nivel;Epagri;;;2;False;diaria;dea0d5f08b8c0f64_diario_derivado;;interna;horaria_agregada;media
2017-05-27;257.8333333333333;24;True;0;84100000;nivel;Epagri;;;2;False;diaria;dea0d5f08b8c0f64_diario_derivado;;interna;horaria_agregada;media
2017-05-28;291.7083333333333;24;True;0;84100000;nivel;Epagri;;;2;False;diaria;dea0d5f08b8c0f64_diario_derivado;;interna;horaria_agregada;media
2017-05-29;239.58333333333334;24;True;0;84100000;nivel;Epagri;;;2;False;diaria;dea0d5f08b8c0f64_diario_derivado;;interna;horaria_agregada;media
2017-05-30;228.66666666666666;24;True;0;84100000;nivel;Epagri;;;2;False;diaria;dea0d5f08b8c0f64_diario_derivado;;interna;horaria_agregada;media
2017-05-31;302.7083333333333;24;True;0;84100000;nivel;Epagri;;;2;False;diaria;dea0d5f08b8c0f64_diario_derivado;;interna;horaria_agregada;media
2017-06-01;309.1666666666667;24;True;0;84100000;nivel;Epagri;;;2;False;diaria;dea0d5f08b8c0f64_diario_derivado;;interna;horaria_agregada;media
2017-06-02;240.5;24;True;0;84100000;nivel;Epagri;;;2;False;diaria;dea0d5f08b8c0f64_diario_derivado;;interna;horaria_agregada;media
2017-06-03;223.95833333333334;24;True;0;84100000;nivel;Epagri;;;2;False;diaria;dea0d5f08b8c0f64_diario_derivado;;interna;horaria_agregada;media
2017-06-04;245.95833333333334;24;True;0;84100000;nivel;Epagri;;;2;False;diaria;dea0d5f08b8c0f64_diario_derivado;;interna;horaria_agregada;media
2017-06-05;342.5833333333333;24;True;0;84100000;nivel;Epagri;;;2;False;diaria;dea0d5f08b8c0f64_diario_derivado;;interna;horaria_agregada;media
2017-06-06;263.625;24;True;0;84100000;nivel;Epagri;;;2;False;diaria;dea0d5f08b8c0f64_diario_derivado;;interna;horaria_agregada;media
2017-06-07;240.08333333333334;24;True;0;84100000;nivel;Epagri;;;2;False;diaria;dea0d5f08b8c0f64_diario_derivado;;interna;horaria_agregada;media
2017-06-08;233.83333333333334;24;True;0;84100000;nivel;Epagri;;;2;False;diaria;dea0d5f08b8c0f64_diario_derivado;;interna;horaria_agregada;media
2017-06-09;222.70833333333334;24;True;0;84100000;nivel;Epagri;;;2;False;diaria;dea0d5f08b8c0f64_diario_derivado;;interna;horaria_agregada;media
2017-06-10;215.91666666666666;24;True;0;84100000;nivel;Epagri;;;2;False;diaria;dea0d5f08b8c0f64_diario_derivado;;interna;horaria_agregada;media
2017-06-11;212.125;24;True;0;84100000;nivel;Epagri;;;2;False;diaria;dea0d5f08b8c0f64_diario_derivado;;interna;horaria_agregada;media
2017-06-12;208.83333333333334;24;True;0;84100000;nivel;Epagri;;;2;False;diaria;dea0d5f08b8c0f64_diario_derivado;;interna;horaria_agregada;media
2017-06-13;206.25;24;True;0;84100000;nivel;Epagri;;;2;False;diaria;dea0d5f08b8c0f64_diario_derivado;;interna;horaria_agregada;media
2017-06-14;204.125;24;True;0;84100000;nivel;Epagri;;;2;False;diaria;dea0d5f08b8c0f64_diario_derivado;;interna;horaria_agregada;media
2017-06-15;202.58333333333334;24;True;0;84100000;nivel;Epagri;;;2;False;diaria;dea0d5f08b8c0f64_diario_derivado;;interna;horaria_agregada;media
2017-06-16;200.75;24;True;0;84100000;nivel;Epagri;;;2;False;diaria;dea0d5f08b8c0f64_diario_derivado;;interna;horaria_agregada;media
2017-06-17;199.08333333333334;24;True;0;84100000;nivel;Epagri;;;2;False;diaria;dea0d5f08b8c0f64_diario_derivado;;interna;horaria_agregada;media
2017-06-18;197.95833333333334;24;True;0;84100000;nivel;Epagri;;;2;False;diaria;dea0d5f08b8c0f64_diario_derivado;;interna;horaria_agregada;media
2017-06-19;198.66666666666666;24;True;0;84100000;nivel;Epagri;;;2;False;diaria;dea0d5f08b8c0f64_diario_derivado;;interna;horaria_agregada;media
2017-06-20;195.83333333333334;24;True;0;84100000;nivel;Epagri;;;2;False;diaria;dea0d5f08b8c0f64_diario_derivado;;interna;horaria_agregada;media
2017-06-21;194.16666666666666;24;True;0;84100000;nivel;Epagri;;;2;False;diaria;dea0d5f08b8c0f64_diario_derivado;;interna;horaria_agregada;media
2017-06-22;194.70833333333334;24;True;0;84100000;nivel;Epagri;;;2;False;diaria;dea0d5f08b8c0f64_diario_derivado;;interna;horaria_agregada;media
2017-06-23;195.0;24;True;0;84100000;nivel;Epagri;;;2;False;diaria;dea0d5f08b8c0f64_diario_derivado;;interna;horaria_agregada;media
2017-06-24;193.0;24;True;0;84100000;nivel;Epagri;;;2;False;diaria;dea0d5f08b8c0f64_diario_derivado;;interna;horaria_agregada;media
2017-06-25;191.75;24;True;0;84100000;nivel;Epagri;;;2;False;diaria;dea0d5f08b8c0f64_diario_derivado;;interna;horaria_agregada;media
2017-06-26;190.41666666666666;24;True;0;84100000;nivel;Epagri;;;2;False;diaria;dea0d5f08b8c0f64_diario_derivado;;interna;horaria_agregada;media
2017-06-27;189.54166666666666;24;True;0;84100000;nivel;Epagri;;;2;False;diaria;dea0d5f08b8c0f64_diario_derivado;;interna;horaria_agregada;media
2017-06-28;189.04166666666666;24;True;0;84100000;nivel;Epagri;;;2;False;diaria;dea0d5f08b8c0f64_diario_derivado;;interna;horaria_agregada;media
2017-06-29;188.125;24;True;0;84100000;nivel;Epagri;;;2;False;diaria;dea0d5f08b8c0f64_diario_derivado;;interna;horaria_agregada;media
2017-06-30;187.29166666666666;24;True;0;84100000;nivel;Epagri;;;2;False;diaria;dea0d5f08b8c0f64_diario_derivado;;interna;horaria_agregada;media
2017-07-01;186.875;24;True;0;84100000;nivel;Epagri;;;2;False;diaria;dea0d5f08b8c0f64_diario_derivado;;interna;horaria_agregada;media
2017-07-02;185.20833333333334;24;True;0;84100000;nivel;Epagri;;;2;False;diaria;dea0d5f08b8c0f64_diario_derivado;;interna;horaria_agregada;media
2017-07-03;184.875;24;True;0;84100000;nivel;Epagri;;;2;False;diaria;dea0d5f08b8c0f64_diario_derivado;;interna;horaria_agregada;media
2017-07-04;185.91666666666666;24;True;0;84100000;nivel;Epagri;;;2;False;diaria;dea0d5f08b8c0f64_diario_derivado;;interna;horaria_agregada;media
2017-07-05;186.45833333333334;24;True;0;84100000;nivel;Epagri;;;2;False;diaria;dea0d5f08b8c0f64_diario_derivado;;interna;horaria_agregada;media
2017-07-06;185.08333333333334;24;True;0;84100000;nivel;Epagri;;;2;False;diaria;dea0d5f08b8c0f64_diario_derivado;;interna;horaria_agregada;media
2017-07-07;184.375;24;True;0;84100000;nivel;Epagri;;;2;False;diaria;dea0d5f08b8c0f64_diario_derivado;;interna;horaria_agregada;media
2017-07-08;184.25;24;True;0;84100000;nivel;Epagri;;;2;False;diaria;dea0d5f08b8c0f64_diario_derivado;;interna;horaria_agregada;media
2017-07-09;183.58333333333334;24;True;0;84100000;nivel;Epagri;;;2;False;diaria;dea0d5f08b8c0f64_diario_derivado;;interna;horaria_agregada;media
2017-07-10;183.79166666666666;24;True;0;84100000;nivel;Epagri;;;2;False;diaria;dea0d5f08b8c0f64_diario_derivado;;interna;horaria_agregada;media
2017-07-11;183.0;24;True;0;84100000;nivel;Epagri;;;2;False;diaria;dea0d5f08b8c0f64_diario_derivado;;interna;horaria_agregada;media
2017-07-12;182.375;24;True;0;84100000;nivel;Epagri;;;2;False;diaria;dea0d5f08b8c0f64_diario_derivado;;interna;horaria_agregada;media
2017-07-13;181.91666666666666;24;True;0;84100000;nivel;Epagri;;;2;False;diaria;dea0d5f08b8c0f64_diario_derivado;;interna;horaria_agregada;media
2017-07-14;181.58333333333334;24;True;0;84100000;nivel;Epagri;;;2;False;diaria;dea0d5f08b8c0f64_diario_derivado;;interna;horaria_agregada;media
2017-07-15;181.5;24;True;0;84100000;nivel;Epagri;;;2;False;diaria;dea0d5f08b8c0f64_diario_derivado;;interna;horaria_agregada;media
2017-07-16;181.0;24;True;0;84100000;nivel;Epagri;;;2;False;diaria;dea0d5f08b8c0f64_diario_derivado;;interna;horaria_agregada;media
2017-07-17;180.375;24;True;0;84100000;nivel;Epagri;;;2;False;diaria;dea0d5f08b8c0f64_diario_derivado;;interna;horaria_agregada;media
2017-07-18;183.66666666666666;24;True;0;84100000;nivel;Epagri;;;2;False;diaria;dea0d5f08b8c0f64_diario_derivado;;interna;horaria_agregada;media
2017-07-19;179.45833333333334;24;True;0;84100000;nivel;Epagri;;;2;False;diaria;dea0d5f08b8c0f64_diario_derivado;;interna;horaria_agregada;media
2017-07-20;179.20833333333334;24;True;0;84100000;nivel;Epagri;;;2;False;diaria;dea0d5f08b8c0f64_diario_derivado;;interna;horaria_agregada;media
2017-07-21;178.91666666666666;24;True;0;84100000;nivel;Epagri;;;2;False;diaria;dea0d5f08b8c0f64_diario_derivado;;interna;horaria_agregada;media
2017-07-22;178.33333333333334;24;True;0;84100000;nivel;Epagri;;;2;False;diaria;dea0d5f08b8c0f64_diario_derivado;;interna;horaria_agregada;media
2017-07-23;178.58333333333334;24;True;0;84100000;nivel;Epagri;;;2;False;diaria;dea0d5f08b8c0f64_diario_derivado;;interna;horaria_agregada;media
2017-07-24;178.58333333333334;24;True;0;84100000;nivel;Epagri;;;2;False;diaria;dea0d5f08b8c0f64_diario_derivado;;interna;horaria_agregada;media
2017-07-25;178.08333333333334;24;True;0;84100000;nivel;Epagri;;;2;False;diaria;dea0d5f08b8c0f64_diario_derivado;;interna;horaria_agregada;media
2017-07-26;177.79166666666666;24;True;0;84100000;nivel;Epagri;;;2;False;diaria;dea0d5f08b8c0f64_diario_derivado;;interna;horaria_agregada;media
2017-07-27;177.04166666666666;24;True;0;84100000;nivel;Epagri;;;2;False;diaria;dea0d5f08b8c0f64_diario_derivado;;interna;horaria_agregada;media
2017-07-28;176.70833333333334;24;True;0;84100000;nivel;Epagri;;;2;False;diaria;dea0d5f08b8c0f64_diario_derivado;;interna;horaria_agregada;media
2017-07-29;176.875;24;True;0;84100000;nivel;Epagri;;;2;False;diaria;dea0d5f08b8c0f64_diario_derivado;;interna;horaria_agregada;media
2017-07-30;176.83333333333334;24;True;0;84100000;nivel;Epagri;;;2;False;diaria;dea0d5f08b8c0f64_diario_derivado;;interna;horaria_agregada;media
2017-07-31;176.375;24;True;0;84100000;nivel;Epagri;;;2;False;diaria;dea0d5f08b8c0f64_diario_derivado;;interna;horaria_agregada;media
2017-08-01;176.20833333333334;24;True;0;84100000;nivel;Epagri;;;2;False;diaria;dea0d5f08b8c0f64_diario_derivado;;interna;horaria_agregada;media
2017-08-02;175.70833333333334;24;True;0;84100000;nivel;Epagri;;;2;False;diaria;dea0d5f08b8c0f64_diario_derivado;;interna;horaria_agregada;media
2017-08-03;210.66666666666666;24;True;0;84100000;nivel;Epagri;;;2;False;diaria;dea0d5f08b8c0f64_diario_derivado;;interna;horaria_agregada;media
2017-08-04;188.95833333333334;24;True;0;84100000;nivel;Epagri;;;2;False;diaria;dea0d5f08b8c0f64_diario_derivado;;interna;horaria_agregada;media
2017-08-05;177.95833333333334;24;True;0;84100000;nivel;Epagri;;;2;False;diaria;dea0d5f08b8c0f64_diario_derivado;;interna;horaria_agregada;media
2017-08-06;176.54166666666666;24;True;0;84100000;nivel;Epagri;;;2;False;diaria;dea0d5f08b8c0f64_diario_derivado;;interna;horaria_agregada;media
2017-08-07;176.25;24;True;0;84100000;nivel;Epagri;;;2;False;diaria;dea0d5f08b8c0f64_diario_derivado;;interna;horaria_agregada;media
2017-08-08;176.375;24;True;0;84100000;nivel;Epagri;;;2;False;diaria;dea0d5f08b8c0f64_diario_derivado;;interna;horaria_agregada;media
2017-08-09;180.08333333333334;24;True;0;84100000;nivel;Epagri;;;2;False;diaria;dea0d5f08b8c0f64_diario_derivado;;interna;horaria_agregada;media
2017-08-10;175.54166666666666;24;True;0;84100000;nivel;Epagri;;;2;False;diaria;dea0d5f08b8c0f64_diario_derivado;;interna;horaria_agregada;media
2017-08-11;187.41666666666666;24;True;0;84100000;nivel;Epagri;;;2;False;diaria;dea0d5f08b8c0f64_diario_derivado;;interna;horaria_agregada;media
2017-08-12;202.91666666666666;24;True;0;84100000;nivel;Epagri;;;2;False;diaria;dea0d5f08b8c0f64_diario_derivado;;interna;horaria_agregada;media
2017-08-13;208.16666666666666;24;True;0;84100000;nivel;Epagri;;;2;False;diaria;dea0d5f08b8c0f64_diario_derivado;;interna;horaria_agregada;media
2017-08-14;217.375;24;True;0;84100000;nivel;Epagri;;;2;False;diaria;dea0d5f08b8c0f64_diario_derivado;;interna;horaria_agregada;media
2017-08-15;184.875;24;True;0;84100000;nivel;Epagri;;;2;False;diaria;dea0d5f08b8c0f64_diario_derivado;;interna;horaria_agregada;media
2017-08-16;180.45833333333334;24;True;0;84100000;nivel;Epagri;;;2;False;diaria;dea0d5f08b8c0f64_diario_derivado;;interna;horaria_agregada;media
2017-08-17;178.29166666666666;24;True;0;84100000;nivel;Epagri;;;2;False;diaria;dea0d5f08b8c0f64_diario_derivado;;interna;horaria_agregada;media
2017-08-18;177.25;24;True;0;84100000;nivel;Epagri;;;2;False;diaria;dea0d5f08b8c0f64_diario_derivado;;interna;horaria_agregada;media
2017-08-19;176.75;24;True;0;84100000;nivel;Epagri;;;2;False;diaria;dea0d5f08b8c0f64_diario_derivado;;interna;horaria_agregada;media
2017-08-20;190.45833333333334;24;True;0;84100000;nivel;Epagri;;;2;False;diaria;dea0d5f08b8c0f64_diario_derivado;;interna;horaria_agregada;media
2017-08-21;180.04166666666666;24;True;0;84100000;nivel;Epagri;;;2;False;diaria;dea0d5f08b8c0f64_diario_derivado;;interna;horaria_agregada;media
2017-08-22;176.16666666666666;24;True;0;84100000;nivel;Epagri;;;2;False;diaria;dea0d5f08b8c0f64_diario_derivado;;interna;horaria_agregada;media
2017-08-23;179.91666666666666;24;True;0;84100000;nivel;Epagri;;;2;False;diaria;dea0d5f08b8c0f64_diario_derivado;;interna;horaria_agregada;media
2017-08-24;179.125;24;True;0;84100000;nivel;Epagri;;;2;False;diaria;dea0d5f08b8c0f64_diario_derivado;;interna;horaria_agregada;media
2017-08-25;176.91666666666666;24;True;0;84100000;nivel;Epagri;;;2;False;diaria;dea0d5f08b8c0f64_diario_derivado;;interna;horaria_agregada;media
2017-08-26;175.625;24;True;0;84100000;nivel;Epagri;;;2;False;diaria;dea0d5f08b8c0f64_diario_derivado;;interna;horaria_agregada;media
2017-08-27;175.41666666666666;24;True;0;84100000;nivel;Epagri;;;2;False;diaria;dea0d5f08b8c0f64_diario_derivado;;interna;horaria_agregada;media
2017-08-28;175.20833333333334;24;True;0;84100000;nivel;Epagri;;;2;False;diaria;dea0d5f08b8c0f64_diario_derivado;;interna;horaria_agregada;media
2017-08-29;174.54166666666666;24;True;0;84100000;nivel;Epagri;;;2;False;diaria;dea0d5f08b8c0f64_diario_derivado;;interna;horaria_agregada;media
2017-08-30;174.04166666666666;24;True;0;84100000;nivel;Epagri;;;2;False;diaria;dea0d5f08b8c0f64_diario_derivado;;interna;horaria_agregada;media
2017-08-31;172.91666666666666;24;True;0;84100000;nivel;Epagri;;;2;False;diaria;dea0d5f08b8c0f64_diario_derivado;;interna;horaria_agregada;media
2017-09-01;172.66666666666666;24;True;0;84100000;nivel;Epagri;;;2;False;diaria;dea0d5f08b8c0f64_diario_derivado;;interna;horaria_agregada;media
2017-09-02;172.79166666666666;24;True;0;84100000;nivel;Epagri;;;2;False;diaria;dea0d5f08b8c0f64_diario_derivado;;interna;horaria_agregada;media
2017-09-03;173.0;24;True;0;84100000;nivel;Epagri;;;2;False;diaria;dea0d5f08b8c0f64_diario_derivado;;interna;horaria_agregada;media
2017-09-04;172.54166666666666;24;True;0;84100000;nivel;Epagri;;;2;False;diaria;dea0d5f08b8c0f64_diario_derivado;;interna;horaria_agregada;media
2017-09-05;171.79166666666666;24;True;0;84100000;nivel;Epagri;;;2;False;diaria;dea0d5f08b8c0f64_diario_derivado;;interna;horaria_agregada;media
2017-09-06;171.25;24;True;0;84100000;nivel;Epagri;;;2;False;diaria;dea0d5f08b8c0f64_diario_derivado;;interna;horaria_agregada;media
2017-09-07;171.54166666666666;24;True;0;84100000;nivel;Epagri;;;2;False;diaria;dea0d5f08b8c0f64_diario_derivado;;interna;horaria_agregada;media
2017-09-08;171.125;24;True;0;84100000;nivel;Epagri;;;2;False;diaria;dea0d5f08b8c0f64_diario_derivado;;interna;horaria_agregada;media
2017-09-09;170.83333333333334;24;True;0;84100000;nivel;Epagri;;;2;False;diaria;dea0d5f08b8c0f64_diario_derivado;;interna;horaria_agregada;media
2017-09-10;170.625;24;True;0;84100000;nivel;Epagri;;;2;False;diaria;dea0d5f08b8c0f64_diario_derivado;;interna;horaria_agregada;media
2017-09-11;170.54166666666666;24;True;0;84100000;nivel;Epagri;;;2;False;diaria;dea0d5f08b8c0f64_diario_derivado;;interna;horaria_agregada;media
2017-09-12;170.25;24;True;0;84100000;nivel;Epagri;;;2;False;diaria;dea0d5f08b8c0f64_diario_derivado;;interna;horaria_agregada;media
2017-09-13;169.75;24;True;0;84100000;nivel;Epagri;;;2;False;diaria;dea0d5f08b8c0f64_diario_derivado;;interna;horaria_agregada;media
2017-09-14;169.83333333333334;24;True;0;84100000;nivel;Epagri;;;2;False;diaria;dea0d5f08b8c0f64_diario_derivado;;interna;horaria_agregada;media
2017-09-15;169.25;24;True;0;84100000;nivel;Epagri;;;2;False;diaria;dea0d5f08b8c0f64_diario_derivado;;interna;horaria_agregada;media
2017-09-16;169.29166666666666;24;True;0;84100000;nivel;Epagri;;;2;False;diaria;dea0d5f08b8c0f64_diario_derivado;;interna;horaria_agregada;media
2017-09-17;169.83333333333334;24;True;0;84100000;nivel;Epagri;;;2;False;diaria;dea0d5f08b8c0f64_diario_derivado;;interna;horaria_agregada;media
2017-09-18;169.79166666666666;24;True;0;84100000;nivel;Epagri;;;2;False;diaria;dea0d5f08b8c0f64_diario_derivado;;interna;horaria_agregada;media
2017-09-19;169.29166666666666;24;True;0;84100000;nivel;Epagri;;;2;False;diaria;dea0d5f08b8c0f64_diario_derivado;;interna;horaria_agregada;media
2017-09-20;168.83333333333334;24;True;0;84100000;nivel;Epagri;;;2;False;diaria;dea0d5f08b8c0f64_diario_derivado;;interna;horaria_agregada;media
2017-09-21;168.25;24;True;0;84100000;nivel;Epagri;;;2;False;diaria;dea0d5f08b8c0f64_diario_derivado;;interna;horaria_agregada;media
2017-09-22;167.83333333333334;24;True;0;84100000;nivel;Epagri;;;2;False;diaria;dea0d5f08b8c0f64_diario_derivado;;interna;horaria_agregada;media
2017-09-23;168.75;24;True;0;84100000;nivel;Epagri;;;2;False;diaria;dea0d5f08b8c0f64_diario_derivado;;interna;horaria_agregada;media
2017-09-24;174.04166666666666;24;True;0;84100000;nivel;Epagri;;;2;False;diaria;dea0d5f08b8c0f64_diario_derivado;;interna;horaria_agregada;media
2017-09-25;169.66666666666666;24;True;0;84100000;nivel;Epagri;;;2;False;diaria;dea0d5f08b8c0f64_diario_derivado;;interna;horaria_agregada;media
2017-09-26;169.125;24;True;0;84100000;nivel;Epagri;;;2;False;diaria;dea0d5f08b8c0f64_diario_derivado;;interna;horaria_agregada;media
2017-09-27;168.125;24;True;0;84100000;nivel;Epagri;;;2;False;diaria;dea0d5f08b8c0f64_diario_derivado;;interna;horaria_agregada;media
2017-09-28;170.95833333333334;24;True;0;84100000;nivel;Epagri;;;2;False;diaria;dea0d5f08b8c0f64_diario_derivado;;interna;horaria_agregada;media
2017-09-29;170.41666666666666;24;True;0;84100000;nivel;Epagri;;;2;False;diaria;dea0d5f08b8c0f64_diario_derivado;;interna;horaria_agregada;media
2017-09-30;255.625;24;True;0;84100000;nivel;Epagri;;;2;False;diaria;dea0d5f08b8c0f64_diario_derivado;;interna;horaria_agregada;media
2017-10-01;189.45833333333334;24;True;0;84100000;nivel;Epagri;;;2;False;diaria;dea0d5f08b8c0f64_diario_derivado;;interna;horaria_agregada;media
2017-10-02;177.08333333333334;24;True;0;84100000;nivel;Epagri;;;2;False;diaria;dea0d5f08b8c0f64_diario_derivado;;interna;horaria_agregada;media
2017-10-03;191.79166666666666;24;True;0;84100000;nivel;Epagri;;;2;False;diaria;dea0d5f08b8c0f64_diario_derivado;;interna;horaria_agregada;media
2017-10-04;174.25;24;True;0;84100000;nivel;Epagri;;;2;False;diaria;dea0d5f08b8c0f64_diario_derivado;;interna;horaria_agregada;media
2017-10-05;171.5;24;True;0;84100000;nivel;Epagri;;;2;False;diaria;dea0d5f08b8c0f64_diario_derivado;;interna;horaria_agregada;media
2017-10-06;173.5;24;True;0;84100000;nivel;Epagri;;;2;False;diaria;dea0d5f08b8c0f64_diario_derivado;;interna;horaria_agregada;media
2017-10-07;182.58333333333334;24;True;0;84100000;nivel;Epagri;;;2;False;diaria;dea0d5f08b8c0f64_diario_derivado;;interna;horaria_agregada;media
2017-10-08;182.08333333333334;24;True;0;84100000;nivel;Epagri;;;2;False;diaria;dea0d5f08b8c0f64_diario_derivado;;interna;horaria_agregada;media
2017-10-09;;23;False;0;84100000;nivel;Epagri;;;2;False;diaria;dea0d5f08b8c0f64_diario_derivado;;interna;horaria_agregada;media
2017-10-10;173.83333333333334;24;True;0;84100000;nivel;Epagri;;;2;False;diaria;dea0d5f08b8c0f64_diario_derivado;;interna;horaria_agregada;media
2017-10-11;172.20833333333334;24;True;0;84100000;nivel;Epagri;;;2;False;diaria;dea0d5f08b8c0f64_diario_derivado;;interna;horaria_agregada;media
2017-10-12;173.54166666666666;24;True;0;84100000;nivel;Epagri;;;2;False;diaria;dea0d5f08b8c0f64_diario_derivado;;interna;horaria_agregada;media
2017-10-13;182.875;24;True;0;84100000;nivel;Epagri;;;2;False;diaria;dea0d5f08b8c0f64_diario_derivado;;interna;horaria_agregada;media
2017-10-14;182.08333333333334;24;True;0;84100000;nivel;Epagri;;;2;False;diaria;dea0d5f08b8c0f64_diario_derivado;;interna;horaria_agregada;media
2017-10-15;174.29166666666666;24;True;0;84100000;nivel;Epagri;;;2;False;diaria;dea0d5f08b8c0f64_diario_derivado;;interna;horaria_agregada;media
2017-10-16;172.04166666666666;24;True;0;84100000;nivel;Epagri;;;2;False;diaria;dea0d5f08b8c0f64_diario_derivado;;interna;horaria_agregada;media
2017-10-17;170.58333333333334;24;True;0;84100000;nivel;Epagri;;;2;False;diaria;dea0d5f08b8c0f64_diario_derivado;;interna;horaria_agregada;media
2017-10-18;170.66666666666666;24;True;0;84100000;nivel;Epagri;;;2;False;diaria;dea0d5f08b8c0f64_diario_derivado;;interna;horaria_agregada;media
2017-10-19;169.83333333333334;24;True;0;84100000;nivel;Epagri;;;2;False;diaria;dea0d5f08b8c0f64_diario_derivado;;interna;horaria_agregada;media
2017-10-20;168.66666666666666;24;True;0;84100000;nivel;Epagri;;;2;False;diaria;dea0d5f08b8c0f64_diario_derivado;;interna;horaria_agregada;media
2017-10-21;169.375;24;True;0;84100000;nivel;Epagri;;;2;False;diaria;dea0d5f08b8c0f64_diario_derivado;;interna;horaria_agregada;media
2017-10-22;169.83333333333334;24;True;0;84100000;nivel;Epagri;;;2;False;diaria;dea0d5f08b8c0f64_diario_derivado;;interna;horaria_agregada;media
2017-10-23;167.79166666666666;24;True;0;84100000;nivel;Epagri;;;2;False;diaria;dea0d5f08b8c0f64_diario_derivado;;interna;horaria_agregada;media
2017-10-24;166.91666666666666;24;True;0;84100000;nivel;Epagri;;;2;False;diaria;dea0d5f08b8c0f64_diario_derivado;;interna;horaria_agregada;media
2017-10-25;167.25;24;True;0;84100000;nivel;Epagri;;;2;False;diaria;dea0d5f08b8c0f64_diario_derivado;;interna;horaria_agregada;media
2017-10-26;171.33333333333334;24;True;0;84100000;nivel;Epagri;;;2;False;diaria;dea0d5f08b8c0f64_diario_derivado;;interna;horaria_agregada;media
2017-10-27;169.875;24;True;0;84100000;nivel;Epagri;;;2;False;diaria;dea0d5f08b8c0f64_diario_derivado;;interna;horaria_agregada;media
2017-10-28;167.58333333333334;24;True;0;84100000;nivel;Epagri;;;2;False;diaria;dea0d5f08b8c0f64_diario_derivado;;interna;horaria_agregada;media
2017-10-29;165.75;24;True;0;84100000;nivel;Epagri;;;2;False;diaria;dea0d5f08b8c0f64_diario_derivado;;interna;horaria_agregada;media
2017-10-30;166.16666666666666;24;True;0;84100000;nivel;Epagri;;;2;False;diaria;dea0d5f08b8c0f64_diario_derivado;;interna;horaria_agregada;media
2017-10-31;168.16666666666666;24;True;0;84100000;nivel;Epagri;;;2;False;diaria;dea0d5f08b8c0f64_diario_derivado;;interna;horaria_agregada;media
2017-11-01;164.83333333333334;24;True;0;84100000;nivel;Epagri;;;2;False;diaria;dea0d5f08b8c0f64_diario_derivado;;interna;horaria_agregada;media
2017-11-02;164.33333333333334;24;True;0;84100000;nivel;Epagri;;;2;False;diaria;dea0d5f08b8c0f64_diario_derivado;;interna;horaria_agregada;media
2017-11-03;164.58333333333334;24;True;0;84100000;nivel;Epagri;;;2;False;diaria;dea0d5f08b8c0f64_diario_derivado;;interna;horaria_agregada;media
2017-11-04;167.75;24;True;0;84100000;nivel;Epagri;;;2;False;diaria;dea0d5f08b8c0f64_diario_derivado;;interna;horaria_agregada;media
2017-11-05;170.0;24;True;0;84100000;nivel;Epagri;;;2;False;diaria;dea0d5f08b8c0f64_diario_derivado;;interna;horaria_agregada;media
2017-11-06;166.08333333333334;24;True;0;84100000;nivel;Epagri;;;2;False;diaria;dea0d5f08b8c0f64_diario_derivado;;interna;horaria_agregada;media
2017-11-07;165.91666666666666;24;True;0;84100000;nivel;Epagri;;;2;False;diaria;dea0d5f08b8c0f64_diario_derivado;;interna;horaria_agregada;media
2017-11-08;170.25;24;True;0;84100000;nivel;Epagri;;;2;False;diaria;dea0d5f08b8c0f64_diario_derivado;;interna;horaria_agregada;media
2017-11-09;176.25;24;True;0;84100000;nivel;Epagri;;;2;False;diaria;dea0d5f08b8c0f64_diario_derivado;;interna;horaria_agregada;media
2017-11-10;181.75;24;True;0;84100000;nivel;Epagri;;;2;False;diaria;dea0d5f08b8c0f64_diario_derivado;;interna;horaria_agregada;media
2017-11-11;184.5;24;True;0;84100000;nivel;Epagri;;;2;False;diaria;dea0d5f08b8c0f64_diario_derivado;;interna;horaria_agregada;media
2017-11-12;168.5;24;True;0;84100000;nivel;Epagri;;;2;False;diaria;dea0d5f08b8c0f64_diario_derivado;;interna;horaria_agregada;media
2017-11-13;165.875;24;True;0;84100000;nivel;Epagri;;;2;False;diaria;dea0d5f08b8c0f64_diario_derivado;;interna;horaria_agregada;media
2017-11-14;164.625;24;True;0;84100000;nivel;Epagri;;;2;False;diaria;dea0d5f08b8c0f64_diario_derivado;;interna;horaria_agregada;media
2017-11-15;164.125;24;True;0;84100000;nivel;Epagri;;;2;False;diaria;dea0d5f08b8c0f64_diario_derivado;;interna;horaria_agregada;media
2017-11-16;164.70833333333334;24;True;0;84100000;nivel;Epagri;;;2;False;diaria;dea0d5f08b8c0f64_diario_derivado;;interna;horaria_agregada;media
2017-11-17;172.33333333333334;24;True;0;84100000;nivel;Epagri;;;2;False;diaria;dea0d5f08b8c0f64_diario_derivado;;interna;horaria_agregada;media
2017-11-18;208.79166666666666;24;True;0;84100000;nivel;Epagri;;;2;False;diaria;dea0d5f08b8c0f64_diario_derivado;;interna;horaria_agregada;media
2017-11-19;181.70833333333334;24;True;0;84100000;nivel;Epagri;;;2;False;diaria;dea0d5f08b8c0f64_diario_derivado;;interna;horaria_agregada;media
2017-11-20;171.08333333333334;24;True;0;84100000;nivel;Epagri;;;2;False;diaria;dea0d5f08b8c0f64_diario_derivado;;interna;horaria_agregada;media
2017-11-21;168.375;24;True;0;84100000;nivel;Epagri;;;2;False;diaria;dea0d5f08b8c0f64_diario_derivado;;interna;horaria_agregada;media
2017-11-22;166.70833333333334;24;True;0;84100000;nivel;Epagri;;;2;False;diaria;dea0d5f08b8c0f64_diario_derivado;;interna;horaria_agregada;media
2017-11-23;165.58333333333334;24;True;0;84100000;nivel;Epagri;;;2;False;diaria;dea0d5f08b8c0f64_diario_derivado;;interna;horaria_agregada;media
2017-11-24;165.91666666666666;24;True;0;84100000;nivel;Epagri;;;2;False;diaria;dea0d5f08b8c0f64_diario_derivado;;interna;horaria_agregada;media
2017-11-25;164.45833333333334;24;True;0;84100000;nivel;Epagri;;;2;False;diaria;dea0d5f08b8c0f64_diario_derivado;;interna;horaria_agregada;media
2017-11-26;165.04166666666666;24;True;0;84100000;nivel;Epagri;;;2;False;diaria;dea0d5f08b8c0f64_diario_derivado;;interna;horaria_agregada;media
2017-11-27;;23;False;0;84100000;nivel;Epagri;;;2;False;diaria;dea0d5f08b8c0f64_diario_derivado;;interna;horaria_agregada;media
2017-11-28;164.0;24;True;0;84100000;nivel;Epagri;;;2;False;diaria;dea0d5f08b8c0f64_diario_derivado;;interna;horaria_agregada;media
2017-11-29;163.41666666666666;24;True;0;84100000;nivel;Epagri;;;2;False;diaria;dea0d5f08b8c0f64_diario_derivado;;interna;horaria_agregada;media
2017-11-30;169.0;24;True;0;84100000;nivel;Epagri;;;2;False;diaria;dea0d5f08b8c0f64_diario_derivado;;interna;horaria_agregada;media
2017-12-01;171.08333333333334;24;True;0;84100000;nivel;Epagri;;;2;False;diaria;dea0d5f08b8c0f64_diario_derivado;;interna;horaria_agregada;media
2017-12-02;168.375;24;True;0;84100000;nivel;Epagri;;;2;False;diaria;dea0d5f08b8c0f64_diario_derivado;;interna;horaria_agregada;media
2017-12-03;165.29166666666666;24;True;0;84100000;nivel;Epagri;;;2;False;diaria;dea0d5f08b8c0f64_diario_derivado;;interna;horaria_agregada;media
2017-12-04;175.20833333333334;24;True;0;84100000;nivel;Epagri;;;2;False;diaria;dea0d5f08b8c0f64_diario_derivado;;interna;horaria_agregada;media
2017-12-05;176.375;24;True;0;84100000;nivel;Epagri;;;2;False;diaria;dea0d5f08b8c0f64_diario_derivado;;interna;horaria_agregada;media
2017-12-06;188.91666666666666;24;True;0;84100000;nivel;Epagri;;;2;False;diaria;dea0d5f08b8c0f64_diario_derivado;;interna;horaria_agregada;media
2017-12-07;196.375;24;True;0;84100000;nivel;Epagri;;;2;False;diaria;dea0d5f08b8c0f64_diario_derivado;;interna;horaria_agregada;media
2017-12-08;191.41666666666666;24;True;0;84100000;nivel;Epagri;;;2;False;diaria;dea0d5f08b8c0f64_diario_derivado;;interna;horaria_agregada;media
2017-12-09;172.875;24;True;0;84100000;nivel;Epagri;;;2;False;diaria;dea0d5f08b8c0f64_diario_derivado;;interna;horaria_agregada;media
2017-12-10;168.95833333333334;24;True;0;84100000;nivel;Epagri;;;2;False;diaria;dea0d5f08b8c0f64_diario_derivado;;interna;horaria_agregada;media
2017-12-11;166.875;24;True;0;84100000;nivel;Epagri;;;2;False;diaria;dea0d5f08b8c0f64_diario_derivado;;interna;horaria_agregada;media
2017-12-12;164.58333333333334;24;True;0;84100000;nivel;Epagri;;;2;False;diaria;dea0d5f08b8c0f64_diario_derivado;;interna;horaria_agregada;media
2017-12-13;164.08333333333334;24;True;0;84100000;nivel;Epagri;;;2;False;diaria;dea0d5f08b8c0f64_diario_derivado;;interna;horaria_agregada;media
2017-12-14;164.125;24;True;0;84100000;nivel;Epagri;;;2;False;diaria;dea0d5f08b8c0f64_diario_derivado;;interna;horaria_agregada;media
2017-12-15;;22;False;0;84100000;nivel;Epagri;;;2;False;diaria;dea0d5f08b8c0f64_diario_derivado;;interna;horaria_agregada;media
2017-12-16;164.75;24;True;0;84100000;nivel;Epagri;;;2;False;diaria;dea0d5f08b8c0f64_diario_derivado;;interna;horaria_agregada;media
2017-12-17;163.54166666666666;24;True;0;84100000;nivel;Epagri;;;2;False;diaria;dea0d5f08b8c0f64_diario_derivado;;interna;horaria_agregada;media
2017-12-18;164.25;24;True;0;84100000;nivel;Epagri;;;2;False;diaria;dea0d5f08b8c0f64_diario_derivado;;interna;horaria_agregada;media
2017-12-19;164.75;24;True;0;84100000;nivel;Epagri;;;2;False;diaria;dea0d5f08b8c0f64_diario_derivado;;interna;horaria_agregada;media
2017-12-20;195.625;24;True;0;84100000;nivel;Epagri;;;2;False;diaria;dea0d5f08b8c0f64_diario_derivado;;interna;horaria_agregada;media
2017-12-21;213.58333333333334;24;True;0;84100000;nivel;Epagri;;;2;False;diaria;dea0d5f08b8c0f64_diario_derivado;;interna;horaria_agregada;media
2017-12-22;176.75;24;True;0;84100000;nivel;Epagri;;;2;False;diaria;dea0d5f08b8c0f64_diario_derivado;;interna;horaria_agregada;media
2017-12-23;184.625;24;True;0;84100000;nivel;Epagri;;;2;False;diaria;dea0d5f08b8c0f64_diario_derivado;;interna;horaria_agregada;media
2017-12-24;227.04166666666666;24;True;0;84100000;nivel;Epagri;;;2;False;diaria;dea0d5f08b8c0f64_diario_derivado;;interna;horaria_agregada;media
2017-12-25;206.625;24;True;0;84100000;nivel;Epagri;;;2;False;diaria;dea0d5f08b8c0f64_diario_derivado;;interna;horaria_agregada;media
2017-12-26;182.125;24;True;0;84100000;nivel;Epagri;;;2;False;diaria;dea0d5f08b8c0f64_diario_derivado;;interna;horaria_agregada;media
2017-12-27;178.45833333333334;24;True;0;84100000;nivel;Epagri;;;2;False;diaria;dea0d5f08b8c0f64_diario_derivado;;interna;horaria_agregada;media
2017-12-28;182.83333333333334;24;True;0;84100000;nivel;Epagri;;;2;False;diaria;dea0d5f08b8c0f64_diario_derivado;;interna;horaria_agregada;media
2017-12-29;189.95833333333334;24;True;0;84100000;nivel;Epagri;;;2;False;diaria;dea0d5f08b8c0f64_diario_derivado;;interna;horaria_agregada;media
2017-12-30;196.04166666666666;24;True;0;84100000;nivel;Epagri;;;2;False;diaria;dea0d5f08b8c0f64_diario_derivado;;interna;horaria_agregada;media
2017-12-31;185.33333333333334;24;True;0;84100000;nivel;Epagri;;;2;False;diaria;dea0d5f08b8c0f64_diario_derivado;;interna;horaria_agregada;media
2018-01-01;185.33333333333334;24;True;0;84100000;nivel;Epagri;;;2;False;diaria;dea0d5f08b8c0f64_diario_derivado;;interna;horaria_agregada;media
2018-01-02;186.25;24;True;0;84100000;nivel;Epagri;;;2;False;diaria;dea0d5f08b8c0f64_diario_derivado;;interna;horaria_agregada;media
2018-01-03;205.29166666666666;24;True;0;84100000;nivel;Epagri;;;2;False;diaria;dea0d5f08b8c0f64_diario_derivado;;interna;horaria_agregada;media
2018-01-04;179.16666666666666;24;True;0;84100000;nivel;Epagri;;;2;False;diaria;dea0d5f08b8c0f64_diario_derivado;;interna;horaria_agregada;media
2018-01-05;174.66666666666666;24;True;0;84100000;nivel;Epagri;;;2;False;diaria;dea0d5f08b8c0f64_diario_derivado;;interna;horaria_agregada;media
2018-01-06;172.75;24;True;0;84100000;nivel;Epagri;;;2;False;diaria;dea0d5f08b8c0f64_diario_derivado;;interna;horaria_agregada;media
2018-01-07;170.875;24;True;0;84100000;nivel;Epagri;;;2;False;diaria;dea0d5f08b8c0f64_diario_derivado;;interna;horaria_agregada;media
2018-01-08;170.20833333333334;24;True;0;84100000;nivel;Epagri;;;2;False;diaria;dea0d5f08b8c0f64_diario_derivado;;interna;horaria_agregada;media
2018-01-09;171.04166666666666;24;True;0;84100000;nivel;Epagri;;;2;False;diaria;dea0d5f08b8c0f64_diario_derivado;;interna;horaria_agregada;media
2018-01-10;226.41666666666666;24;True;0;84100000;nivel;Epagri;;;2;False;diaria;dea0d5f08b8c0f64_diario_derivado;;interna;horaria_agregada;media
2018-01-11;292.5;24;True;0;84100000;nivel;Epagri;;;2;False;diaria;dea0d5f08b8c0f64_diario_derivado;;interna;horaria_agregada;media
2018-01-12;243.66666666666666;24;True;0;84100000;nivel;Epagri;;;2;False;diaria;dea0d5f08b8c0f64_diario_derivado;;interna;horaria_agregada;media
2018-01-13;206.58333333333334;24;True;0;84100000;nivel;Epagri;;;2;False;diaria;dea0d5f08b8c0f64_diario_derivado;;interna;horaria_agregada;media
2018-01-14;198.58333333333334;24;True;0;84100000;nivel;Epagri;;;2;False;diaria;dea0d5f08b8c0f64_diario_derivado;;interna;horaria_agregada;media
2018-01-15;192.45833333333334;24;True;0;84100000;nivel;Epagri;;;2;False;diaria;dea0d5f08b8c0f64_diario_derivado;;interna;horaria_agregada;media
2018-01-16;200.70833333333334;24;True;0;84100000;nivel;Epagri;;;2;False;diaria;dea0d5f08b8c0f64_diario_derivado;;interna;horaria_agregada;media
2018-01-17;218.125;24;True;0;84100000;nivel;Epagri;;;2;False;diaria;dea0d5f08b8c0f64_diario_derivado;;interna;horaria_agregada;media
2018-01-18;208.20833333333334;24;True;0;84100000;nivel;Epagri;;;2;False;diaria;dea0d5f08b8c0f64_diario_derivado;;interna;horaria_agregada;media
2018-01-19;193.45833333333334;24;True;0;84100000;nivel;Epagri;;;2;False;diaria;dea0d5f08b8c0f64_diario_derivado;;interna;horaria_agregada;media
2018-01-20;185.91666666666666;24;True;0;84100000;nivel;Epagri;;;2;False;diaria;dea0d5f08b8c0f64_diario_derivado;;interna;horaria_agregada;media
2018-01-21;181.45833333333334;24;True;0;84100000;nivel;Epagri;;;2;False;diaria;dea0d5f08b8c0f64_diario_derivado;;interna;horaria_agregada;media
2018-01-22;195.125;24;True;0;84100000;nivel;Epagri;;;2;False;diaria;dea0d5f08b8c0f64_diario_derivado;;interna;horaria_agregada;media
2018-01-23;187.25;24;True;0;84100000;nivel;Epagri;;;2;False;diaria;dea0d5f08b8c0f64_diario_derivado;;interna;horaria_agregada;media
2018-01-24;197.54166666666666;24;True;0;84100000;nivel;Epagri;;;2;False;diaria;dea0d5f08b8c0f64_diario_derivado;;interna;horaria_agregada;media
2018-01-25;210.75;24;True;0;84100000;nivel;Epagri;;;2;False;diaria;dea0d5f08b8c0f64_diario_derivado;;interna;horaria_agregada;media
2018-01-26;185.16666666666666;24;True;0;84100000;nivel;Epagri;;;2;False;diaria;dea0d5f08b8c0f64_diario_derivado;;interna;horaria_agregada;media
2018-01-27;182.29166666666666;24;True;0;84100000;nivel;Epagri;;;2;False;diaria;dea0d5f08b8c0f64_diario_derivado;;interna;horaria_agregada;media
2018-01-28;182.375;24;True;0;84100000;nivel;Epagri;;;2;False;diaria;dea0d5f08b8c0f64_diario_derivado;;interna;horaria_agregada;media
2018-01-29;180.16666666666666;24;True;0;84100000;nivel;Epagri;;;2;False;diaria;dea0d5f08b8c0f64_diario_derivado;;interna;horaria_agregada;media
2018-01-30;176.66666666666666;24;True;0;84100000;nivel;Epagri;;;2;False;diaria;dea0d5f08b8c0f64_diario_derivado;;interna;horaria_agregada;media
2018-01-31;175.70833333333334;24;True;0;84100000;nivel;Epagri;;;2;False;diaria;dea0d5f08b8c0f64_diario_derivado;;interna;horaria_agregada;media
2018-02-01;175.16666666666666;24;True;0;84100000;nivel;Epagri;;;2;False;diaria;dea0d5f08b8c0f64_diario_derivado;;interna;horaria_agregada;media
2018-02-02;173.91666666666666;24;True;0;84100000;nivel;Epagri;;;2;False;diaria;dea0d5f08b8c0f64_diario_derivado;;interna;horaria_agregada;media
2018-02-03;172.625;24;True;0;84100000;nivel;Epagri;;;2;False;diaria;dea0d5f08b8c0f64_diario_derivado;;interna;horaria_agregada;media
2018-02-04;172.25;24;True;0;84100000;nivel;Epagri;;;2;False;diaria;dea0d5f08b8c0f64_diario_derivado;;interna;horaria_agregada;media
2018-02-05;171.91666666666666;24;True;0;84100000;nivel;Epagri;;;2;False;diaria;dea0d5f08b8c0f64_diario_derivado;;interna;horaria_agregada;media
2018-02-06;171.29166666666666;24;True;0;84100000;nivel;Epagri;;;2;False;diaria;dea0d5f08b8c0f64_diario_derivado;;interna;horaria_agregada;media
2018-02-07;170.66666666666666;24;True;0;84100000;nivel;Epagri;;;2;False;diaria;dea0d5f08b8c0f64_diario_derivado;;interna;horaria_agregada;media
2018-02-08;172.83333333333334;24;True;0;84100000;nivel;Epagri;;;2;False;diaria;dea0d5f08b8c0f64_diario_derivado;;interna;horaria_agregada;media
2018-02-09;172.91666666666666;24;True;0;84100000;nivel;Epagri;;;2;False;diaria;dea0d5f08b8c0f64_diario_derivado;;interna;horaria_agregada;media
2018-02-10;172.91666666666666;24;True;0;84100000;nivel;Epagri;;;2;False;diaria;dea0d5f08b8c0f64_diario_derivado;;interna;horaria_agregada;media
2018-02-11;222.58333333333334;24;True;0;84100000;nivel;Epagri;;;2;False;diaria;dea0d5f08b8c0f64_diario_derivado;;interna;horaria_agregada;media
2018-02-12;216.58333333333334;24;True;0;84100000;nivel;Epagri;;;2;False;diaria;dea0d5f08b8c0f64_diario_derivado;;interna;horaria_agregada;media
2018-02-13;182.20833333333334;24;True;0;84100000;nivel;Epagri;;;2;False;diaria;dea0d5f08b8c0f64_diario_derivado;;interna;horaria_agregada;media
2018-02-14;176.66666666666666;24;True;0;84100000;nivel;Epagri;;;2;False;diaria;dea0d5f08b8c0f64_diario_derivado;;interna;horaria_agregada;media
2018-02-15;174.29166666666666;24;True;0;84100000;nivel;Epagri;;;2;False;diaria;dea0d5f08b8c0f64_diario_derivado;;interna;horaria_agregada;media
2018-02-16;173.91666666666666;24;True;0;84100000;nivel;Epagri;;;2;False;diaria;dea0d5f08b8c0f64_diario_derivado;;interna;horaria_agregada;media
2018-02-17;172.58333333333334;24;True;0;84100000;nivel;Epagri;;;2;False;diaria;dea0d5f08b8c0f64_diario_derivado;;interna;horaria_agregada;media
2018-02-18;171.83333333333334;24;True;0;84100000;nivel;Epagri;;;2;False;diaria;dea0d5f08b8c0f64_diario_derivado;;interna;horaria_agregada;media
2018-02-19;175.625;24;True;0;84100000;nivel;Epagri;;;2;False;diaria;dea0d5f08b8c0f64_diario_derivado;;interna;horaria_agregada;media
2018-02-20;181.33333333333334;24;True;0;84100000;nivel;Epagri;;;2;False;diaria;dea0d5f08b8c0f64_diario_derivado;;interna;horaria_agregada;media
2018-02-21;175.375;24;True;0;84100000;nivel;Epagri;;;2;False;diaria;dea0d5f08b8c0f64_diario_derivado;;interna;horaria_agregada;media
2018-02-22;183.08333333333334;24;True;0;84100000;nivel;Epagri;;;2;False;diaria;dea0d5f08b8c0f64_diario_derivado;;interna;horaria_agregada;media
2018-02-23;182.5;24;True;0;84100000;nivel;Epagri;;;2;False;diaria;dea0d5f08b8c0f64_diario_derivado;;interna;horaria_agregada;media
2018-02-24;172.95833333333334;24;True;0;84100000;nivel;Epagri;;;2;False;diaria;dea0d5f08b8c0f64_diario_derivado;;interna;horaria_agregada;media
2018-02-25;172.29166666666666;24;True;0;84100000;nivel;Epagri;;;2;False;diaria;dea0d5f08b8c0f64_diario_derivado;;interna;horaria_agregada;media
2018-02-26;179.5;24;True;0;84100000;nivel;Epagri;;;2;False;diaria;dea0d5f08b8c0f64_diario_derivado;;interna;horaria_agregada;media
2018-02-27;209.25;24;True;0;84100000;nivel;Epagri;;;2;False;diaria;dea0d5f08b8c0f64_diario_derivado;;interna;horaria_agregada;media
2018-02-28;199.125;24;True;0;84100000;nivel;Epagri;;;2;False;diaria;dea0d5f08b8c0f64_diario_derivado;;interna;horaria_agregada;media
2018-03-01;197.625;24;True;0;84100000;nivel;Epagri;;;2;False;diaria;dea0d5f08b8c0f64_diario_derivado;;interna;horaria_agregada;media
2018-03-02;243.625;24;True;0;84100000;nivel;Epagri;;;2;False;diaria;dea0d5f08b8c0f64_diario_derivado;;interna;horaria_agregada;media
2018-03-03;189.25;24;True;0;84100000;nivel;Epagri;;;2;False;diaria;dea0d5f08b8c0f64_diario_derivado;;interna;horaria_agregada;media
2018-03-04;184.45833333333334;24;True;0;84100000;nivel;Epagri;;;2;False;diaria;dea0d5f08b8c0f64_diario_derivado;;interna;horaria_agregada;media
2018-03-05;204.375;24;True;0;84100000;nivel;Epagri;;;2;False;diaria;dea0d5f08b8c0f64_diario_derivado;;interna;horaria_agregada;media
2018-03-06;191.625;24;True;0;84100000;nivel;Epagri;;;2;False;diaria;dea0d5f08b8c0f64_diario_derivado;;interna;horaria_agregada;media
2018-03-07;186.75;24;True;0;84100000;nivel;Epagri;;;2;False;diaria;dea0d5f08b8c0f64_diario_derivado;;interna;horaria_agregada;media
2018-03-08;;23;False;0;84100000;nivel;Epagri;;;2;False;diaria;dea0d5f08b8c0f64_diario_derivado;;interna;horaria_agregada;media
2018-03-09;177.125;24;True;0;84100000;nivel;Epagri;;;2;False;diaria;dea0d5f08b8c0f64_diario_derivado;;interna;horaria_agregada;media
2018-03-10;;23;False;0;84100000;nivel;Epagri;;;2;False;diaria;dea0d5f08b8c0f64_diario_derivado;;interna;horaria_agregada;media
2018-03-11;182.29166666666666;24;True;0;84100000;nivel;Epagri;;;2;False;diaria;dea0d5f08b8c0f64_diario_derivado;;interna;horaria_agregada;media
2018-03-12;;23;False;0;84100000;nivel;Epagri;;;2;False;diaria;dea0d5f08b8c0f64_diario_derivado;;interna;horaria_agregada;media
2018-03-13;176.04166666666666;24;True;0;84100000;nivel;Epagri;;;2;False;diaria;dea0d5f08b8c0f64_diario_derivado;;interna;horaria_agregada;media
2018-03-14;174.70833333333334;24;True;0;84100000;nivel;Epagri;;;2;False;diaria;dea0d5f08b8c0f64_diario_derivado;;interna;horaria_agregada;media
2018-03-15;174.41666666666666;24;True;0;84100000;nivel;Epagri;;;2;False;diaria;dea0d5f08b8c0f64_diario_derivado;;interna;horaria_agregada;media
2018-03-16;173.04166666666666;24;True;0;84100000;nivel;Epagri;;;2;False;diaria;dea0d5f08b8c0f64_diario_derivado;;interna;horaria_agregada;media
2018-03-17;172.375;24;True;0;84100000;nivel;Epagri;;;2;False;diaria;dea0d5f08b8c0f64_diario_derivado;;interna;horaria_agregada;media
2018-03-18;172.04166666666666;24;True;0;84100000;nivel;Epagri;;;2;False;diaria;dea0d5f08b8c0f64_diario_derivado;;interna;horaria_agregada;media
2018-03-19;172.375;24;True;0;84100000;nivel;Epagri;;;2;False;diaria;dea0d5f08b8c0f64_diario_derivado;;interna;horaria_agregada;media
2018-03-20;;23;False;0;84100000;nivel;Epagri;;;2;False;diaria;dea0d5f08b8c0f64_diario_derivado;;interna;horaria_agregada;media
2018-03-21;180.45833333333334;24;True;0;84100000;nivel;Epagri;;;2;False;diaria;dea0d5f08b8c0f64_diario_derivado;;interna;horaria_agregada;media
2018-03-22;171.70833333333334;24;True;0;84100000;nivel;Epagri;;;2;False;diaria;dea0d5f08b8c0f64_diario_derivado;;interna;horaria_agregada;media
2018-03-23;171.0;24;True;0;84100000;nivel;Epagri;;;2;False;diaria;dea0d5f08b8c0f64_diario_derivado;;interna;horaria_agregada;media
2018-03-24;171.95833333333334;24;True;0;84100000;nivel;Epagri;;;2;False;diaria;dea0d5f08b8c0f64_diario_derivado;;interna;horaria_agregada;media
2018-03-25;186.5;24;True;0;84100000;nivel;Epagri;;;2;False;diaria;dea0d5f08b8c0f64_diario_derivado;;interna;horaria_agregada;media
2018-03-26;176.91666666666666;24;True;0;84100000;nivel;Epagri;;;2;False;diaria;dea0d5f08b8c0f64_diario_derivado;;interna;horaria_agregada;media
2018-03-27;206.41666666666666;24;True;0;84100000;nivel;Epagri;;;2;False;diaria;dea0d5f08b8c0f64_diario_derivado;;interna;horaria_agregada;media
2018-03-28;214.125;24;True;0;84100000;nivel;Epagri;;;2;False;diaria;dea0d5f08b8c0f64_diario_derivado;;interna;horaria_agregada;media
2018-03-29;272.4166666666667;24;True;0;84100000;nivel;Epagri;;;2;False;diaria;dea0d5f08b8c0f64_diario_derivado;;interna;horaria_agregada;media
2018-03-30;284.25;24;True;0;84100000;nivel;Epagri;;;2;False;diaria;dea0d5f08b8c0f64_diario_derivado;;interna;horaria_agregada;media
2018-03-31;249.5;24;True;0;84100000;nivel;Epagri;;;2;False;diaria;dea0d5f08b8c0f64_diario_derivado;;interna;horaria_agregada;media
2018-04-01;227.33333333333334;24;True;0;84100000;nivel;Epagri;;;2;False;diaria;dea0d5f08b8c0f64_diario_derivado;;interna;horaria_agregada;media
2018-04-02;201.875;24;True;0;84100000;nivel;Epagri;;;2;False;diaria;dea0d5f08b8c0f64_diario_derivado;;interna;horaria_agregada;media
2018-04-03;192.45833333333334;24;True;0;84100000;nivel;Epagri;;;2;False;diaria;dea0d5f08b8c0f64_diario_derivado;;interna;horaria_agregada;media
2018-04-04;193.125;24;True;0;84100000;nivel;Epagri;;;2;False;diaria;dea0d5f08b8c0f64_diario_derivado;;interna;horaria_agregada;media
2018-04-05;211.79166666666666;24;True;0;84100000;nivel;Epagri;;;2;False;diaria;dea0d5f08b8c0f64_diario_derivado;;interna;horaria_agregada;media
2018-04-06;199.0;24;True;0;84100000;nivel;Epagri;;;2;False;diaria;dea0d5f08b8c0f64_diario_derivado;;interna;horaria_agregada;media
2018-04-07;187.79166666666666;24;True;0;84100000;nivel;Epagri;;;2;False;diaria;dea0d5f08b8c0f64_diario_derivado;;interna;horaria_agregada;media
2018-04-08;184.66666666666666;24;True;0;84100000;nivel;Epagri;;;2;False;diaria;dea0d5f08b8c0f64_diario_derivado;;interna;horaria_agregada;media
2018-04-09;182.45833333333334;24;True;0;84100000;nivel;Epagri;;;2;False;diaria;dea0d5f08b8c0f64_diario_derivado;;interna;horaria_agregada;media
2018-04-10;188.04166666666666;24;True;0;84100000;nivel;Epagri;;;2;False;diaria;dea0d5f08b8c0f64_diario_derivado;;interna;horaria_agregada;media
2018-04-11;181.41666666666666;24;True;0;84100000;nivel;Epagri;;;2;False;diaria;dea0d5f08b8c0f64_diario_derivado;;interna;horaria_agregada;media
2018-04-12;179.54166666666666;24;True;0;84100000;nivel;Epagri;;;2;False;diaria;dea0d5f08b8c0f64_diario_derivado;;interna;horaria_agregada;media
2018-04-13;178.41666666666666;24;True;0;84100000;nivel;Epagri;;;2;False;diaria;dea0d5f08b8c0f64_diario_derivado;;interna;horaria_agregada;media
2018-04-14;177.66666666666666;24;True;0;84100000;nivel;Epagri;;;2;False;diaria;dea0d5f08b8c0f64_diario_derivado;;interna;horaria_agregada;media
2018-04-15;177.33333333333334;24;True;0;84100000;nivel;Epagri;;;2;False;diaria;dea0d5f08b8c0f64_diario_derivado;;interna;horaria_agregada;media
2018-04-16;177.58333333333334;24;True;0;84100000;nivel;Epagri;;;2;False;diaria;dea0d5f08b8c0f64_diario_derivado;;interna;horaria_agregada;media
2018-04-17;178.04166666666666;24;True;0;84100000;nivel;Epagri;;;2;False;diaria;dea0d5f08b8c0f64_diario_derivado;;interna;horaria_agregada;media
2018-04-18;177.625;24;True;0;84100000;nivel;Epagri;;;2;False;diaria;dea0d5f08b8c0f64_diario_derivado;;interna;horaria_agregada;media
2018-04-19;175.91666666666666;24;True;0;84100000;nivel;Epagri;;;2;False;diaria;dea0d5f08b8c0f64_diario_derivado;;interna;horaria_agregada;media
2018-04-20;174.91666666666666;24;True;0;84100000;nivel;Epagri;;;2;False;diaria;dea0d5f08b8c0f64_diario_derivado;;interna;horaria_agregada;media
2018-04-21;173.95833333333334;24;True;0;84100000;nivel;Epagri;;;2;False;diaria;dea0d5f08b8c0f64_diario_derivado;;interna;horaria_agregada;media
2018-04-22;174.20833333333334;24;True;0;84100000;nivel;Epagri;;;2;False;diaria;dea0d5f08b8c0f64_diario_derivado;;interna;horaria_agregada;media
2018-04-23;173.375;24;True;0;84100000;nivel;Epagri;;;2;False;diaria;dea0d5f08b8c0f64_diario_derivado;;interna;horaria_agregada;media
2018-04-24;172.79166666666666;24;True;0;84100000;nivel;Epagri;;;2;False;diaria;dea0d5f08b8c0f64_diario_derivado;;interna;horaria_agregada;media
2018-04-25;172.5;24;True;0;84100000;nivel;Epagri;;;2;False;diaria;dea0d5f08b8c0f64_diario_derivado;;interna;horaria_agregada;media
2018-04-26;172.125;24;True;0;84100000;nivel;Epagri;;;2;False;diaria;dea0d5f08b8c0f64_diario_derivado;;interna;horaria_agregada;media
2018-04-27;171.91666666666666;24;True;0;84100000;nivel;Epagri;;;2;False;diaria;dea0d5f08b8c0f64_diario_derivado;;interna;horaria_agregada;media
2018-04-28;171.70833333333334;24;True;0;84100000;nivel;Epagri;;;2;False;diaria;dea0d5f08b8c0f64_diario_derivado;;interna;horaria_agregada;media
2018-04-29;171.125;24;True;0;84100000;nivel;Epagri;;;2;False;diaria;dea0d5f08b8c0f64_diario_derivado;;interna;horaria_agregada;media
2018-04-30;173.04166666666666;24;True;0;84100000;nivel;Epagri;;;2;False;diaria;dea0d5f08b8c0f64_diario_derivado;;interna;horaria_agregada;media
2018-05-01;176.04166666666666;24;True;0;84100000;nivel;Epagri;;;2;False;diaria;dea0d5f08b8c0f64_diario_derivado;;interna;horaria_agregada;media
2018-05-02;173.29166666666666;24;True;0;84100000;nivel;Epagri;;;2;False;diaria;dea0d5f08b8c0f64_diario_derivado;;interna;horaria_agregada;media
2018-05-03;176.20833333333334;24;True;0;84100000;nivel;Epagri;;;2;False;diaria;dea0d5f08b8c0f64_diario_derivado;;interna;horaria_agregada;media
2018-05-04;173.875;24;True;0;84100000;nivel;Epagri;;;2;False;diaria;dea0d5f08b8c0f64_diario_derivado;;interna;horaria_agregada;media
2018-05-05;179.375;24;True;0;84100000;nivel;Epagri;;;2;False;diaria;dea0d5f08b8c0f64_diario_derivado;;interna;horaria_agregada;media
2018-05-06;184.58333333333334;24;True;0;84100000;nivel;Epagri;;;2;False;diaria;dea0d5f08b8c0f64_diario_derivado;;interna;horaria_agregada;media
2018-05-07;179.375;24;True;0;84100000;nivel;Epagri;;;2;False;diaria;dea0d5f08b8c0f64_diario_derivado;;interna;horaria_agregada;media
2018-05-08;173.375;24;True;0;84100000;nivel;Epagri;;;2;False;diaria;dea0d5f08b8c0f64_diario_derivado;;interna;horaria_agregada;media
2018-05-09;173.70833333333334;24;True;0;84100000;nivel;Epagri;;;2;False;diaria;dea0d5f08b8c0f64_diario_derivado;;interna;horaria_agregada;media
2018-05-10;175.20833333333334;24;True;0;84100000;nivel;Epagri;;;2;False;diaria;dea0d5f08b8c0f64_diario_derivado;;interna;horaria_agregada;media
2018-05-11;171.83333333333334;24;True;0;84100000;nivel;Epagri;;;2;False;diaria;dea0d5f08b8c0f64_diario_derivado;;interna;horaria_agregada;media
2018-05-12;170.58333333333334;24;True;0;84100000;nivel;Epagri;;;2;False;diaria;dea0d5f08b8c0f64_diario_derivado;;interna;horaria_agregada;media
2018-05-13;169.33333333333334;24;True;0;84100000;nivel;Epagri;;;2;False;diaria;dea0d5f08b8c0f64_diario_derivado;;interna;horaria_agregada;media
2018-05-14;169.16666666666666;24;True;0;84100000;nivel;Epagri;;;2;False;diaria;dea0d5f08b8c0f64_diario_derivado;;interna;horaria_agregada;media
2018-05-15;169.625;24;True;0;84100000;nivel;Epagri;;;2;False;diaria;dea0d5f08b8c0f64_diario_derivado;;interna;horaria_agregada;media
2018-05-16;170.83333333333334;24;True;0;84100000;nivel;Epagri;;;2;False;diaria;dea0d5f08b8c0f64_diario_derivado;;interna;horaria_agregada;media
2018-05-17;168.58333333333334;24;True;0;84100000;nivel;Epagri;;;2;False;diaria;dea0d5f08b8c0f64_diario_derivado;;interna;horaria_agregada;media
2018-05-18;168.79166666666666;24;True;0;84100000;nivel;Epagri;;;2;False;diaria;dea0d5f08b8c0f64_diario_derivado;;interna;horaria_agregada;media
2018-05-19;201.83333333333334;24;True;0;84100000;nivel;Epagri;;;2;False;diaria;dea0d5f08b8c0f64_diario_derivado;;interna;horaria_agregada;media
2018-05-20;177.41666666666666;24;True;0;84100000;nivel;Epagri;;;2;False;diaria;dea0d5f08b8c0f64_diario_derivado;;interna;horaria_agregada;media
2018-05-21;171.375;24;True;0;84100000;nivel;Epagri;;;2;False;diaria;dea0d5f08b8c0f64_diario_derivado;;interna;horaria_agregada;media
2018-05-22;169.45833333333334;24;True;0;84100000;nivel;Epagri;;;2;False;diaria;dea0d5f08b8c0f64_diario_derivado;;interna;horaria_agregada;media
2018-05-23;168.66666666666666;24;True;0;84100000;nivel;Epagri;;;2;False;diaria;dea0d5f08b8c0f64_diario_derivado;;interna;horaria_agregada;media
2018-05-24;167.79166666666666;24;True;0;84100000;nivel;Epagri;;;2;False;diaria;dea0d5f08b8c0f64_diario_derivado;;interna;horaria_agregada;media
2018-05-25;167.83333333333334;24;True;0;84100000;nivel;Epagri;;;2;False;diaria;dea0d5f08b8c0f64_diario_derivado;;interna;horaria_agregada;media
2018-05-26;168.16666666666666;24;True;0;84100000;nivel;Epagri;;;2;False;diaria;dea0d5f08b8c0f64_diario_derivado;;interna;horaria_agregada;media
2018-05-27;168.0;24;True;0;84100000;nivel;Epagri;;;2;False;diaria;dea0d5f08b8c0f64_diario_derivado;;interna;horaria_agregada;media
2018-05-28;167.58333333333334;24;True;0;84100000;nivel;Epagri;;;2;False;diaria;dea0d5f08b8c0f64_diario_derivado;;interna;horaria_agregada;media
2018-05-29;167.41666666666666;24;True;0;84100000;nivel;Epagri;;;2;False;diaria;dea0d5f08b8c0f64_diario_derivado;;interna;horaria_agregada;media
2018-05-30;167.66666666666666;24;True;0;84100000;nivel;Epagri;;;2;False;diaria;dea0d5f08b8c0f64_diario_derivado;;interna;horaria_agregada;media
2018-05-31;167.25;24;True;0;84100000;nivel;Epagri;;;2;False;diaria;dea0d5f08b8c0f64_diario_derivado;;interna;horaria_agregada;media
2018-06-01;166.70833333333334;24;True;0;84100000;nivel;Epagri;;;2;False;diaria;dea0d5f08b8c0f64_diario_derivado;;interna;horaria_agregada;media
2018-06-02;166.625;24;True;0;84100000;nivel;Epagri;;;2;False;diaria;dea0d5f08b8c0f64_diario_derivado;;interna;horaria_agregada;media
2018-06-03;167.375;24;True;0;84100000;nivel;Epagri;;;2;False;diaria;dea0d5f08b8c0f64_diario_derivado;;interna;horaria_agregada;media
2018-06-04;165.625;24;True;0;84100000;nivel;Epagri;;;2;False;diaria;dea0d5f08b8c0f64_diario_derivado;;interna;horaria_agregada;media
2018-06-05;167.625;24;True;0;84100000;nivel;Epagri;;;2;False;diaria;dea0d5f08b8c0f64_diario_derivado;;interna;horaria_agregada;media
2018-06-06;169.91666666666666;24;True;0;84100000;nivel;Epagri;;;2;False;diaria;dea0d5f08b8c0f64_diario_derivado;;interna;horaria_agregada;media
2018-06-07;166.29166666666666;24;True;0;84100000;nivel;Epagri;;;2;False;diaria;dea0d5f08b8c0f64_diario_derivado;;interna;horaria_agregada;media
2018-06-08;165.20833333333334;24;True;0;84100000;nivel;Epagri;;;2;False;diaria;dea0d5f08b8c0f64_diario_derivado;;interna;horaria_agregada;media
2018-06-09;164.75;24;True;0;84100000;nivel;Epagri;;;2;False;diaria;dea0d5f08b8c0f64_diario_derivado;;interna;horaria_agregada;media
2018-06-10;164.83333333333334;24;True;0;84100000;nivel;Epagri;;;2;False;diaria;dea0d5f08b8c0f64_diario_derivado;;interna;horaria_agregada;media
2018-06-11;165.66666666666666;24;True;0;84100000;nivel;Epagri;;;2;False;diaria;dea0d5f08b8c0f64_diario_derivado;;interna;horaria_agregada;media
2018-06-12;205.58333333333334;24;True;0;84100000;nivel;Epagri;;;2;False;diaria;dea0d5f08b8c0f64_diario_derivado;;interna;horaria_agregada;media
2018-06-13;196.91666666666666;24;True;0;84100000;nivel;Epagri;;;2;False;diaria;dea0d5f08b8c0f64_diario_derivado;;interna;horaria_agregada;media
2018-06-14;171.29166666666666;24;True;0;84100000;nivel;Epagri;;;2;False;diaria;dea0d5f08b8c0f64_diario_derivado;;interna;horaria_agregada;media
2018-06-15;168.125;24;True;0;84100000;nivel;Epagri;;;2;False;diaria;dea0d5f08b8c0f64_diario_derivado;;interna;horaria_agregada;media
2018-06-16;167.0;24;True;0;84100000;nivel;Epagri;;;2;False;diaria;dea0d5f08b8c0f64_diario_derivado;;interna;horaria_agregada;media
2018-06-17;166.625;24;True;0;84100000;nivel;Epagri;;;2;False;diaria;dea0d5f08b8c0f64_diario_derivado;;interna;horaria_agregada;media
2018-06-18;167.08333333333334;24;True;0;84100000;nivel;Epagri;;;2;False;diaria;dea0d5f08b8c0f64_diario_derivado;;interna;horaria_agregada;media
2018-06-19;166.66666666666666;24;True;0;84100000;nivel;Epagri;;;2;False;diaria;dea0d5f08b8c0f64_diario_derivado;;interna;horaria_agregada;media
2018-06-20;166.16666666666666;24;True;0;84100000;nivel;Epagri;;;2;False;diaria;dea0d5f08b8c0f64_diario_derivado;;interna;horaria_agregada;media
2018-06-21;165.70833333333334;24;True;0;84100000;nivel;Epagri;;;2;False;diaria;dea0d5f08b8c0f64_diario_derivado;;interna;horaria_agregada;media
2018-06-22;165.04166666666666;24;True;0;84100000;nivel;Epagri;;;2;False;diaria;dea0d5f08b8c0f64_diario_derivado;;interna;horaria_agregada;media
2018-06-23;165.33333333333334;24;True;0;84100000;nivel;Epagri;;;2;False;diaria;dea0d5f08b8c0f64_diario_derivado;;interna;horaria_agregada;media
2018-06-24;164.875;24;True;0;84100000;nivel;Epagri;;;2;False;diaria;dea0d5f08b8c0f64_diario_derivado;;interna;horaria_agregada;media
2018-06-25;167.04166666666666;24;True;0;84100000;nivel;Epagri;;;2;False;diaria;dea0d5f08b8c0f64_diario_derivado;;interna;horaria_agregada;media
2018-06-26;167.29166666666666;24;True;0;84100000;nivel;Epagri;;;2;False;diaria;dea0d5f08b8c0f64_diario_derivado;;interna;horaria_agregada;media
2018-06-27;167.04166666666666;24;True;0;84100000;nivel;Epagri;;;2;False;diaria;dea0d5f08b8c0f64_diario_derivado;;interna;horaria_agregada;media
2018-06-28;166.04166666666666;24;True;0;84100000;nivel;Epagri;;;2;False;diaria;dea0d5f08b8c0f64_diario_derivado;;interna;horaria_agregada;media
2018-06-29;165.45833333333334;24;True;0;84100000;nivel;Epagri;;;2;False;diaria;dea0d5f08b8c0f64_diario_derivado;;interna;horaria_agregada;media
2018-06-30;169.79166666666666;24;True;0;84100000;nivel;Epagri;;;2;False;diaria;dea0d5f08b8c0f64_diario_derivado;;interna;horaria_agregada;media
2018-07-01;167.08333333333334;24;True;0;84100000;nivel;Epagri;;;2;False;diaria;dea0d5f08b8c0f64_diario_derivado;;interna;horaria_agregada;media
2018-07-02;165.16666666666666;24;True;0;84100000;nivel;Epagri;;;2;False;diaria;dea0d5f08b8c0f64_diario_derivado;;interna;horaria_agregada;media
2018-07-03;164.41666666666666;24;True;0;84100000;nivel;Epagri;;;2;False;diaria;dea0d5f08b8c0f64_diario_derivado;;interna;horaria_agregada;media
2018-07-04;188.5;24;True;0;84100000;nivel;Epagri;;;2;False;diaria;dea0d5f08b8c0f64_diario_derivado;;interna;horaria_agregada;media
2018-07-05;180.04166666666666;24;True;0;84100000;nivel;Epagri;;;2;False;diaria;dea0d5f08b8c0f64_diario_derivado;;interna;horaria_agregada;media
2018-07-06;;23;False;0;84100000;nivel;Epagri;;;2;False;diaria;dea0d5f08b8c0f64_diario_derivado;;interna;horaria_agregada;media
2018-07-07;167.79166666666666;24;True;0;84100000;nivel;Epagri;;;2;False;diaria;dea0d5f08b8c0f64_diario_derivado;;interna;horaria_agregada;media
2018-07-08;166.33333333333334;24;True;0;84100000;nivel;Epagri;;;2;False;diaria;dea0d5f08b8c0f64_diario_derivado;;interna;horaria_agregada;media
2018-07-09;165.0;24;True;0;84100000;nivel;Epagri;;;2;False;diaria;dea0d5f08b8c0f64_diario_derivado;;interna;horaria_agregada;media
2018-07-10;163.66666666666666;24;True;0;84100000;nivel;Epagri;;;2;False;diaria;dea0d5f08b8c0f64_diario_derivado;;interna;horaria_agregada;media
2018-07-11;163.0;24;True;0;84100000;nivel;Epagri;;;2;False;diaria;dea0d5f08b8c0f64_diario_derivado;;interna;horaria_agregada;media
2018-07-12;162.70833333333334;24;True;0;84100000;nivel;Epagri;;;2;False;diaria;dea0d5f08b8c0f64_diario_derivado;;interna;horaria_agregada;media
2018-07-13;162.41666666666666;24;True;0;84100000;nivel;Epagri;;;2;False;diaria;dea0d5f08b8c0f64_diario_derivado;;interna;horaria_agregada;media
2018-07-14;162.75;24;True;0;84100000;nivel;Epagri;;;2;False;diaria;dea0d5f08b8c0f64_diario_derivado;;interna;horaria_agregada;media
2018-07-15;163.04166666666666;24;True;0;84100000;nivel;Epagri;;;2;False;diaria;dea0d5f08b8c0f64_diario_derivado;;interna;horaria_agregada;media
2018-07-16;163.79166666666666;24;True;0;84100000;nivel;Epagri;;;2;False;diaria;dea0d5f08b8c0f64_diario_derivado;;interna;horaria_agregada;media
2018-07-17;186.20833333333334;24;True;0;84100000;nivel;Epagri;;;2;False;diaria;dea0d5f08b8c0f64_diario_derivado;;interna;horaria_agregada;media
2018-07-18;168.08333333333334;24;True;0;84100000;nivel;Epagri;;;2;False;diaria;dea0d5f08b8c0f64_diario_derivado;;interna;horaria_agregada;media
2018-07-19;164.79166666666666;24;True;0;84100000;nivel;Epagri;;;2;False;diaria;dea0d5f08b8c0f64_diario_derivado;;interna;horaria_agregada;media
2018-07-20;163.875;24;True;0;84100000;nivel;Epagri;;;2;False;diaria;dea0d5f08b8c0f64_diario_derivado;;interna;horaria_agregada;media
2018-07-21;162.70833333333334;24;True;0;84100000;nivel;Epagri;;;2;False;diaria;dea0d5f08b8c0f64_diario_derivado;;interna;horaria_agregada;media
2018-07-22;161.95833333333334;24;True;0;84100000;nivel;Epagri;;;2;False;diaria;dea0d5f08b8c0f64_diario_derivado;;interna;horaria_agregada;media
2018-07-23;162.54166666666666;24;True;0;84100000;nivel;Epagri;;;2;False;diaria;dea0d5f08b8c0f64_diario_derivado;;interna;horaria_agregada;media
2018-07-24;162.0;24;True;0;84100000;nivel;Epagri;;;2;False;diaria;dea0d5f08b8c0f64_diario_derivado;;interna;horaria_agregada;media
2018-07-25;176.91666666666666;24;True;0;84100000;nivel;Epagri;;;2;False;diaria;dea0d5f08b8c0f64_diario_derivado;;interna;horaria_agregada;media
2018-07-26;179.04166666666666;24;True;0;84100000;nivel;Epagri;;;2;False;diaria;dea0d5f08b8c0f64_diario_derivado;;interna;horaria_agregada;media
2018-07-27;166.79166666666666;24;True;0;84100000;nivel;Epagri;;;2;False;diaria;dea0d5f08b8c0f64_diario_derivado;;interna;horaria_agregada;media
2018-07-28;164.83333333333334;24;True;0;84100000;nivel;Epagri;;;2;False;diaria;dea0d5f08b8c0f64_diario_derivado;;interna;horaria_agregada;media
2018-07-29;164.125;24;True;0;84100000;nivel;Epagri;;;2;False;diaria;dea0d5f08b8c0f64_diario_derivado;;interna;horaria_agregada;media
2018-07-30;162.79166666666666;24;True;0;84100000;nivel;Epagri;;;2;False;diaria;dea0d5f08b8c0f64_diario_derivado;;interna;horaria_agregada;media
2018-07-31;161.95833333333334;24;True;0;84100000;nivel;Epagri;;;2;False;diaria;dea0d5f08b8c0f64_diario_derivado;;interna;horaria_agregada;media
2018-08-01;161.29166666666666;24;True;0;84100000;nivel;Epagri;;;2;False;diaria;dea0d5f08b8c0f64_diario_derivado;;interna;horaria_agregada;media
2018-08-02;161.45833333333334;24;True;0;84100000;nivel;Epagri;;;2;False;diaria;dea0d5f08b8c0f64_diario_derivado;;interna;horaria_agregada;media
2018-08-03;176.25;24;True;0;84100000;nivel;Epagri;;;2;False;diaria;dea0d5f08b8c0f64_diario_derivado;;interna;horaria_agregada;media
2018-08-04;172.54166666666666;24;True;0;84100000;nivel;Epagri;;;2;False;diaria;dea0d5f08b8c0f64_diario_derivado;;interna;horaria_agregada;media
2018-08-05;164.91666666666666;24;True;0;84100000;nivel;Epagri;;;2;False;diaria;dea0d5f08b8c0f64_diario_derivado;;interna;horaria_agregada;media
2018-08-06;162.79166666666666;24;True;0;84100000;nivel;Epagri;;;2;False;diaria;dea0d5f08b8c0f64_diario_derivado;;interna;horaria_agregada;media
2018-08-07;162.0;24;True;0;84100000;nivel;Epagri;;;2;False;diaria;dea0d5f08b8c0f64_diario_derivado;;interna;horaria_agregada;media
2018-08-08;161.95833333333334;24;True;0;84100000;nivel;Epagri;;;2;False;diaria;dea0d5f08b8c0f64_diario_derivado;;interna;horaria_agregada;media
2018-08-09;162.625;24;True;0;84100000;nivel;Epagri;;;2;False;diaria;dea0d5f08b8c0f64_diario_derivado;;interna;horaria_agregada;media
2018-08-10;160.66666666666666;24;True;0;84100000;nivel;Epagri;;;2;False;diaria;dea0d5f08b8c0f64_diario_derivado;;interna;horaria_agregada;media
2018-08-11;160.375;24;True;0;84100000;nivel;Epagri;;;2;False;diaria;dea0d5f08b8c0f64_diario_derivado;;interna;horaria_agregada;media
2018-08-12;160.25;24;True;0;84100000;nivel;Epagri;;;2;False;diaria;dea0d5f08b8c0f64_diario_derivado;;interna;horaria_agregada;media
2018-08-13;160.5;24;True;0;84100000;nivel;Epagri;;;2;False;diaria;dea0d5f08b8c0f64_diario_derivado;;interna;horaria_agregada;media
2018-08-14;160.16666666666666;24;True;0;84100000;nivel;Epagri;;;2;False;diaria;dea0d5f08b8c0f64_diario_derivado;;interna;horaria_agregada;media
2018-08-15;159.79166666666666;24;True;0;84100000;nivel;Epagri;;;2;False;diaria;dea0d5f08b8c0f64_diario_derivado;;interna;horaria_agregada;media
2018-08-16;159.875;24;True;0;84100000;nivel;Epagri;;;2;False;diaria;dea0d5f08b8c0f64_diario_derivado;;interna;horaria_agregada;media
2018-08-17;159.70833333333334;24;True;0;84100000;nivel;Epagri;;;2;False;diaria;dea0d5f08b8c0f64_diario_derivado;;interna;horaria_agregada;media
2018-08-18;159.70833333333334;24;True;0;84100000;nivel;Epagri;;;2;False;diaria;dea0d5f08b8c0f64_diario_derivado;;interna;horaria_agregada;media
2018-08-19;159.95833333333334;24;True;0;84100000;nivel;Epagri;;;2;False;diaria;dea0d5f08b8c0f64_diario_derivado;;interna;horaria_agregada;media
2018-08-20;159.375;24;True;0;84100000;nivel;Epagri;;;2;False;diaria;dea0d5f08b8c0f64_diario_derivado;;interna;horaria_agregada;media
2018-08-21;169.33333333333334;24;True;0;84100000;nivel;Epagri;;;2;False;diaria;dea0d5f08b8c0f64_diario_derivado;;interna;horaria_agregada;media
2018-08-22;197.58333333333334;24;True;0;84100000;nivel;Epagri;;;2;False;diaria;dea0d5f08b8c0f64_diario_derivado;;interna;horaria_agregada;media
2018-08-23;176.25;24;True;0;84100000;nivel;Epagri;;;2;False;diaria;dea0d5f08b8c0f64_diario_derivado;;interna;horaria_agregada;media
2018-08-24;168.75;24;True;0;84100000;nivel;Epagri;;;2;False;diaria;dea0d5f08b8c0f64_diario_derivado;;interna;horaria_agregada;media
2018-08-25;183.08333333333334;24;True;0;84100000;nivel;Epagri;;;2;False;diaria;dea0d5f08b8c0f64_diario_derivado;;interna;horaria_agregada;media
2018-08-26;167.125;24;True;0;84100000;nivel;Epagri;;;2;False;diaria;dea0d5f08b8c0f64_diario_derivado;;interna;horaria_agregada;media
2018-08-27;163.5;24;True;0;84100000;nivel;Epagri;;;2;False;diaria;dea0d5f08b8c0f64_diario_derivado;;interna;horaria_agregada;media
2018-08-28;162.83333333333334;24;True;0;84100000;nivel;Epagri;;;2;False;diaria;dea0d5f08b8c0f64_diario_derivado;;interna;horaria_agregada;media
2018-08-29;162.58333333333334;24;True;0;84100000;nivel;Epagri;;;2;False;diaria;dea0d5f08b8c0f64_diario_derivado;;interna;horaria_agregada;media
2018-08-30;162.5;24;True;0;84100000;nivel;Epagri;;;2;False;diaria;dea0d5f08b8c0f64_diario_derivado;;interna;horaria_agregada;media
2018-08-31;162.125;24;True;0;84100000;nivel;Epagri;;;2;False;diaria;dea0d5f08b8c0f64_diario_derivado;;interna;horaria_agregada;media
2018-09-01;189.45833333333334;24;True;0;84100000;nivel;Epagri;;;2;False;diaria;dea0d5f08b8c0f64_diario_derivado;;interna;horaria_agregada;media
2018-09-02;196.125;24;True;0;84100000;nivel;Epagri;;;2;False;diaria;dea0d5f08b8c0f64_diario_derivado;;interna;horaria_agregada;media
2018-09-03;235.0;24;True;0;84100000;nivel;Epagri;;;2;False;diaria;dea0d5f08b8c0f64_diario_derivado;;interna;horaria_agregada;media
2018-09-04;254.41666666666666;24;True;0;84100000;nivel;Epagri;;;2;False;diaria;dea0d5f08b8c0f64_diario_derivado;;interna;horaria_agregada;media
2018-09-05;188.5;24;True;0;84100000;nivel;Epagri;;;2;False;diaria;dea0d5f08b8c0f64_diario_derivado;;interna;horaria_agregada;media
2018-09-06;176.95833333333334;24;True;0;84100000;nivel;Epagri;;;2;False;diaria;dea0d5f08b8c0f64_diario_derivado;;interna;horaria_agregada;media
2018-09-07;172.79166666666666;24;True;0;84100000;nivel;Epagri;;;2;False;diaria;dea0d5f08b8c0f64_diario_derivado;;interna;horaria_agregada;media
2018-09-08;170.375;24;True;0;84100000;nivel;Epagri;;;2;False;diaria;dea0d5f08b8c0f64_diario_derivado;;interna;horaria_agregada;media
2018-09-09;168.875;24;True;0;84100000;nivel;Epagri;;;2;False;diaria;dea0d5f08b8c0f64_diario_derivado;;interna;horaria_agregada;media
2018-09-10;167.45833333333334;24;True;0;84100000;nivel;Epagri;;;2;False;diaria;dea0d5f08b8c0f64_diario_derivado;;interna;horaria_agregada;media
2018-09-11;167.66666666666666;24;True;0;84100000;nivel;Epagri;;;2;False;diaria;dea0d5f08b8c0f64_diario_derivado;;interna;horaria_agregada;media
2018-09-12;174.5;24;True;0;84100000;nivel;Epagri;;;2;False;diaria;dea0d5f08b8c0f64_diario_derivado;;interna;horaria_agregada;media
2018-09-13;200.70833333333334;24;True;0;84100000;nivel;Epagri;;;2;False;diaria;dea0d5f08b8c0f64_diario_derivado;;interna;horaria_agregada;media
2018-09-14;196.91666666666666;24;True;0;84100000;nivel;Epagri;;;2;False;diaria;dea0d5f08b8c0f64_diario_derivado;;interna;horaria_agregada;media
2018-09-15;211.91666666666666;24;True;0;84100000;nivel;Epagri;;;2;False;diaria;dea0d5f08b8c0f64_diario_derivado;;interna;horaria_agregada;media
2018-09-16;202.83333333333334;24;True;0;84100000;nivel;Epagri;;;2;False;diaria;dea0d5f08b8c0f64_diario_derivado;;interna;horaria_agregada;media
2018-09-17;212.25;24;True;0;84100000;nivel;Epagri;;;2;False;diaria;dea0d5f08b8c0f64_diario_derivado;;interna;horaria_agregada;media
2018-09-18;216.70833333333334;24;True;0;84100000;nivel;Epagri;;;2;False;diaria;dea0d5f08b8c0f64_diario_derivado;;interna;horaria_agregada;media
2018-09-19;188.08333333333334;24;True;0;84100000;nivel;Epagri;;;2;False;diaria;dea0d5f08b8c0f64_diario_derivado;;interna;horaria_agregada;media
2018-09-20;180.70833333333334;24;True;0;84100000;nivel;Epagri;;;2;False;diaria;dea0d5f08b8c0f64_diario_derivado;;interna;horaria_agregada;media
2018-09-21;177.58333333333334;24;True;0;84100000;nivel;Epagri;;;2;False;diaria;dea0d5f08b8c0f64_diario_derivado;;interna;horaria_agregada;media
2018-09-22;175.45833333333334;24;True;0;84100000;nivel;Epagri;;;2;False;diaria;dea0d5f08b8c0f64_diario_derivado;;interna;horaria_agregada;media
2018-09-23;173.20833333333334;24;True;0;84100000;nivel;Epagri;;;2;False;diaria;dea0d5f08b8c0f64_diario_derivado;;interna;horaria_agregada;media
2018-09-24;171.54166666666666;24;True;0;84100000;nivel;Epagri;;;2;False;diaria;dea0d5f08b8c0f64_diario_derivado;;interna;horaria_agregada;media
2018-09-25;170.79166666666666;24;True;0;84100000;nivel;Epagri;;;2;False;diaria;dea0d5f08b8c0f64_diario_derivado;;interna;horaria_agregada;media
2018-09-26;170.33333333333334;24;True;0;84100000;nivel;Epagri;;;2;False;diaria;dea0d5f08b8c0f64_diario_derivado;;interna;horaria_agregada;media
2018-09-27;169.95833333333334;24;True;0;84100000;nivel;Epagri;;;2;False;diaria;dea0d5f08b8c0f64_diario_derivado;;interna;horaria_agregada;media
2018-09-28;174.58333333333334;24;True;0;84100000;nivel;Epagri;;;2;False;diaria;dea0d5f08b8c0f64_diario_derivado;;interna;horaria_agregada;media
2018-09-29;177.70833333333334;24;True;0;84100000;nivel;Epagri;;;2;False;diaria;dea0d5f08b8c0f64_diario_derivado;;interna;horaria_agregada;media
2018-09-30;171.95833333333334;24;True;0;84100000;nivel;Epagri;;;2;False;diaria;dea0d5f08b8c0f64_diario_derivado;;interna;horaria_agregada;media
2018-10-01;172.79166666666666;24;True;0;84100000;nivel;Epagri;;;2;False;diaria;dea0d5f08b8c0f64_diario_derivado;;interna;horaria_agregada;media
2018-10-02;179.625;24;True;0;84100000;nivel;Epagri;;;2;False;diaria;dea0d5f08b8c0f64_diario_derivado;;interna;horaria_agregada;media
2018-10-03;196.16666666666666;24;True;0;84100000;nivel;Epagri;;;2;False;diaria;dea0d5f08b8c0f64_diario_derivado;;interna;horaria_agregada;media
2018-10-04;181.66666666666666;24;True;0;84100000;nivel;Epagri;;;2;False;diaria;dea0d5f08b8c0f64_diario_derivado;;interna;horaria_agregada;media
2018-10-05;172.95833333333334;24;True;0;84100000;nivel;Epagri;;;2;False;diaria;dea0d5f08b8c0f64_diario_derivado;;interna;horaria_agregada;media
2018-10-06;170.20833333333334;24;True;0;84100000;nivel;Epagri;;;2;False;diaria;dea0d5f08b8c0f64_diario_derivado;;interna;horaria_agregada;media
2018-10-07;169.70833333333334;24;True;0;84100000;nivel;Epagri;;;2;False;diaria;dea0d5f08b8c0f64_diario_derivado;;interna;horaria_agregada;media
2018-10-08;169.95833333333334;24;True;0;84100000;nivel;Epagri;;;2;False;diaria;dea0d5f08b8c0f64_diario_derivado;;interna;horaria_agregada;media
2018-10-09;171.08333333333334;24;True;0;84100000;nivel;Epagri;;;2;False;diaria;dea0d5f08b8c0f64_diario_derivado;;interna;horaria_agregada;media
2018-10-10;174.08333333333334;24;True;0;84100000;nivel;Epagri;;;2;False;diaria;dea0d5f08b8c0f64_diario_derivado;;interna;horaria_agregada;media
2018-10-11;169.0;24;True;0;84100000;nivel;Epagri;;;2;False;diaria;dea0d5f08b8c0f64_diario_derivado;;interna;horaria_agregada;media
2018-10-12;167.83333333333334;24;True;0;84100000;nivel;Epagri;;;2;False;diaria;dea0d5f08b8c0f64_diario_derivado;;interna;horaria_agregada;media
2018-10-13;169.54166666666666;24;True;0;84100000;nivel;Epagri;;;2;False;diaria;dea0d5f08b8c0f64_diario_derivado;;interna;horaria_agregada;media
2018-10-14;168.91666666666666;24;True;0;84100000;nivel;Epagri;;;2;False;diaria;dea0d5f08b8c0f64_diario_derivado;;interna;horaria_agregada;media
2018-10-15;168.58333333333334;24;True;0;84100000;nivel;Epagri;;;2;False;diaria;dea0d5f08b8c0f64_diario_derivado;;interna;horaria_agregada;media
2018-10-16;168.16666666666666;24;True;0;84100000;nivel;Epagri;;;2;False;diaria;dea0d5f08b8c0f64_diario_derivado;;interna;horaria_agregada;media
2018-10-17;181.91666666666666;24;True;0;84100000;nivel;Epagri;;;2;False;diaria;dea0d5f08b8c0f64_diario_derivado;;interna;horaria_agregada;media
2018-10-18;173.625;24;True;0;84100000;nivel;Epagri;;;2;False;diaria;dea0d5f08b8c0f64_diario_derivado;;interna;horaria_agregada;media
2018-10-19;169.70833333333334;24;True;0;84100000;nivel;Epagri;;;2;False;diaria;dea0d5f08b8c0f64_diario_derivado;;interna;horaria_agregada;media
2018-10-20;166.70833333333334;24;True;0;84100000;nivel;Epagri;;;2;False;diaria;dea0d5f08b8c0f64_diario_derivado;;interna;horaria_agregada;media
2018-10-21;165.70833333333334;24;True;0;84100000;nivel;Epagri;;;2;False;diaria;dea0d5f08b8c0f64_diario_derivado;;interna;horaria_agregada;media
2018-10-22;165.70833333333334;24;True;0;84100000;nivel;Epagri;;;2;False;diaria;dea0d5f08b8c0f64_diario_derivado;;interna;horaria_agregada;media
2018-10-23;165.0;24;True;0;84100000;nivel;Epagri;;;2;False;diaria;dea0d5f08b8c0f64_diario_derivado;;interna;horaria_agregada;media
2018-10-24;164.83333333333334;24;True;0;84100000;nivel;Epagri;;;2;False;diaria;dea0d5f08b8c0f64_diario_derivado;;interna;horaria_agregada;media
2018-10-25;170.54166666666666;24;True;0;84100000;nivel;Epagri;;;2;False;diaria;dea0d5f08b8c0f64_diario_derivado;;interna;horaria_agregada;media
2018-10-26;202.70833333333334;24;True;0;84100000;nivel;Epagri;;;2;False;diaria;dea0d5f08b8c0f64_diario_derivado;;interna;horaria_agregada;media
2018-10-27;195.79166666666666;24;True;0;84100000;nivel;Epagri;;;2;False;diaria;dea0d5f08b8c0f64_diario_derivado;;interna;horaria_agregada;media
2018-10-28;173.5;24;True;0;84100000;nivel;Epagri;;;2;False;diaria;dea0d5f08b8c0f64_diario_derivado;;interna;horaria_agregada;media
2018-10-29;169.83333333333334;24;True;0;84100000;nivel;Epagri;;;2;False;diaria;dea0d5f08b8c0f64_diario_derivado;;interna;horaria_agregada;media
2018-10-30;169.91666666666666;24;True;0;84100000;nivel;Epagri;;;2;False;diaria;dea0d5f08b8c0f64_diario_derivado;;interna;horaria_agregada;media
2018-10-31;203.875;24;True;0;84100000;nivel;Epagri;;;2;False;diaria;dea0d5f08b8c0f64_diario_derivado;;interna;horaria_agregada;media
2018-11-01;186.875;24;True;0;84100000;nivel;Epagri;;;2;False;diaria;dea0d5f08b8c0f64_diario_derivado;;interna;horaria_agregada;media
2018-11-02;179.04166666666666;24;True;0;84100000;nivel;Epagri;;;2;False;diaria;dea0d5f08b8c0f64_diario_derivado;;interna;horaria_agregada;media
2018-11-03;184.70833333333334;24;True;0;84100000;nivel;Epagri;;;2;False;diaria;dea0d5f08b8c0f64_diario_derivado;;interna;horaria_agregada;media
2018-11-04;187.54166666666666;24;True;0;84100000;nivel;Epagri;;;2;False;diaria;dea0d5f08b8c0f64_diario_derivado;;interna;horaria_agregada;media
2018-11-05;175.91666666666666;24;True;0;84100000;nivel;Epagri;;;2;False;diaria;dea0d5f08b8c0f64_diario_derivado;;interna;horaria_agregada;media
2018-11-06;172.79166666666666;24;True;0;84100000;nivel;Epagri;;;2;False;diaria;dea0d5f08b8c0f64_diario_derivado;;interna;horaria_agregada;media
2018-11-07;170.54166666666666;24;True;0;84100000;nivel;Epagri;;;2;False;diaria;dea0d5f08b8c0f64_diario_derivado;;interna;horaria_agregada;media
2018-11-08;173.08333333333334;24;True;0;84100000;nivel;Epagri;;;2;False;diaria;dea0d5f08b8c0f64_diario_derivado;;interna;horaria_agregada;media
2018-11-09;181.41666666666666;24;True;0;84100000;nivel;Epagri;;;2;False;diaria;dea0d5f08b8c0f64_diario_derivado;;interna;horaria_agregada;media
2018-11-10;217.83333333333334;24;True;0;84100000;nivel;Epagri;;;2;False;diaria;dea0d5f08b8c0f64_diario_derivado;;interna;horaria_agregada;media
2018-11-11;193.91666666666666;24;True;0;84100000;nivel;Epagri;;;2;False;diaria;dea0d5f08b8c0f64_diario_derivado;;interna;horaria_agregada;media
2018-11-12;180.04166666666666;24;True;0;84100000;nivel;Epagri;;;2;False;diaria;dea0d5f08b8c0f64_diario_derivado;;interna;horaria_agregada;media
2018-11-13;177.20833333333334;24;True;0;84100000;nivel;Epagri;;;2;False;diaria;dea0d5f08b8c0f64_diario_derivado;;interna;horaria_agregada;media
2018-11-14;174.875;24;True;0;84100000;nivel;Epagri;;;2;False;diaria;dea0d5f08b8c0f64_diario_derivado;;interna;horaria_agregada;media
2018-11-15;172.08333333333334;24;True;0;84100000;nivel;Epagri;;;2;False;diaria;dea0d5f08b8c0f64_diario_derivado;;interna;horaria_agregada;media
2018-11-16;170.33333333333334;24;True;0;84100000;nivel;Epagri;;;2;False;diaria;dea0d5f08b8c0f64_diario_derivado;;interna;horaria_agregada;media
2018-11-17;168.83333333333334;24;True;0;84100000;nivel;Epagri;;;2;False;diaria;dea0d5f08b8c0f64_diario_derivado;;interna;horaria_agregada;media
2018-11-18;183.625;24;True;0;84100000;nivel;Epagri;;;2;False;diaria;dea0d5f08b8c0f64_diario_derivado;;interna;horaria_agregada;media
2018-11-19;175.79166666666666;24;True;0;84100000;nivel;Epagri;;;2;False;diaria;dea0d5f08b8c0f64_diario_derivado;;interna;horaria_agregada;media
2018-11-20;169.25;24;True;0;84100000;nivel;Epagri;;;2;False;diaria;dea0d5f08b8c0f64_diario_derivado;;interna;horaria_agregada;media
2018-11-21;168.125;24;True;0;84100000;nivel;Epagri;;;2;False;diaria;dea0d5f08b8c0f64_diario_derivado;;interna;horaria_agregada;media
2018-11-22;167.79166666666666;24;True;0;84100000;nivel;Epagri;;;2;False;diaria;dea0d5f08b8c0f64_diario_derivado;;interna;horaria_agregada;media
2018-11-23;167.25;24;True;0;84100000;nivel;Epagri;;;2;False;diaria;dea0d5f08b8c0f64_diario_derivado;;interna;horaria_agregada;media
2018-11-24;181.04166666666666;24;True;0;84100000;nivel;Epagri;;;2;False;diaria;dea0d5f08b8c0f64_diario_derivado;;interna;horaria_agregada;media
2018-11-25;181.04166666666666;24;True;0;84100000;nivel;Epagri;;;2;False;diaria;dea0d5f08b8c0f64_diario_derivado;;interna;horaria_agregada;media
2018-11-26;169.0;24;True;0;84100000;nivel;Epagri;;;2;False;diaria;dea0d5f08b8c0f64_diario_derivado;;interna;horaria_agregada;media
2018-11-27;167.08333333333334;24;True;0;84100000;nivel;Epagri;;;2;False;diaria;dea0d5f08b8c0f64_diario_derivado;;interna;horaria_agregada;media
2018-11-28;171.875;24;True;0;84100000;nivel;Epagri;;;2;False;diaria;dea0d5f08b8c0f64_diario_derivado;;interna;horaria_agregada;media
2018-11-29;175.20833333333334;24;True;0;84100000;nivel;Epagri;;;2;False;diaria;dea0d5f08b8c0f64_diario_derivado;;interna;horaria_agregada;media
2018-11-30;218.625;24;True;0;84100000;nivel;Epagri;;;2;False;diaria;dea0d5f08b8c0f64_diario_derivado;;interna;horaria_agregada;media
2018-12-01;206.33333333333334;24;True;0;84100000;nivel;Epagri;;;2;False;diaria;dea0d5f08b8c0f64_diario_derivado;;interna;horaria_agregada;media
2018-12-02;186.91666666666666;24;True;0;84100000;nivel;Epagri;;;2;False;diaria;dea0d5f08b8c0f64_diario_derivado;;interna;horaria_agregada;media
2018-12-03;174.91666666666666;24;True;0;84100000;nivel;Epagri;;;2;False;diaria;dea0d5f08b8c0f64_diario_derivado;;interna;horaria_agregada;media
2018-12-04;172.625;24;True;0;84100000;nivel;Epagri;;;2;False;diaria;dea0d5f08b8c0f64_diario_derivado;;interna;horaria_agregada;media
2018-12-05;169.83333333333334;24;True;0;84100000;nivel;Epagri;;;2;False;diaria;dea0d5f08b8c0f64_diario_derivado;;interna;horaria_agregada;media
2018-12-06;168.375;24;True;0;84100000;nivel;Epagri;;;2;False;diaria;dea0d5f08b8c0f64_diario_derivado;;interna;horaria_agregada;media
2018-12-07;167.20833333333334;24;True;0;84100000;nivel;Epagri;;;2;False;diaria;dea0d5f08b8c0f64_diario_derivado;;interna;horaria_agregada;media
2018-12-08;165.95833333333334;24;True;0;84100000;nivel;Epagri;;;2;False;diaria;dea0d5f08b8c0f64_diario_derivado;;interna;horaria_agregada;media
2018-12-09;165.41666666666666;24;True;0;84100000;nivel;Epagri;;;2;False;diaria;dea0d5f08b8c0f64_diario_derivado;;interna;horaria_agregada;media
2018-12-10;165.33333333333334;24;True;0;84100000;nivel;Epagri;;;2;False;diaria;dea0d5f08b8c0f64_diario_derivado;;interna;horaria_agregada;media
2018-12-11;165.04166666666666;24;True;0;84100000;nivel;Epagri;;;2;False;diaria;dea0d5f08b8c0f64_diario_derivado;;interna;horaria_agregada;media
2018-12-12;164.875;24;True;0;84100000;nivel;Epagri;;;2;False;diaria;dea0d5f08b8c0f64_diario_derivado;;interna;horaria_agregada;media
2018-12-13;165.95833333333334;24;True;0;84100000;nivel;Epagri;;;2;False;diaria;dea0d5f08b8c0f64_diario_derivado;;interna;horaria_agregada;media
2018-12-14;164.04166666666666;24;True;0;84100000;nivel;Epagri;;;2;False;diaria;dea0d5f08b8c0f64_diario_derivado;;interna;horaria_agregada;media
2018-12-15;166.91666666666666;24;True;0;84100000;nivel;Epagri;;;2;False;diaria;dea0d5f08b8c0f64_diario_derivado;;interna;horaria_agregada;media
2018-12-16;171.45833333333334;24;True;0;84100000;nivel;Epagri;;;2;False;diaria;dea0d5f08b8c0f64_diario_derivado;;interna;horaria_agregada;media
2018-12-17;167.79166666666666;24;True;0;84100000;nivel;Epagri;;;2;False;diaria;dea0d5f08b8c0f64_diario_derivado;;interna;horaria_agregada;media
2018-12-18;166.375;24;True;0;84100000;nivel;Epagri;;;2;False;diaria;dea0d5f08b8c0f64_diario_derivado;;interna;horaria_agregada;media
2018-12-19;169.0;24;True;0;84100000;nivel;Epagri;;;2;False;diaria;dea0d5f08b8c0f64_diario_derivado;;interna;horaria_agregada;media
2018-12-20;183.41666666666666;24;True;0;84100000;nivel;Epagri;;;2;False;diaria;dea0d5f08b8c0f64_diario_derivado;;interna;horaria_agregada;media
2018-12-21;171.45833333333334;24;True;0;84100000;nivel;Epagri;;;2;False;diaria;dea0d5f08b8c0f64_diario_derivado;;interna;horaria_agregada;media
2018-12-22;173.0;24;True;0;84100000;nivel;Epagri;;;2;False;diaria;dea0d5f08b8c0f64_diario_derivado;;interna;horaria_agregada;media
2018-12-23;203.20833333333334;24;True;0;84100000;nivel;Epagri;;;2;False;diaria;dea0d5f08b8c0f64_diario_derivado;;interna;horaria_agregada;media
2018-12-24;171.91666666666666;24;True;0;84100000;nivel;Epagri;;;2;False;diaria;dea0d5f08b8c0f64_diario_derivado;;interna;horaria_agregada;media
2018-12-25;169.08333333333334;24;True;0;84100000;nivel;Epagri;;;2;False;diaria;dea0d5f08b8c0f64_diario_derivado;;interna;horaria_agregada;media
2018-12-26;167.41666666666666;24;True;0;84100000;nivel;Epagri;;;2;False;diaria;dea0d5f08b8c0f64_diario_derivado;;interna;horaria_agregada;media
2018-12-27;180.75;24;True;0;84100000;nivel;Epagri;;;2;False;diaria;dea0d5f08b8c0f64_diario_derivado;;interna;horaria_agregada;media
2018-12-28;176.5;24;True;0;84100000;nivel;Epagri;;;2;False;diaria;dea0d5f08b8c0f64_diario_derivado;;interna;horaria_agregada;media
2018-12-29;176.54166666666666;24;True;0;84100000;nivel;Epagri;;;2;False;diaria;dea0d5f08b8c0f64_diario_derivado;;interna;horaria_agregada;media
2018-12-30;171.04166666666666;24;True;0;84100000;nivel;Epagri;;;2;False;diaria;dea0d5f08b8c0f64_diario_derivado;;interna;horaria_agregada;media
2018-12-31;168.5;24;True;0;84100000;nivel;Epagri;;;2;False;diaria;dea0d5f08b8c0f64_diario_derivado;;interna;horaria_agregada;media
2019-01-01;166.04166666666666;24;True;0;84100000;nivel;Epagri;;;2;False;diaria;dea0d5f08b8c0f64_diario_derivado;;interna;horaria_agregada;media
2019-01-02;165.25;24;True;0;84100000;nivel;Epagri;;;2;False;diaria;dea0d5f08b8c0f64_diario_derivado;;interna;horaria_agregada;media
2019-01-03;164.625;24;True;0;84100000;nivel;Epagri;;;2;False;diaria;dea0d5f08b8c0f64_diario_derivado;;interna;horaria_agregada;media
2019-01-04;172.16666666666666;24;True;0;84100000;nivel;Epagri;;;2;False;diaria;dea0d5f08b8c0f64_diario_derivado;;interna;horaria_agregada;media
2019-01-05;167.33333333333334;24;True;0;84100000;nivel;Epagri;;;2;False;diaria;dea0d5f08b8c0f64_diario_derivado;;interna;horaria_agregada;media
2019-01-06;166.04166666666666;24;True;0;84100000;nivel;Epagri;;;2;False;diaria;dea0d5f08b8c0f64_diario_derivado;;interna;horaria_agregada;media
2019-01-07;165.16666666666666;24;True;0;84100000;nivel;Epagri;;;2;False;diaria;dea0d5f08b8c0f64_diario_derivado;;interna;horaria_agregada;media
2019-01-08;182.91666666666666;24;True;0;84100000;nivel;Epagri;;;2;False;diaria;dea0d5f08b8c0f64_diario_derivado;;interna;horaria_agregada;media
2019-01-09;190.83333333333334;24;True;0;84100000;nivel;Epagri;;;2;False;diaria;dea0d5f08b8c0f64_diario_derivado;;interna;horaria_agregada;media
2019-01-10;169.66666666666666;24;True;0;84100000;nivel;Epagri;;;2;False;diaria;dea0d5f08b8c0f64_diario_derivado;;interna;horaria_agregada;media
2019-01-11;169.25;24;True;0;84100000;nivel;Epagri;;;2;False;diaria;dea0d5f08b8c0f64_diario_derivado;;interna;horaria_agregada;media
2019-01-12;173.83333333333334;24;True;0;84100000;nivel;Epagri;;;2;False;diaria;dea0d5f08b8c0f64_diario_derivado;;interna;horaria_agregada;media
2019-01-13;171.625;24;True;0;84100000;nivel;Epagri;;;2;False;diaria;dea0d5f08b8c0f64_diario_derivado;;interna;horaria_agregada;media
2019-01-14;178.29166666666666;24;True;0;84100000;nivel;Epagri;;;2;False;diaria;dea0d5f08b8c0f64_diario_derivado;;interna;horaria_agregada;media
2019-01-15;179.29166666666666;24;True;0;84100000;nivel;Epagri;;;2;False;diaria;dea0d5f08b8c0f64_diario_derivado;;interna;horaria_agregada;media
2019-01-16;178.45833333333334;24;True;0;84100000;nivel;Epagri;;;2;False;diaria;dea0d5f08b8c0f64_diario_derivado;;interna;horaria_agregada;media
2019-01-17;225.70833333333334;24;True;0;84100000;nivel;Epagri;;;2;False;diaria;dea0d5f08b8c0f64_diario_derivado;;interna;horaria_agregada;media
2019-01-18;211.29166666666666;24;True;0;84100000;nivel;Epagri;;;2;False;diaria;dea0d5f08b8c0f64_diario_derivado;;interna;horaria_agregada;media
2019-01-19;182.08333333333334;24;True;0;84100000;nivel;Epagri;;;2;False;diaria;dea0d5f08b8c0f64_diario_derivado;;interna;horaria_agregada;media
2019-01-20;180.29166666666666;24;True;0;84100000;nivel;Epagri;;;2;False;diaria;dea0d5f08b8c0f64_diario_derivado;;interna;horaria_agregada;media
2019-01-21;175.95833333333334;24;True;0;84100000;nivel;Epagri;;;2;False;diaria;dea0d5f08b8c0f64_diario_derivado;;interna;horaria_agregada;media
2019-01-22;170.95833333333334;24;True;0;84100000;nivel;Epagri;;;2;False;diaria;dea0d5f08b8c0f64_diario_derivado;;interna;horaria_agregada;media
2019-01-23;172.375;24;True;0;84100000;nivel;Epagri;;;2;False;diaria;dea0d5f08b8c0f64_diario_derivado;;interna;horaria_agregada;media
2019-01-24;175.41666666666666;24;True;0;84100000;nivel;Epagri;;;2;False;diaria;dea0d5f08b8c0f64_diario_derivado;;interna;horaria_agregada;media
2019-01-25;176.25;24;True;0;84100000;nivel;Epagri;;;2;False;diaria;dea0d5f08b8c0f64_diario_derivado;;interna;horaria_agregada;media
2019-01-26;173.75;24;True;0;84100000;nivel;Epagri;;;2;False;diaria;dea0d5f08b8c0f64_diario_derivado;;interna;horaria_agregada;media
2019-01-27;170.5;24;True;0;84100000;nivel;Epagri;;;2;False;diaria;dea0d5f08b8c0f64_diario_derivado;;interna;horaria_agregada;media
2019-01-28;171.29166666666666;24;True;0;84100000;nivel;Epagri;;;2;False;diaria;dea0d5f08b8c0f64_diario_derivado;;interna;horaria_agregada;media
2019-01-29;167.41666666666666;24;True;0;84100000;nivel;Epagri;;;2;False;diaria;dea0d5f08b8c0f64_diario_derivado;;interna;horaria_agregada;media
2019-01-30;166.66666666666666;24;True;0;84100000;nivel;Epagri;;;2;False;diaria;dea0d5f08b8c0f64_diario_derivado;;interna;horaria_agregada;media
2019-01-31;170.70833333333334;24;True;0;84100000;nivel;Epagri;;;2;False;diaria;dea0d5f08b8c0f64_diario_derivado;;interna;horaria_agregada;media
2019-02-01;189.16666666666666;24;True;0;84100000;nivel;Epagri;;;2;False;diaria;dea0d5f08b8c0f64_diario_derivado;;interna;horaria_agregada;media
2019-02-02;205.70833333333334;24;True;0;84100000;nivel;Epagri;;;2;False;diaria;dea0d5f08b8c0f64_diario_derivado;;interna;horaria_agregada;media
2019-02-03;208.16666666666666;24;True;0;84100000;nivel;Epagri;;;2;False;diaria;dea0d5f08b8c0f64_diario_derivado;;interna;horaria_agregada;media
2019-02-04;180.75;24;True;0;84100000;nivel;Epagri;;;2;False;diaria;dea0d5f08b8c0f64_diario_derivado;;interna;horaria_agregada;media
2019-02-05;174.0;24;True;0;84100000;nivel;Epagri;;;2;False;diaria;dea0d5f08b8c0f64_diario_derivado;;interna;horaria_agregada;media
2019-02-06;171.29166666666666;24;True;0;84100000;nivel;Epagri;;;2;False;diaria;dea0d5f08b8c0f64_diario_derivado;;interna;horaria_agregada;media
2019-02-07;169.20833333333334;24;True;0;84100000;nivel;Epagri;;;2;False;diaria;dea0d5f08b8c0f64_diario_derivado;;interna;horaria_agregada;media
2019-02-08;167.79166666666666;24;True;0;84100000;nivel;Epagri;;;2;False;diaria;dea0d5f08b8c0f64_diario_derivado;;interna;horaria_agregada;media
2019-02-09;167.33333333333334;24;True;0;84100000;nivel;Epagri;;;2;False;diaria;dea0d5f08b8c0f64_diario_derivado;;interna;horaria_agregada;media
2019-02-10;166.25;24;True;0;84100000;nivel;Epagri;;;2;False;diaria;dea0d5f08b8c0f64_diario_derivado;;interna;horaria_agregada;media
2019-02-11;165.91666666666666;24;True;0;84100000;nivel;Epagri;;;2;False;diaria;dea0d5f08b8c0f64_diario_derivado;;interna;horaria_agregada;media
2019-02-12;166.45833333333334;24;True;0;84100000;nivel;Epagri;;;2;False;diaria;dea0d5f08b8c0f64_diario_derivado;;interna;horaria_agregada;media
2019-02-13;165.41666666666666;24;True;0;84100000;nivel;Epagri;;;2;False;diaria;dea0d5f08b8c0f64_diario_derivado;;interna;horaria_agregada;media
2019-02-14;164.54166666666666;24;True;0;84100000;nivel;Epagri;;;2;False;diaria;dea0d5f08b8c0f64_diario_derivado;;interna;horaria_agregada;media
2019-02-15;167.41666666666666;24;True;0;84100000;nivel;Epagri;;;2;False;diaria;dea0d5f08b8c0f64_diario_derivado;;interna;horaria_agregada;media
2019-02-16;172.79166666666666;24;True;0;84100000;nivel;Epagri;;;2;False;diaria;dea0d5f08b8c0f64_diario_derivado;;interna;horaria_agregada;media
2019-02-17;224.5;24;True;0;84100000;nivel;Epagri;;;2;False;diaria;dea0d5f08b8c0f64_diario_derivado;;interna;horaria_agregada;media
2019-02-18;233.33333333333334;24;True;0;84100000;nivel;Epagri;;;2;False;diaria;dea0d5f08b8c0f64_diario_derivado;;interna;horaria_agregada;media
2019-02-19;191.5;24;True;0;84100000;nivel;Epagri;;;2;False;diaria;dea0d5f08b8c0f64_diario_derivado;;interna;horaria_agregada;media
2019-02-20;217.70833333333334;24;True;0;84100000;nivel;Epagri;;;2;False;diaria;dea0d5f08b8c0f64_diario_derivado;;interna;horaria_agregada;media
2019-02-21;187.375;24;True;0;84100000;nivel;Epagri;;;2;False;diaria;dea0d5f08b8c0f64_diario_derivado;;interna;horaria_agregada;media
2019-02-22;182.08333333333334;24;True;0;84100000;nivel;Epagri;;;2;False;diaria;dea0d5f08b8c0f64_diario_derivado;;interna;horaria_agregada;media
2019-02-23;176.08333333333334;24;True;0;84100000;nivel;Epagri;;;2;False;diaria;dea0d5f08b8c0f64_diario_derivado;;interna;horaria_agregada;media
2019-02-24;181.70833333333334;24;True;0;84100000;nivel;Epagri;;;2;False;diaria;dea0d5f08b8c0f64_diario_derivado;;interna;horaria_agregada;media
2019-02-25;228.66666666666666;24;True;0;84100000;nivel;Epagri;;;2;False;diaria;dea0d5f08b8c0f64_diario_derivado;;interna;horaria_agregada;media
2019-02-26;194.16666666666666;24;True;0;84100000;nivel;Epagri;;;2;False;diaria;dea0d5f08b8c0f64_diario_derivado;;interna;horaria_agregada;media
2019-02-27;180.29166666666666;24;True;0;84100000;nivel;Epagri;;;2;False;diaria;dea0d5f08b8c0f64_diario_derivado;;interna;horaria_agregada;media
2019-02-28;178.58333333333334;24;True;0;84100000;nivel;Epagri;;;2;False;diaria;dea0d5f08b8c0f64_diario_derivado;;interna;horaria_agregada;media
2019-03-01;177.95833333333334;24;True;0;84100000;nivel;Epagri;;;2;False;diaria;dea0d5f08b8c0f64_diario_derivado;;interna;horaria_agregada;media
2019-03-02;174.875;24;True;0;84100000;nivel;Epagri;;;2;False;diaria;dea0d5f08b8c0f64_diario_derivado;;interna;horaria_agregada;media
2019-03-03;172.33333333333334;24;True;0;84100000;nivel;Epagri;;;2;False;diaria;dea0d5f08b8c0f64_diario_derivado;;interna;horaria_agregada;media
2019-03-04;178.125;24;True;0;84100000;nivel;Epagri;;;2;False;diaria;dea0d5f08b8c0f64_diario_derivado;;interna;horaria_agregada;media
2019-03-05;172.83333333333334;24;True;0;84100000;nivel;Epagri;;;2;False;diaria;dea0d5f08b8c0f64_diario_derivado;;interna;horaria_agregada;media
2019-03-06;185.95833333333334;24;True;0;84100000;nivel;Epagri;;;2;False;diaria;dea0d5f08b8c0f64_diario_derivado;;interna;horaria_agregada;media
2019-03-07;190.5;24;True;0;84100000;nivel;Epagri;;;2;False;diaria;dea0d5f08b8c0f64_diario_derivado;;interna;horaria_agregada;media
2019-03-08;184.45833333333334;24;True;0;84100000;nivel;Epagri;;;2;False;diaria;dea0d5f08b8c0f64_diario_derivado;;interna;horaria_agregada;media
2019-03-09;190.04166666666666;24;True;0;84100000;nivel;Epagri;;;2;False;diaria;dea0d5f08b8c0f64_diario_derivado;;interna;horaria_agregada;media
2019-03-10;178.79166666666666;24;True;0;84100000;nivel;Epagri;;;2;False;diaria;dea0d5f08b8c0f64_diario_derivado;;interna;horaria_agregada;media
2019-03-11;177.375;24;True;0;84100000;nivel;Epagri;;;2;False;diaria;dea0d5f08b8c0f64_diario_derivado;;interna;horaria_agregada;media
2019-03-12;179.91666666666666;24;True;0;84100000;nivel;Epagri;;;2;False;diaria;dea0d5f08b8c0f64_diario_derivado;;interna;horaria_agregada;media
2019-03-13;182.875;24;True;0;84100000;nivel;Epagri;;;2;False;diaria;dea0d5f08b8c0f64_diario_derivado;;interna;horaria_agregada;media
2019-03-14;189.33333333333334;24;True;0;84100000;nivel;Epagri;;;2;False;diaria;dea0d5f08b8c0f64_diario_derivado;;interna;horaria_agregada;media
2019-03-15;219.54166666666666;24;True;0;84100000;nivel;Epagri;;;2;False;diaria;dea0d5f08b8c0f64_diario_derivado;;interna;horaria_agregada;media
2019-03-16;183.29166666666666;24;True;0;84100000;nivel;Epagri;;;2;False;diaria;dea0d5f08b8c0f64_diario_derivado;;interna;horaria_agregada;media
2019-03-17;177.95833333333334;24;True;0;84100000;nivel;Epagri;;;2;False;diaria;dea0d5f08b8c0f64_diario_derivado;;interna;horaria_agregada;media
2019-03-18;178.33333333333334;24;True;0;84100000;nivel;Epagri;;;2;False;diaria;dea0d5f08b8c0f64_diario_derivado;;interna;horaria_agregada;media
2019-03-19;178.08333333333334;24;True;0;84100000;nivel;Epagri;;;2;False;diaria;dea0d5f08b8c0f64_diario_derivado;;interna;horaria_agregada;media
2019-03-20;178.375;24;True;0;84100000;nivel;Epagri;;;2;False;diaria;dea0d5f08b8c0f64_diario_derivado;;interna;horaria_agregada;media
2019-03-21;173.5;24;True;0;84100000;nivel;Epagri;;;2;False;diaria;dea0d5f08b8c0f64_diario_derivado;;interna;horaria_agregada;media
2019-03-22;172.04166666666666;24;True;0;84100000;nivel;Epagri;;;2;False;diaria;dea0d5f08b8c0f64_diario_derivado;;interna;horaria_agregada;media
2019-03-23;174.16666666666666;24;True;0;84100000;nivel;Epagri;;;2;False;diaria;dea0d5f08b8c0f64_diario_derivado;;interna;horaria_agregada;media
2019-03-24;173.66666666666666;24;True;0;84100000;nivel;Epagri;;;2;False;diaria;dea0d5f08b8c0f64_diario_derivado;;interna;horaria_agregada;media
2019-03-25;170.875;24;True;0;84100000;nivel;Epagri;;;2;False;diaria;dea0d5f08b8c0f64_diario_derivado;;interna;horaria_agregada;media
2019-03-26;169.75;24;True;0;84100000;nivel;Epagri;;;2;False;diaria;dea0d5f08b8c0f64_diario_derivado;;interna;horaria_agregada;media
2019-03-27;170.5;24;True;0;84100000;nivel;Epagri;;;2;False;diaria;dea0d5f08b8c0f64_diario_derivado;;interna;horaria_agregada;media
2019-03-28;169.29166666666666;24;True;0;84100000;nivel;Epagri;;;2;False;diaria;dea0d5f08b8c0f64_diario_derivado;;interna;horaria_agregada;media
2019-03-29;180.33333333333334;24;True;0;84100000;nivel;Epagri;;;2;False;diaria;dea0d5f08b8c0f64_diario_derivado;;interna;horaria_agregada;media
2019-03-30;181.375;24;True;0;84100000;nivel;Epagri;;;2;False;diaria;dea0d5f08b8c0f64_diario_derivado;;interna;horaria_agregada;media
2019-03-31;171.54166666666666;24;True;0;84100000;nivel;Epagri;;;2;False;diaria;dea0d5f08b8c0f64_diario_derivado;;interna;horaria_agregada;media
2019-04-01;172.54166666666666;24;True;0;84100000;nivel;Epagri;;;2;False;diaria;dea0d5f08b8c0f64_diario_derivado;;interna;horaria_agregada;media
2019-04-02;170.0;24;True;0;84100000;nivel;Epagri;;;2;False;diaria;dea0d5f08b8c0f64_diario_derivado;;interna;horaria_agregada;media
2019-04-03;169.29166666666666;24;True;0;84100000;nivel;Epagri;;;2;False;diaria;dea0d5f08b8c0f64_diario_derivado;;interna;horaria_agregada;media
2019-04-04;170.125;24;True;0;84100000;nivel;Epagri;;;2;False;diaria;dea0d5f08b8c0f64_diario_derivado;;interna;horaria_agregada;media
2019-04-05;168.20833333333334;24;True;0;84100000;nivel;Epagri;;;2;False;diaria;dea0d5f08b8c0f64_diario_derivado;;interna;horaria_agregada;media
2019-04-06;178.04166666666666;24;True;0;84100000;nivel;Epagri;;;2;False;diaria;dea0d5f08b8c0f64_diario_derivado;;interna;horaria_agregada;media
2019-04-07;241.0;24;True;0;84100000;nivel;Epagri;;;2;False;diaria;dea0d5f08b8c0f64_diario_derivado;;interna;horaria_agregada;media
2019-04-08;214.29166666666666;24;True;0;84100000;nivel;Epagri;;;2;False;diaria;dea0d5f08b8c0f64_diario_derivado;;interna;horaria_agregada;media
2019-04-09;183.33333333333334;24;True;0;84100000;nivel;Epagri;;;2;False;diaria;dea0d5f08b8c0f64_diario_derivado;;interna;horaria_agregada;media
2019-04-10;177.0;24;True;0;84100000;nivel;Epagri;;;2;False;diaria;dea0d5f08b8c0f64_diario_derivado;;interna;horaria_agregada;media
2019-04-11;174.58333333333334;24;True;0;84100000;nivel;Epagri;;;2;False;diaria;dea0d5f08b8c0f64_diario_derivado;;interna;horaria_agregada;media
2019-04-12;172.83333333333334;24;True;0;84100000;nivel;Epagri;;;2;False;diaria;dea0d5f08b8c0f64_diario_derivado;;interna;horaria_agregada;media
2019-04-13;171.95833333333334;24;True;0;84100000;nivel;Epagri;;;2;False;diaria;dea0d5f08b8c0f64_diario_derivado;;interna;horaria_agregada;media
2019-04-14;171.45833333333334;24;True;0;84100000;nivel;Epagri;;;2;False;diaria;dea0d5f08b8c0f64_diario_derivado;;interna;horaria_agregada;media
2019-04-15;198.0;24;True;0;84100000;nivel;Epagri;;;2;False;diaria;dea0d5f08b8c0f64_diario_derivado;;interna;horaria_agregada;media
2019-04-16;181.95833333333334;24;True;0;84100000;nivel;Epagri;;;2;False;diaria;dea0d5f08b8c0f64_diario_derivado;;interna;horaria_agregada;media
2019-04-17;183.70833333333334;24;True;0;84100000;nivel;Epagri;;;2;False;diaria;dea0d5f08b8c0f64_diario_derivado;;interna;horaria_agregada;media
2019-04-18;173.41666666666666;24;True;0;84100000;nivel;Epagri;;;2;False;diaria;dea0d5f08b8c0f64_diario_derivado;;interna;horaria_agregada;media
2019-04-19;171.33333333333334;24;True;0;84100000;nivel;Epagri;;;2;False;diaria;dea0d5f08b8c0f64_diario_derivado;;interna;horaria_agregada;media
2019-04-20;170.16666666666666;24;True;0;84100000;nivel;Epagri;;;2;False;diaria;dea0d5f08b8c0f64_diario_derivado;;interna;horaria_agregada;media
2019-04-21;169.70833333333334;24;True;0;84100000;nivel;Epagri;;;2;False;diaria;dea0d5f08b8c0f64_diario_derivado;;interna;horaria_agregada;media
2019-04-22;169.54166666666666;24;True;0;84100000;nivel;Epagri;;;2;False;diaria;dea0d5f08b8c0f64_diario_derivado;;interna;horaria_agregada;media
2019-04-23;169.66666666666666;24;True;0;84100000;nivel;Epagri;;;2;False;diaria;dea0d5f08b8c0f64_diario_derivado;;interna;horaria_agregada;media
2019-04-24;169.45833333333334;24;True;0;84100000;nivel;Epagri;;;2;False;diaria;dea0d5f08b8c0f64_diario_derivado;;interna;horaria_agregada;media
2019-04-25;171.54166666666666;24;True;0;84100000;nivel;Epagri;;;2;False;diaria;dea0d5f08b8c0f64_diario_derivado;;interna;horaria_agregada;media
2019-04-26;172.20833333333334;24;True;0;84100000;nivel;Epagri;;;2;False;diaria;dea0d5f08b8c0f64_diario_derivado;;interna;horaria_agregada;media
2019-04-27;176.08333333333334;24;True;0;84100000;nivel;Epagri;;;2;False;diaria;dea0d5f08b8c0f64_diario_derivado;;interna;horaria_agregada;media
2019-04-28;170.875;24;True;0;84100000;nivel;Epagri;;;2;False;diaria;dea0d5f08b8c0f64_diario_derivado;;interna;horaria_agregada;media
2019-04-29;169.75;24;True;0;84100000;nivel;Epagri;;;2;False;diaria;dea0d5f08b8c0f64_diario_derivado;;interna;horaria_agregada;media
2019-04-30;167.66666666666666;24;True;0;84100000;nivel;Epagri;;;2;False;diaria;dea0d5f08b8c0f64_diario_derivado;;interna;horaria_agregada;media
2019-05-01;166.83333333333334;24;True;0;84100000;nivel;Epagri;;;2;False;diaria;dea0d5f08b8c0f64_diario_derivado;;interna;horaria_agregada;media
2019-05-02;167.125;24;True;0;84100000;nivel;Epagri;;;2;False;diaria;dea0d5f08b8c0f64_diario_derivado;;interna;horaria_agregada;media
2019-05-03;166.58333333333334;24;True;0;84100000;nivel;Epagri;;;2;False;diaria;dea0d5f08b8c0f64_diario_derivado;;interna;horaria_agregada;media
2019-05-04;166.125;24;True;0;84100000;nivel;Epagri;;;2;False;diaria;dea0d5f08b8c0f64_diario_derivado;;interna;horaria_agregada;media
2019-05-05;165.375;24;True;0;84100000;nivel;Epagri;;;2;False;diaria;dea0d5f08b8c0f64_diario_derivado;;interna;horaria_agregada;media
2019-05-06;165.54166666666666;24;True;0;84100000;nivel;Epagri;;;2;False;diaria;dea0d5f08b8c0f64_diario_derivado;;interna;horaria_agregada;media
2019-05-07;168.75;24;True;0;84100000;nivel;Epagri;;;2;False;diaria;dea0d5f08b8c0f64_diario_derivado;;interna;horaria_agregada;media
2019-05-08;165.45833333333334;24;True;0;84100000;nivel;Epagri;;;2;False;diaria;dea0d5f08b8c0f64_diario_derivado;;interna;horaria_agregada;media
2019-05-09;165.0;24;True;0;84100000;nivel;Epagri;;;2;False;diaria;dea0d5f08b8c0f64_diario_derivado;;interna;horaria_agregada;media
2019-05-10;165.08333333333334;24;True;0;84100000;nivel;Epagri;;;2;False;diaria;dea0d5f08b8c0f64_diario_derivado;;interna;horaria_agregada;media
2019-05-11;170.41666666666666;24;True;0;84100000;nivel;Epagri;;;2;False;diaria;dea0d5f08b8c0f64_diario_derivado;;interna;horaria_agregada;media
2019-05-12;191.70833333333334;24;True;0;84100000;nivel;Epagri;;;2;False;diaria;dea0d5f08b8c0f64_diario_derivado;;interna;horaria_agregada;media
2019-05-13;169.5;24;True;0;84100000;nivel;Epagri;;;2;False;diaria;dea0d5f08b8c0f64_diario_derivado;;interna;horaria_agregada;media
2019-05-14;201.04166666666666;24;True;0;84100000;nivel;Epagri;;;2;False;diaria;dea0d5f08b8c0f64_diario_derivado;;interna;horaria_agregada;media
2019-05-15;174.16666666666666;24;True;0;84100000;nivel;Epagri;;;2;False;diaria;dea0d5f08b8c0f64_diario_derivado;;interna;horaria_agregada;media
2019-05-16;177.875;24;True;0;84100000;nivel;Epagri;;;2;False;diaria;dea0d5f08b8c0f64_diario_derivado;;interna;horaria_agregada;media
2019-05-17;171.0;24;True;0;84100000;nivel;Epagri;;;2;False;diaria;dea0d5f08b8c0f64_diario_derivado;;interna;horaria_agregada;media
2019-05-18;175.79166666666666;24;True;0;84100000;nivel;Epagri;;;2;False;diaria;dea0d5f08b8c0f64_diario_derivado;;interna;horaria_agregada;media
2019-05-19;177.29166666666666;24;True;0;84100000;nivel;Epagri;;;2;False;diaria;dea0d5f08b8c0f64_diario_derivado;;interna;horaria_agregada;media
2019-05-20;175.54166666666666;24;True;0;84100000;nivel;Epagri;;;2;False;diaria;dea0d5f08b8c0f64_diario_derivado;;interna;horaria_agregada;media
2019-05-21;170.41666666666666;24;True;0;84100000;nivel;Epagri;;;2;False;diaria;dea0d5f08b8c0f64_diario_derivado;;interna;horaria_agregada;media
2019-05-22;169.33333333333334;24;True;0;84100000;nivel;Epagri;;;2;False;diaria;dea0d5f08b8c0f64_diario_derivado;;interna;horaria_agregada;media
2019-05-23;173.16666666666666;24;True;0;84100000;nivel;Epagri;;;2;False;diaria;dea0d5f08b8c0f64_diario_derivado;;interna;horaria_agregada;media
2019-05-24;182.5;24;True;0;84100000;nivel;Epagri;;;2;False;diaria;dea0d5f08b8c0f64_diario_derivado;;interna;horaria_agregada;media
2019-05-25;203.125;24;True;0;84100000;nivel;Epagri;;;2;False;diaria;dea0d5f08b8c0f64_diario_derivado;;interna;horaria_agregada;media
2019-05-26;177.29166666666666;24;True;0;84100000;nivel;Epagri;;;2;False;diaria;dea0d5f08b8c0f64_diario_derivado;;interna;horaria_agregada;media
2019-05-27;172.95833333333334;24;True;0;84100000;nivel;Epagri;;;2;False;diaria;dea0d5f08b8c0f64_diario_derivado;;interna;horaria_agregada;media
2019-05-28;174.58333333333334;24;True;0;84100000;nivel;Epagri;;;2;False;diaria;dea0d5f08b8c0f64_diario_derivado;;interna;horaria_agregada;media
2019-05-29;172.83333333333334;24;True;0;84100000;nivel;Epagri;;;2;False;diaria;dea0d5f08b8c0f64_diario_derivado;;interna;horaria_agregada;media
2019-05-30;243.20833333333334;24;True;0;84100000;nivel;Epagri;;;2;False;diaria;dea0d5f08b8c0f64_diario_derivado;;interna;horaria_agregada;media
2019-05-31;243.375;24;True;0;84100000;nivel;Epagri;;;2;False;diaria;dea0d5f08b8c0f64_diario_derivado;;interna;horaria_agregada;media
2019-06-01;195.33333333333334;24;True;0;84100000;nivel;Epagri;;;2;False;diaria;dea0d5f08b8c0f64_diario_derivado;;interna;horaria_agregada;media
2019-06-02;186.79166666666666;24;True;0;84100000;nivel;Epagri;;;2;False;diaria;dea0d5f08b8c0f64_diario_derivado;;interna;horaria_agregada;media
2019-06-03;;23;False;0;84100000;nivel;Epagri;;;2;False;diaria;dea0d5f08b8c0f64_diario_derivado;;interna;horaria_agregada;media
2019-06-04;179.375;24;True;0;84100000;nivel;Epagri;;;2;False;diaria;dea0d5f08b8c0f64_diario_derivado;;interna;horaria_agregada;media
2019-06-05;176.16666666666666;24;True;0;84100000;nivel;Epagri;;;2;False;diaria;dea0d5f08b8c0f64_diario_derivado;;interna;horaria_agregada;media
2019-06-06;175.20833333333334;24;True;0;84100000;nivel;Epagri;;;2;False;diaria;dea0d5f08b8c0f64_diario_derivado;;interna;horaria_agregada;media
2019-06-07;174.25;24;True;0;84100000;nivel;Epagri;;;2;False;diaria;dea0d5f08b8c0f64_diario_derivado;;interna;horaria_agregada;media
2019-06-08;172.83333333333334;24;True;0;84100000;nivel;Epagri;;;2;False;diaria;dea0d5f08b8c0f64_diario_derivado;;interna;horaria_agregada;media
2019-06-09;172.20833333333334;24;True;0;84100000;nivel;Epagri;;;2;False;diaria;dea0d5f08b8c0f64_diario_derivado;;interna;horaria_agregada;media
2019-06-10;171.29166666666666;24;True;0;84100000;nivel;Epagri;;;2;False;diaria;dea0d5f08b8c0f64_diario_derivado;;interna;horaria_agregada;media
2019-06-11;170.66666666666666;24;True;0;84100000;nivel;Epagri;;;2;False;diaria;dea0d5f08b8c0f64_diario_derivado;;interna;horaria_agregada;media
2019-06-12;169.91666666666666;24;True;0;84100000;nivel;Epagri;;;2;False;diaria;dea0d5f08b8c0f64_diario_derivado;;interna;horaria_agregada;media
2019-06-13;169.70833333333334;24;True;0;84100000;nivel;Epagri;;;2;False;diaria;dea0d5f08b8c0f64_diario_derivado;;interna;horaria_agregada;media
2019-06-14;169.08333333333334;24;True;0;84100000;nivel;Epagri;;;2;False;diaria;dea0d5f08b8c0f64_diario_derivado;;interna;horaria_agregada;media
2019-06-15;168.58333333333334;24;True;0;84100000;nivel;Epagri;;;2;False;diaria;dea0d5f08b8c0f64_diario_derivado;;interna;horaria_agregada;media
2019-06-16;168.20833333333334;24;True;0;84100000;nivel;Epagri;;;2;False;diaria;dea0d5f08b8c0f64_diario_derivado;;interna;horaria_agregada;media
2019-06-17;167.45833333333334;24;True;0;84100000;nivel;Epagri;;;2;False;diaria;dea0d5f08b8c0f64_diario_derivado;;interna;horaria_agregada;media
2019-06-18;167.0;24;True;0;84100000;nivel;Epagri;;;2;False;diaria;dea0d5f08b8c0f64_diario_derivado;;interna;horaria_agregada;media
2019-06-19;166.79166666666666;24;True;0;84100000;nivel;Epagri;;;2;False;diaria;dea0d5f08b8c0f64_diario_derivado;;interna;horaria_agregada;media
2019-06-20;165.95833333333334;24;True;0;84100000;nivel;Epagri;;;2;False;diaria;dea0d5f08b8c0f64_diario_derivado;;interna;horaria_agregada;media
2019-06-21;165.375;24;True;0;84100000;nivel;Epagri;;;2;False;diaria;dea0d5f08b8c0f64_diario_derivado;;interna;horaria_agregada;media
2019-06-22;165.33333333333334;24;True;0;84100000;nivel;Epagri;;;2;False;diaria;dea0d5f08b8c0f64_diario_derivado;;interna;horaria_agregada;media
2019-06-23;165.25;24;True;0;84100000;nivel;Epagri;;;2;False;diaria;dea0d5f08b8c0f64_diario_derivado;;interna;horaria_agregada;media
2019-06-24;164.95833333333334;24;True;0;84100000;nivel;Epagri;;;2;False;diaria;dea0d5f08b8c0f64_diario_derivado;;interna;horaria_agregada;media
2019-06-25;164.58333333333334;24;True;0;84100000;nivel;Epagri;;;2;False;diaria;dea0d5f08b8c0f64_diario_derivado;;interna;horaria_agregada;media
2019-06-26;168.375;24;True;0;84100000;nivel;Epagri;;;2;False;diaria;dea0d5f08b8c0f64_diario_derivado;;interna;horaria_agregada;media
2019-06-27;168.83333333333334;24;True;0;84100000;nivel;Epagri;;;2;False;diaria;dea0d5f08b8c0f64_diario_derivado;;interna;horaria_agregada;media
2019-06-28;165.75;24;True;0;84100000;nivel;Epagri;;;2;False;diaria;dea0d5f08b8c0f64_diario_derivado;;interna;horaria_agregada;media
2019-06-29;165.66666666666666;24;True;0;84100000;nivel;Epagri;;;2;False;diaria;dea0d5f08b8c0f64_diario_derivado;;interna;horaria_agregada;media
2019-06-30;165.08333333333334;24;True;0;84100000;nivel;Epagri;;;2;False;diaria;dea0d5f08b8c0f64_diario_derivado;;interna;horaria_agregada;media
2019-07-01;167.08333333333334;24;True;0;84100000;nivel;Epagri;;;2;False;diaria;dea0d5f08b8c0f64_diario_derivado;;interna;horaria_agregada;media
2019-07-02;184.16666666666666;24;True;0;84100000;nivel;Epagri;;;2;False;diaria;dea0d5f08b8c0f64_diario_derivado;;interna;horaria_agregada;media
2019-07-03;182.95833333333334;24;True;0;84100000;nivel;Epagri;;;2;False;diaria;dea0d5f08b8c0f64_diario_derivado;;interna;horaria_agregada;media
2019-07-04;169.25;24;True;0;84100000;nivel;Epagri;;;2;False;diaria;dea0d5f08b8c0f64_diario_derivado;;interna;horaria_agregada;media
2019-07-05;165.20833333333334;24;True;0;84100000;nivel;Epagri;;;2;False;diaria;dea0d5f08b8c0f64_diario_derivado;;interna;horaria_agregada;media
2019-07-06;163.5;24;True;0;84100000;nivel;Epagri;;;2;False;diaria;dea0d5f08b8c0f64_diario_derivado;;interna;horaria_agregada;media
2019-07-07;162.75;24;True;0;84100000;nivel;Epagri;;;2;False;diaria;dea0d5f08b8c0f64_diario_derivado;;interna;horaria_agregada;media
2019-07-08;163.04166666666666;24;True;0;84100000;nivel;Epagri;;;2;False;diaria;dea0d5f08b8c0f64_diario_derivado;;interna;horaria_agregada;media
2019-07-09;162.95833333333334;24;True;0;84100000;nivel;Epagri;;;2;False;diaria;dea0d5f08b8c0f64_diario_derivado;;interna;horaria_agregada;media
2019-07-10;163.0;24;True;0;84100000;nivel;Epagri;;;2;False;diaria;dea0d5f08b8c0f64_diario_derivado;;interna;horaria_agregada;media
2019-07-11;162.70833333333334;24;True;0;84100000;nivel;Epagri;;;2;False;diaria;dea0d5f08b8c0f64_diario_derivado;;interna;horaria_agregada;media
2019-07-12;162.5;24;True;0;84100000;nivel;Epagri;;;2;False;diaria;dea0d5f08b8c0f64_diario_derivado;;interna;horaria_agregada;media
2019-07-13;162.54166666666666;24;True;0;84100000;nivel;Epagri;;;2;False;diaria;dea0d5f08b8c0f64_diario_derivado;;interna;horaria_agregada;media
2019-07-14;162.70833333333334;24;True;0;84100000;nivel;Epagri;;;2;False;diaria;dea0d5f08b8c0f64_diario_derivado;;interna;horaria_agregada;media
2019-07-15;167.54166666666666;24;True;0;84100000;nivel;Epagri;;;2;False;diaria;dea0d5f08b8c0f64_diario_derivado;;interna;horaria_agregada;media
2019-07-16;164.79166666666666;24;True;0;84100000;nivel;Epagri;;;2;False;diaria;dea0d5f08b8c0f64_diario_derivado;;interna;horaria_agregada;media
2019-07-17;162.16666666666666;24;True;0;84100000;nivel;Epagri;;;2;False;diaria;dea0d5f08b8c0f64_diario_derivado;;interna;horaria_agregada;media
2019-07-18;162.83333333333334;24;True;0;84100000;nivel;Epagri;;;2;False;diaria;dea0d5f08b8c0f64_diario_derivado;;interna;horaria_agregada;media
2019-07-19;174.54166666666666;24;True;0;84100000;nivel;Epagri;;;2;False;diaria;dea0d5f08b8c0f64_diario_derivado;;interna;horaria_agregada;media
2019-07-20;167.125;24;True;0;84100000;nivel;Epagri;;;2;False;diaria;dea0d5f08b8c0f64_diario_derivado;;interna;horaria_agregada;media
2019-07-21;163.75;24;True;0;84100000;nivel;Epagri;;;2;False;diaria;dea0d5f08b8c0f64_diario_derivado;;interna;horaria_agregada;media
2019-07-22;162.75;24;True;0;84100000;nivel;Epagri;;;2;False;diaria;dea0d5f08b8c0f64_diario_derivado;;interna;horaria_agregada;media
2019-07-23;162.79166666666666;24;True;0;84100000;nivel;Epagri;;;2;False;diaria;dea0d5f08b8c0f64_diario_derivado;;interna;horaria_agregada;media
2019-07-24;162.20833333333334;24;True;0;84100000;nivel;Epagri;;;2;False;diaria;dea0d5f08b8c0f64_diario_derivado;;interna;horaria_agregada;media
2019-07-25;162.08333333333334;24;True;0;84100000;nivel;Epagri;;;2;False;diaria;dea0d5f08b8c0f64_diario_derivado;;interna;horaria_agregada;media
2019-07-26;162.04166666666666;24;True;0;84100000;nivel;Epagri;;;2;False;diaria;dea0d5f08b8c0f64_diario_derivado;;interna;horaria_agregada;media
2019-07-27;161.75;24;True;0;84100000;nivel;Epagri;;;2;False;diaria;dea0d5f08b8c0f64_diario_derivado;;interna;horaria_agregada;media
2019-07-28;161.29166666666666;24;True;0;84100000;nivel;Epagri;;;2;False;diaria;dea0d5f08b8c0f64_diario_derivado;;interna;horaria_agregada;media
2019-07-29;;23;False;0;84100000;nivel;Epagri;;;2;False;diaria;dea0d5f08b8c0f64_diario_derivado;;interna;horaria_agregada;media
2019-07-30;159.95833333333334;24;True;0;84100000;nivel;Epagri;;;2;False;diaria;dea0d5f08b8c0f64_diario_derivado;;interna;horaria_agregada;media
2019-07-31;159.33333333333334;24;True;0;84100000;nivel;Epagri;;;2;False;diaria;dea0d5f08b8c0f64_diario_derivado;;interna;horaria_agregada;media
2019-08-01;159.5;24;True;0;84100000;nivel;Epagri;;;2;False;diaria;dea0d5f08b8c0f64_diario_derivado;;interna;horaria_agregada;media
2019-08-02;158.16666666666666;24;True;0;84100000;nivel;Epagri;;;2;False;diaria;dea0d5f08b8c0f64_diario_derivado;;interna;horaria_agregada;media
2019-08-03;158.33333333333334;24;True;0;84100000;nivel;Epagri;;;2;False;diaria;dea0d5f08b8c0f64_diario_derivado;;interna;horaria_agregada;media
2019-08-04;157.29166666666666;24;True;0;84100000;nivel;Epagri;;;2;False;diaria;dea0d5f08b8c0f64_diario_derivado;;interna;horaria_agregada;media
2019-08-05;157.45833333333334;24;True;0;84100000;nivel;Epagri;;;2;False;diaria;dea0d5f08b8c0f64_diario_derivado;;interna;horaria_agregada;media
2019-08-06;158.5;24;True;0;84100000;nivel;Epagri;;;2;False;diaria;dea0d5f08b8c0f64_diario_derivado;;interna;horaria_agregada;media
2019-08-07;159.5;24;True;0;84100000;nivel;Epagri;;;2;False;diaria;dea0d5f08b8c0f64_diario_derivado;;interna;horaria_agregada;media
2019-08-08;158.66666666666666;24;True;0;84100000;nivel;Epagri;;;2;False;diaria;dea0d5f08b8c0f64_diario_derivado;;interna;horaria_agregada;media
2019-08-09;158.25;24;True;0;84100000;nivel;Epagri;;;2;False;diaria;dea0d5f08b8c0f64_diario_derivado;;interna;horaria_agregada;media
2019-08-10;157.875;24;True;0;84100000;nivel;Epagri;;;2;False;diaria;dea0d5f08b8c0f64_diario_derivado;;interna;horaria_agregada;media
2019-08-11;156.91666666666666;24;True;0;84100000;nivel;Epagri;;;2;False;diaria;dea0d5f08b8c0f64_diario_derivado;;interna;horaria_agregada;media
2019-08-12;157.625;24;True;0;84100000;nivel;Epagri;;;2;False;diaria;dea0d5f08b8c0f64_diario_derivado;;interna;horaria_agregada;media
2019-08-13;156.91666666666666;24;True;0;84100000;nivel;Epagri;;;2;False;diaria;dea0d5f08b8c0f64_diario_derivado;;interna;horaria_agregada;media
2019-08-14;155.125;24;True;0;84100000;nivel;Epagri;;;2;False;diaria;dea0d5f08b8c0f64_diario_derivado;;interna;horaria_agregada;media
2019-08-15;155.79166666666666;24;True;0;84100000;nivel;Epagri;;;2;False;diaria;dea0d5f08b8c0f64_diario_derivado;;interna;horaria_agregada;media
2019-08-16;156.58333333333334;24;True;0;84100000;nivel;Epagri;;;2;False;diaria;dea0d5f08b8c0f64_diario_derivado;;interna;horaria_agregada;media
2019-08-17;156.25;24;True;0;84100000;nivel;Epagri;;;2;False;diaria;dea0d5f08b8c0f64_diario_derivado;;interna;horaria_agregada;media
2019-08-18;156.54166666666666;24;True;0;84100000;nivel;Epagri;;;2;False;diaria;dea0d5f08b8c0f64_diario_derivado;;interna;horaria_agregada;media
2019-08-19;164.08333333333334;24;True;0;84100000;nivel;Epagri;;;2;False;diaria;dea0d5f08b8c0f64_diario_derivado;;interna;horaria_agregada;media
2019-08-20;159.20833333333334;24;True;0;84100000;nivel;Epagri;;;2;False;diaria;dea0d5f08b8c0f64_diario_derivado;;interna;horaria_agregada;media
2019-08-21;157.25;24;True;0;84100000;nivel;Epagri;;;2;False;diaria;dea0d5f08b8c0f64_diario_derivado;;interna;horaria_agregada;media
2019-08-22;156.375;24;True;0;84100000;nivel;Epagri;;;2;False;diaria;dea0d5f08b8c0f64_diario_derivado;;interna;horaria_agregada;media
2019-08-23;157.25;24;True;0;84100000;nivel;Epagri;;;2;False;diaria;dea0d5f08b8c0f64_diario_derivado;;interna;horaria_agregada;media
2019-08-24;156.375;24;True;0;84100000;nivel;Epagri;;;2;False;diaria;dea0d5f08b8c0f64_diario_derivado;;interna;horaria_agregada;media
2019-08-25;155.875;24;True;0;84100000;nivel;Epagri;;;2;False;diaria;dea0d5f08b8c0f64_diario_derivado;;interna;horaria_agregada;media
2019-08-26;156.33333333333334;24;True;0;84100000;nivel;Epagri;;;2;False;diaria;dea0d5f08b8c0f64_diario_derivado;;interna;horaria_agregada;media
2019-08-27;158.25;24;True;0;84100000;nivel;Epagri;;;2;False;diaria;dea0d5f08b8c0f64_diario_derivado;;interna;horaria_agregada;media
2019-08-28;158.79166666666666;24;True;0;84100000;nivel;Epagri;;;2;False;diaria;dea0d5f08b8c0f64_diario_derivado;;interna;horaria_agregada;media
2019-08-29;157.375;24;True;0;84100000;nivel;Epagri;;;2;False;diaria;dea0d5f08b8c0f64_diario_derivado;;interna;horaria_agregada;media
2019-08-30;156.16666666666666;24;True;0;84100000;nivel;Epagri;;;2;False;diaria;dea0d5f08b8c0f64_diario_derivado;;interna;horaria_agregada;media
2019-08-31;155.79166666666666;24;True;0;84100000;nivel;Epagri;;;2;False;diaria;dea0d5f08b8c0f64_diario_derivado;;interna;horaria_agregada;media
2019-09-01;158.83333333333334;24;True;0;84100000;nivel;Epagri;;;2;False;diaria;dea0d5f08b8c0f64_diario_derivado;;interna;horaria_agregada;media
2019-09-02;158.54166666666666;24;True;0;84100000;nivel;Epagri;;;2;False;diaria;dea0d5f08b8c0f64_diario_derivado;;interna;horaria_agregada;media
2019-09-03;156.79166666666666;24;True;0;84100000;nivel;Epagri;;;2;False;diaria;dea0d5f08b8c0f64_diario_derivado;;interna;horaria_agregada;media
2019-09-04;155.91666666666666;24;True;0;84100000;nivel;Epagri;;;2;False;diaria;dea0d5f08b8c0f64_diario_derivado;;interna;horaria_agregada;media
2019-09-05;154.91666666666666;24;True;0;84100000;nivel;Epagri;;;2;False;diaria;dea0d5f08b8c0f64_diario_derivado;;interna;horaria_agregada;media
2019-09-06;156.95833333333334;24;True;0;84100000;nivel;Epagri;;;2;False;diaria;dea0d5f08b8c0f64_diario_derivado;;interna;horaria_agregada;media
2019-09-07;168.16666666666666;24;True;0;84100000;nivel;Epagri;;;2;False;diaria;dea0d5f08b8c0f64_diario_derivado;;interna;horaria_agregada;media
2019-09-08;160.08333333333334;24;True;0;84100000;nivel;Epagri;;;2;False;diaria;dea0d5f08b8c0f64_diario_derivado;;interna;horaria_agregada;media
2019-09-09;157.79166666666666;24;True;0;84100000;nivel;Epagri;;;2;False;diaria;dea0d5f08b8c0f64_diario_derivado;;interna;horaria_agregada;media
2019-09-10;156.29166666666666;24;True;0;84100000;nivel;Epagri;;;2;False;diaria;dea0d5f08b8c0f64_diario_derivado;;interna;horaria_agregada;media
2019-09-11;155.54166666666666;24;True;0;84100000;nivel;Epagri;;;2;False;diaria;dea0d5f08b8c0f64_diario_derivado;;interna;horaria_agregada;media
2019-09-12;155.125;24;True;0;84100000;nivel;Epagri;;;2;False;diaria;dea0d5f08b8c0f64_diario_derivado;;interna;horaria_agregada;media
2019-09-13;154.91666666666666;24;True;0;84100000;nivel;Epagri;;;2;False;diaria;dea0d5f08b8c0f64_diario_derivado;;interna;horaria_agregada;media
2019-09-14;155.25;24;True;0;84100000;nivel;Epagri;;;2;False;diaria;dea0d5f08b8c0f64_diario_derivado;;interna;horaria_agregada;media
2019-09-15;156.45833333333334;24;True;0;84100000;nivel;Epagri;;;2;False;diaria;dea0d5f08b8c0f64_diario_derivado;;interna;horaria_agregada;media
2019-09-16;155.75;24;True;0;84100000;nivel;Epagri;;;2;False;diaria;dea0d5f08b8c0f64_diario_derivado;;interna;horaria_agregada;media
2019-09-17;154.625;24;True;0;84100000;nivel;Epagri;;;2;False;diaria;dea0d5f08b8c0f64_diario_derivado;;interna;horaria_agregada;media
2019-09-18;155.45833333333334;24;True;0;84100000;nivel;Epagri;;;2;False;diaria;dea0d5f08b8c0f64_diario_derivado;;interna;horaria_agregada;media
2019-09-19;159.91666666666666;24;True;0;84100000;nivel;Epagri;;;2;False;diaria;dea0d5f08b8c0f64_diario_derivado;;interna;horaria_agregada;media
2019-09-20;168.375;24;True;0;84100000;nivel;Epagri;;;2;False;diaria;dea0d5f08b8c0f64_diario_derivado;;interna;horaria_agregada;media
2019-09-21;161.20833333333334;24;True;0;84100000;nivel;Epagri;;;2;False;diaria;dea0d5f08b8c0f64_diario_derivado;;interna;horaria_agregada;media
2019-09-22;157.75;24;True;0;84100000;nivel;Epagri;;;2;False;diaria;dea0d5f08b8c0f64_diario_derivado;;interna;horaria_agregada;media
2019-09-23;154.95833333333334;24;True;0;84100000;nivel;Epagri;;;2;False;diaria;dea0d5f08b8c0f64_diario_derivado;;interna;horaria_agregada;media
2019-09-24;154.58333333333334;24;True;0;84100000;nivel;Epagri;;;2;False;diaria;dea0d5f08b8c0f64_diario_derivado;;interna;horaria_agregada;media
2019-09-25;155.33333333333334;24;True;0;84100000;nivel;Epagri;;;2;False;diaria;dea0d5f08b8c0f64_diario_derivado;;interna;horaria_agregada;media
2019-09-26;155.25;24;True;0;84100000;nivel;Epagri;;;2;False;diaria;dea0d5f08b8c0f64_diario_derivado;;interna;horaria_agregada;media
2019-09-27;155.125;24;True;0;84100000;nivel;Epagri;;;2;False;diaria;dea0d5f08b8c0f64_diario_derivado;;interna;horaria_agregada;media
2019-09-28;154.0;24;True;0;84100000;nivel;Epagri;;;2;False;diaria;dea0d5f08b8c0f64_diario_derivado;;interna;horaria_agregada;media
2019-09-29;153.875;24;True;0;84100000;nivel;Epagri;;;2;False;diaria;dea0d5f08b8c0f64_diario_derivado;;interna;horaria_agregada;media
2019-09-30;153.75;24;True;0;84100000;nivel;Epagri;;;2;False;diaria;dea0d5f08b8c0f64_diario_derivado;;interna;horaria_agregada;media
2019-10-01;155.16666666666666;24;True;0;84100000;nivel;Epagri;;;2;False;diaria;dea0d5f08b8c0f64_diario_derivado;;interna;horaria_agregada;media
2019-10-02;154.75;24;True;0;84100000;nivel;Epagri;;;2;False;diaria;dea0d5f08b8c0f64_diario_derivado;;interna;horaria_agregada;media
2019-10-03;154.0;24;True;0;84100000;nivel;Epagri;;;2;False;diaria;dea0d5f08b8c0f64_diario_derivado;;interna;horaria_agregada;media
2019-10-04;154.5;24;True;0;84100000;nivel;Epagri;;;2;False;diaria;dea0d5f08b8c0f64_diario_derivado;;interna;horaria_agregada;media
2019-10-05;154.41666666666666;24;True;0;84100000;nivel;Epagri;;;2;False;diaria;dea0d5f08b8c0f64_diario_derivado;;interna;horaria_agregada;media
2019-10-06;160.45833333333334;24;True;0;84100000;nivel;Epagri;;;2;False;diaria;dea0d5f08b8c0f64_diario_derivado;;interna;horaria_agregada;media
2019-10-07;161.20833333333334;24;True;0;84100000;nivel;Epagri;;;2;False;diaria;dea0d5f08b8c0f64_diario_derivado;;interna;horaria_agregada;media
2019-10-08;156.79166666666666;24;True;0;84100000;nivel;Epagri;;;2;False;diaria;dea0d5f08b8c0f64_diario_derivado;;interna;horaria_agregada;media
2019-10-09;156.5;24;True;0;84100000;nivel;Epagri;;;2;False;diaria;dea0d5f08b8c0f64_diario_derivado;;interna;horaria_agregada;media
2019-10-10;155.16666666666666;24;True;0;84100000;nivel;Epagri;;;2;False;diaria;dea0d5f08b8c0f64_diario_derivado;;interna;horaria_agregada;media
2019-10-11;153.875;24;True;0;84100000;nivel;Epagri;;;2;False;diaria;dea0d5f08b8c0f64_diario_derivado;;interna;horaria_agregada;media
2019-10-12;153.5;24;True;0;84100000;nivel;Epagri;;;2;False;diaria;dea0d5f08b8c0f64_diario_derivado;;interna;horaria_agregada;media
2019-10-13;153.625;24;True;0;84100000;nivel;Epagri;;;2;False;diaria;dea0d5f08b8c0f64_diario_derivado;;interna;horaria_agregada;media
2019-10-14;160.70833333333334;24;True;0;84100000;nivel;Epagri;;;2;False;diaria;dea0d5f08b8c0f64_diario_derivado;;interna;horaria_agregada;media
2019-10-15;156.66666666666666;24;True;0;84100000;nivel;Epagri;;;2;False;diaria;dea0d5f08b8c0f64_diario_derivado;;interna;horaria_agregada;media
2019-10-16;157.5;24;True;0;84100000;nivel;Epagri;;;2;False;diaria;dea0d5f08b8c0f64_diario_derivado;;interna;horaria_agregada;media
2019-10-17;182.70833333333334;24;True;0;84100000;nivel;Epagri;;;2;False;diaria;dea0d5f08b8c0f64_diario_derivado;;interna;horaria_agregada;media
2019-10-18;177.875;24;True;0;84100000;nivel;Epagri;;;2;False;diaria;dea0d5f08b8c0f64_diario_derivado;;interna;horaria_agregada;media
2019-10-19;167.25;24;True;0;84100000;nivel;Epagri;;;2;False;diaria;dea0d5f08b8c0f64_diario_derivado;;interna;horaria_agregada;media
2019-10-20;158.41666666666666;24;True;0;84100000;nivel;Epagri;;;2;False;diaria;dea0d5f08b8c0f64_diario_derivado;;interna;horaria_agregada;media
2019-10-21;156.45833333333334;24;True;0;84100000;nivel;Epagri;;;2;False;diaria;dea0d5f08b8c0f64_diario_derivado;;interna;horaria_agregada;media
2019-10-22;156.83333333333334;24;True;0;84100000;nivel;Epagri;;;2;False;diaria;dea0d5f08b8c0f64_diario_derivado;;interna;horaria_agregada;media
2019-10-23;155.16666666666666;24;True;0;84100000;nivel;Epagri;;;2;False;diaria;dea0d5f08b8c0f64_diario_derivado;;interna;horaria_agregada;media
2019-10-24;154.91666666666666;24;True;0;84100000;nivel;Epagri;;;2;False;diaria;dea0d5f08b8c0f64_diario_derivado;;interna;horaria_agregada;media
2019-10-25;157.0;24;True;0;84100000;nivel;Epagri;;;2;False;diaria;dea0d5f08b8c0f64_diario_derivado;;interna;horaria_agregada;media
2019-10-26;165.04166666666666;24;True;0;84100000;nivel;Epagri;;;2;False;diaria;dea0d5f08b8c0f64_diario_derivado;;interna;horaria_agregada;media
2019-10-27;158.91666666666666;24;True;0;84100000;nivel;Epagri;;;2;False;diaria;dea0d5f08b8c0f64_diario_derivado;;interna;horaria_agregada;media
2019-10-28;203.20833333333334;24;True;0;84100000;nivel;Epagri;;;2;False;diaria;dea0d5f08b8c0f64_diario_derivado;;interna;horaria_agregada;media
2019-10-29;171.91666666666666;24;True;0;84100000;nivel;Epagri;;;2;False;diaria;dea0d5f08b8c0f64_diario_derivado;;interna;horaria_agregada;media
2019-10-30;162.29166666666666;24;True;0;84100000;nivel;Epagri;;;2;False;diaria;dea0d5f08b8c0f64_diario_derivado;;interna;horaria_agregada;media
2019-10-31;165.91666666666666;24;True;0;84100000;nivel;Epagri;;;2;False;diaria;dea0d5f08b8c0f64_diario_derivado;;interna;horaria_agregada;media
2019-11-01;164.29166666666666;24;True;0;84100000;nivel;Epagri;;;2;False;diaria;dea0d5f08b8c0f64_diario_derivado;;interna;horaria_agregada;media
2019-11-02;173.625;24;True;0;84100000;nivel;Epagri;;;2;False;diaria;dea0d5f08b8c0f64_diario_derivado;;interna;horaria_agregada;media
2019-11-03;164.54166666666666;24;True;0;84100000;nivel;Epagri;;;2;False;diaria;dea0d5f08b8c0f64_diario_derivado;;interna;horaria_agregada;media
2019-11-04;164.45833333333334;24;True;0;84100000;nivel;Epagri;;;2;False;diaria;dea0d5f08b8c0f64_diario_derivado;;interna;horaria_agregada;media
2019-11-05;201.20833333333334;24;True;0;84100000;nivel;Epagri;;;2;False;diaria;dea0d5f08b8c0f64_diario_derivado;;interna;horaria_agregada;media
2019-11-06;173.79166666666666;24;True;0;84100000;nivel;Epagri;;;2;False;diaria;dea0d5f08b8c0f64_diario_derivado;;interna;horaria_agregada;media
2019-11-07;164.04166666666666;24;True;0;84100000;nivel;Epagri;;;2;False;diaria;dea0d5f08b8c0f64_diario_derivado;;interna;horaria_agregada;media
2019-11-08;163.95833333333334;24;True;0;84100000;nivel;Epagri;;;2;False;diaria;dea0d5f08b8c0f64_diario_derivado;;interna;horaria_agregada;media
2019-11-09;161.29166666666666;24;True;0;84100000;nivel;Epagri;;;2;False;diaria;dea0d5f08b8c0f64_diario_derivado;;interna;horaria_agregada;media
2019-11-10;176.125;24;True;0;84100000;nivel;Epagri;;;2;False;diaria;dea0d5f08b8c0f64_diario_derivado;;interna;horaria_agregada;media
2019-11-11;254.875;24;True;0;84100000;nivel;Epagri;;;2;False;diaria;dea0d5f08b8c0f64_diario_derivado;;interna;horaria_agregada;media
2019-11-12;197.08333333333334;24;True;0;84100000;nivel;Epagri;;;2;False;diaria;dea0d5f08b8c0f64_diario_derivado;;interna;horaria_agregada;media
2019-11-13;225.875;24;True;0;84100000;nivel;Epagri;;;2;False;diaria;dea0d5f08b8c0f64_diario_derivado;;interna;horaria_agregada;media
2019-11-14;248.375;24;True;0;84100000;nivel;Epagri;;;2;False;diaria;dea0d5f08b8c0f64_diario_derivado;;interna;horaria_agregada;media
2019-11-15;200.95833333333334;24;True;0;84100000;nivel;Epagri;;;2;False;diaria;dea0d5f08b8c0f64_diario_derivado;;interna;horaria_agregada;media
2019-11-16;179.91666666666666;24;True;0;84100000;nivel;Epagri;;;2;False;diaria;dea0d5f08b8c0f64_diario_derivado;;interna;horaria_agregada;media
2019-11-17;173.125;24;True;0;84100000;nivel;Epagri;;;2;False;diaria;dea0d5f08b8c0f64_diario_derivado;;interna;horaria_agregada;media
2019-11-18;169.58333333333334;24;True;0;84100000;nivel;Epagri;;;2;False;diaria;dea0d5f08b8c0f64_diario_derivado;;interna;horaria_agregada;media
2019-11-19;166.875;24;True;0;84100000;nivel;Epagri;;;2;False;diaria;dea0d5f08b8c0f64_diario_derivado;;interna;horaria_agregada;media
2019-11-20;165.29166666666666;24;True;0;84100000;nivel;Epagri;;;2;False;diaria;dea0d5f08b8c0f64_diario_derivado;;interna;horaria_agregada;media
2019-11-21;164.70833333333334;24;True;0;84100000;nivel;Epagri;;;2;False;diaria;dea0d5f08b8c0f64_diario_derivado;;interna;horaria_agregada;media
2019-11-22;163.375;24;True;0;84100000;nivel;Epagri;;;2;False;diaria;dea0d5f08b8c0f64_diario_derivado;;interna;horaria_agregada;media
2019-11-23;161.41666666666666;24;True;0;84100000;nivel;Epagri;;;2;False;diaria;dea0d5f08b8c0f64_diario_derivado;;interna;horaria_agregada;media
2019-11-24;160.66666666666666;24;True;0;84100000;nivel;Epagri;;;2;False;diaria;dea0d5f08b8c0f64_diario_derivado;;interna;horaria_agregada;media
2019-11-25;159.79166666666666;24;True;0;84100000;nivel;Epagri;;;2;False;diaria;dea0d5f08b8c0f64_diario_derivado;;interna;horaria_agregada;media
2019-11-26;158.875;24;True;0;84100000;nivel;Epagri;;;2;False;diaria;dea0d5f08b8c0f64_diario_derivado;;interna;horaria_agregada;media
2019-11-27;165.08333333333334;24;True;0;84100000;nivel;Epagri;;;2;False;diaria;dea0d5f08b8c0f64_diario_derivado;;interna;horaria_agregada;media
2019-11-28;162.54166666666666;24;True;0;84100000;nivel;Epagri;;;2;False;diaria;dea0d5f08b8c0f64_diario_derivado;;interna;horaria_agregada;media
2019-11-29;159.04166666666666;24;True;0;84100000;nivel;Epagri;;;2;False;diaria;dea0d5f08b8c0f64_diario_derivado;;interna;horaria_agregada;media
2019-11-30;158.5;24;True;0;84100000;nivel;Epagri;;;2;False;diaria;dea0d5f08b8c0f64_diario_derivado;;interna;horaria_agregada;media
2019-12-01;157.875;24;True;0;84100000;nivel;Epagri;;;2;False;diaria;dea0d5f08b8c0f64_diario_derivado;;interna;horaria_agregada;media
2019-12-02;159.20833333333334;24;True;0;84100000;nivel;Epagri;;;2;False;diaria;dea0d5f08b8c0f64_diario_derivado;;interna;horaria_agregada;media
2019-12-03;156.75;24;True;0;84100000;nivel;Epagri;;;2;False;diaria;dea0d5f08b8c0f64_diario_derivado;;interna;horaria_agregada;media
2019-12-04;156.29166666666666;24;True;0;84100000;nivel;Epagri;;;2;False;diaria;dea0d5f08b8c0f64_diario_derivado;;interna;horaria_agregada;media
2019-12-05;161.45833333333334;24;True;0;84100000;nivel;Epagri;;;2;False;diaria;dea0d5f08b8c0f64_diario_derivado;;interna;horaria_agregada;media
2019-12-06;162.375;24;True;0;84100000;nivel;Epagri;;;2;False;diaria;dea0d5f08b8c0f64_diario_derivado;;interna;horaria_agregada;media
2019-12-07;156.875;24;True;0;84100000;nivel;Epagri;;;2;False;diaria;dea0d5f08b8c0f64_diario_derivado;;interna;horaria_agregada;media
2019-12-08;155.79166666666666;24;True;0;84100000;nivel;Epagri;;;2;False;diaria;dea0d5f08b8c0f64_diario_derivado;;interna;horaria_agregada;media
2019-12-09;155.54166666666666;24;True;0;84100000;nivel;Epagri;;;2;False;diaria;dea0d5f08b8c0f64_diario_derivado;;interna;horaria_agregada;media
2019-12-10;155.95833333333334;24;True;0;84100000;nivel;Epagri;;;2;False;diaria;dea0d5f08b8c0f64_diario_derivado;;interna;horaria_agregada;media
2019-12-11;155.125;24;True;0;84100000;nivel;Epagri;;;2;False;diaria;dea0d5f08b8c0f64_diario_derivado;;interna;horaria_agregada;media
2019-12-12;155.25;24;True;0;84100000;nivel;Epagri;;;2;False;diaria;dea0d5f08b8c0f64_diario_derivado;;interna;horaria_agregada;media
2019-12-13;157.29166666666666;24;True;0;84100000;nivel;Epagri;;;2;False;diaria;dea0d5f08b8c0f64_diario_derivado;;interna;horaria_agregada;media
2019-12-14;154.5;24;True;0;84100000;nivel;Epagri;;;2;False;diaria;dea0d5f08b8c0f64_diario_derivado;;interna;horaria_agregada;media
2019-12-15;156.29166666666666;24;True;0;84100000;nivel;Epagri;;;2;False;diaria;dea0d5f08b8c0f64_diario_derivado;;interna;horaria_agregada;media
2019-12-16;158.54166666666666;24;True;0;84100000;nivel;Epagri;;;2;False;diaria;dea0d5f08b8c0f64_diario_derivado;;interna;horaria_agregada;media
2019-12-17;163.70833333333334;24;True;0;84100000;nivel;Epagri;;;2;False;diaria;dea0d5f08b8c0f64_diario_derivado;;interna;horaria_agregada;media
2019-12-18;173.125;24;True;0;84100000;nivel;Epagri;;;2;False;diaria;dea0d5f08b8c0f64_diario_derivado;;interna;horaria_agregada;media
2019-12-19;160.70833333333334;24;True;0;84100000;nivel;Epagri;;;2;False;diaria;dea0d5f08b8c0f64_diario_derivado;;interna;horaria_agregada;media
2019-12-20;158.04166666666666;24;True;0;84100000;nivel;Epagri;;;2;False;diaria;dea0d5f08b8c0f64_diario_derivado;;interna;horaria_agregada;media
2019-12-21;156.95833333333334;24;True;0;84100000;nivel;Epagri;;;2;False;diaria;dea0d5f08b8c0f64_diario_derivado;;interna;horaria_agregada;media
2019-12-22;158.125;24;True;0;84100000;nivel;Epagri;;;2;False;diaria;dea0d5f08b8c0f64_diario_derivado;;interna;horaria_agregada;media
2019-12-23;155.625;24;True;0;84100000;nivel;Epagri;;;2;False;diaria;dea0d5f08b8c0f64_diario_derivado;;interna;horaria_agregada;media
2019-12-24;154.45833333333334;24;True;0;84100000;nivel;Epagri;;;2;False;diaria;dea0d5f08b8c0f64_diario_derivado;;interna;horaria_agregada;media
2019-12-25;154.08333333333334;24;True;0;84100000;nivel;Epagri;;;2;False;diaria;dea0d5f08b8c0f64_diario_derivado;;interna;horaria_agregada;media
2019-12-26;164.66666666666666;24;True;0;84100000;nivel;Epagri;;;2;False;diaria;dea0d5f08b8c0f64_diario_derivado;;interna;horaria_agregada;media
2019-12-27;156.91666666666666;24;True;0;84100000;nivel;Epagri;;;2;False;diaria;dea0d5f08b8c0f64_diario_derivado;;interna;horaria_agregada;media
2019-12-28;154.125;24;True;0;84100000;nivel;Epagri;;;2;False;diaria;dea0d5f08b8c0f64_diario_derivado;;interna;horaria_agregada;media
2019-12-29;153.33333333333334;24;True;0;84100000;nivel;Epagri;;;2;False;diaria;dea0d5f08b8c0f64_diario_derivado;;interna;horaria_agregada;media
2019-12-30;152.83333333333334;24;True;0;84100000;nivel;Epagri;;;2;False;diaria;dea0d5f08b8c0f64_diario_derivado;;interna;horaria_agregada;media
2019-12-31;152.33333333333334;24;True;0;84100000;nivel;Epagri;;;2;False;diaria;dea0d5f08b8c0f64_diario_derivado;;interna;horaria_agregada;media
2020-01-01;154.04166666666666;24;True;0;84100000;nivel;Epagri;;;2;False;diaria;dea0d5f08b8c0f64_diario_derivado;;interna;horaria_agregada;media
2020-01-02;165.70833333333334;24;True;0;84100000;nivel;Epagri;;;2;False;diaria;dea0d5f08b8c0f64_diario_derivado;;interna;horaria_agregada;media
2020-01-03;157.08333333333334;24;True;0;84100000;nivel;Epagri;;;2;False;diaria;dea0d5f08b8c0f64_diario_derivado;;interna;horaria_agregada;media
2020-01-04;;23;False;0;84100000;nivel;Epagri;;;2;False;diaria;dea0d5f08b8c0f64_diario_derivado;;interna;horaria_agregada;media
2020-01-05;;20;False;0;84100000;nivel;Epagri;;;2;False;diaria;dea0d5f08b8c0f64_diario_derivado;;interna;horaria_agregada;media
2020-01-06;159.08333333333334;24;True;0;84100000;nivel;Epagri;;;2;False;diaria;dea0d5f08b8c0f64_diario_derivado;;interna;horaria_agregada;media
2020-01-07;156.45833333333334;24;True;0;84100000;nivel;Epagri;;;2;False;diaria;dea0d5f08b8c0f64_diario_derivado;;interna;horaria_agregada;media
2020-01-08;157.66666666666666;24;True;0;84100000;nivel;Epagri;;;2;False;diaria;dea0d5f08b8c0f64_diario_derivado;;interna;horaria_agregada;media
2020-01-09;158.54166666666666;24;True;0;84100000;nivel;Epagri;;;2;False;diaria;dea0d5f08b8c0f64_diario_derivado;;interna;horaria_agregada;media
2020-01-10;157.375;24;True;0;84100000;nivel;Epagri;;;2;False;diaria;dea0d5f08b8c0f64_diario_derivado;;interna;horaria_agregada;media
2020-01-11;210.125;24;True;0;84100000;nivel;Epagri;;;2;False;diaria;dea0d5f08b8c0f64_diario_derivado;;interna;horaria_agregada;media
2020-01-12;167.875;24;True;0;84100000;nivel;Epagri;;;2;False;diaria;dea0d5f08b8c0f64_diario_derivado;;interna;horaria_agregada;media
2020-01-13;160.125;24;True;0;84100000;nivel;Epagri;;;2;False;diaria;dea0d5f08b8c0f64_diario_derivado;;interna;horaria_agregada;media
2020-01-14;157.5;24;True;0;84100000;nivel;Epagri;;;2;False;diaria;dea0d5f08b8c0f64_diario_derivado;;interna;horaria_agregada;media
2020-01-15;156.08333333333334;24;True;0;84100000;nivel;Epagri;;;2;False;diaria;dea0d5f08b8c0f64_diario_derivado;;interna;horaria_agregada;media
2020-01-16;155.58333333333334;24;True;0;84100000;nivel;Epagri;;;2;False;diaria;dea0d5f08b8c0f64_diario_derivado;;interna;horaria_agregada;media
2020-01-17;155.33333333333334;24;True;0;84100000;nivel;Epagri;;;2;False;diaria;dea0d5f08b8c0f64_diario_derivado;;interna;horaria_agregada;media
2020-01-18;154.08333333333334;24;True;0;84100000;nivel;Epagri;;;2;False;diaria;dea0d5f08b8c0f64_diario_derivado;;interna;horaria_agregada;media
2020-01-19;154.16666666666666;24;True;0;84100000;nivel;Epagri;;;2;False;diaria;dea0d5f08b8c0f64_diario_derivado;;interna;horaria_agregada;media
2020-01-20;153.75;24;True;0;84100000;nivel;Epagri;;;2;False;diaria;dea0d5f08b8c0f64_diario_derivado;;interna;horaria_agregada;media
2020-01-21;153.58333333333334;24;True;0;84100000;nivel;Epagri;;;2;False;diaria;dea0d5f08b8c0f64_diario_derivado;;interna;horaria_agregada;media
2020-01-22;154.25;24;True;0;84100000;nivel;Epagri;;;2;False;diaria;dea0d5f08b8c0f64_diario_derivado;;interna;horaria_agregada;media
2020-01-23;167.0;24;True;0;84100000;nivel;Epagri;;;2;False;diaria;dea0d5f08b8c0f64_diario_derivado;;interna;horaria_agregada;media
2020-01-24;179.45833333333334;24;True;0;84100000;nivel;Epagri;;;2;False;diaria;dea0d5f08b8c0f64_diario_derivado;;interna;horaria_agregada;media
2020-01-25;164.04166666666666;24;True;0;84100000;nivel;Epagri;;;2;False;diaria;dea0d5f08b8c0f64_diario_derivado;;interna;horaria_agregada;media
2020-01-26;157.54166666666666;24;True;0;84100000;nivel;Epagri;;;2;False;diaria;dea0d5f08b8c0f64_diario_derivado;;interna;horaria_agregada;media
2020-01-27;163.91666666666666;24;True;0;84100000;nivel;Epagri;;;2;False;diaria;dea0d5f08b8c0f64_diario_derivado;;interna;horaria_agregada;media
2020-01-28;170.58333333333334;24;True;0;84100000;nivel;Epagri;;;2;False;diaria;dea0d5f08b8c0f64_diario_derivado;;interna;horaria_agregada;media
2020-01-29;159.0;24;True;0;84100000;nivel;Epagri;;;2;False;diaria;dea0d5f08b8c0f64_diario_derivado;;interna;horaria_agregada;media
2020-01-30;160.91666666666666;24;True;0;84100000;nivel;Epagri;;;2;False;diaria;dea0d5f08b8c0f64_diario_derivado;;interna;horaria_agregada;media
2020-01-31;157.91666666666666;24;True;0;84100000;nivel;Epagri;;;2;False;diaria;dea0d5f08b8c0f64_diario_derivado;;interna;horaria_agregada;media
2020-02-01;155.66666666666666;24;True;0;84100000;nivel;Epagri;;;2;False;diaria;dea0d5f08b8c0f64_diario_derivado;;interna;horaria_agregada;media
2020-02-02;154.45833333333334;24;True;0;84100000;nivel;Epagri;;;2;False;diaria;dea0d5f08b8c0f64_diario_derivado;;interna;horaria_agregada;media
2020-02-03;157.20833333333334;24;True;0;84100000;nivel;Epagri;;;2;False;diaria;dea0d5f08b8c0f64_diario_derivado;;interna;horaria_agregada;media
2020-02-04;167.45833333333334;24;True;0;84100000;nivel;Epagri;;;2;False;diaria;dea0d5f08b8c0f64_diario_derivado;;interna;horaria_agregada;media
2020-02-05;203.79166666666666;24;True;0;84100000;nivel;Epagri;;;2;False;diaria;dea0d5f08b8c0f64_diario_derivado;;interna;horaria_agregada;media
2020-02-06;213.0;24;True;0;84100000;nivel;Epagri;;;2;False;diaria;dea0d5f08b8c0f64_diario_derivado;;interna;horaria_agregada;media
2020-02-07;301.125;24;True;0;84100000;nivel;Epagri;;;2;False;diaria;dea0d5f08b8c0f64_diario_derivado;;interna;horaria_agregada;media
2020-02-08;301.25;24;True;0;84100000;nivel;Epagri;;;2;False;diaria;dea0d5f08b8c0f64_diario_derivado;;interna;horaria_agregada;media
2020-02-09;212.125;24;True;0;84100000;nivel;Epagri;;;2;False;diaria;dea0d5f08b8c0f64_diario_derivado;;interna;horaria_agregada;media
2020-02-10;192.91666666666666;24;True;0;84100000;nivel;Epagri;;;2;False;diaria;dea0d5f08b8c0f64_diario_derivado;;interna;horaria_agregada;media
2020-02-11;180.25;24;True;0;84100000;nivel;Epagri;;;2;False;diaria;dea0d5f08b8c0f64_diario_derivado;;interna;horaria_agregada;media
2020-02-12;179.5;24;True;0;84100000;nivel;Epagri;;;2;False;diaria;dea0d5f08b8c0f64_diario_derivado;;interna;horaria_agregada;media
2020-02-13;175.04166666666666;24;True;0;84100000;nivel;Epagri;;;2;False;diaria;dea0d5f08b8c0f64_diario_derivado;;interna;horaria_agregada;media
2020-02-14;171.08333333333334;24;True;0;84100000;nivel;Epagri;;;2;False;diaria;dea0d5f08b8c0f64_diario_derivado;;interna;horaria_agregada;media
2020-02-15;169.16666666666666;24;True;0;84100000;nivel;Epagri;;;2;False;diaria;dea0d5f08b8c0f64_diario_derivado;;interna;horaria_agregada;media
2020-02-16;167.41666666666666;24;True;0;84100000;nivel;Epagri;;;2;False;diaria;dea0d5f08b8c0f64_diario_derivado;;interna;horaria_agregada;media
2020-02-17;166.375;24;True;0;84100000;nivel;Epagri;;;2;False;diaria;dea0d5f08b8c0f64_diario_derivado;;interna;horaria_agregada;media
2020-02-18;165.25;24;True;0;84100000;nivel;Epagri;;;2;False;diaria;dea0d5f08b8c0f64_diario_derivado;;interna;horaria_agregada;media
2020-02-19;167.20833333333334;24;True;0;84100000;nivel;Epagri;;;2;False;diaria;dea0d5f08b8c0f64_diario_derivado;;interna;horaria_agregada;media
2020-02-20;171.08333333333334;24;True;0;84100000;nivel;Epagri;;;2;False;diaria;dea0d5f08b8c0f64_diario_derivado;;interna;horaria_agregada;media
2020-02-21;163.875;24;True;0;84100000;nivel;Epagri;;;2;False;diaria;dea0d5f08b8c0f64_diario_derivado;;interna;horaria_agregada;media
2020-02-22;162.25;24;True;0;84100000;nivel;Epagri;;;2;False;diaria;dea0d5f08b8c0f64_diario_derivado;;interna;horaria_agregada;media
2020-02-23;160.75;24;True;0;84100000;nivel;Epagri;;;2;False;diaria;dea0d5f08b8c0f64_diario_derivado;;interna;horaria_agregada;media
2020-02-24;160.875;24;True;0;84100000;nivel;Epagri;;;2;False;diaria;dea0d5f08b8c0f64_diario_derivado;;interna;horaria_agregada;media
2020-02-25;160.75;24;True;0;84100000;nivel;Epagri;;;2;False;diaria;dea0d5f08b8c0f64_diario_derivado;;interna;horaria_agregada;media
2020-02-26;194.625;24;True;0;84100000;nivel;Epagri;;;2;False;diaria;dea0d5f08b8c0f64_diario_derivado;;interna;horaria_agregada;media
2020-02-27;173.0;24;True;0;84100000;nivel;Epagri;;;2;False;diaria;dea0d5f08b8c0f64_diario_derivado;;interna;horaria_agregada;media
2020-02-28;163.91666666666666;24;True;0;84100000;nivel;Epagri;;;2;False;diaria;dea0d5f08b8c0f64_diario_derivado;;interna;horaria_agregada;media
2020-02-29;161.70833333333334;24;True;0;84100000;nivel;Epagri;;;2;False;diaria;dea0d5f08b8c0f64_diario_derivado;;interna;horaria_agregada;media
2020-03-01;161.33333333333334;24;True;0;84100000;nivel;Epagri;;;2;False;diaria;dea0d5f08b8c0f64_diario_derivado;;interna;horaria_agregada;media
2020-03-02;163.95833333333334;24;True;0;84100000;nivel;Epagri;;;2;False;diaria;dea0d5f08b8c0f64_diario_derivado;;interna;horaria_agregada;media
2020-03-03;163.29166666666666;24;True;0;84100000;nivel;Epagri;;;2;False;diaria;dea0d5f08b8c0f64_diario_derivado;;interna;horaria_agregada;media
2020-03-04;164.0;24;True;0;84100000;nivel;Epagri;;;2;False;diaria;dea0d5f08b8c0f64_diario_derivado;;interna;horaria_agregada;media
2020-03-05;160.875;24;True;0;84100000;nivel;Epagri;;;2;False;diaria;dea0d5f08b8c0f64_diario_derivado;;interna;horaria_agregada;media
2020-03-06;159.33333333333334;24;True;0;84100000;nivel;Epagri;;;2;False;diaria;dea0d5f08b8c0f64_diario_derivado;;interna;horaria_agregada;media
2020-03-07;159.41666666666666;24;True;0;84100000;nivel;Epagri;;;2;False;diaria;dea0d5f08b8c0f64_diario_derivado;;interna;horaria_agregada;media
2020-03-08;158.91666666666666;24;True;0;84100000;nivel;Epagri;;;2;False;diaria;dea0d5f08b8c0f64_diario_derivado;;interna;horaria_agregada;media
2020-03-09;158.25;24;True;0;84100000;nivel;Epagri;;;2;False;diaria;dea0d5f08b8c0f64_diario_derivado;;interna;horaria_agregada;media
2020-03-10;157.625;24;True;0;84100000;nivel;Epagri;;;2;False;diaria;dea0d5f08b8c0f64_diario_derivado;;interna;horaria_agregada;media
2020-03-11;157.08333333333334;24;True;0;84100000;nivel;Epagri;;;2;False;diaria;dea0d5f08b8c0f64_diario_derivado;;interna;horaria_agregada;media
2020-03-12;156.79166666666666;24;True;0;84100000;nivel;Epagri;;;2;False;diaria;dea0d5f08b8c0f64_diario_derivado;;interna;horaria_agregada;media
2020-03-13;156.54166666666666;24;True;0;84100000;nivel;Epagri;;;2;False;diaria;dea0d5f08b8c0f64_diario_derivado;;interna;horaria_agregada;media
2020-03-14;156.04166666666666;24;True;0;84100000;nivel;Epagri;;;2;False;diaria;dea0d5f08b8c0f64_diario_derivado;;interna;horaria_agregada;media
2020-03-15;155.66666666666666;24;True;0;84100000;nivel;Epagri;;;2;False;diaria;dea0d5f08b8c0f64_diario_derivado;;interna;horaria_agregada;media
2020-03-16;155.45833333333334;24;True;0;84100000;nivel;Epagri;;;2;False;diaria;dea0d5f08b8c0f64_diario_derivado;;interna;horaria_agregada;media
2020-03-17;157.75;24;True;0;84100000;nivel;Epagri;;;2;False;diaria;dea0d5f08b8c0f64_diario_derivado;;interna;horaria_agregada;media
2020-03-18;157.54166666666666;24;True;0;84100000;nivel;Epagri;;;2;False;diaria;dea0d5f08b8c0f64_diario_derivado;;interna;horaria_agregada;media
2020-03-19;158.08333333333334;24;True;0;84100000;nivel;Epagri;;;2;False;diaria;dea0d5f08b8c0f64_diario_derivado;;interna;horaria_agregada;media
2020-03-20;156.33333333333334;24;True;0;84100000;nivel;Epagri;;;2;False;diaria;dea0d5f08b8c0f64_diario_derivado;;interna;horaria_agregada;media
2020-03-21;154.75;24;True;0;84100000;nivel;Epagri;;;2;False;diaria;dea0d5f08b8c0f64_diario_derivado;;interna;horaria_agregada;media
2020-03-22;154.75;24;True;0;84100000;nivel;Epagri;;;2;False;diaria;dea0d5f08b8c0f64_diario_derivado;;interna;horaria_agregada;media
2020-03-23;157.91666666666666;24;True;0;84100000;nivel;Epagri;;;2;False;diaria;dea0d5f08b8c0f64_diario_derivado;;interna;horaria_agregada;media
2020-03-24;155.83333333333334;24;True;0;84100000;nivel;Epagri;;;2;False;diaria;dea0d5f08b8c0f64_diario_derivado;;interna;horaria_agregada;media
2020-03-25;155.04166666666666;24;True;0;84100000;nivel;Epagri;;;2;False;diaria;dea0d5f08b8c0f64_diario_derivado;;interna;horaria_agregada;media
2020-03-26;154.5;24;True;0;84100000;nivel;Epagri;;;2;False;diaria;dea0d5f08b8c0f64_diario_derivado;;interna;horaria_agregada;media
2020-03-27;154.66666666666666;24;True;0;84100000;nivel;Epagri;;;2;False;diaria;dea0d5f08b8c0f64_diario_derivado;;interna;horaria_agregada;media
2020-03-28;154.54166666666666;24;True;0;84100000;nivel;Epagri;;;2;False;diaria;dea0d5f08b8c0f64_diario_derivado;;interna;horaria_agregada;media
2020-03-29;154.33333333333334;24;True;0;84100000;nivel;Epagri;;;2;False;diaria;dea0d5f08b8c0f64_diario_derivado;;interna;horaria_agregada;media
2020-03-30;155.95833333333334;24;True;0;84100000;nivel;Epagri;;;2;False;diaria;dea0d5f08b8c0f64_diario_derivado;;interna;horaria_agregada;media
2020-03-31;154.83333333333334;24;True;0;84100000;nivel;Epagri;;;2;False;diaria;dea0d5f08b8c0f64_diario_derivado;;interna;horaria_agregada;media
2020-04-01;159.58333333333334;24;True;0;84100000;nivel;Epagri;;;2;False;diaria;dea0d5f08b8c0f64_diario_derivado;;interna;horaria_agregada;media
2020-04-02;155.75;24;True;0;84100000;nivel;Epagri;;;2;False;diaria;dea0d5f08b8c0f64_diario_derivado;;interna;horaria_agregada;media
2020-04-03;154.33333333333334;24;True;0;84100000;nivel;Epagri;;;2;False;diaria;dea0d5f08b8c0f64_diario_derivado;;interna;horaria_agregada;media
2020-04-04;152.66666666666666;24;True;0;84100000;nivel;Epagri;;;2;False;diaria;dea0d5f08b8c0f64_diario_derivado;;interna;horaria_agregada;media
2020-04-05;152.45833333333334;24;True;0;84100000;nivel;Epagri;;;2;False;diaria;dea0d5f08b8c0f64_diario_derivado;;interna;horaria_agregada;media
2020-04-06;153.0;24;True;0;84100000;nivel;Epagri;;;2;False;diaria;dea0d5f08b8c0f64_diario_derivado;;interna;horaria_agregada;media
2020-04-07;157.04166666666666;24;True;0;84100000;nivel;Epagri;;;2;False;diaria;dea0d5f08b8c0f64_diario_derivado;;interna;horaria_agregada;media
2020-04-08;153.41666666666666;24;True;0;84100000;nivel;Epagri;;;2;False;diaria;dea0d5f08b8c0f64_diario_derivado;;interna;horaria_agregada;media
2020-04-09;152.20833333333334;24;True;0;84100000;nivel;Epagri;;;2;False;diaria;dea0d5f08b8c0f64_diario_derivado;;interna;horaria_agregada;media
2020-04-10;151.95833333333334;24;True;0;84100000;nivel;Epagri;;;2;False;diaria;dea0d5f08b8c0f64_diario_derivado;;interna;horaria_agregada;media
2020-04-11;151.66666666666666;24;True;0;84100000;nivel;Epagri;;;2;False;diaria;dea0d5f08b8c0f64_diario_derivado;;interna;horaria_agregada;media
2020-04-12;151.70833333333334;24;True;0;84100000;nivel;Epagri;;;2;False;diaria;dea0d5f08b8c0f64_diario_derivado;;interna;horaria_agregada;media
2020-04-13;151.75;24;True;0;84100000;nivel;Epagri;;;2;False;diaria;dea0d5f08b8c0f64_diario_derivado;;interna;horaria_agregada;media
2020-04-14;152.54166666666666;24;True;0;84100000;nivel;Epagri;;;2;False;diaria;dea0d5f08b8c0f64_diario_derivado;;interna;horaria_agregada;media
2020-04-15;151.91666666666666;24;True;0;84100000;nivel;Epagri;;;2;False;diaria;dea0d5f08b8c0f64_diario_derivado;;interna;horaria_agregada;media
2020-04-16;150.58333333333334;24;True;0;84100000;nivel;Epagri;;;2;False;diaria;dea0d5f08b8c0f64_diario_derivado;;interna;horaria_agregada;media
2020-04-17;150.41666666666666;24;True;0;84100000;nivel;Epagri;;;2;False;diaria;dea0d5f08b8c0f64_diario_derivado;;interna;horaria_agregada;media
2020-04-18;150.75;24;True;0;84100000;nivel;Epagri;;;2;False;diaria;dea0d5f08b8c0f64_diario_derivado;;interna;horaria_agregada;media
2020-04-19;150.875;24;True;0;84100000;nivel;Epagri;;;2;False;diaria;dea0d5f08b8c0f64_diario_derivado;;interna;horaria_agregada;media
2020-04-20;150.75;24;True;0;84100000;nivel;Epagri;;;2;False;diaria;dea0d5f08b8c0f64_diario_derivado;;interna;horaria_agregada;media
2020-04-21;150.58333333333334;24;True;0;84100000;nivel;Epagri;;;2;False;diaria;dea0d5f08b8c0f64_diario_derivado;;interna;horaria_agregada;media
2020-04-22;150.54166666666666;24;True;0;84100000;nivel;Epagri;;;2;False;diaria;dea0d5f08b8c0f64_diario_derivado;;interna;horaria_agregada;media
2020-04-23;150.29166666666666;24;True;0;84100000;nivel;Epagri;;;2;False;diaria;dea0d5f08b8c0f64_diario_derivado;;interna;horaria_agregada;media
2020-04-24;150.20833333333334;24;True;0;84100000;nivel;Epagri;;;2;False;diaria;dea0d5f08b8c0f64_diario_derivado;;interna;horaria_agregada;media
2020-04-25;150.45833333333334;24;True;0;84100000;nivel;Epagri;;;2;False;diaria;dea0d5f08b8c0f64_diario_derivado;;interna;horaria_agregada;media
2020-04-26;150.33333333333334;24;True;0;84100000;nivel;Epagri;;;2;False;diaria;dea0d5f08b8c0f64_diario_derivado;;interna;horaria_agregada;media
2020-04-27;149.79166666666666;24;True;0;84100000;nivel;Epagri;;;2;False;diaria;dea0d5f08b8c0f64_diario_derivado;;interna;horaria_agregada;media
2020-04-28;160.20833333333334;24;True;0;84100000;nivel;Epagri;;;2;False;diaria;dea0d5f08b8c0f64_diario_derivado;;interna;horaria_agregada;media
2020-04-29;155.29166666666666;24;True;0;84100000;nivel;Epagri;;;2;False;diaria;dea0d5f08b8c0f64_diario_derivado;;interna;horaria_agregada;media
2020-04-30;152.45833333333334;24;True;0;84100000;nivel;Epagri;;;2;False;diaria;dea0d5f08b8c0f64_diario_derivado;;interna;horaria_agregada;media
2020-05-01;151.83333333333334;24;True;0;84100000;nivel;Epagri;;;2;False;diaria;dea0d5f08b8c0f64_diario_derivado;;interna;horaria_agregada;media
2020-05-02;151.125;24;True;0;84100000;nivel;Epagri;;;2;False;diaria;dea0d5f08b8c0f64_diario_derivado;;interna;horaria_agregada;media
2020-05-03;150.29166666666666;24;True;0;84100000;nivel;Epagri;;;2;False;diaria;dea0d5f08b8c0f64_diario_derivado;;interna;horaria_agregada;media
2020-05-04;150.375;24;True;0;84100000;nivel;Epagri;;;2;False;diaria;dea0d5f08b8c0f64_diario_derivado;;interna;horaria_agregada;media
2020-05-05;150.0;24;True;0;84100000;nivel;Epagri;;;2;False;diaria;dea0d5f08b8c0f64_diario_derivado;;interna;horaria_agregada;media
2020-05-06;150.25;24;True;0;84100000;nivel;Epagri;;;2;False;diaria;dea0d5f08b8c0f64_diario_derivado;;interna;horaria_agregada;media
2020-05-07;150.125;24;True;0;84100000;nivel;Epagri;;;2;False;diaria;dea0d5f08b8c0f64_diario_derivado;;interna;horaria_agregada;media
2020-05-08;149.625;24;True;0;84100000;nivel;Epagri;;;2;False;diaria;dea0d5f08b8c0f64_diario_derivado;;interna;horaria_agregada;media
2020-05-09;149.625;24;True;0;84100000;nivel;Epagri;;;2;False;diaria;dea0d5f08b8c0f64_diario_derivado;;interna;horaria_agregada;media
2020-05-10;149.75;24;True;0;84100000;nivel;Epagri;;;2;False;diaria;dea0d5f08b8c0f64_diario_derivado;;interna;horaria_agregada;media
2020-05-11;149.75;24;True;0;84100000;nivel;Epagri;;;2;False;diaria;dea0d5f08b8c0f64_diario_derivado;;interna;horaria_agregada;media
2020-05-12;149.625;24;True;0;84100000;nivel;Epagri;;;2;False;diaria;dea0d5f08b8c0f64_diario_derivado;;interna;horaria_agregada;media
2020-05-13;150.20833333333334;24;True;0;84100000;nivel;Epagri;;;2;False;diaria;dea0d5f08b8c0f64_diario_derivado;;interna;horaria_agregada;media
2020-05-14;150.79166666666666;24;True;0;84100000;nivel;Epagri;;;2;False;diaria;dea0d5f08b8c0f64_diario_derivado;;interna;horaria_agregada;media
2020-05-15;149.25;24;True;0;84100000;nivel;Epagri;;;2;False;diaria;dea0d5f08b8c0f64_diario_derivado;;interna;horaria_agregada;media
2020-05-16;149.25;24;True;0;84100000;nivel;Epagri;;;2;False;diaria;dea0d5f08b8c0f64_diario_derivado;;interna;horaria_agregada;media
2020-05-17;149.16666666666666;24;True;0;84100000;nivel;Epagri;;;2;False;diaria;dea0d5f08b8c0f64_diario_derivado;;interna;horaria_agregada;media
2020-05-18;148.79166666666666;24;True;0;84100000;nivel;Epagri;;;2;False;diaria;dea0d5f08b8c0f64_diario_derivado;;interna;horaria_agregada;media
2020-05-19;148.625;24;True;0;84100000;nivel;Epagri;;;2;False;diaria;dea0d5f08b8c0f64_diario_derivado;;interna;horaria_agregada;media
2020-05-20;148.79166666666666;24;True;0;84100000;nivel;Epagri;;;2;False;diaria;dea0d5f08b8c0f64_diario_derivado;;interna;horaria_agregada;media
2020-05-21;149.45833333333334;24;True;0;84100000;nivel;Epagri;;;2;False;diaria;dea0d5f08b8c0f64_diario_derivado;;interna;horaria_agregada;media
2020-05-22;149.5;24;True;0;84100000;nivel;Epagri;;;2;False;diaria;dea0d5f08b8c0f64_diario_derivado;;interna;horaria_agregada;media
2020-05-23;150.04166666666666;24;True;0;84100000;nivel;Epagri;;;2;False;diaria;dea0d5f08b8c0f64_diario_derivado;;interna;horaria_agregada;media
2020-05-24;148.54166666666666;24;True;0;84100000;nivel;Epagri;;;2;False;diaria;dea0d5f08b8c0f64_diario_derivado;;interna;horaria_agregada;media
2020-05-25;148.08333333333334;24;True;0;84100000;nivel;Epagri;;;2;False;diaria;dea0d5f08b8c0f64_diario_derivado;;interna;horaria_agregada;media
2020-05-26;147.41666666666666;24;True;0;84100000;nivel;Epagri;;;2;False;diaria;dea0d5f08b8c0f64_diario_derivado;;interna;horaria_agregada;media
2020-05-27;147.08333333333334;24;True;0;84100000;nivel;Epagri;;;2;False;diaria;dea0d5f08b8c0f64_diario_derivado;;interna;horaria_agregada;media
2020-05-28;147.29166666666666;24;True;0;84100000;nivel;Epagri;;;2;False;diaria;dea0d5f08b8c0f64_diario_derivado;;interna;horaria_agregada;media
2020-05-29;147.70833333333334;24;True;0;84100000;nivel;Epagri;;;2;False;diaria;dea0d5f08b8c0f64_diario_derivado;;interna;horaria_agregada;media
2020-05-30;;20;False;0;84100000;nivel;Epagri;;;2;False;diaria;dea0d5f08b8c0f64_diario_derivado;;interna;horaria_agregada;media
2020-05-31;147.70833333333334;24;True;0;84100000;nivel;Epagri;;;2;False;diaria;dea0d5f08b8c0f64_diario_derivado;;interna;horaria_agregada;media
2020-06-01;147.66666666666666;24;True;0;84100000;nivel;Epagri;;;2;False;diaria;dea0d5f08b8c0f64_diario_derivado;;interna;horaria_agregada;media
2020-06-02;148.16666666666666;24;True;0;84100000;nivel;Epagri;;;2;False;diaria;dea0d5f08b8c0f64_diario_derivado;;interna;horaria_agregada;media
2020-06-03;148.08333333333334;24;True;0;84100000;nivel;Epagri;;;2;False;diaria;dea0d5f08b8c0f64_diario_derivado;;interna;horaria_agregada;media
2020-06-04;147.95833333333334;24;True;0;84100000;nivel;Epagri;;;2;False;diaria;dea0d5f08b8c0f64_diario_derivado;;interna;horaria_agregada;media
2020-06-05;152.0;24;True;0;84100000;nivel;Epagri;;;2;False;diaria;dea0d5f08b8c0f64_diario_derivado;;interna;horaria_agregada;media
2020-06-06;200.91666666666666;24;True;0;84100000;nivel;Epagri;;;2;False;diaria;dea0d5f08b8c0f64_diario_derivado;;interna;horaria_agregada;media
2020-06-07;161.25;24;True;0;84100000;nivel;Epagri;;;2;False;diaria;dea0d5f08b8c0f64_diario_derivado;;interna;horaria_agregada;media
2020-06-08;153.33333333333334;24;True;0;84100000;nivel;Epagri;;;2;False;diaria;dea0d5f08b8c0f64_diario_derivado;;interna;horaria_agregada;media
2020-06-09;154.125;24;True;0;84100000;nivel;Epagri;;;2;False;diaria;dea0d5f08b8c0f64_diario_derivado;;interna;horaria_agregada;media
2020-06-10;176.125;24;True;0;84100000;nivel;Epagri;;;2;False;diaria;dea0d5f08b8c0f64_diario_derivado;;interna;horaria_agregada;media
2020-06-11;186.29166666666666;24;True;0;84100000;nivel;Epagri;;;2;False;diaria;dea0d5f08b8c0f64_diario_derivado;;interna;horaria_agregada;media
2020-06-12;162.33333333333334;24;True;0;84100000;nivel;Epagri;;;2;False;diaria;dea0d5f08b8c0f64_diario_derivado;;interna;horaria_agregada;media
2020-06-13;156.20833333333334;24;True;0;84100000;nivel;Epagri;;;2;False;diaria;dea0d5f08b8c0f64_diario_derivado;;interna;horaria_agregada;media
2020-06-14;153.25;24;True;0;84100000;nivel;Epagri;;;2;False;diaria;dea0d5f08b8c0f64_diario_derivado;;interna;horaria_agregada;media
2020-06-15;152.375;24;True;0;84100000;nivel;Epagri;;;2;False;diaria;dea0d5f08b8c0f64_diario_derivado;;interna;horaria_agregada;media
2020-06-16;152.54166666666666;24;True;0;84100000;nivel;Epagri;;;2;False;diaria;dea0d5f08b8c0f64_diario_derivado;;interna;horaria_agregada;media
2020-06-17;156.83333333333334;24;True;0;84100000;nivel;Epagri;;;2;False;diaria;dea0d5f08b8c0f64_diario_derivado;;interna;horaria_agregada;media
2020-06-18;158.75;24;True;0;84100000;nivel;Epagri;;;2;False;diaria;dea0d5f08b8c0f64_diario_derivado;;interna;horaria_agregada;media
2020-06-19;154.875;24;True;0;84100000;nivel;Epagri;;;2;False;diaria;dea0d5f08b8c0f64_diario_derivado;;interna;horaria_agregada;media
2020-06-20;153.16666666666666;24;True;0;84100000;nivel;Epagri;;;2;False;diaria;dea0d5f08b8c0f64_diario_derivado;;interna;horaria_agregada;media
2020-06-21;152.25;24;True;0;84100000;nivel;Epagri;;;2;False;diaria;dea0d5f08b8c0f64_diario_derivado;;interna;horaria_agregada;media
2020-06-22;151.25;24;True;0;84100000;nivel;Epagri;;;2;False;diaria;dea0d5f08b8c0f64_diario_derivado;;interna;horaria_agregada;media
2020-06-23;151.125;24;True;0;84100000;nivel;Epagri;;;2;False;diaria;dea0d5f08b8c0f64_diario_derivado;;interna;horaria_agregada;media
2020-06-24;150.54166666666666;24;True;0;84100000;nivel;Epagri;;;2;False;diaria;dea0d5f08b8c0f64_diario_derivado;;interna;horaria_agregada;media
2020-06-25;150.04166666666666;24;True;0;84100000;nivel;Epagri;;;2;False;diaria;dea0d5f08b8c0f64_diario_derivado;;interna;horaria_agregada;media
2020-06-26;151.75;24;True;0;84100000;nivel;Epagri;;;2;False;diaria;dea0d5f08b8c0f64_diario_derivado;;interna;horaria_agregada;media
2020-06-27;150.83333333333334;24;True;0;84100000;nivel;Epagri;;;2;False;diaria;dea0d5f08b8c0f64_diario_derivado;;interna;horaria_agregada;media
2020-06-28;153.08333333333334;24;True;0;84100000;nivel;Epagri;;;2;False;diaria;dea0d5f08b8c0f64_diario_derivado;;interna;horaria_agregada;media
2020-06-29;151.33333333333334;24;True;0;84100000;nivel;Epagri;;;2;False;diaria;dea0d5f08b8c0f64_diario_derivado;;interna;horaria_agregada;media
2020-06-30;166.79166666666666;24;True;0;84100000;nivel;Epagri;;;2;False;diaria;dea0d5f08b8c0f64_diario_derivado;;interna;horaria_agregada;media
2020-07-01;174.08333333333334;24;True;0;84100000;nivel;Epagri;;;2;False;diaria;dea0d5f08b8c0f64_diario_derivado;;interna;horaria_agregada;media
2020-07-02;156.625;24;True;0;84100000;nivel;Epagri;;;2;False;diaria;dea0d5f08b8c0f64_diario_derivado;;interna;horaria_agregada;media
2020-07-03;153.41666666666666;24;True;0;84100000;nivel;Epagri;;;2;False;diaria;dea0d5f08b8c0f64_diario_derivado;;interna;horaria_agregada;media
2020-07-04;152.5;24;True;0;84100000;nivel;Epagri;;;2;False;diaria;dea0d5f08b8c0f64_diario_derivado;;interna;horaria_agregada;media
2020-07-05;152.41666666666666;24;True;0;84100000;nivel;Epagri;;;2;False;diaria;dea0d5f08b8c0f64_diario_derivado;;interna;horaria_agregada;media
2020-07-06;153.58333333333334;24;True;0;84100000;nivel;Epagri;;;2;False;diaria;dea0d5f08b8c0f64_diario_derivado;;interna;horaria_agregada;media
2020-07-07;175.33333333333334;24;True;0;84100000;nivel;Epagri;;;2;False;diaria;dea0d5f08b8c0f64_diario_derivado;;interna;horaria_agregada;media
2020-07-08;175.54166666666666;24;True;0;84100000;nivel;Epagri;;;2;False;diaria;dea0d5f08b8c0f64_diario_derivado;;interna;horaria_agregada;media
2020-07-09;168.20833333333334;24;True;0;84100000;nivel;Epagri;;;2;False;diaria;dea0d5f08b8c0f64_diario_derivado;;interna;horaria_agregada;media
2020-07-10;158.79166666666666;24;True;0;84100000;nivel;Epagri;;;2;False;diaria;dea0d5f08b8c0f64_diario_derivado;;interna;horaria_agregada;media
2020-07-11;157.875;24;True;0;84100000;nivel;Epagri;;;2;False;diaria;dea0d5f08b8c0f64_diario_derivado;;interna;horaria_agregada;media
2020-07-12;180.75;24;True;0;84100000;nivel;Epagri;;;2;False;diaria;dea0d5f08b8c0f64_diario_derivado;;interna;horaria_agregada;media
2020-07-13;165.29166666666666;24;True;0;84100000;nivel;Epagri;;;2;False;diaria;dea0d5f08b8c0f64_diario_derivado;;interna;horaria_agregada;media
2020-07-14;162.08333333333334;24;True;0;84100000;nivel;Epagri;;;2;False;diaria;dea0d5f08b8c0f64_diario_derivado;;interna;horaria_agregada;media
2020-07-15;158.41666666666666;24;True;0;84100000;nivel;Epagri;;;2;False;diaria;dea0d5f08b8c0f64_diario_derivado;;interna;horaria_agregada;media
2020-07-16;156.41666666666666;24;True;0;84100000;nivel;Epagri;;;2;False;diaria;dea0d5f08b8c0f64_diario_derivado;;interna;horaria_agregada;media
2020-07-17;179.25;24;True;0;84100000;nivel;Epagri;;;2;False;diaria;dea0d5f08b8c0f64_diario_derivado;;interna;horaria_agregada;media
2020-07-18;166.29166666666666;24;True;0;84100000;nivel;Epagri;;;2;False;diaria;dea0d5f08b8c0f64_diario_derivado;;interna;horaria_agregada;media
2020-07-19;161.0;24;True;0;84100000;nivel;Epagri;;;2;False;diaria;dea0d5f08b8c0f64_diario_derivado;;interna;horaria_agregada;media
2020-07-20;158.5;24;True;0;84100000;nivel;Epagri;;;2;False;diaria;dea0d5f08b8c0f64_diario_derivado;;interna;horaria_agregada;media
2020-07-21;156.75;24;True;0;84100000;nivel;Epagri;;;2;False;diaria;dea0d5f08b8c0f64_diario_derivado;;interna;horaria_agregada;media
2020-07-22;155.70833333333334;24;True;0;84100000;nivel;Epagri;;;2;False;diaria;dea0d5f08b8c0f64_diario_derivado;;interna;horaria_agregada;media
2020-07-23;154.75;24;True;0;84100000;nivel;Epagri;;;2;False;diaria;dea0d5f08b8c0f64_diario_derivado;;interna;horaria_agregada;media
2020-07-24;154.08333333333334;24;True;0;84100000;nivel;Epagri;;;2;False;diaria;dea0d5f08b8c0f64_diario_derivado;;interna;horaria_agregada;media
2020-07-25;153.33333333333334;24;True;0;84100000;nivel;Epagri;;;2;False;diaria;dea0d5f08b8c0f64_diario_derivado;;interna;horaria_agregada;media
2020-07-26;152.83333333333334;24;True;0;84100000;nivel;Epagri;;;2;False;diaria;dea0d5f08b8c0f64_diario_derivado;;interna;horaria_agregada;media
2020-07-27;153.0;24;True;0;84100000;nivel;Epagri;;;2;False;diaria;dea0d5f08b8c0f64_diario_derivado;;interna;horaria_agregada;media
2020-07-28;153.45833333333334;24;True;0;84100000;nivel;Epagri;;;2;False;diaria;dea0d5f08b8c0f64_diario_derivado;;interna;horaria_agregada;media
2020-07-29;157.75;24;True;0;84100000;nivel;Epagri;;;2;False;diaria;dea0d5f08b8c0f64_diario_derivado;;interna;horaria_agregada;media
2020-07-30;153.54166666666666;24;True;0;84100000;nivel;Epagri;;;2;False;diaria;dea0d5f08b8c0f64_diario_derivado;;interna;horaria_agregada;media
2020-07-31;152.91666666666666;24;True;0;84100000;nivel;Epagri;;;2;False;diaria;dea0d5f08b8c0f64_diario_derivado;;interna;horaria_agregada;media
2020-08-01;153.58333333333334;24;True;0;84100000;nivel;Epagri;;;2;False;diaria;dea0d5f08b8c0f64_diario_derivado;;interna;horaria_agregada;media
2020-08-02;152.95833333333334;24;True;0;84100000;nivel;Epagri;;;2;False;diaria;dea0d5f08b8c0f64_diario_derivado;;interna;horaria_agregada;media
2020-08-03;152.33333333333334;24;True;0;84100000;nivel;Epagri;;;2;False;diaria;dea0d5f08b8c0f64_diario_derivado;;interna;horaria_agregada;media
2020-08-04;152.0;24;True;0;84100000;nivel;Epagri;;;2;False;diaria;dea0d5f08b8c0f64_diario_derivado;;interna;horaria_agregada;media
2020-08-05;151.875;24;True;0;84100000;nivel;Epagri;;;2;False;diaria;dea0d5f08b8c0f64_diario_derivado;;interna;horaria_agregada;media
2020-08-06;151.54166666666666;24;True;0;84100000;nivel;Epagri;;;2;False;diaria;dea0d5f08b8c0f64_diario_derivado;;interna;horaria_agregada;media
2020-08-07;151.08333333333334;24;True;0;84100000;nivel;Epagri;;;2;False;diaria;dea0d5f08b8c0f64_diario_derivado;;interna;horaria_agregada;media
2020-08-08;150.58333333333334;24;True;0;84100000;nivel;Epagri;;;2;False;diaria;dea0d5f08b8c0f64_diario_derivado;;interna;horaria_agregada;media
2020-08-09;150.41666666666666;24;True;0;84100000;nivel;Epagri;;;2;False;diaria;dea0d5f08b8c0f64_diario_derivado;;interna;horaria_agregada;media
2020-08-10;150.33333333333334;24;True;0;84100000;nivel;Epagri;;;2;False;diaria;dea0d5f08b8c0f64_diario_derivado;;interna;horaria_agregada;media
2020-08-11;150.29166666666666;24;True;0;84100000;nivel;Epagri;;;2;False;diaria;dea0d5f08b8c0f64_diario_derivado;;interna;horaria_agregada;media
2020-08-12;149.54166666666666;24;True;0;84100000;nivel;Epagri;;;2;False;diaria;dea0d5f08b8c0f64_diario_derivado;;interna;horaria_agregada;media
2020-08-13;168.83333333333334;24;True;0;84100000;nivel;Epagri;;;2;False;diaria;dea0d5f08b8c0f64_diario_derivado;;interna;horaria_agregada;media
2020-08-14;163.75;24;True;0;84100000;nivel;Epagri;;;2;False;diaria;dea0d5f08b8c0f64_diario_derivado;;interna;horaria_agregada;media
2020-08-15;255.83333333333334;24;True;0;84100000;nivel;Epagri;;;2;False;diaria;dea0d5f08b8c0f64_diario_derivado;;interna;horaria_agregada;media
2020-08-16;179.08333333333334;24;True;0;84100000;nivel;Epagri;;;2;False;diaria;dea0d5f08b8c0f64_diario_derivado;;interna;horaria_agregada;media
2020-08-17;178.95833333333334;24;True;0;84100000;nivel;Epagri;;;2;False;diaria;dea0d5f08b8c0f64_diario_derivado;;interna;horaria_agregada;media
2020-08-18;170.33333333333334;24;True;0;84100000;nivel;Epagri;;;2;False;diaria;dea0d5f08b8c0f64_diario_derivado;;interna;horaria_agregada;media
2020-08-19;167.04166666666666;24;True;0;84100000;nivel;Epagri;;;2;False;diaria;dea0d5f08b8c0f64_diario_derivado;;interna;horaria_agregada;media
2020-08-20;173.125;24;True;0;84100000;nivel;Epagri;;;2;False;diaria;dea0d5f08b8c0f64_diario_derivado;;interna;horaria_agregada;media
2020-08-21;164.83333333333334;24;True;0;84100000;nivel;Epagri;;;2;False;diaria;dea0d5f08b8c0f64_diario_derivado;;interna;horaria_agregada;media
2020-08-22;160.66666666666666;24;True;0;84100000;nivel;Epagri;;;2;False;diaria;dea0d5f08b8c0f64_diario_derivado;;interna;horaria_agregada;media
2020-08-23;158.66666666666666;24;True;0;84100000;nivel;Epagri;;;2;False;diaria;dea0d5f08b8c0f64_diario_derivado;;interna;horaria_agregada;media
2020-08-24;159.625;24;True;0;84100000;nivel;Epagri;;;2;False;diaria;dea0d5f08b8c0f64_diario_derivado;;interna;horaria_agregada;media
2020-08-25;157.91666666666666;24;True;0;84100000;nivel;Epagri;;;2;False;diaria;dea0d5f08b8c0f64_diario_derivado;;interna;horaria_agregada;media
2020-08-26;156.70833333333334;24;True;0;84100000;nivel;Epagri;;;2;False;diaria;dea0d5f08b8c0f64_diario_derivado;;interna;horaria_agregada;media
2020-08-27;155.83333333333334;24;True;0;84100000;nivel;Epagri;;;2;False;diaria;dea0d5f08b8c0f64_diario_derivado;;interna;horaria_agregada;media
2020-08-28;155.16666666666666;24;True;0;84100000;nivel;Epagri;;;2;False;diaria;dea0d5f08b8c0f64_diario_derivado;;interna;horaria_agregada;media
2020-08-29;154.875;24;True;0;84100000;nivel;Epagri;;;2;False;diaria;dea0d5f08b8c0f64_diario_derivado;;interna;horaria_agregada;media
2020-08-30;154.375;24;True;0;84100000;nivel;Epagri;;;2;False;diaria;dea0d5f08b8c0f64_diario_derivado;;interna;horaria_agregada;media
2020-08-31;153.25;24;True;0;84100000;nivel;Epagri;;;2;False;diaria;dea0d5f08b8c0f64_diario_derivado;;interna;horaria_agregada;media
2020-09-01;154.25;24;True;0;84100000;nivel;Epagri;;;2;False;diaria;dea0d5f08b8c0f64_diario_derivado;;interna;horaria_agregada;media
2020-09-02;163.08333333333334;24;True;0;84100000;nivel;Epagri;;;2;False;diaria;dea0d5f08b8c0f64_diario_derivado;;interna;horaria_agregada;media
2020-09-03;162.20833333333334;24;True;0;84100000;nivel;Epagri;;;2;False;diaria;dea0d5f08b8c0f64_diario_derivado;;interna;horaria_agregada;media
2020-09-04;161.625;24;True;0;84100000;nivel;Epagri;;;2;False;diaria;dea0d5f08b8c0f64_diario_derivado;;interna;horaria_agregada;media
2020-09-05;157.83333333333334;24;True;0;84100000;nivel;Epagri;;;2;False;diaria;dea0d5f08b8c0f64_diario_derivado;;interna;horaria_agregada;media
2020-09-06;157.04166666666666;24;True;0;84100000;nivel;Epagri;;;2;False;diaria;dea0d5f08b8c0f64_diario_derivado;;interna;horaria_agregada;media
2020-09-07;162.33333333333334;24;True;0;84100000;nivel;Epagri;;;2;False;diaria;dea0d5f08b8c0f64_diario_derivado;;interna;horaria_agregada;media
2020-09-08;231.33333333333334;24;True;0;84100000;nivel;Epagri;;;2;False;diaria;dea0d5f08b8c0f64_diario_derivado;;interna;horaria_agregada;media
2020-09-09;223.75;24;True;0;84100000;nivel;Epagri;;;2;False;diaria;dea0d5f08b8c0f64_diario_derivado;;interna;horaria_agregada;media
2020-09-10;199.375;24;True;0;84100000;nivel;Epagri;;;2;False;diaria;dea0d5f08b8c0f64_diario_derivado;;interna;horaria_agregada;media
2020-09-11;;23;False;0;84100000;nivel;Epagri;;;2;False;diaria;dea0d5f08b8c0f64_diario_derivado;;interna;horaria_agregada;media
2020-09-12;171.54166666666666;24;True;0;84100000;nivel;Epagri;;;2;False;diaria;dea0d5f08b8c0f64_diario_derivado;;interna;horaria_agregada;media
2020-09-13;167.54166666666666;24;True;0;84100000;nivel;Epagri;;;2;False;diaria;dea0d5f08b8c0f64_diario_derivado;;interna;horaria_agregada;media
2020-09-14;164.5;24;True;0;84100000;nivel;Epagri;;;2;False;diaria;dea0d5f08b8c0f64_diario_derivado;;interna;horaria_agregada;media
2020-09-15;161.58333333333334;24;True;0;84100000;nivel;Epagri;;;2;False;diaria;dea0d5f08b8c0f64_diario_derivado;;interna;horaria_agregada;media
2020-09-16;161.33333333333334;24;True;0;84100000;nivel;Epagri;;;2;False;diaria;dea0d5f08b8c0f64_diario_derivado;;interna;horaria_agregada;media
2020-09-17;164.54166666666666;24;True;0;84100000;nivel;Epagri;;;2;False;diaria;dea0d5f08b8c0f64_diario_derivado;;interna;horaria_agregada;media
2020-09-18;163.20833333333334;24;True;0;84100000;nivel;Epagri;;;2;False;diaria;dea0d5f08b8c0f64_diario_derivado;;interna;horaria_agregada;media
2020-09-19;160.125;24;True;0;84100000;nivel;Epagri;;;2;False;diaria;dea0d5f08b8c0f64_diario_derivado;;interna;horaria_agregada;media
2020-09-20;157.41666666666666;24;True;0;84100000;nivel;Epagri;;;2;False;diaria;dea0d5f08b8c0f64_diario_derivado;;interna;horaria_agregada;media
2020-09-21;156.95833333333334;24;True;0;84100000;nivel;Epagri;;;2;False;diaria;dea0d5f08b8c0f64_diario_derivado;;interna;horaria_agregada;media
2020-09-22;156.0;24;True;0;84100000;nivel;Epagri;;;2;False;diaria;dea0d5f08b8c0f64_diario_derivado;;interna;horaria_agregada;media
2020-09-23;156.375;24;True;0;84100000;nivel;Epagri;;;2;False;diaria;dea0d5f08b8c0f64_diario_derivado;;interna;horaria_agregada;media
2020-09-24;156.58333333333334;24;True;0;84100000;nivel;Epagri;;;2;False;diaria;dea0d5f08b8c0f64_diario_derivado;;interna;horaria_agregada;media
2020-09-25;155.70833333333334;24;True;0;84100000;nivel;Epagri;;;2;False;diaria;dea0d5f08b8c0f64_diario_derivado;;interna;horaria_agregada;media
2020-09-26;155.20833333333334;24;True;0;84100000;nivel;Epagri;;;2;False;diaria;dea0d5f08b8c0f64_diario_derivado;;interna;horaria_agregada;media
2020-09-27;154.95833333333334;24;True;0;84100000;nivel;Epagri;;;2;False;diaria;dea0d5f08b8c0f64_diario_derivado;;interna;horaria_agregada;media
2020-09-28;166.45833333333334;24;True;0;84100000;nivel;Epagri;;;2;False;diaria;dea0d5f08b8c0f64_diario_derivado;;interna;horaria_agregada;media
2020-09-29;161.5;24;True;0;84100000;nivel;Epagri;;;2;False;diaria;dea0d5f08b8c0f64_diario_derivado;;interna;horaria_agregada;media
2020-09-30;157.54166666666666;24;True;0;84100000;nivel;Epagri;;;2;False;diaria;dea0d5f08b8c0f64_diario_derivado;;interna;horaria_agregada;media
2020-10-01;165.83333333333334;24;True;0;84100000;nivel;Epagri;;;2;False;diaria;dea0d5f08b8c0f64_diario_derivado;;interna;horaria_agregada;media
2020-10-02;159.08333333333334;24;True;0;84100000;nivel;Epagri;;;2;False;diaria;dea0d5f08b8c0f64_diario_derivado;;interna;horaria_agregada;media
2020-10-03;155.70833333333334;24;True;0;84100000;nivel;Epagri;;;2;False;diaria;dea0d5f08b8c0f64_diario_derivado;;interna;horaria_agregada;media
2020-10-04;164.95833333333334;24;True;0;84100000;nivel;Epagri;;;2;False;diaria;dea0d5f08b8c0f64_diario_derivado;;interna;horaria_agregada;media
2020-10-05;181.70833333333334;24;True;0;84100000;nivel;Epagri;;;2;False;diaria;dea0d5f08b8c0f64_diario_derivado;;interna;horaria_agregada;media
2020-10-06;168.08333333333334;24;True;0;84100000;nivel;Epagri;;;2;False;diaria;dea0d5f08b8c0f64_diario_derivado;;interna;horaria_agregada;media
2020-10-07;163.0;24;True;0;84100000;nivel;Epagri;;;2;False;diaria;dea0d5f08b8c0f64_diario_derivado;;interna;horaria_agregada;media
2020-10-08;161.54166666666666;24;True;0;84100000;nivel;Epagri;;;2;False;diaria;dea0d5f08b8c0f64_diario_derivado;;interna;horaria_agregada;media
2020-10-09;160.79166666666666;24;True;0;84100000;nivel;Epagri;;;2;False;diaria;dea0d5f08b8c0f64_diario_derivado;;interna;horaria_agregada;media
2020-10-10;168.66666666666666;24;True;0;84100000;nivel;Epagri;;;2;False;diaria;dea0d5f08b8c0f64_diario_derivado;;interna;horaria_agregada;media
2020-10-11;161.16666666666666;24;True;0;84100000;nivel;Epagri;;;2;False;diaria;dea0d5f08b8c0f64_diario_derivado;;interna;horaria_agregada;media
2020-10-12;158.70833333333334;24;True;0;84100000;nivel;Epagri;;;2;False;diaria;dea0d5f08b8c0f64_diario_derivado;;interna;horaria_agregada;media
2020-10-13;157.04166666666666;24;True;0;84100000;nivel;Epagri;;;2;False;diaria;dea0d5f08b8c0f64_diario_derivado;;interna;horaria_agregada;media
2020-10-14;157.16666666666666;24;True;0;84100000;nivel;Epagri;;;2;False;diaria;dea0d5f08b8c0f64_diario_derivado;;interna;horaria_agregada;media
2020-10-15;156.25;24;True;0;84100000;nivel;Epagri;;;2;False;diaria;dea0d5f08b8c0f64_diario_derivado;;interna;horaria_agregada;media
2020-10-16;155.08333333333334;24;True;0;84100000;nivel;Epagri;;;2;False;diaria;dea0d5f08b8c0f64_diario_derivado;;interna;horaria_agregada;media
2020-10-17;154.20833333333334;24;True;0;84100000;nivel;Epagri;;;2;False;diaria;dea0d5f08b8c0f64_diario_derivado;;interna;horaria_agregada;media
2020-10-18;154.33333333333334;24;True;0;84100000;nivel;Epagri;;;2;False;diaria;dea0d5f08b8c0f64_diario_derivado;;interna;horaria_agregada;media
2020-10-19;154.79166666666666;24;True;0;84100000;nivel;Epagri;;;2;False;diaria;dea0d5f08b8c0f64_diario_derivado;;interna;horaria_agregada;media
2020-10-20;154.83333333333334;24;True;0;84100000;nivel;Epagri;;;2;False;diaria;dea0d5f08b8c0f64_diario_derivado;;interna;horaria_agregada;media
2020-10-21;153.75;24;True;0;84100000;nivel;Epagri;;;2;False;diaria;dea0d5f08b8c0f64_diario_derivado;;interna;horaria_agregada;media
2020-10-22;160.0;24;True;0;84100000;nivel;Epagri;;;2;False;diaria;dea0d5f08b8c0f64_diario_derivado;;interna;horaria_agregada;media
2020-10-23;203.125;24;True;0;84100000;nivel;Epagri;;;2;False;diaria;dea0d5f08b8c0f64_diario_derivado;;interna;horaria_agregada;media
2020-10-24;169.95833333333334;24;True;0;84100000;nivel;Epagri;;;2;False;diaria;dea0d5f08b8c0f64_diario_derivado;;interna;horaria_agregada;media
2020-10-25;162.125;24;True;0;84100000;nivel;Epagri;;;2;False;diaria;dea0d5f08b8c0f64_diario_derivado;;interna;horaria_agregada;media
2020-10-26;164.04166666666666;24;True;0;84100000;nivel;Epagri;;;2;False;diaria;dea0d5f08b8c0f64_diario_derivado;;interna;horaria_agregada;media
2020-10-27;179.25;24;True;0;84100000;nivel;Epagri;;;2;False;diaria;dea0d5f08b8c0f64_diario_derivado;;interna;horaria_agregada;media
2020-10-28;167.16666666666666;24;True;0;84100000;nivel;Epagri;;;2;False;diaria;dea0d5f08b8c0f64_diario_derivado;;interna;horaria_agregada;media
2020-10-29;160.16666666666666;24;True;0;84100000;nivel;Epagri;;;2;False;diaria;dea0d5f08b8c0f64_diario_derivado;;interna;horaria_agregada;media
2020-10-30;161.04166666666666;24;True;0;84100000;nivel;Epagri;;;2;False;diaria;dea0d5f08b8c0f64_diario_derivado;;interna;horaria_agregada;media
2020-10-31;159.0;24;True;0;84100000;nivel;Epagri;;;2;False;diaria;dea0d5f08b8c0f64_diario_derivado;;interna;horaria_agregada;media
2020-11-01;158.54166666666666;24;True;0;84100000;nivel;Epagri;;;2;False;diaria;dea0d5f08b8c0f64_diario_derivado;;interna;horaria_agregada;media
2020-11-02;157.625;24;True;0;84100000;nivel;Epagri;;;2;False;diaria;dea0d5f08b8c0f64_diario_derivado;;interna;horaria_agregada;media
2020-11-03;161.29166666666666;24;True;0;84100000;nivel;Epagri;;;2;False;diaria;dea0d5f08b8c0f64_diario_derivado;;interna;horaria_agregada;media
2020-11-04;164.0;24;True;0;84100000;nivel;Epagri;;;2;False;diaria;dea0d5f08b8c0f64_diario_derivado;;interna;horaria_agregada;media
2020-11-05;157.54166666666666;24;True;0;84100000;nivel;Epagri;;;2;False;diaria;dea0d5f08b8c0f64_diario_derivado;;interna;horaria_agregada;media
2020-11-06;156.58333333333334;24;True;0;84100000;nivel;Epagri;;;2;False;diaria;dea0d5f08b8c0f64_diario_derivado;;interna;horaria_agregada;media
2020-11-07;155.875;24;True;0;84100000;nivel;Epagri;;;2;False;diaria;dea0d5f08b8c0f64_diario_derivado;;interna;horaria_agregada;media
2020-11-08;155.25;24;True;0;84100000;nivel;Epagri;;;2;False;diaria;dea0d5f08b8c0f64_diario_derivado;;interna;horaria_agregada;media
2020-11-09;157.625;24;True;0;84100000;nivel;Epagri;;;2;False;diaria;dea0d5f08b8c0f64_diario_derivado;;interna;horaria_agregada;media
2020-11-10;174.54166666666666;24;True;0;84100000;nivel;Epagri;;;2;False;diaria;dea0d5f08b8c0f64_diario_derivado;;interna;horaria_agregada;media
2020-11-11;167.66666666666666;24;True;0;84100000;nivel;Epagri;;;2;False;diaria;dea0d5f08b8c0f64_diario_derivado;;interna;horaria_agregada;media
2020-11-12;167.0;24;True;0;84100000;nivel;Epagri;;;2;False;diaria;dea0d5f08b8c0f64_diario_derivado;;interna;horaria_agregada;media
2020-11-13;213.20833333333334;24;True;0;84100000;nivel;Epagri;;;2;False;diaria;dea0d5f08b8c0f64_diario_derivado;;interna;horaria_agregada;media
2020-11-14;187.54166666666666;24;True;0;84100000;nivel;Epagri;;;2;False;diaria;dea0d5f08b8c0f64_diario_derivado;;interna;horaria_agregada;media
2020-11-15;169.79166666666666;24;True;0;84100000;nivel;Epagri;;;2;False;diaria;dea0d5f08b8c0f64_diario_derivado;;interna;horaria_agregada;media
2020-11-16;172.0;24;True;0;84100000;nivel;Epagri;;;2;False;diaria;dea0d5f08b8c0f64_diario_derivado;;interna;horaria_agregada;media
2020-11-17;186.95833333333334;24;True;0;84100000;nivel;Epagri;;;2;False;diaria;dea0d5f08b8c0f64_diario_derivado;;interna;horaria_agregada;media
2020-11-18;167.66666666666666;24;True;0;84100000;nivel;Epagri;;;2;False;diaria;dea0d5f08b8c0f64_diario_derivado;;interna;horaria_agregada;media
2020-11-19;165.83333333333334;24;True;0;84100000;nivel;Epagri;;;2;False;diaria;dea0d5f08b8c0f64_diario_derivado;;interna;horaria_agregada;media
2020-11-20;167.04166666666666;24;True;0;84100000;nivel;Epagri;;;2;False;diaria;dea0d5f08b8c0f64_diario_derivado;;interna;horaria_agregada;media
2020-11-21;176.375;24;True;0;84100000;nivel;Epagri;;;2;False;diaria;dea0d5f08b8c0f64_diario_derivado;;interna;horaria_agregada;media
2020-11-22;168.95833333333334;24;True;0;84100000;nivel;Epagri;;;2;False;diaria;dea0d5f08b8c0f64_diario_derivado;;interna;horaria_agregada;media
2020-11-23;166.16666666666666;24;True;0;84100000;nivel;Epagri;;;2;False;diaria;dea0d5f08b8c0f64_diario_derivado;;interna;horaria_agregada;media
2020-11-24;163.08333333333334;24;True;0;84100000;nivel;Epagri;;;2;False;diaria;dea0d5f08b8c0f64_diario_derivado;;interna;horaria_agregada;media
2020-11-25;161.45833333333334;24;True;0;84100000;nivel;Epagri;;;2;False;diaria;dea0d5f08b8c0f64_diario_derivado;;interna;horaria_agregada;media
2020-11-26;161.125;24;True;0;84100000;nivel;Epagri;;;2;False;diaria;dea0d5f08b8c0f64_diario_derivado;;interna;horaria_agregada;media
2020-11-27;159.66666666666666;24;True;0;84100000;nivel;Epagri;;;2;False;diaria;dea0d5f08b8c0f64_diario_derivado;;interna;horaria_agregada;media
2020-11-28;162.83333333333334;24;True;0;84100000;nivel;Epagri;;;2;False;diaria;dea0d5f08b8c0f64_diario_derivado;;interna;horaria_agregada;media
2020-11-29;161.04166666666666;24;True;0;84100000;nivel;Epagri;;;2;False;diaria;dea0d5f08b8c0f64_diario_derivado;;interna;horaria_agregada;media
2020-11-30;183.83333333333334;24;True;0;84100000;nivel;Epagri;;;2;False;diaria;dea0d5f08b8c0f64_diario_derivado;;interna;horaria_agregada;media
2020-12-01;200.79166666666666;24;True;0;84100000;nivel;Epagri;;;2;False;diaria;dea0d5f08b8c0f64_diario_derivado;;interna;horaria_agregada;media
2020-12-02;174.375;24;True;0;84100000;nivel;Epagri;;;2;False;diaria;dea0d5f08b8c0f64_diario_derivado;;interna;horaria_agregada;media
2020-12-03;232.95833333333334;24;True;0;84100000;nivel;Epagri;;;2;False;diaria;dea0d5f08b8c0f64_diario_derivado;;interna;horaria_agregada;media
2020-12-04;185.20833333333334;24;True;0;84100000;nivel;Epagri;;;2;False;diaria;dea0d5f08b8c0f64_diario_derivado;;interna;horaria_agregada;media
2020-12-05;172.41666666666666;24;True;0;84100000;nivel;Epagri;;;2;False;diaria;dea0d5f08b8c0f64_diario_derivado;;interna;horaria_agregada;media
2020-12-06;207.16666666666666;24;True;0;84100000;nivel;Epagri;;;2;False;diaria;dea0d5f08b8c0f64_diario_derivado;;interna;horaria_agregada;media
2020-12-07;244.70833333333334;24;True;0;84100000;nivel;Epagri;;;2;False;diaria;dea0d5f08b8c0f64_diario_derivado;;interna;horaria_agregada;media
2020-12-08;205.0;24;True;0;84100000;nivel;Epagri;;;2;False;diaria;dea0d5f08b8c0f64_diario_derivado;;interna;horaria_agregada;media
2020-12-09;186.58333333333334;24;True;0;84100000;nivel;Epagri;;;2;False;diaria;dea0d5f08b8c0f64_diario_derivado;;interna;horaria_agregada;media
2020-12-10;180.29166666666666;24;True;0;84100000;nivel;Epagri;;;2;False;diaria;dea0d5f08b8c0f64_diario_derivado;;interna;horaria_agregada;media
2020-12-11;175.54166666666666;24;True;0;84100000;nivel;Epagri;;;2;False;diaria;dea0d5f08b8c0f64_diario_derivado;;interna;horaria_agregada;media
2020-12-12;174.375;24;True;0;84100000;nivel;Epagri;;;2;False;diaria;dea0d5f08b8c0f64_diario_derivado;;interna;horaria_agregada;media
2020-12-13;176.79166666666666;24;True;0;84100000;nivel;Epagri;;;2;False;diaria;dea0d5f08b8c0f64_diario_derivado;;interna;horaria_agregada;media
2020-12-14;203.41666666666666;24;True;0;84100000;nivel;Epagri;;;2;False;diaria;dea0d5f08b8c0f64_diario_derivado;;interna;horaria_agregada;media
2020-12-15;223.95833333333334;24;True;0;84100000;nivel;Epagri;;;2;False;diaria;dea0d5f08b8c0f64_diario_derivado;;interna;horaria_agregada;media
2020-12-16;195.66666666666666;24;True;0;84100000;nivel;Epagri;;;2;False;diaria;dea0d5f08b8c0f64_diario_derivado;;interna;horaria_agregada;media
2020-12-17;242.29166666666666;24;True;0;84100000;nivel;Epagri;;;2;False;diaria;dea0d5f08b8c0f64_diario_derivado;;interna;horaria_agregada;media
2020-12-18;198.20833333333334;24;True;0;84100000;nivel;Epagri;;;2;False;diaria;dea0d5f08b8c0f64_diario_derivado;;interna;horaria_agregada;media
2020-12-19;188.95833333333334;24;True;0;84100000;nivel;Epagri;;;2;False;diaria;dea0d5f08b8c0f64_diario_derivado;;interna;horaria_agregada;media
2020-12-20;181.04166666666666;24;True;0;84100000;nivel;Epagri;;;2;False;diaria;dea0d5f08b8c0f64_diario_derivado;;interna;horaria_agregada;media
2020-12-21;177.125;24;True;0;84100000;nivel;Epagri;;;2;False;diaria;dea0d5f08b8c0f64_diario_derivado;;interna;horaria_agregada;media
2020-12-22;174.41666666666666;24;True;0;84100000;nivel;Epagri;;;2;False;diaria;dea0d5f08b8c0f64_diario_derivado;;interna;horaria_agregada;media
2020-12-23;173.125;24;True;0;84100000;nivel;Epagri;;;2;False;diaria;dea0d5f08b8c0f64_diario_derivado;;interna;horaria_agregada;media
2020-12-24;191.5;24;True;0;84100000;nivel;Epagri;;;2;False;diaria;dea0d5f08b8c0f64_diario_derivado;;interna;horaria_agregada;media
2020-12-25;185.79166666666666;24;True;0;84100000;nivel;Epagri;;;2;False;diaria;dea0d5f08b8c0f64_diario_derivado;;interna;horaria_agregada;media
2020-12-26;176.45833333333334;24;True;0;84100000;nivel;Epagri;;;2;False;diaria;dea0d5f08b8c0f64_diario_derivado;;interna;horaria_agregada;media
2020-12-27;181.54166666666666;24;True;0;84100000;nivel;Epagri;;;2;False;diaria;dea0d5f08b8c0f64_diario_derivado;;interna;horaria_agregada;media
2020-12-28;197.08333333333334;24;True;0;84100000;nivel;Epagri;;;2;False;diaria;dea0d5f08b8c0f64_diario_derivado;;interna;horaria_agregada;media
2020-12-29;213.91666666666666;24;True;0;84100000;nivel;Epagri;;;2;False;diaria;dea0d5f08b8c0f64_diario_derivado;;interna;horaria_agregada;media
2020-12-30;201.375;24;True;0;84100000;nivel;Epagri;;;2;False;diaria;dea0d5f08b8c0f64_diario_derivado;;interna;horaria_agregada;media
2020-12-31;182.75;24;True;0;84100000;nivel;Epagri;;;2;False;diaria;dea0d5f08b8c0f64_diario_derivado;;interna;horaria_agregada;media
2021-01-01;187.125;24;True;0;84100000;nivel;Epagri;;;2;False;diaria;dea0d5f08b8c0f64_diario_derivado;;interna;horaria_agregada;media
2021-01-02;177.75;24;True;0;84100000;nivel;Epagri;;;2;False;diaria;dea0d5f08b8c0f64_diario_derivado;;interna;horaria_agregada;media
2021-01-03;174.54166666666666;24;True;0;84100000;nivel;Epagri;;;2;False;diaria;dea0d5f08b8c0f64_diario_derivado;;interna;horaria_agregada;media
2021-01-04;209.41666666666666;24;True;0;84100000;nivel;Epagri;;;2;False;diaria;dea0d5f08b8c0f64_diario_derivado;;interna;horaria_agregada;media
2021-01-05;181.04166666666666;24;True;0;84100000;nivel;Epagri;;;2;False;diaria;dea0d5f08b8c0f64_diario_derivado;;interna;horaria_agregada;media
2021-01-06;197.5;24;True;0;84100000;nivel;Epagri;;;2;False;diaria;dea0d5f08b8c0f64_diario_derivado;;interna;horaria_agregada;media
2021-01-07;213.20833333333334;24;True;0;84100000;nivel;Epagri;;;2;False;diaria;dea0d5f08b8c0f64_diario_derivado;;interna;horaria_agregada;media
2021-01-08;213.79166666666666;24;True;0;84100000;nivel;Epagri;;;2;False;diaria;dea0d5f08b8c0f64_diario_derivado;;interna;horaria_agregada;media
2021-01-09;195.45833333333334;24;True;0;84100000;nivel;Epagri;;;2;False;diaria;dea0d5f08b8c0f64_diario_derivado;;interna;horaria_agregada;media
2021-01-10;182.83333333333334;24;True;0;84100000;nivel;Epagri;;;2;False;diaria;dea0d5f08b8c0f64_diario_derivado;;interna;horaria_agregada;media
2021-01-11;181.25;24;True;0;84100000;nivel;Epagri;;;2;False;diaria;dea0d5f08b8c0f64_diario_derivado;;interna;horaria_agregada;media
2021-01-12;200.66666666666666;24;True;0;84100000;nivel;Epagri;;;2;False;diaria;dea0d5f08b8c0f64_diario_derivado;;interna;horaria_agregada;media
2021-01-13;194.95833333333334;24;True;0;84100000;nivel;Epagri;;;2;False;diaria;dea0d5f08b8c0f64_diario_derivado;;interna;horaria_agregada;media
2021-01-14;180.33333333333334;24;True;0;84100000;nivel;Epagri;;;2;False;diaria;dea0d5f08b8c0f64_diario_derivado;;interna;horaria_agregada;media
2021-01-15;187.91666666666666;24;True;0;84100000;nivel;Epagri;;;2;False;diaria;dea0d5f08b8c0f64_diario_derivado;;interna;horaria_agregada;media
2021-01-16;184.91666666666666;24;True;0;84100000;nivel;Epagri;;;2;False;diaria;dea0d5f08b8c0f64_diario_derivado;;interna;horaria_agregada;media
2021-01-17;240.125;24;True;0;84100000;nivel;Epagri;;;2;False;diaria;dea0d5f08b8c0f64_diario_derivado;;interna;horaria_agregada;media
2021-01-18;217.41666666666666;24;True;0;84100000;nivel;Epagri;;;2;False;diaria;dea0d5f08b8c0f64_diario_derivado;;interna;horaria_agregada;media
2021-01-19;192.91666666666666;24;True;0;84100000;nivel;Epagri;;;2;False;diaria;dea0d5f08b8c0f64_diario_derivado;;interna;horaria_agregada;media
2021-01-20;224.91666666666666;24;True;0;84100000;nivel;Epagri;;;2;False;diaria;dea0d5f08b8c0f64_diario_derivado;;interna;horaria_agregada;media
2021-01-21;243.0;24;True;0;84100000;nivel;Epagri;;;2;False;diaria;dea0d5f08b8c0f64_diario_derivado;;interna;horaria_agregada;media
2021-01-22;258.375;24;True;0;84100000;nivel;Epagri;;;2;False;diaria;dea0d5f08b8c0f64_diario_derivado;;interna;horaria_agregada;media
2021-01-23;239.875;24;True;0;84100000;nivel;Epagri;;;2;False;diaria;dea0d5f08b8c0f64_diario_derivado;;interna;horaria_agregada;media
2021-01-24;243.375;24;True;0;84100000;nivel;Epagri;;;2;False;diaria;dea0d5f08b8c0f64_diario_derivado;;interna;horaria_agregada;media
2021-01-25;238.04166666666666;24;True;0;84100000;nivel;Epagri;;;2;False;diaria;dea0d5f08b8c0f64_diario_derivado;;interna;horaria_agregada;media
2021-01-26;217.20833333333334;24;True;0;84100000;nivel;Epagri;;;2;False;diaria;dea0d5f08b8c0f64_diario_derivado;;interna;horaria_agregada;media
2021-01-27;208.29166666666666;24;True;0;84100000;nivel;Epagri;;;2;False;diaria;dea0d5f08b8c0f64_diario_derivado;;interna;horaria_agregada;media
2021-01-28;221.83333333333334;24;True;0;84100000;nivel;Epagri;;;2;False;diaria;dea0d5f08b8c0f64_diario_derivado;;interna;horaria_agregada;media
2021-01-29;322.9583333333333;24;True;0;84100000;nivel;Epagri;;;2;False;diaria;dea0d5f08b8c0f64_diario_derivado;;interna;horaria_agregada;media
2021-01-30;244.70833333333334;24;True;0;84100000;nivel;Epagri;;;2;False;diaria;dea0d5f08b8c0f64_diario_derivado;;interna;horaria_agregada;media
2021-01-31;219.0;24;True;0;84100000;nivel;Epagri;;;2;False;diaria;dea0d5f08b8c0f64_diario_derivado;;interna;horaria_agregada;media
2021-02-01;220.41666666666666;24;True;0;84100000;nivel;Epagri;;;2;False;diaria;dea0d5f08b8c0f64_diario_derivado;;interna;horaria_agregada;media
2021-02-02;215.70833333333334;24;True;0;84100000;nivel;Epagri;;;2;False;diaria;dea0d5f08b8c0f64_diario_derivado;;interna;horaria_agregada;media
2021-02-03;224.25;24;True;0;84100000;nivel;Epagri;;;2;False;diaria;dea0d5f08b8c0f64_diario_derivado;;interna;horaria_agregada;media
2021-02-04;206.29166666666666;24;True;0;84100000;nivel;Epagri;;;2;False;diaria;dea0d5f08b8c0f64_diario_derivado;;interna;horaria_agregada;media
2021-02-05;198.95833333333334;24;True;0;84100000;nivel;Epagri;;;2;False;diaria;dea0d5f08b8c0f64_diario_derivado;;interna;horaria_agregada;media
2021-02-06;192.54166666666666;24;True;0;84100000;nivel;Epagri;;;2;False;diaria;dea0d5f08b8c0f64_diario_derivado;;interna;horaria_agregada;media
2021-02-07;189.16666666666666;24;True;0;84100000;nivel;Epagri;;;2;False;diaria;dea0d5f08b8c0f64_diario_derivado;;interna;horaria_agregada;media
2021-02-08;186.91666666666666;24;True;0;84100000;nivel;Epagri;;;2;False;diaria;dea0d5f08b8c0f64_diario_derivado;;interna;horaria_agregada;media
2021-02-09;184.91666666666666;24;True;0;84100000;nivel;Epagri;;;2;False;diaria;dea0d5f08b8c0f64_diario_derivado;;interna;horaria_agregada;media
2021-02-10;183.45833333333334;24;True;0;84100000;nivel;Epagri;;;2;False;diaria;dea0d5f08b8c0f64_diario_derivado;;interna;horaria_agregada;media
2021-02-11;182.58333333333334;24;True;0;84100000;nivel;Epagri;;;2;False;diaria;dea0d5f08b8c0f64_diario_derivado;;interna;horaria_agregada;media
2021-02-12;204.45833333333334;24;True;0;84100000;nivel;Epagri;;;2;False;diaria;dea0d5f08b8c0f64_diario_derivado;;interna;horaria_agregada;media
2021-02-13;206.95833333333334;24;True;0;84100000;nivel;Epagri;;;2;False;diaria;dea0d5f08b8c0f64_diario_derivado;;interna;horaria_agregada;media
2021-02-14;210.125;24;True;0;84100000;nivel;Epagri;;;2;False;diaria;dea0d5f08b8c0f64_diario_derivado;;interna;horaria_agregada;media
2021-02-15;212.41666666666666;24;True;0;84100000;nivel;Epagri;;;2;False;diaria;dea0d5f08b8c0f64_diario_derivado;;interna;horaria_agregada;media
2021-02-16;224.04166666666666;24;True;0;84100000;nivel;Epagri;;;2;False;diaria;dea0d5f08b8c0f64_diario_derivado;;interna;horaria_agregada;media
2021-02-17;220.375;24;True;0;84100000;nivel;Epagri;;;2;False;diaria;dea0d5f08b8c0f64_diario_derivado;;interna;horaria_agregada;media
2021-02-18;199.83333333333334;24;True;0;84100000;nivel;Epagri;;;2;False;diaria;dea0d5f08b8c0f64_diario_derivado;;interna;horaria_agregada;media
2021-02-19;188.70833333333334;24;True;0;84100000;nivel;Epagri;;;2;False;diaria;dea0d5f08b8c0f64_diario_derivado;;interna;horaria_agregada;media
2021-02-20;186.375;24;True;0;84100000;nivel;Epagri;;;2;False;diaria;dea0d5f08b8c0f64_diario_derivado;;interna;horaria_agregada;media
2021-02-21;182.70833333333334;24;True;0;84100000;nivel;Epagri;;;2;False;diaria;dea0d5f08b8c0f64_diario_derivado;;interna;horaria_agregada;media
2021-02-22;181.08333333333334;24;True;0;84100000;nivel;Epagri;;;2;False;diaria;dea0d5f08b8c0f64_diario_derivado;;interna;horaria_agregada;media
2021-02-23;183.625;24;True;0;84100000;nivel;Epagri;;;2;False;diaria;dea0d5f08b8c0f64_diario_derivado;;interna;horaria_agregada;media
2021-02-24;199.04166666666666;24;True;0;84100000;nivel;Epagri;;;2;False;diaria;dea0d5f08b8c0f64_diario_derivado;;interna;horaria_agregada;media
2021-02-25;201.08333333333334;24;True;0;84100000;nivel;Epagri;;;2;False;diaria;dea0d5f08b8c0f64_diario_derivado;;interna;horaria_agregada;media
2021-02-26;194.66666666666666;24;True;0;84100000;nivel;Epagri;;;2;False;diaria;dea0d5f08b8c0f64_diario_derivado;;interna;horaria_agregada;media
2021-02-27;218.33333333333334;24;True;0;84100000;nivel;Epagri;;;2;False;diaria;dea0d5f08b8c0f64_diario_derivado;;interna;horaria_agregada;media
2021-02-28;257.875;24;True;0;84100000;nivel;Epagri;;;2;False;diaria;dea0d5f08b8c0f64_diario_derivado;;interna;horaria_agregada;media
2021-03-01;230.16666666666666;24;True;0;84100000;nivel;Epagri;;;2;False;diaria;dea0d5f08b8c0f64_diario_derivado;;interna;horaria_agregada;media
2021-03-02;239.70833333333334;24;True;0;84100000;nivel;Epagri;;;2;False;diaria;dea0d5f08b8c0f64_diario_derivado;;interna;horaria_agregada;media
2021-03-03;307.4166666666667;24;True;0;84100000;nivel;Epagri;;;2;False;diaria;dea0d5f08b8c0f64_diario_derivado;;interna;horaria_agregada;media
2021-03-04;241.70833333333334;24;True;0;84100000;nivel;Epagri;;;2;False;diaria;dea0d5f08b8c0f64_diario_derivado;;interna;horaria_agregada;media
2021-03-05;226.45833333333334;24;True;0;84100000;nivel;Epagri;;;2;False;diaria;dea0d5f08b8c0f64_diario_derivado;;interna;horaria_agregada;media
2021-03-06;216.75;24;True;0;84100000;nivel;Epagri;;;2;False;diaria;dea0d5f08b8c0f64_diario_derivado;;interna;horaria_agregada;media
2021-03-07;207.375;24;True;0;84100000;nivel;Epagri;;;2;False;diaria;dea0d5f08b8c0f64_diario_derivado;;interna;horaria_agregada;media
2021-03-08;200.75;24;True;0;84100000;nivel;Epagri;;;2;False;diaria;dea0d5f08b8c0f64_diario_derivado;;interna;horaria_agregada;media
2021-03-09;231.95833333333334;24;True;0;84100000;nivel;Epagri;;;2;False;diaria;dea0d5f08b8c0f64_diario_derivado;;interna;horaria_agregada;media
2021-03-10;202.625;24;True;0;84100000;nivel;Epagri;;;2;False;diaria;dea0d5f08b8c0f64_diario_derivado;;interna;horaria_agregada;media
2021-03-11;195.54166666666666;24;True;0;84100000;nivel;Epagri;;;2;False;diaria;dea0d5f08b8c0f64_diario_derivado;;interna;horaria_agregada;media
2021-03-12;191.91666666666666;24;True;0;84100000;nivel;Epagri;;;2;False;diaria;dea0d5f08b8c0f64_diario_derivado;;interna;horaria_agregada;media
2021-03-13;189.45833333333334;24;True;0;84100000;nivel;Epagri;;;2;False;diaria;dea0d5f08b8c0f64_diario_derivado;;interna;horaria_agregada;media
2021-03-14;194.16666666666666;24;True;0;84100000;nivel;Epagri;;;2;False;diaria;dea0d5f08b8c0f64_diario_derivado;;interna;horaria_agregada;media
2021-03-15;208.04166666666666;24;True;0;84100000;nivel;Epagri;;;2;False;diaria;dea0d5f08b8c0f64_diario_derivado;;interna;horaria_agregada;media
2021-03-16;201.66666666666666;24;True;0;84100000;nivel;Epagri;;;2;False;diaria;dea0d5f08b8c0f64_diario_derivado;;interna;horaria_agregada;media
2021-03-17;188.79166666666666;24;True;0;84100000;nivel;Epagri;;;2;False;diaria;dea0d5f08b8c0f64_diario_derivado;;interna;horaria_agregada;media
2021-03-18;188.58333333333334;24;True;0;84100000;nivel;Epagri;;;2;False;diaria;dea0d5f08b8c0f64_diario_derivado;;interna;horaria_agregada;media
2021-03-19;185.08333333333334;24;True;0;84100000;nivel;Epagri;;;2;False;diaria;dea0d5f08b8c0f64_diario_derivado;;interna;horaria_agregada;media
2021-03-20;183.29166666666666;24;True;0;84100000;nivel;Epagri;;;2;False;diaria;dea0d5f08b8c0f64_diario_derivado;;interna;horaria_agregada;media
2021-03-21;182.625;24;True;0;84100000;nivel;Epagri;;;2;False;diaria;dea0d5f08b8c0f64_diario_derivado;;interna;horaria_agregada;media
2021-03-22;181.375;24;True;0;84100000;nivel;Epagri;;;2;False;diaria;dea0d5f08b8c0f64_diario_derivado;;interna;horaria_agregada;media
2021-03-23;186.16666666666666;24;True;0;84100000;nivel;Epagri;;;2;False;diaria;dea0d5f08b8c0f64_diario_derivado;;interna;horaria_agregada;media
2021-03-24;187.75;24;True;0;84100000;nivel;Epagri;;;2;False;diaria;dea0d5f08b8c0f64_diario_derivado;;interna;horaria_agregada;media
2021-03-25;181.125;24;True;0;84100000;nivel;Epagri;;;2;False;diaria;dea0d5f08b8c0f64_diario_derivado;;interna;horaria_agregada;media
2021-03-26;180.0;24;True;0;84100000;nivel;Epagri;;;2;False;diaria;dea0d5f08b8c0f64_diario_derivado;;interna;horaria_agregada;media
2021-03-27;;18;False;0;84100000;nivel;Epagri;;;2;False;diaria;dea0d5f08b8c0f64_diario_derivado;;interna;horaria_agregada;media
2021-03-28;188.95833333333334;24;True;0;84100000;nivel;Epagri;;;2;False;diaria;dea0d5f08b8c0f64_diario_derivado;;interna;horaria_agregada;media
2021-03-29;196.20833333333334;24;True;0;84100000;nivel;Epagri;;;2;False;diaria;dea0d5f08b8c0f64_diario_derivado;;interna;horaria_agregada;media
2021-03-30;186.66666666666666;24;True;0;84100000;nivel;Epagri;;;2;False;diaria;dea0d5f08b8c0f64_diario_derivado;;interna;horaria_agregada;media
2021-03-31;179.875;24;True;0;84100000;nivel;Epagri;;;2;False;diaria;dea0d5f08b8c0f64_diario_derivado;;interna;horaria_agregada;media
2021-04-01;177.79166666666666;24;True;0;84100000;nivel;Epagri;;;2;False;diaria;dea0d5f08b8c0f64_diario_derivado;;interna;horaria_agregada;media
2021-04-02;176.58333333333334;24;True;0;84100000;nivel;Epagri;;;2;False;diaria;dea0d5f08b8c0f64_diario_derivado;;interna;horaria_agregada;media
2021-04-03;179.20833333333334;24;True;0;84100000;nivel;Epagri;;;2;False;diaria;dea0d5f08b8c0f64_diario_derivado;;interna;horaria_agregada;media
2021-04-04;176.83333333333334;24;True;0;84100000;nivel;Epagri;;;2;False;diaria;dea0d5f08b8c0f64_diario_derivado;;interna;horaria_agregada;media
2021-04-05;176.25;24;True;0;84100000;nivel;Epagri;;;2;False;diaria;dea0d5f08b8c0f64_diario_derivado;;interna;horaria_agregada;media
2021-04-06;177.83333333333334;24;True;0;84100000;nivel;Epagri;;;2;False;diaria;dea0d5f08b8c0f64_diario_derivado;;interna;horaria_agregada;media
2021-04-07;178.33333333333334;24;True;0;84100000;nivel;Epagri;;;2;False;diaria;dea0d5f08b8c0f64_diario_derivado;;interna;horaria_agregada;media
2021-04-08;198.58333333333334;24;True;0;84100000;nivel;Epagri;;;2;False;diaria;dea0d5f08b8c0f64_diario_derivado;;interna;horaria_agregada;media
2021-04-09;189.79166666666666;24;True;0;84100000;nivel;Epagri;;;2;False;diaria;dea0d5f08b8c0f64_diario_derivado;;interna;horaria_agregada;media
2021-04-10;178.66666666666666;24;True;0;84100000;nivel;Epagri;;;2;False;diaria;dea0d5f08b8c0f64_diario_derivado;;interna;horaria_agregada;media
2021-04-11;176.04166666666666;24;True;0;84100000;nivel;Epagri;;;2;False;diaria;dea0d5f08b8c0f64_diario_derivado;;interna;horaria_agregada;media
2021-04-12;174.20833333333334;24;True;0;84100000;nivel;Epagri;;;2;False;diaria;dea0d5f08b8c0f64_diario_derivado;;interna;horaria_agregada;media
2021-04-13;173.04166666666666;24;True;0;84100000;nivel;Epagri;;;2;False;diaria;dea0d5f08b8c0f64_diario_derivado;;interna;horaria_agregada;media
2021-04-14;172.5;24;True;0;84100000;nivel;Epagri;;;2;False;diaria;dea0d5f08b8c0f64_diario_derivado;;interna;horaria_agregada;media
2021-04-15;172.16666666666666;24;True;0;84100000;nivel;Epagri;;;2;False;diaria;dea0d5f08b8c0f64_diario_derivado;;interna;horaria_agregada;media
2021-04-16;171.875;24;True;0;84100000;nivel;Epagri;;;2;False;diaria;dea0d5f08b8c0f64_diario_derivado;;interna;horaria_agregada;media
2021-04-17;172.45833333333334;24;True;0;84100000;nivel;Epagri;;;2;False;diaria;dea0d5f08b8c0f64_diario_derivado;;interna;horaria_agregada;media
2021-04-18;174.875;24;True;0;84100000;nivel;Epagri;;;2;False;diaria;dea0d5f08b8c0f64_diario_derivado;;interna;horaria_agregada;media
2021-04-19;174.375;24;True;0;84100000;nivel;Epagri;;;2;False;diaria;dea0d5f08b8c0f64_diario_derivado;;interna;horaria_agregada;media
2021-04-20;173.45833333333334;24;True;0;84100000;nivel;Epagri;;;2;False;diaria;dea0d5f08b8c0f64_diario_derivado;;interna;horaria_agregada;media
2021-04-21;191.375;24;True;0;84100000;nivel;Epagri;;;2;False;diaria;dea0d5f08b8c0f64_diario_derivado;;interna;horaria_agregada;media
2021-04-22;213.79166666666666;24;True;0;84100000;nivel;Epagri;;;2;False;diaria;dea0d5f08b8c0f64_diario_derivado;;interna;horaria_agregada;media
2021-04-23;179.625;24;True;0;84100000;nivel;Epagri;;;2;False;diaria;dea0d5f08b8c0f64_diario_derivado;;interna;horaria_agregada;media
2021-04-24;176.08333333333334;24;True;0;84100000;nivel;Epagri;;;2;False;diaria;dea0d5f08b8c0f64_diario_derivado;;interna;horaria_agregada;media
2021-04-25;174.33333333333334;24;True;0;84100000;nivel;Epagri;;;2;False;diaria;dea0d5f08b8c0f64_diario_derivado;;interna;horaria_agregada;media
2021-04-26;172.83333333333334;24;True;0;84100000;nivel;Epagri;;;2;False;diaria;dea0d5f08b8c0f64_diario_derivado;;interna;horaria_agregada;media
2021-04-27;171.41666666666666;24;True;0;84100000;nivel;Epagri;;;2;False;diaria;dea0d5f08b8c0f64_diario_derivado;;interna;horaria_agregada;media
2021-04-28;170.79166666666666;24;True;0;84100000;nivel;Epagri;;;2;False;diaria;dea0d5f08b8c0f64_diario_derivado;;interna;horaria_agregada;media
2021-04-29;170.125;24;True;0;84100000;nivel;Epagri;;;2;False;diaria;dea0d5f08b8c0f64_diario_derivado;;interna;horaria_agregada;media
2021-04-30;169.75;24;True;0;84100000;nivel;Epagri;;;2;False;diaria;dea0d5f08b8c0f64_diario_derivado;;interna;horaria_agregada;media
2021-05-01;169.375;24;True;0;84100000;nivel;Epagri;;;2;False;diaria;dea0d5f08b8c0f64_diario_derivado;;interna;horaria_agregada;media
2021-05-02;169.91666666666666;24;True;0;84100000;nivel;Epagri;;;2;False;diaria;dea0d5f08b8c0f64_diario_derivado;;interna;horaria_agregada;media
2021-05-03;169.20833333333334;24;True;0;84100000;nivel;Epagri;;;2;False;diaria;dea0d5f08b8c0f64_diario_derivado;;interna;horaria_agregada;media
2021-05-04;169.08333333333334;24;True;0;84100000;nivel;Epagri;;;2;False;diaria;dea0d5f08b8c0f64_diario_derivado;;interna;horaria_agregada;media
2021-05-05;168.33333333333334;24;True;0;84100000;nivel;Epagri;;;2;False;diaria;dea0d5f08b8c0f64_diario_derivado;;interna;horaria_agregada;media
2021-05-06;188.70833333333334;24;True;0;84100000;nivel;Epagri;;;2;False;diaria;dea0d5f08b8c0f64_diario_derivado;;interna;horaria_agregada;media
2021-05-07;192.54166666666666;24;True;0;84100000;nivel;Epagri;;;2;False;diaria;dea0d5f08b8c0f64_diario_derivado;;interna;horaria_agregada;media
2021-05-08;173.125;24;True;0;84100000;nivel;Epagri;;;2;False;diaria;dea0d5f08b8c0f64_diario_derivado;;interna;horaria_agregada;media
2021-05-09;170.70833333333334;24;True;0;84100000;nivel;Epagri;;;2;False;diaria;dea0d5f08b8c0f64_diario_derivado;;interna;horaria_agregada;media
2021-05-10;177.04166666666666;24;True;0;84100000;nivel;Epagri;;;2;False;diaria;dea0d5f08b8c0f64_diario_derivado;;interna;horaria_agregada;media
2021-05-11;173.5;24;True;0;84100000;nivel;Epagri;;;2;False;diaria;dea0d5f08b8c0f64_diario_derivado;;interna;horaria_agregada;media
2021-05-12;182.54166666666666;24;True;0;84100000;nivel;Epagri;;;2;False;diaria;dea0d5f08b8c0f64_diario_derivado;;interna;horaria_agregada;media
2021-05-13;175.375;24;True;0;84100000;nivel;Epagri;;;2;False;diaria;dea0d5f08b8c0f64_diario_derivado;;interna;horaria_agregada;media
2021-05-14;171.54166666666666;24;True;0;84100000;nivel;Epagri;;;2;False;diaria;dea0d5f08b8c0f64_diario_derivado;;interna;horaria_agregada;media
2021-05-15;170.70833333333334;24;True;0;84100000;nivel;Epagri;;;2;False;diaria;dea0d5f08b8c0f64_diario_derivado;;interna;horaria_agregada;media
2021-05-16;170.125;24;True;0;84100000;nivel;Epagri;;;2;False;diaria;dea0d5f08b8c0f64_diario_derivado;;interna;horaria_agregada;media
2021-05-17;169.5;24;True;0;84100000;nivel;Epagri;;;2;False;diaria;dea0d5f08b8c0f64_diario_derivado;;interna;horaria_agregada;media
2021-05-18;168.29166666666666;24;True;0;84100000;nivel;Epagri;;;2;False;diaria;dea0d5f08b8c0f64_diario_derivado;;interna;horaria_agregada;media
2021-05-19;167.66666666666666;24;True;0;84100000;nivel;Epagri;;;2;False;diaria;dea0d5f08b8c0f64_diario_derivado;;interna;horaria_agregada;media
2021-05-20;167.54166666666666;24;True;0;84100000;nivel;Epagri;;;2;False;diaria;dea0d5f08b8c0f64_diario_derivado;;interna;horaria_agregada;media
2021-05-21;167.54166666666666;24;True;0;84100000;nivel;Epagri;;;2;False;diaria;dea0d5f08b8c0f64_diario_derivado;;interna;horaria_agregada;media
2021-05-22;185.125;24;True;0;84100000;nivel;Epagri;;;2;False;diaria;dea0d5f08b8c0f64_diario_derivado;;interna;horaria_agregada;media
2021-05-23;171.58333333333334;24;True;0;84100000;nivel;Epagri;;;2;False;diaria;dea0d5f08b8c0f64_diario_derivado;;interna;horaria_agregada;media
2021-05-24;167.75;24;True;0;84100000;nivel;Epagri;;;2;False;diaria;dea0d5f08b8c0f64_diario_derivado;;interna;horaria_agregada;media
2021-05-25;168.29166666666666;24;True;0;84100000;nivel;Epagri;;;2;False;diaria;dea0d5f08b8c0f64_diario_derivado;;interna;horaria_agregada;media
2021-05-26;167.75;24;True;0;84100000;nivel;Epagri;;;2;False;diaria;dea0d5f08b8c0f64_diario_derivado;;interna;horaria_agregada;media
2021-05-27;167.625;24;True;0;84100000;nivel;Epagri;;;2;False;diaria;dea0d5f08b8c0f64_diario_derivado;;interna;horaria_agregada;media
2021-05-28;167.20833333333334;24;True;0;84100000;nivel;Epagri;;;2;False;diaria;dea0d5f08b8c0f64_diario_derivado;;interna;horaria_agregada;media
2021-05-29;199.5;24;True;0;84100000;nivel;Epagri;;;2;False;diaria;dea0d5f08b8c0f64_diario_derivado;;interna;horaria_agregada;media
2021-05-30;176.16666666666666;24;True;0;84100000;nivel;Epagri;;;2;False;diaria;dea0d5f08b8c0f64_diario_derivado;;interna;horaria_agregada;media
2021-05-31;171.75;24;True;0;84100000;nivel;Epagri;;;2;False;diaria;dea0d5f08b8c0f64_diario_derivado;;interna;horaria_agregada;media
2021-06-01;170.29166666666666;24;True;0;84100000;nivel;Epagri;;;2;False;diaria;dea0d5f08b8c0f64_diario_derivado;;interna;horaria_agregada;media
2021-06-02;169.625;24;True;0;84100000;nivel;Epagri;;;2;False;diaria;dea0d5f08b8c0f64_diario_derivado;;interna;horaria_agregada;media
2021-06-03;169.04166666666666;24;True;0;84100000;nivel;Epagri;;;2;False;diaria;dea0d5f08b8c0f64_diario_derivado;;interna;horaria_agregada;media
2021-06-04;168.95833333333334;24;True;0;84100000;nivel;Epagri;;;2;False;diaria;dea0d5f08b8c0f64_diario_derivado;;interna;horaria_agregada;media
2021-06-05;168.58333333333334;24;True;0;84100000;nivel;Epagri;;;2;False;diaria;dea0d5f08b8c0f64_diario_derivado;;interna;horaria_agregada;media
2021-06-06;168.08333333333334;24;True;0;84100000;nivel;Epagri;;;2;False;diaria;dea0d5f08b8c0f64_diario_derivado;;interna;horaria_agregada;media
2021-06-07;180.29166666666666;24;True;0;84100000;nivel;Epagri;;;2;False;diaria;dea0d5f08b8c0f64_diario_derivado;;interna;horaria_agregada;media
2021-06-08;178.79166666666666;24;True;0;84100000;nivel;Epagri;;;2;False;diaria;dea0d5f08b8c0f64_diario_derivado;;interna;horaria_agregada;media
2021-06-09;312.2083333333333;24;True;0;84100000;nivel;Epagri;;;2;False;diaria;dea0d5f08b8c0f64_diario_derivado;;interna;horaria_agregada;media
2021-06-10;219.125;24;True;0;84100000;nivel;Epagri;;;2;False;diaria;dea0d5f08b8c0f64_diario_derivado;;interna;horaria_agregada;media
2021-06-11;209.20833333333334;24;True;0;84100000;nivel;Epagri;;;2;False;diaria;dea0d5f08b8c0f64_diario_derivado;;interna;horaria_agregada;media
2021-06-12;188.66666666666666;24;True;0;84100000;nivel;Epagri;;;2;False;diaria;dea0d5f08b8c0f64_diario_derivado;;interna;horaria_agregada;media
2021-06-13;182.375;24;True;0;84100000;nivel;Epagri;;;2;False;diaria;dea0d5f08b8c0f64_diario_derivado;;interna;horaria_agregada;media
2021-06-14;179.29166666666666;24;True;0;84100000;nivel;Epagri;;;2;False;diaria;dea0d5f08b8c0f64_diario_derivado;;interna;horaria_agregada;media
2021-06-15;177.41666666666666;24;True;0;84100000;nivel;Epagri;;;2;False;diaria;dea0d5f08b8c0f64_diario_derivado;;interna;horaria_agregada;media
2021-06-16;175.45833333333334;24;True;0;84100000;nivel;Epagri;;;2;False;diaria;dea0d5f08b8c0f64_diario_derivado;;interna;horaria_agregada;media
2021-06-17;174.20833333333334;24;True;0;84100000;nivel;Epagri;;;2;False;diaria;dea0d5f08b8c0f64_diario_derivado;;interna;horaria_agregada;media
2021-06-18;173.83333333333334;24;True;0;84100000;nivel;Epagri;;;2;False;diaria;dea0d5f08b8c0f64_diario_derivado;;interna;horaria_agregada;media
2021-06-19;254.54166666666666;24;True;0;84100000;nivel;Epagri;;;2;False;diaria;dea0d5f08b8c0f64_diario_derivado;;interna;horaria_agregada;media
2021-06-20;270.7916666666667;24;True;0;84100000;nivel;Epagri;;;2;False;diaria;dea0d5f08b8c0f64_diario_derivado;;interna;horaria_agregada;media
2021-06-21;207.75;24;True;0;84100000;nivel;Epagri;;;2;False;diaria;dea0d5f08b8c0f64_diario_derivado;;interna;horaria_agregada;media
2021-06-22;195.16666666666666;24;True;0;84100000;nivel;Epagri;;;2;False;diaria;dea0d5f08b8c0f64_diario_derivado;;interna;horaria_agregada;media
2021-06-23;189.08333333333334;24;True;0;84100000;nivel;Epagri;;;2;False;diaria;dea0d5f08b8c0f64_diario_derivado;;interna;horaria_agregada;media
2021-06-24;186.375;24;True;0;84100000;nivel;Epagri;;;2;False;diaria;dea0d5f08b8c0f64_diario_derivado;;interna;horaria_agregada;media
2021-06-25;184.83333333333334;24;True;0;84100000;nivel;Epagri;;;2;False;diaria;dea0d5f08b8c0f64_diario_derivado;;interna;horaria_agregada;media
2021-06-26;187.33333333333334;24;True;0;84100000;nivel;Epagri;;;2;False;diaria;dea0d5f08b8c0f64_diario_derivado;;interna;horaria_agregada;media
2021-06-27;183.45833333333334;24;True;0;84100000;nivel;Epagri;;;2;False;diaria;dea0d5f08b8c0f64_diario_derivado;;interna;horaria_agregada;media
2021-06-28;240.66666666666666;24;True;0;84100000;nivel;Epagri;;;2;False;diaria;dea0d5f08b8c0f64_diario_derivado;;interna;horaria_agregada;media
2021-06-29;250.625;24;True;0;84100000;nivel;Epagri;;;2;False;diaria;dea0d5f08b8c0f64_diario_derivado;;interna;horaria_agregada;media
2021-06-30;202.33333333333334;24;True;0;84100000;nivel;Epagri;;;2;False;diaria;dea0d5f08b8c0f64_diario_derivado;;interna;horaria_agregada;media
2021-07-01;193.16666666666666;24;True;0;84100000;nivel;Epagri;;;2;False;diaria;dea0d5f08b8c0f64_diario_derivado;;interna;horaria_agregada;media
2021-07-02;189.58333333333334;24;True;0;84100000;nivel;Epagri;;;2;False;diaria;dea0d5f08b8c0f64_diario_derivado;;interna;horaria_agregada;media
2021-07-03;186.08333333333334;24;True;0;84100000;nivel;Epagri;;;2;False;diaria;dea0d5f08b8c0f64_diario_derivado;;interna;horaria_agregada;media
2021-07-04;183.875;24;True;0;84100000;nivel;Epagri;;;2;False;diaria;dea0d5f08b8c0f64_diario_derivado;;interna;horaria_agregada;media
2021-07-05;182.91666666666666;24;True;0;84100000;nivel;Epagri;;;2;False;diaria;dea0d5f08b8c0f64_diario_derivado;;interna;horaria_agregada;media
2021-07-06;181.58333333333334;24;True;0;84100000;nivel;Epagri;;;2;False;diaria;dea0d5f08b8c0f64_diario_derivado;;interna;horaria_agregada;media
2021-07-07;185.95833333333334;24;True;0;84100000;nivel;Epagri;;;2;False;diaria;dea0d5f08b8c0f64_diario_derivado;;interna;horaria_agregada;media
2021-07-08;181.41666666666666;24;True;0;84100000;nivel;Epagri;;;2;False;diaria;dea0d5f08b8c0f64_diario_derivado;;interna;horaria_agregada;media
2021-07-09;179.58333333333334;24;True;0;84100000;nivel;Epagri;;;2;False;diaria;dea0d5f08b8c0f64_diario_derivado;;interna;horaria_agregada;media
2021-07-10;179.125;24;True;0;84100000;nivel;Epagri;;;2;False;diaria;dea0d5f08b8c0f64_diario_derivado;;interna;horaria_agregada;media
2021-07-11;177.95833333333334;24;True;0;84100000;nivel;Epagri;;;2;False;diaria;dea0d5f08b8c0f64_diario_derivado;;interna;horaria_agregada;media
2021-07-12;177.16666666666666;24;True;0;84100000;nivel;Epagri;;;2;False;diaria;dea0d5f08b8c0f64_diario_derivado;;interna;horaria_agregada;media
2021-07-13;177.41666666666666;24;True;0;84100000;nivel;Epagri;;;2;False;diaria;dea0d5f08b8c0f64_diario_derivado;;interna;horaria_agregada;media
2021-07-14;176.79166666666666;24;True;0;84100000;nivel;Epagri;;;2;False;diaria;dea0d5f08b8c0f64_diario_derivado;;interna;horaria_agregada;media
2021-07-15;176.375;24;True;0;84100000;nivel;Epagri;;;2;False;diaria;dea0d5f08b8c0f64_diario_derivado;;interna;horaria_agregada;media
2021-07-16;177.29166666666666;24;True;0;84100000;nivel;Epagri;;;2;False;diaria;dea0d5f08b8c0f64_diario_derivado;;interna;horaria_agregada;media
2021-07-17;176.66666666666666;24;True;0;84100000;nivel;Epagri;;;2;False;diaria;dea0d5f08b8c0f64_diario_derivado;;interna;horaria_agregada;media
2021-07-18;174.83333333333334;24;True;0;84100000;nivel;Epagri;;;2;False;diaria;dea0d5f08b8c0f64_diario_derivado;;interna;horaria_agregada;media
2021-07-19;173.08333333333334;24;True;0;84100000;nivel;Epagri;;;2;False;diaria;dea0d5f08b8c0f64_diario_derivado;;interna;horaria_agregada;media
2021-07-20;172.58333333333334;24;True;0;84100000;nivel;Epagri;;;2;False;diaria;dea0d5f08b8c0f64_diario_derivado;;interna;horaria_agregada;media
2021-07-21;;22;False;0;84100000;nivel;Epagri;;;2;False;diaria;dea0d5f08b8c0f64_diario_derivado;;interna;horaria_agregada;media
2021-07-22;172.41666666666666;24;True;0;84100000;nivel;Epagri;;;2;False;diaria;dea0d5f08b8c0f64_diario_derivado;;interna;horaria_agregada;media
2021-07-23;172.20833333333334;24;True;0;84100000;nivel;Epagri;;;2;False;diaria;dea0d5f08b8c0f64_diario_derivado;;interna;horaria_agregada;media
2021-07-24;172.375;24;True;0;84100000;nivel;Epagri;;;2;False;diaria;dea0d5f08b8c0f64_diario_derivado;;interna;horaria_agregada;media
2021-07-25;172.20833333333334;24;True;0;84100000;nivel;Epagri;;;2;False;diaria;dea0d5f08b8c0f64_diario_derivado;;interna;horaria_agregada;media
2021-07-26;172.25;24;True;0;84100000;nivel;Epagri;;;2;False;diaria;dea0d5f08b8c0f64_diario_derivado;;interna;horaria_agregada;media
2021-07-27;173.45833333333334;24;True;0;84100000;nivel;Epagri;;;2;False;diaria;dea0d5f08b8c0f64_diario_derivado;;interna;horaria_agregada;media
2021-07-28;173.125;24;True;0;84100000;nivel;Epagri;;;2;False;diaria;dea0d5f08b8c0f64_diario_derivado;;interna;horaria_agregada;media
2021-07-29;169.95833333333334;24;True;0;84100000;nivel;Epagri;;;2;False;diaria;dea0d5f08b8c0f64_diario_derivado;;interna;horaria_agregada;media
2021-07-30;169.66666666666666;24;True;0;84100000;nivel;Epagri;;;2;False;diaria;dea0d5f08b8c0f64_diario_derivado;;interna;horaria_agregada;media
2021-07-31;;23;False;0;84100000;nivel;Epagri;;;2;False;diaria;dea0d5f08b8c0f64_diario_derivado;;interna;horaria_agregada;media
2021-08-01;;16;False;0;84100000;nivel;Epagri;;;2;False;diaria;dea0d5f08b8c0f64_diario_derivado;;interna;horaria_agregada;media
2021-08-02;170.79166666666666;24;True;0;84100000;nivel;Epagri;;;2;False;diaria;dea0d5f08b8c0f64_diario_derivado;;interna;horaria_agregada;media
2021-08-03;170.875;24;True;0;84100000;nivel;Epagri;;;2;False;diaria;dea0d5f08b8c0f64_diario_derivado;;interna;horaria_agregada;media
2021-08-04;169.91666666666666;24;True;0;84100000;nivel;Epagri;;;2;False;diaria;dea0d5f08b8c0f64_diario_derivado;;interna;horaria_agregada;media
2021-08-05;173.04166666666666;24;True;0;84100000;nivel;Epagri;;;2;False;diaria;dea0d5f08b8c0f64_diario_derivado;;interna;horaria_agregada;media
2021-08-06;172.95833333333334;24;True;0;84100000;nivel;Epagri;;;2;False;diaria;dea0d5f08b8c0f64_diario_derivado;;interna;horaria_agregada;media
2021-08-07;178.91666666666666;24;True;0;84100000;nivel;Epagri;;;2;False;diaria;dea0d5f08b8c0f64_diario_derivado;;interna;horaria_agregada;media
2021-08-08;175.0;24;True;0;84100000;nivel;Epagri;;;2;False;diaria;dea0d5f08b8c0f64_diario_derivado;;interna;horaria_agregada;media
2021-08-09;171.66666666666666;24;True;0;84100000;nivel;Epagri;;;2;False;diaria;dea0d5f08b8c0f64_diario_derivado;;interna;horaria_agregada;media
2021-08-10;170.58333333333334;24;True;0;84100000;nivel;Epagri;;;2;False;diaria;dea0d5f08b8c0f64_diario_derivado;;interna;horaria_agregada;media
2021-08-11;180.41666666666666;24;True;0;84100000;nivel;Epagri;;;2;False;diaria;dea0d5f08b8c0f64_diario_derivado;;interna;horaria_agregada;media
2021-08-12;172.125;24;True;0;84100000;nivel;Epagri;;;2;False;diaria;dea0d5f08b8c0f64_diario_derivado;;interna;horaria_agregada;media
2021-08-13;170.25;24;True;0;84100000;nivel;Epagri;;;2;False;diaria;dea0d5f08b8c0f64_diario_derivado;;interna;horaria_agregada;media
2021-08-14;178.41666666666666;24;True;0;84100000;nivel;Epagri;;;2;False;diaria;dea0d5f08b8c0f64_diario_derivado;;interna;horaria_agregada;media
2021-08-15;175.5;24;True;0;84100000;nivel;Epagri;;;2;False;diaria;dea0d5f08b8c0f64_diario_derivado;;interna;horaria_agregada;media
2021-08-16;;23;False;0;84100000;nivel;Epagri;;;2;False;diaria;dea0d5f08b8c0f64_diario_derivado;;interna;horaria_agregada;media
2021-08-17;171.16666666666666;24;True;0;84100000;nivel;Epagri;;;2;False;diaria;dea0d5f08b8c0f64_diario_derivado;;interna;horaria_agregada;media
2021-08-18;170.29166666666666;24;True;0;84100000;nivel;Epagri;;;2;False;diaria;dea0d5f08b8c0f64_diario_derivado;;interna;horaria_agregada;media
2021-08-19;169.83333333333334;24;True;0;84100000;nivel;Epagri;;;2;False;diaria;dea0d5f08b8c0f64_diario_derivado;;interna;horaria_agregada;media
2021-08-20;169.125;24;True;0;84100000;nivel;Epagri;;;2;False;diaria;dea0d5f08b8c0f64_diario_derivado;;interna;horaria_agregada;media
2021-08-21;168.125;24;True;0;84100000;nivel;Epagri;;;2;False;diaria;dea0d5f08b8c0f64_diario_derivado;;interna;horaria_agregada;media
2021-08-22;167.75;24;True;0;84100000;nivel;Epagri;;;2;False;diaria;dea0d5f08b8c0f64_diario_derivado;;interna;horaria_agregada;media
2021-08-23;167.66666666666666;24;True;0;84100000;nivel;Epagri;;;2;False;diaria;dea0d5f08b8c0f64_diario_derivado;;interna;horaria_agregada;media
2021-08-24;166.66666666666666;24;True;0;84100000;nivel;Epagri;;;2;False;diaria;dea0d5f08b8c0f64_diario_derivado;;interna;horaria_agregada;media
2021-08-25;165.25;24;True;0;84100000;nivel;Epagri;;;2;False;diaria;dea0d5f08b8c0f64_diario_derivado;;interna;horaria_agregada;media
2021-08-26;164.83333333333334;24;True;0;84100000;nivel;Epagri;;;2;False;diaria;dea0d5f08b8c0f64_diario_derivado;;interna;horaria_agregada;media
2021-08-27;163.75;24;True;0;84100000;nivel;Epagri;;;2;False;diaria;dea0d5f08b8c0f64_diario_derivado;;interna;horaria_agregada;media
2021-08-28;163.66666666666666;24;True;0;84100000;nivel;Epagri;;;2;False;diaria;dea0d5f08b8c0f64_diario_derivado;;interna;horaria_agregada;media
2021-08-29;164.70833333333334;24;True;0;84100000;nivel;Epagri;;;2;False;diaria;dea0d5f08b8c0f64_diario_derivado;;interna;horaria_agregada;media
2021-08-30;166.54166666666666;24;True;0;84100000;nivel;Epagri;;;2;False;diaria;dea0d5f08b8c0f64_diario_derivado;;interna;horaria_agregada;media
2021-08-31;175.70833333333334;24;True;0;84100000;nivel;Epagri;;;2;False;diaria;dea0d5f08b8c0f64_diario_derivado;;interna;horaria_agregada;media
2021-09-01;167.45833333333334;24;True;0;84100000;nivel;Epagri;;;2;False;diaria;dea0d5f08b8c0f64_diario_derivado;;interna;horaria_agregada;media
2021-09-02;165.58333333333334;24;True;0;84100000;nivel;Epagri;;;2;False;diaria;dea0d5f08b8c0f64_diario_derivado;;interna;horaria_agregada;media
2021-09-03;164.83333333333334;24;True;0;84100000;nivel;Epagri;;;2;False;diaria;dea0d5f08b8c0f64_diario_derivado;;interna;horaria_agregada;media
2021-09-04;165.16666666666666;24;True;0;84100000;nivel;Epagri;;;2;False;diaria;dea0d5f08b8c0f64_diario_derivado;;interna;horaria_agregada;media
2021-09-05;167.20833333333334;24;True;0;84100000;nivel;Epagri;;;2;False;diaria;dea0d5f08b8c0f64_diario_derivado;;interna;horaria_agregada;media
2021-09-06;165.125;24;True;0;84100000;nivel;Epagri;;;2;False;diaria;dea0d5f08b8c0f64_diario_derivado;;interna;horaria_agregada;media
2021-09-07;185.04166666666666;24;True;0;84100000;nivel;Epagri;;;2;False;diaria;dea0d5f08b8c0f64_diario_derivado;;interna;horaria_agregada;media
2021-09-08;231.04166666666666;24;True;0;84100000;nivel;Epagri;;;2;False;diaria;dea0d5f08b8c0f64_diario_derivado;;interna;horaria_agregada;media
2021-09-09;202.70833333333334;24;True;0;84100000;nivel;Epagri;;;2;False;diaria;dea0d5f08b8c0f64_diario_derivado;;interna;horaria_agregada;media
2021-09-10;175.83333333333334;24;True;0;84100000;nivel;Epagri;;;2;False;diaria;dea0d5f08b8c0f64_diario_derivado;;interna;horaria_agregada;media
2021-09-11;171.16666666666666;24;True;0;84100000;nivel;Epagri;;;2;False;diaria;dea0d5f08b8c0f64_diario_derivado;;interna;horaria_agregada;media
2021-09-12;169.33333333333334;24;True;0;84100000;nivel;Epagri;;;2;False;diaria;dea0d5f08b8c0f64_diario_derivado;;interna;horaria_agregada;media
2021-09-13;168.33333333333334;24;True;0;84100000;nivel;Epagri;;;2;False;diaria;dea0d5f08b8c0f64_diario_derivado;;interna;horaria_agregada;media
2021-09-14;180.29166666666666;24;True;0;84100000;nivel;Epagri;;;2;False;diaria;dea0d5f08b8c0f64_diario_derivado;;interna;horaria_agregada;media
2021-09-15;173.79166666666666;24;True;0;84100000;nivel;Epagri;;;2;False;diaria;dea0d5f08b8c0f64_diario_derivado;;interna;horaria_agregada;media
2021-09-16;168.25;24;True;0;84100000;nivel;Epagri;;;2;False;diaria;dea0d5f08b8c0f64_diario_derivado;;interna;horaria_agregada;media
2021-09-17;201.08333333333334;24;True;0;84100000;nivel;Epagri;;;2;False;diaria;dea0d5f08b8c0f64_diario_derivado;;interna;horaria_agregada;media
2021-09-18;216.91666666666666;24;True;0;84100000;nivel;Epagri;;;2;False;diaria;dea0d5f08b8c0f64_diario_derivado;;interna;horaria_agregada;media
2021-09-19;182.25;24;True;0;84100000;nivel;Epagri;;;2;False;diaria;dea0d5f08b8c0f64_diario_derivado;;interna;horaria_agregada;media
2021-09-20;177.08333333333334;24;True;0;84100000;nivel;Epagri;;;2;False;diaria;dea0d5f08b8c0f64_diario_derivado;;interna;horaria_agregada;media
2021-09-21;173.75;24;True;0;84100000;nivel;Epagri;;;2;False;diaria;dea0d5f08b8c0f64_diario_derivado;;interna;horaria_agregada;media
2021-09-22;170.70833333333334;24;True;0;84100000;nivel;Epagri;;;2;False;diaria;dea0d5f08b8c0f64_diario_derivado;;interna;horaria_agregada;media
2021-09-23;169.375;24;True;0;84100000;nivel;Epagri;;;2;False;diaria;dea0d5f08b8c0f64_diario_derivado;;interna;horaria_agregada;media
2021-09-24;169.08333333333334;24;True;0;84100000;nivel;Epagri;;;2;False;diaria;dea0d5f08b8c0f64_diario_derivado;;interna;horaria_agregada;media
2021-09-25;168.54166666666666;24;True;0;84100000;nivel;Epagri;;;2;False;diaria;dea0d5f08b8c0f64_diario_derivado;;interna;horaria_agregada;media
2021-09-26;168.16666666666666;24;True;0;84100000;nivel;Epagri;;;2;False;diaria;dea0d5f08b8c0f64_diario_derivado;;interna;horaria_agregada;media
2021-09-27;167.20833333333334;24;True;0;84100000;nivel;Epagri;;;2;False;diaria;dea0d5f08b8c0f64_diario_derivado;;interna;horaria_agregada;media
2021-09-28;167.5;24;True;0;84100000;nivel;Epagri;;;2;False;diaria;dea0d5f08b8c0f64_diario_derivado;;interna;horaria_agregada;media
2021-09-29;184.08333333333334;24;True;0;84100000;nivel;Epagri;;;2;False;diaria;dea0d5f08b8c0f64_diario_derivado;;interna;horaria_agregada;media
2021-09-30;171.29166666666666;24;True;0;84100000;nivel;Epagri;;;2;False;diaria;dea0d5f08b8c0f64_diario_derivado;;interna;horaria_agregada;media
2021-10-01;226.625;24;True;0;84100000;nivel;Epagri;;;2;False;diaria;dea0d5f08b8c0f64_diario_derivado;;interna;horaria_agregada;media
2021-10-02;183.20833333333334;24;True;0;84100000;nivel;Epagri;;;2;False;diaria;dea0d5f08b8c0f64_diario_derivado;;interna;horaria_agregada;media
2021-10-03;175.83333333333334;24;True;0;84100000;nivel;Epagri;;;2;False;diaria;dea0d5f08b8c0f64_diario_derivado;;interna;horaria_agregada;media
2021-10-04;172.70833333333334;24;True;0;84100000;nivel;Epagri;;;2;False;diaria;dea0d5f08b8c0f64_diario_derivado;;interna;horaria_agregada;media
2021-10-05;171.45833333333334;24;True;0;84100000;nivel;Epagri;;;2;False;diaria;dea0d5f08b8c0f64_diario_derivado;;interna;horaria_agregada;media
2021-10-06;176.95833333333334;24;True;0;84100000;nivel;Epagri;;;2;False;diaria;dea0d5f08b8c0f64_diario_derivado;;interna;horaria_agregada;media
2021-10-07;187.79166666666666;24;True;0;84100000;nivel;Epagri;;;2;False;diaria;dea0d5f08b8c0f64_diario_derivado;;interna;horaria_agregada;media
2021-10-08;174.20833333333334;24;True;0;84100000;nivel;Epagri;;;2;False;diaria;dea0d5f08b8c0f64_diario_derivado;;interna;horaria_agregada;media
2021-10-09;213.5;24;True;0;84100000;nivel;Epagri;;;2;False;diaria;dea0d5f08b8c0f64_diario_derivado;;interna;horaria_agregada;media
2021-10-10;228.375;24;True;0;84100000;nivel;Epagri;;;2;False;diaria;dea0d5f08b8c0f64_diario_derivado;;interna;horaria_agregada;media
2021-10-11;220.83333333333334;24;True;0;84100000;nivel;Epagri;;;2;False;diaria;dea0d5f08b8c0f64_diario_derivado;;interna;horaria_agregada;media
2021-10-12;326.5;24;True;0;84100000;nivel;Epagri;;;2;False;diaria;dea0d5f08b8c0f64_diario_derivado;;interna;horaria_agregada;media
2021-10-13;257.6666666666667;24;True;0;84100000;nivel;Epagri;;;2;False;diaria;dea0d5f08b8c0f64_diario_derivado;;interna;horaria_agregada;media
2021-10-14;222.875;24;True;0;84100000;nivel;Epagri;;;2;False;diaria;dea0d5f08b8c0f64_diario_derivado;;interna;horaria_agregada;media
2021-10-15;207.625;24;True;0;84100000;nivel;Epagri;;;2;False;diaria;dea0d5f08b8c0f64_diario_derivado;;interna;horaria_agregada;media
2021-10-16;205.33333333333334;24;True;0;84100000;nivel;Epagri;;;2;False;diaria;dea0d5f08b8c0f64_diario_derivado;;interna;horaria_agregada;media
2021-10-17;195.375;24;True;0;84100000;nivel;Epagri;;;2;False;diaria;dea0d5f08b8c0f64_diario_derivado;;interna;horaria_agregada;media
2021-10-18;206.75;24;True;0;84100000;nivel;Epagri;;;2;False;diaria;dea0d5f08b8c0f64_diario_derivado;;interna;horaria_agregada;media
2021-10-19;195.375;24;True;0;84100000;nivel;Epagri;;;2;False;diaria;dea0d5f08b8c0f64_diario_derivado;;interna;horaria_agregada;media
2021-10-20;188.79166666666666;24;True;0;84100000;nivel;Epagri;;;2;False;diaria;dea0d5f08b8c0f64_diario_derivado;;interna;horaria_agregada;media
2021-10-21;191.375;24;True;0;84100000;nivel;Epagri;;;2;False;diaria;dea0d5f08b8c0f64_diario_derivado;;interna;horaria_agregada;media
2021-10-22;185.375;24;True;0;84100000;nivel;Epagri;;;2;False;diaria;dea0d5f08b8c0f64_diario_derivado;;interna;horaria_agregada;media
2021-10-23;182.58333333333334;24;True;0;84100000;nivel;Epagri;;;2;False;diaria;dea0d5f08b8c0f64_diario_derivado;;interna;horaria_agregada;media
2021-10-24;182.08333333333334;24;True;0;84100000;nivel;Epagri;;;2;False;diaria;dea0d5f08b8c0f64_diario_derivado;;interna;horaria_agregada;media
2021-10-25;179.125;24;True;0;84100000;nivel;Epagri;;;2;False;diaria;dea0d5f08b8c0f64_diario_derivado;;interna;horaria_agregada;media
2021-10-26;177.83333333333334;24;True;0;84100000;nivel;Epagri;;;2;False;diaria;dea0d5f08b8c0f64_diario_derivado;;interna;horaria_agregada;media
2021-10-27;176.33333333333334;24;True;0;84100000;nivel;Epagri;;;2;False;diaria;dea0d5f08b8c0f64_diario_derivado;;interna;horaria_agregada;media
2021-10-28;175.45833333333334;24;True;0;84100000;nivel;Epagri;;;2;False;diaria;dea0d5f08b8c0f64_diario_derivado;;interna;horaria_agregada;media
2021-10-29;176.91666666666666;24;True;0;84100000;nivel;Epagri;;;2;False;diaria;dea0d5f08b8c0f64_diario_derivado;;interna;horaria_agregada;media
2021-10-30;199.25;24;True;0;84100000;nivel;Epagri;;;2;False;diaria;dea0d5f08b8c0f64_diario_derivado;;interna;horaria_agregada;media
2021-10-31;261.7083333333333;24;True;0;84100000;nivel;Epagri;;;2;False;diaria;dea0d5f08b8c0f64_diario_derivado;;interna;horaria_agregada;media
2021-11-01;229.45833333333334;24;True;0;84100000;nivel;Epagri;;;2;False;diaria;dea0d5f08b8c0f64_diario_derivado;;interna;horaria_agregada;media
2021-11-02;214.5;24;True;0;84100000;nivel;Epagri;;;2;False;diaria;dea0d5f08b8c0f64_diario_derivado;;interna;horaria_agregada;media
2021-11-03;195.20833333333334;24;True;0;84100000;nivel;Epagri;;;2;False;diaria;dea0d5f08b8c0f64_diario_derivado;;interna;horaria_agregada;media
2021-11-04;189.91666666666666;24;True;0;84100000;nivel;Epagri;;;2;False;diaria;dea0d5f08b8c0f64_diario_derivado;;interna;horaria_agregada;media
2021-11-05;192.41666666666666;24;True;0;84100000;nivel;Epagri;;;2;False;diaria;dea0d5f08b8c0f64_diario_derivado;;interna;horaria_agregada;media
2021-11-06;207.04166666666666;24;True;0;84100000;nivel;Epagri;;;2;False;diaria;dea0d5f08b8c0f64_diario_derivado;;interna;horaria_agregada;media
2021-11-07;208.20833333333334;24;True;0;84100000;nivel;Epagri;;;2;False;diaria;dea0d5f08b8c0f64_diario_derivado;;interna;horaria_agregada;media
2021-11-08;191.95833333333334;24;True;0;84100000;nivel;Epagri;;;2;False;diaria;dea0d5f08b8c0f64_diario_derivado;;interna;horaria_agregada;media
2021-11-09;189.20833333333334;24;True;0;84100000;nivel;Epagri;;;2;False;diaria;dea0d5f08b8c0f64_diario_derivado;;interna;horaria_agregada;media
2021-11-10;185.91666666666666;24;True;0;84100000;nivel;Epagri;;;2;False;diaria;dea0d5f08b8c0f64_diario_derivado;;interna;horaria_agregada;media
2021-11-11;183.79166666666666;24;True;0;84100000;nivel;Epagri;;;2;False;diaria;dea0d5f08b8c0f64_diario_derivado;;interna;horaria_agregada;media
2021-11-12;183.54166666666666;24;True;0;84100000;nivel;Epagri;;;2;False;diaria;dea0d5f08b8c0f64_diario_derivado;;interna;horaria_agregada;media
2021-11-13;186.875;24;True;0;84100000;nivel;Epagri;;;2;False;diaria;dea0d5f08b8c0f64_diario_derivado;;interna;horaria_agregada;media
2021-11-14;184.16666666666666;24;True;0;84100000;nivel;Epagri;;;2;False;diaria;dea0d5f08b8c0f64_diario_derivado;;interna;horaria_agregada;media
2021-11-15;181.375;24;True;0;84100000;nivel;Epagri;;;2;False;diaria;dea0d5f08b8c0f64_diario_derivado;;interna;horaria_agregada;media
2021-11-16;180.20833333333334;24;True;0;84100000;nivel;Epagri;;;2;False;diaria;dea0d5f08b8c0f64_diario_derivado;;interna;horaria_agregada;media
2021-11-17;179.20833333333334;24;True;0;84100000;nivel;Epagri;;;2;False;diaria;dea0d5f08b8c0f64_diario_derivado;;interna;horaria_agregada;media
2021-11-18;251.79166666666666;24;True;0;84100000;nivel;Epagri;;;2;False;diaria;dea0d5f08b8c0f64_diario_derivado;;interna;horaria_agregada;media
2021-11-19;218.875;24;True;0;84100000;nivel;Epagri;;;2;False;diaria;dea0d5f08b8c0f64_diario_derivado;;interna;horaria_agregada;media
2021-11-20;194.58333333333334;24;True;0;84100000;nivel;Epagri;;;2;False;diaria;dea0d5f08b8c0f64_diario_derivado;;interna;horaria_agregada;media
2021-11-21;188.58333333333334;24;True;0;84100000;nivel;Epagri;;;2;False;diaria;dea0d5f08b8c0f64_diario_derivado;;interna;horaria_agregada;media
2021-11-22;185.54166666666666;24;True;0;84100000;nivel;Epagri;;;2;False;diaria;dea0d5f08b8c0f64_diario_derivado;;interna;horaria_agregada;media
2021-11-23;183.33333333333334;24;True;0;84100000;nivel;Epagri;;;2;False;diaria;dea0d5f08b8c0f64_diario_derivado;;interna;horaria_agregada;media
2021-11-24;180.875;24;True;0;84100000;nivel;Epagri;;;2;False;diaria;dea0d5f08b8c0f64_diario_derivado;;interna;horaria_agregada;media
2021-11-25;180.58333333333334;24;True;0;84100000;nivel;Epagri;;;2;False;diaria;dea0d5f08b8c0f64_diario_derivado;;interna;horaria_agregada;media
2021-11-26;186.375;24;True;0;84100000;nivel;Epagri;;;2;False;diaria;dea0d5f08b8c0f64_diario_derivado;;interna;horaria_agregada;media
2021-11-27;181.25;24;True;0;84100000;nivel;Epagri;;;2;False;diaria;dea0d5f08b8c0f64_diario_derivado;;interna;horaria_agregada;media
2021-11-28;178.95833333333334;24;True;0;84100000;nivel;Epagri;;;2;False;diaria;dea0d5f08b8c0f64_diario_derivado;;interna;horaria_agregada;media
2021-11-29;178.125;24;True;0;84100000;nivel;Epagri;;;2;False;diaria;dea0d5f08b8c0f64_diario_derivado;;interna;horaria_agregada;media
2021-11-30;176.08333333333334;24;True;0;84100000;nivel;Epagri;;;2;False;diaria;dea0d5f08b8c0f64_diario_derivado;;interna;horaria_agregada;media
2021-12-01;175.125;24;True;0;84100000;nivel;Epagri;;;2;False;diaria;dea0d5f08b8c0f64_diario_derivado;;interna;horaria_agregada;media
2021-12-02;174.41666666666666;24;True;0;84100000;nivel;Epagri;;;2;False;diaria;dea0d5f08b8c0f64_diario_derivado;;interna;horaria_agregada;media
2021-12-03;175.125;24;True;0;84100000;nivel;Epagri;;;2;False;diaria;dea0d5f08b8c0f64_diario_derivado;;interna;horaria_agregada;media
2021-12-04;176.54166666666666;24;True;0;84100000;nivel;Epagri;;;2;False;diaria;dea0d5f08b8c0f64_diario_derivado;;interna;horaria_agregada;media
2021-12-05;180.79166666666666;24;True;0;84100000;nivel;Epagri;;;2;False;diaria;dea0d5f08b8c0f64_diario_derivado;;interna;horaria_agregada;media
2021-12-06;187.91666666666666;24;True;0;84100000;nivel;Epagri;;;2;False;diaria;dea0d5f08b8c0f64_diario_derivado;;interna;horaria_agregada;media
2021-12-07;198.875;24;True;0;84100000;nivel;Epagri;;;2;False;diaria;dea0d5f08b8c0f64_diario_derivado;;interna;horaria_agregada;media
2021-12-08;179.75;24;True;0;84100000;nivel;Epagri;;;2;False;diaria;dea0d5f08b8c0f64_diario_derivado;;interna;horaria_agregada;media
2021-12-09;175.79166666666666;24;True;0;84100000;nivel;Epagri;;;2;False;diaria;dea0d5f08b8c0f64_diario_derivado;;interna;horaria_agregada;media
2021-12-10;174.83333333333334;24;True;0;84100000;nivel;Epagri;;;2;False;diaria;dea0d5f08b8c0f64_diario_derivado;;interna;horaria_agregada;media
2021-12-11;174.29166666666666;24;True;0;84100000;nivel;Epagri;;;2;False;diaria;dea0d5f08b8c0f64_diario_derivado;;interna;horaria_agregada;media
2021-12-12;182.58333333333334;24;True;0;84100000;nivel;Epagri;;;2;False;diaria;dea0d5f08b8c0f64_diario_derivado;;interna;horaria_agregada;media
2021-12-13;185.5;24;True;0;84100000;nivel;Epagri;;;2;False;diaria;dea0d5f08b8c0f64_diario_derivado;;interna;horaria_agregada;media
2021-12-14;180.54166666666666;24;True;0;84100000;nivel;Epagri;;;2;False;diaria;dea0d5f08b8c0f64_diario_derivado;;interna;horaria_agregada;media
2021-12-15;204.58333333333334;24;True;0;84100000;nivel;Epagri;;;2;False;diaria;dea0d5f08b8c0f64_diario_derivado;;interna;horaria_agregada;media
2021-12-16;188.625;24;True;0;84100000;nivel;Epagri;;;2;False;diaria;dea0d5f08b8c0f64_diario_derivado;;interna;horaria_agregada;media
2021-12-17;178.75;24;True;0;84100000;nivel;Epagri;;;2;False;diaria;dea0d5f08b8c0f64_diario_derivado;;interna;horaria_agregada;media
2021-12-18;178.54166666666666;24;True;0;84100000;nivel;Epagri;;;2;False;diaria;dea0d5f08b8c0f64_diario_derivado;;interna;horaria_agregada;media
2021-12-19;181.95833333333334;24;True;0;84100000;nivel;Epagri;;;2;False;diaria;dea0d5f08b8c0f64_diario_derivado;;interna;horaria_agregada;media
2021-12-20;176.58333333333334;24;True;0;84100000;nivel;Epagri;;;2;False;diaria;dea0d5f08b8c0f64_diario_derivado;;interna;horaria_agregada;media
2021-12-21;174.95833333333334;24;True;0;84100000;nivel;Epagri;;;2;False;diaria;dea0d5f08b8c0f64_diario_derivado;;interna;horaria_agregada;media
2021-12-22;176.41666666666666;24;True;0;84100000;nivel;Epagri;;;2;False;diaria;dea0d5f08b8c0f64_diario_derivado;;interna;horaria_agregada;media
2021-12-23;174.08333333333334;24;True;0;84100000;nivel;Epagri;;;2;False;diaria;dea0d5f08b8c0f64_diario_derivado;;interna;horaria_agregada;media
2021-12-24;172.04166666666666;24;True;0;84100000;nivel;Epagri;;;2;False;diaria;dea0d5f08b8c0f64_diario_derivado;;interna;horaria_agregada;media
2021-12-25;171.70833333333334;24;True;0;84100000;nivel;Epagri;;;2;False;diaria;dea0d5f08b8c0f64_diario_derivado;;interna;horaria_agregada;media
2021-12-26;175.75;24;True;0;84100000;nivel;Epagri;;;2;False;diaria;dea0d5f08b8c0f64_diario_derivado;;interna;horaria_agregada;media
2021-12-27;181.875;24;True;0;84100000;nivel;Epagri;;;2;False;diaria;dea0d5f08b8c0f64_diario_derivado;;interna;horaria_agregada;media
2021-12-28;172.5;24;True;0;84100000;nivel;Epagri;;;2;False;diaria;dea0d5f08b8c0f64_diario_derivado;;interna;horaria_agregada;media
2021-12-29;170.875;24;True;0;84100000;nivel;Epagri;;;2;False;diaria;dea0d5f08b8c0f64_diario_derivado;;interna;horaria_agregada;media
2021-12-30;172.20833333333334;24;True;0;84100000;nivel;Epagri;;;2;False;diaria;dea0d5f08b8c0f64_diario_derivado;;interna;horaria_agregada;media
2021-12-31;171.16666666666666;24;True;0;84100000;nivel;Epagri;;;2;False;diaria;dea0d5f08b8c0f64_diario_derivado;;interna;horaria_agregada;media
2022-01-01;170.45833333333334;24;True;0;84100000;nivel;Epagri;;;2;False;diaria;dea0d5f08b8c0f64_diario_derivado;;interna;horaria_agregada;media
2022-01-02;169.58333333333334;24;True;0;84100000;nivel;Epagri;;;2;False;diaria;dea0d5f08b8c0f64_diario_derivado;;interna;horaria_agregada;media
2022-01-03;170.33333333333334;24;True;0;84100000;nivel;Epagri;;;2;False;diaria;dea0d5f08b8c0f64_diario_derivado;;interna;horaria_agregada;media
2022-01-04;169.5;24;True;0;84100000;nivel;Epagri;;;2;False;diaria;dea0d5f08b8c0f64_diario_derivado;;interna;horaria_agregada;media
2022-01-05;173.70833333333334;24;True;0;84100000;nivel;Epagri;;;2;False;diaria;dea0d5f08b8c0f64_diario_derivado;;interna;horaria_agregada;media
2022-01-06;188.54166666666666;24;True;0;84100000;nivel;Epagri;;;2;False;diaria;dea0d5f08b8c0f64_diario_derivado;;interna;horaria_agregada;media
2022-01-07;175.29166666666666;24;True;0;84100000;nivel;Epagri;;;2;False;diaria;dea0d5f08b8c0f64_diario_derivado;;interna;horaria_agregada;media
2022-01-08;171.58333333333334;24;True;0;84100000;nivel;Epagri;;;2;False;diaria;dea0d5f08b8c0f64_diario_derivado;;interna;horaria_agregada;media
2022-01-09;171.04166666666666;24;True;0;84100000;nivel;Epagri;;;2;False;diaria;dea0d5f08b8c0f64_diario_derivado;;interna;horaria_agregada;media
2022-01-10;171.875;24;True;0;84100000;nivel;Epagri;;;2;False;diaria;dea0d5f08b8c0f64_diario_derivado;;interna;horaria_agregada;media
2022-01-11;170.75;24;True;0;84100000;nivel;Epagri;;;2;False;diaria;dea0d5f08b8c0f64_diario_derivado;;interna;horaria_agregada;media
2022-01-12;;23;False;0;84100000;nivel;Epagri;;;2;False;diaria;dea0d5f08b8c0f64_diario_derivado;;interna;horaria_agregada;media
2022-01-13;;22;False;0;84100000;nivel;Epagri;;;2;False;diaria;dea0d5f08b8c0f64_diario_derivado;;interna;horaria_agregada;media
2022-01-14;167.95833333333334;24;True;0;84100000;nivel;Epagri;;;2;False;diaria;dea0d5f08b8c0f64_diario_derivado;;interna;horaria_agregada;media
2022-01-15;171.04166666666666;24;True;0;84100000;nivel;Epagri;;;2;False;diaria;dea0d5f08b8c0f64_diario_derivado;;interna;horaria_agregada;media
2022-01-16;;21;False;0;84100000;nivel;Epagri;;;2;False;diaria;dea0d5f08b8c0f64_diario_derivado;;interna;horaria_agregada;media
2022-01-17;175.54166666666666;24;True;0;84100000;nivel;Epagri;;;2;False;diaria;dea0d5f08b8c0f64_diario_derivado;;interna;horaria_agregada;media
2022-01-18;189.66666666666666;24;True;0;84100000;nivel;Epagri;;;2;False;diaria;dea0d5f08b8c0f64_diario_derivado;;interna;horaria_agregada;media
2022-01-19;171.125;24;True;0;84100000;nivel;Epagri;;;2;False;diaria;dea0d5f08b8c0f64_diario_derivado;;interna;horaria_agregada;media
2022-01-20;170.875;24;True;0;84100000;nivel;Epagri;;;2;False;diaria;dea0d5f08b8c0f64_diario_derivado;;interna;horaria_agregada;media
2022-01-21;172.125;24;True;0;84100000;nivel;Epagri;;;2;False;diaria;dea0d5f08b8c0f64_diario_derivado;;interna;horaria_agregada;media
2022-01-22;168.04166666666666;24;True;0;84100000;nivel;Epagri;;;2;False;diaria;dea0d5f08b8c0f64_diario_derivado;;interna;horaria_agregada;media
2022-01-23;166.83333333333334;24;True;0;84100000;nivel;Epagri;;;2;False;diaria;dea0d5f08b8c0f64_diario_derivado;;interna;horaria_agregada;media
2022-01-24;166.54166666666666;24;True;0;84100000;nivel;Epagri;;;2;False;diaria;dea0d5f08b8c0f64_diario_derivado;;interna;horaria_agregada;media
2022-01-25;165.79166666666666;24;True;0;84100000;nivel;Epagri;;;2;False;diaria;dea0d5f08b8c0f64_diario_derivado;;interna;horaria_agregada;media
2022-01-26;165.83333333333334;24;True;0;84100000;nivel;Epagri;;;2;False;diaria;dea0d5f08b8c0f64_diario_derivado;;interna;horaria_agregada;media
2022-01-27;165.08333333333334;24;True;0;84100000;nivel;Epagri;;;2;False;diaria;dea0d5f08b8c0f64_diario_derivado;;interna;horaria_agregada;media
2022-01-28;169.95833333333334;24;True;0;84100000;nivel;Epagri;;;2;False;diaria;dea0d5f08b8c0f64_diario_derivado;;interna;horaria_agregada;media
2022-01-29;173.45833333333334;24;True;0;84100000;nivel;Epagri;;;2;False;diaria;dea0d5f08b8c0f64_diario_derivado;;interna;horaria_agregada;media
2022-01-30;168.70833333333334;24;True;0;84100000;nivel;Epagri;;;2;False;diaria;dea0d5f08b8c0f64_diario_derivado;;interna;horaria_agregada;media
2022-01-31;171.70833333333334;24;True;0;84100000;nivel;Epagri;;;2;False;diaria;dea0d5f08b8c0f64_diario_derivado;;interna;horaria_agregada;media
2022-02-01;177.125;24;True;0;84100000;nivel;Epagri;;;2;False;diaria;dea0d5f08b8c0f64_diario_derivado;;interna;horaria_agregada;media
2022-02-02;171.08333333333334;24;True;0;84100000;nivel;Epagri;;;2;False;diaria;dea0d5f08b8c0f64_diario_derivado;;interna;horaria_agregada;media
2022-02-03;169.875;24;True;0;84100000;nivel;Epagri;;;2;False;diaria;dea0d5f08b8c0f64_diario_derivado;;interna;horaria_agregada;media
2022-02-04;167.41666666666666;24;True;0;84100000;nivel;Epagri;;;2;False;diaria;dea0d5f08b8c0f64_diario_derivado;;interna;horaria_agregada;media
2022-02-05;171.54166666666666;24;True;0;84100000;nivel;Epagri;;;2;False;diaria;dea0d5f08b8c0f64_diario_derivado;;interna;horaria_agregada;media
2022-02-06;;23;False;0;84100000;nivel;Epagri;;;2;False;diaria;dea0d5f08b8c0f64_diario_derivado;;interna;horaria_agregada;media
2022-02-07;166.25;24;True;0;84100000;nivel;Epagri;;;2;False;diaria;dea0d5f08b8c0f64_diario_derivado;;interna;horaria_agregada;media
2022-02-08;164.58333333333334;24;True;0;84100000;nivel;Epagri;;;2;False;diaria;dea0d5f08b8c0f64_diario_derivado;;interna;horaria_agregada;media
2022-02-09;163.70833333333334;24;True;0;84100000;nivel;Epagri;;;2;False;diaria;dea0d5f08b8c0f64_diario_derivado;;interna;horaria_agregada;media
2022-02-10;163.79166666666666;24;True;0;84100000;nivel;Epagri;;;2;False;diaria;dea0d5f08b8c0f64_diario_derivado;;interna;horaria_agregada;media
2022-02-11;164.83333333333334;24;True;0;84100000;nivel;Epagri;;;2;False;diaria;dea0d5f08b8c0f64_diario_derivado;;interna;horaria_agregada;media
2022-02-12;163.5;24;True;0;84100000;nivel;Epagri;;;2;False;diaria;dea0d5f08b8c0f64_diario_derivado;;interna;horaria_agregada;media
2022-02-13;163.16666666666666;24;True;0;84100000;nivel;Epagri;;;2;False;diaria;dea0d5f08b8c0f64_diario_derivado;;interna;horaria_agregada;media
2022-02-14;182.91666666666666;24;True;0;84100000;nivel;Epagri;;;2;False;diaria;dea0d5f08b8c0f64_diario_derivado;;interna;horaria_agregada;media
2022-02-15;166.58333333333334;24;True;0;84100000;nivel;Epagri;;;2;False;diaria;dea0d5f08b8c0f64_diario_derivado;;interna;horaria_agregada;media
2022-02-16;163.625;24;True;0;84100000;nivel;Epagri;;;2;False;diaria;dea0d5f08b8c0f64_diario_derivado;;interna;horaria_agregada;media
2022-02-17;163.54166666666666;24;True;0;84100000;nivel;Epagri;;;2;False;diaria;dea0d5f08b8c0f64_diario_derivado;;interna;horaria_agregada;media
2022-02-18;170.54166666666666;24;True;0;84100000;nivel;Epagri;;;2;False;diaria;dea0d5f08b8c0f64_diario_derivado;;interna;horaria_agregada;media
2022-02-19;171.41666666666666;24;True;0;84100000;nivel;Epagri;;;2;False;diaria;dea0d5f08b8c0f64_diario_derivado;;interna;horaria_agregada;media
2022-02-20;165.5;24;True;0;84100000;nivel;Epagri;;;2;False;diaria;dea0d5f08b8c0f64_diario_derivado;;interna;horaria_agregada;media
2022-02-21;164.45833333333334;24;True;0;84100000;nivel;Epagri;;;2;False;diaria;dea0d5f08b8c0f64_diario_derivado;;interna;horaria_agregada;media
2022-02-22;181.91666666666666;24;True;0;84100000;nivel;Epagri;;;2;False;diaria;dea0d5f08b8c0f64_diario_derivado;;interna;horaria_agregada;media
2022-02-23;184.0;24;True;0;84100000;nivel;Epagri;;;2;False;diaria;dea0d5f08b8c0f64_diario_derivado;;interna;horaria_agregada;media
2022-02-24;169.125;24;True;0;84100000;nivel;Epagri;;;2;False;diaria;dea0d5f08b8c0f64_diario_derivado;;interna;horaria_agregada;media
2022-02-25;166.75;24;True;0;84100000;nivel;Epagri;;;2;False;diaria;dea0d5f08b8c0f64_diario_derivado;;interna;horaria_agregada;media
2022-02-26;;22;False;0;84100000;nivel;Epagri;;;2;False;diaria;dea0d5f08b8c0f64_diario_derivado;;interna;horaria_agregada;media
2022-02-27;167.75;24;True;0;84100000;nivel;Epagri;;;2;False;diaria;dea0d5f08b8c0f64_diario_derivado;;interna;horaria_agregada;media
2022-02-28;164.875;24;True;0;84100000;nivel;Epagri;;;2;False;diaria;dea0d5f08b8c0f64_diario_derivado;;interna;horaria_agregada;media
2022-03-01;179.375;24;True;0;84100000;nivel;Epagri;;;2;False;diaria;dea0d5f08b8c0f64_diario_derivado;;interna;horaria_agregada;media
2022-03-02;181.29166666666666;24;True;0;84100000;nivel;Epagri;;;2;False;diaria;dea0d5f08b8c0f64_diario_derivado;;interna;horaria_agregada;media
2022-03-03;199.91666666666666;24;True;0;84100000;nivel;Epagri;;;2;False;diaria;dea0d5f08b8c0f64_diario_derivado;;interna;horaria_agregada;media
2022-03-04;179.95833333333334;24;True;0;84100000;nivel;Epagri;;;2;False;diaria;dea0d5f08b8c0f64_diario_derivado;;interna;horaria_agregada;media
2022-03-05;172.375;24;True;0;84100000;nivel;Epagri;;;2;False;diaria;dea0d5f08b8c0f64_diario_derivado;;interna;horaria_agregada;media
2022-03-06;170.75;24;True;0;84100000;nivel;Epagri;;;2;False;diaria;dea0d5f08b8c0f64_diario_derivado;;interna;horaria_agregada;media
2022-03-07;189.79166666666666;24;True;0;84100000;nivel;Epagri;;;2;False;diaria;dea0d5f08b8c0f64_diario_derivado;;interna;horaria_agregada;media
2022-03-08;188.125;24;True;0;84100000;nivel;Epagri;;;2;False;diaria;dea0d5f08b8c0f64_diario_derivado;;interna;horaria_agregada;media
2022-03-09;171.29166666666666;24;True;0;84100000;nivel;Epagri;;;2;False;diaria;dea0d5f08b8c0f64_diario_derivado;;interna;horaria_agregada;media
2022-03-10;172.83333333333334;24;True;0;84100000;nivel;Epagri;;;2;False;diaria;dea0d5f08b8c0f64_diario_derivado;;interna;horaria_agregada;media
2022-03-11;233.70833333333334;24;True;0;84100000;nivel;Epagri;;;2;False;diaria;dea0d5f08b8c0f64_diario_derivado;;interna;horaria_agregada;media
2022-03-12;197.83333333333334;24;True;0;84100000;nivel;Epagri;;;2;False;diaria;dea0d5f08b8c0f64_diario_derivado;;interna;horaria_agregada;media
2022-03-13;195.25;24;True;0;84100000;nivel;Epagri;;;2;False;diaria;dea0d5f08b8c0f64_diario_derivado;;interna;horaria_agregada;media
2022-03-14;193.45833333333334;24;True;0;84100000;nivel;Epagri;;;2;False;diaria;dea0d5f08b8c0f64_diario_derivado;;interna;horaria_agregada;media
2022-03-15;183.66666666666666;24;True;0;84100000;nivel;Epagri;;;2;False;diaria;dea0d5f08b8c0f64_diario_derivado;;interna;horaria_agregada;media
2022-03-16;197.08333333333334;24;True;0;84100000;nivel;Epagri;;;2;False;diaria;dea0d5f08b8c0f64_diario_derivado;;interna;horaria_agregada;media
2022-03-17;201.54166666666666;24;True;0;84100000;nivel;Epagri;;;2;False;diaria;dea0d5f08b8c0f64_diario_derivado;;interna;horaria_agregada;media
2022-03-18;187.83333333333334;24;True;0;84100000;nivel;Epagri;;;2;False;diaria;dea0d5f08b8c0f64_diario_derivado;;interna;horaria_agregada;media
2022-03-19;199.83333333333334;24;True;0;84100000;nivel;Epagri;;;2;False;diaria;dea0d5f08b8c0f64_diario_derivado;;interna;horaria_agregada;media
2022-03-20;181.20833333333334;24;True;0;84100000;nivel;Epagri;;;2;False;diaria;dea0d5f08b8c0f64_diario_derivado;;interna;horaria_agregada;media
2022-03-21;176.29166666666666;24;True;0;84100000;nivel;Epagri;;;2;False;diaria;dea0d5f08b8c0f64_diario_derivado;;interna;horaria_agregada;media
2022-03-22;180.20833333333334;24;True;0;84100000;nivel;Epagri;;;2;False;diaria;dea0d5f08b8c0f64_diario_derivado;;interna;horaria_agregada;media
2022-03-23;176.75;24;True;0;84100000;nivel;Epagri;;;2;False;diaria;dea0d5f08b8c0f64_diario_derivado;;interna;horaria_agregada;media
2022-03-24;186.33333333333334;24;True;0;84100000;nivel;Epagri;;;2;False;diaria;dea0d5f08b8c0f64_diario_derivado;;interna;horaria_agregada;media
2022-03-25;179.33333333333334;24;True;0;84100000;nivel;Epagri;;;2;False;diaria;dea0d5f08b8c0f64_diario_derivado;;interna;horaria_agregada;media
2022-03-26;175.16666666666666;24;True;0;84100000;nivel;Epagri;;;2;False;diaria;dea0d5f08b8c0f64_diario_derivado;;interna;horaria_agregada;media
2022-03-27;172.54166666666666;24;True;0;84100000;nivel;Epagri;;;2;False;diaria;dea0d5f08b8c0f64_diario_derivado;;interna;horaria_agregada;media
2022-03-28;171.29166666666666;24;True;0;84100000;nivel;Epagri;;;2;False;diaria;dea0d5f08b8c0f64_diario_derivado;;interna;horaria_agregada;media
2022-03-29;170.41666666666666;24;True;0;84100000;nivel;Epagri;;;2;False;diaria;dea0d5f08b8c0f64_diario_derivado;;interna;horaria_agregada;media
2022-03-30;172.5;24;True;0;84100000;nivel;Epagri;;;2;False;diaria;dea0d5f08b8c0f64_diario_derivado;;interna;horaria_agregada;media
2022-03-31;177.45833333333334;24;True;0;84100000;nivel;Epagri;;;2;False;diaria;dea0d5f08b8c0f64_diario_derivado;;interna;horaria_agregada;media
2022-04-01;169.41666666666666;24;True;0;84100000;nivel;Epagri;;;2;False;diaria;dea0d5f08b8c0f64_diario_derivado;;interna;horaria_agregada;media
2022-04-02;168.875;24;True;0;84100000;nivel;Epagri;;;2;False;diaria;dea0d5f08b8c0f64_diario_derivado;;interna;horaria_agregada;media
2022-04-03;171.125;24;True;0;84100000;nivel;Epagri;;;2;False;diaria;dea0d5f08b8c0f64_diario_derivado;;interna;horaria_agregada;media
2022-04-04;183.16666666666666;24;True;0;84100000;nivel;Epagri;;;2;False;diaria;dea0d5f08b8c0f64_diario_derivado;;interna;horaria_agregada;media
2022-04-05;173.29166666666666;24;True;0;84100000;nivel;Epagri;;;2;False;diaria;dea0d5f08b8c0f64_diario_derivado;;interna;horaria_agregada;media
2022-04-06;170.54166666666666;24;True;0;84100000;nivel;Epagri;;;2;False;diaria;dea0d5f08b8c0f64_diario_derivado;;interna;horaria_agregada;media
2022-04-07;169.5;24;True;0;84100000;nivel;Epagri;;;2;False;diaria;dea0d5f08b8c0f64_diario_derivado;;interna;horaria_agregada;media
2022-04-08;169.625;24;True;0;84100000;nivel;Epagri;;;2;False;diaria;dea0d5f08b8c0f64_diario_derivado;;interna;horaria_agregada;media
2022-04-09;172.33333333333334;24;True;0;84100000;nivel;Epagri;;;2;False;diaria;dea0d5f08b8c0f64_diario_derivado;;interna;horaria_agregada;media
2022-04-10;169.25;24;True;0;84100000;nivel;Epagri;;;2;False;diaria;dea0d5f08b8c0f64_diario_derivado;;interna;horaria_agregada;media
2022-04-11;182.70833333333334;24;True;0;84100000;nivel;Epagri;;;2;False;diaria;dea0d5f08b8c0f64_diario_derivado;;interna;horaria_agregada;media
2022-04-12;189.375;24;True;0;84100000;nivel;Epagri;;;2;False;diaria;dea0d5f08b8c0f64_diario_derivado;;interna;horaria_agregada;media
2022-04-13;179.33333333333334;24;True;0;84100000;nivel;Epagri;;;2;False;diaria;dea0d5f08b8c0f64_diario_derivado;;interna;horaria_agregada;media
2022-04-14;172.83333333333334;24;True;0;84100000;nivel;Epagri;;;2;False;diaria;dea0d5f08b8c0f64_diario_derivado;;interna;horaria_agregada;media
2022-04-15;169.79166666666666;24;True;0;84100000;nivel;Epagri;;;2;False;diaria;dea0d5f08b8c0f64_diario_derivado;;interna;horaria_agregada;media
2022-04-16;168.29166666666666;24;True;0;84100000;nivel;Epagri;;;2;False;diaria;dea0d5f08b8c0f64_diario_derivado;;interna;horaria_agregada;media
2022-04-17;167.5;24;True;0;84100000;nivel;Epagri;;;2;False;diaria;dea0d5f08b8c0f64_diario_derivado;;interna;horaria_agregada;media
2022-04-18;167.5;24;True;0;84100000;nivel;Epagri;;;2;False;diaria;dea0d5f08b8c0f64_diario_derivado;;interna;horaria_agregada;media
2022-04-19;167.5;24;True;0;84100000;nivel;Epagri;;;2;False;diaria;dea0d5f08b8c0f64_diario_derivado;;interna;horaria_agregada;media
2022-04-20;172.95833333333334;24;True;0;84100000;nivel;Epagri;;;2;False;diaria;dea0d5f08b8c0f64_diario_derivado;;interna;horaria_agregada;media
2022-04-21;;21;False;0;84100000;nivel;Epagri;;;2;False;diaria;dea0d5f08b8c0f64_diario_derivado;;interna;horaria_agregada;media
2022-04-22;166.79166666666666;24;True;0;84100000;nivel;Epagri;;;2;False;diaria;dea0d5f08b8c0f64_diario_derivado;;interna;horaria_agregada;media
2022-04-23;166.5;24;True;0;84100000;nivel;Epagri;;;2;False;diaria;dea0d5f08b8c0f64_diario_derivado;;interna;horaria_agregada;media
2022-04-24;165.45833333333334;24;True;0;84100000;nivel;Epagri;;;2;False;diaria;dea0d5f08b8c0f64_diario_derivado;;interna;horaria_agregada;media
2022-04-25;165.33333333333334;24;True;0;84100000;nivel;Epagri;;;2;False;diaria;dea0d5f08b8c0f64_diario_derivado;;interna;horaria_agregada;media
2022-04-26;165.20833333333334;24;True;0;84100000;nivel;Epagri;;;2;False;diaria;dea0d5f08b8c0f64_diario_derivado;;interna;horaria_agregada;media
2022-04-27;162.41666666666666;24;True;0;84100000;nivel;Epagri;;;2;False;diaria;dea0d5f08b8c0f64_diario_derivado;;interna;horaria_agregada;media
2022-04-28;159.54166666666666;24;True;0;84100000;nivel;Epagri;;;2;False;diaria;dea0d5f08b8c0f64_diario_derivado;;interna;horaria_agregada;media
2022-04-29;164.70833333333334;24;True;0;84100000;nivel;Epagri;;;2;False;diaria;dea0d5f08b8c0f64_diario_derivado;;interna;horaria_agregada;media
2022-04-30;159.45833333333334;24;True;0;84100000;nivel;Epagri;;;2;False;diaria;dea0d5f08b8c0f64_diario_derivado;;interna;horaria_agregada;media
2022-05-01;164.875;24;True;0;84100000;nivel;Epagri;;;2;False;diaria;dea0d5f08b8c0f64_diario_derivado;;interna;horaria_agregada;media
2022-05-02;203.33333333333334;24;True;0;84100000;nivel;Epagri;;;2;False;diaria;dea0d5f08b8c0f64_diario_derivado;;interna;horaria_agregada;media
2022-05-03;322.7916666666667;24;True;0;84100000;nivel;Epagri;;;2;False;diaria;dea0d5f08b8c0f64_diario_derivado;;interna;horaria_agregada;media
2022-05-04;327.8333333333333;24;True;0;84100000;nivel;Epagri;;;2;False;diaria;dea0d5f08b8c0f64_diario_derivado;;interna;horaria_agregada;media
2022-05-05;295.6666666666667;24;True;0;84100000;nivel;Epagri;;;2;False;diaria;dea0d5f08b8c0f64_diario_derivado;;interna;horaria_agregada;media
2022-05-06;218.375;24;True;0;84100000;nivel;Epagri;;;2;False;diaria;dea0d5f08b8c0f64_diario_derivado;;interna;horaria_agregada;media
2022-05-07;199.66666666666666;24;True;0;84100000;nivel;Epagri;;;2;False;diaria;dea0d5f08b8c0f64_diario_derivado;;interna;horaria_agregada;media
2022-05-08;190.5;24;True;0;84100000;nivel;Epagri;;;2;False;diaria;dea0d5f08b8c0f64_diario_derivado;;interna;horaria_agregada;media
2022-05-09;185.08333333333334;24;True;0;84100000;nivel;Epagri;;;2;False;diaria;dea0d5f08b8c0f64_diario_derivado;;interna;horaria_agregada;media
2022-05-10;182.08333333333334;24;True;0;84100000;nivel;Epagri;;;2;False;diaria;dea0d5f08b8c0f64_diario_derivado;;interna;horaria_agregada;media
2022-05-11;184.25;24;True;0;84100000;nivel;Epagri;;;2;False;diaria;dea0d5f08b8c0f64_diario_derivado;;interna;horaria_agregada;media
2022-05-12;178.875;24;True;0;84100000;nivel;Epagri;;;2;False;diaria;dea0d5f08b8c0f64_diario_derivado;;interna;horaria_agregada;media
2022-05-13;175.66666666666666;24;True;0;84100000;nivel;Epagri;;;2;False;diaria;dea0d5f08b8c0f64_diario_derivado;;interna;horaria_agregada;media
2022-05-14;174.25;24;True;0;84100000;nivel;Epagri;;;2;False;diaria;dea0d5f08b8c0f64_diario_derivado;;interna;horaria_agregada;media
2022-05-15;174.16666666666666;24;True;0;84100000;nivel;Epagri;;;2;False;diaria;dea0d5f08b8c0f64_diario_derivado;;interna;horaria_agregada;media
2022-05-16;172.33333333333334;24;True;0;84100000;nivel;Epagri;;;2;False;diaria;dea0d5f08b8c0f64_diario_derivado;;interna;horaria_agregada;media
2022-05-17;169.5;24;True;0;84100000;nivel;Epagri;;;2;False;diaria;dea0d5f08b8c0f64_diario_derivado;;interna;horaria_agregada;media
2022-05-18;168.95833333333334;24;True;0;84100000;nivel;Epagri;;;2;False;diaria;dea0d5f08b8c0f64_diario_derivado;;interna;horaria_agregada;media
2022-05-19;168.91666666666666;24;True;0;84100000;nivel;Epagri;;;2;False;diaria;dea0d5f08b8c0f64_diario_derivado;;interna;horaria_agregada;media
2022-05-20;167.16666666666666;24;True;0;84100000;nivel;Epagri;;;2;False;diaria;dea0d5f08b8c0f64_diario_derivado;;interna;horaria_agregada;media
2022-05-21;166.79166666666666;24;True;0;84100000;nivel;Epagri;;;2;False;diaria;dea0d5f08b8c0f64_diario_derivado;;interna;horaria_agregada;media
2022-05-22;166.83333333333334;24;True;0;84100000;nivel;Epagri;;;2;False;diaria;dea0d5f08b8c0f64_diario_derivado;;interna;horaria_agregada;media
2022-05-23;166.5;24;True;0;84100000;nivel;Epagri;;;2;False;diaria;dea0d5f08b8c0f64_diario_derivado;;interna;horaria_agregada;media
2022-05-24;166.25;24;True;0;84100000;nivel;Epagri;;;2;False;diaria;dea0d5f08b8c0f64_diario_derivado;;interna;horaria_agregada;media
2022-05-25;165.91666666666666;24;True;0;84100000;nivel;Epagri;;;2;False;diaria;dea0d5f08b8c0f64_diario_derivado;;interna;horaria_agregada;media
2022-05-26;165.75;24;True;0;84100000;nivel;Epagri;;;2;False;diaria;dea0d5f08b8c0f64_diario_derivado;;interna;horaria_agregada;media
2022-05-27;165.375;24;True;0;84100000;nivel;Epagri;;;2;False;diaria;dea0d5f08b8c0f64_diario_derivado;;interna;horaria_agregada;media
2022-05-28;165.45833333333334;24;True;0;84100000;nivel;Epagri;;;2;False;diaria;dea0d5f08b8c0f64_diario_derivado;;interna;horaria_agregada;media
2022-05-29;173.75;24;True;0;84100000;nivel;Epagri;;;2;False;diaria;dea0d5f08b8c0f64_diario_derivado;;interna;horaria_agregada;media
2022-05-30;179.25;24;True;0;84100000;nivel;Epagri;;;2;False;diaria;dea0d5f08b8c0f64_diario_derivado;;interna;horaria_agregada;media
2022-05-31;;22;False;0;84100000;nivel;Epagri;;;2;False;diaria;dea0d5f08b8c0f64_diario_derivado;;interna;horaria_agregada;media
2022-06-01;167.95833333333334;24;True;0;84100000;nivel;Epagri;;;2;False;diaria;dea0d5f08b8c0f64_diario_derivado;;interna;horaria_agregada;media
2022-06-02;186.16666666666666;24;True;0;84100000;nivel;Epagri;;;2;False;diaria;dea0d5f08b8c0f64_diario_derivado;;interna;horaria_agregada;media
2022-06-03;171.08333333333334;24;True;0;84100000;nivel;Epagri;;;2;False;diaria;dea0d5f08b8c0f64_diario_derivado;;interna;horaria_agregada;media
2022-06-04;167.66666666666666;24;True;0;84100000;nivel;Epagri;;;2;False;diaria;dea0d5f08b8c0f64_diario_derivado;;interna;horaria_agregada;media
2022-06-05;169.375;24;True;0;84100000;nivel;Epagri;;;2;False;diaria;dea0d5f08b8c0f64_diario_derivado;;interna;horaria_agregada;media
2022-06-06;218.375;24;True;0;84100000;nivel;Epagri;;;2;False;diaria;dea0d5f08b8c0f64_diario_derivado;;interna;horaria_agregada;media
2022-06-07;193.83333333333334;24;True;0;84100000;nivel;Epagri;;;2;False;diaria;dea0d5f08b8c0f64_diario_derivado;;interna;horaria_agregada;media
2022-06-08;180.95833333333334;24;True;0;84100000;nivel;Epagri;;;2;False;diaria;dea0d5f08b8c0f64_diario_derivado;;interna;horaria_agregada;media
2022-06-09;175.0;24;True;0;84100000;nivel;Epagri;;;2;False;diaria;dea0d5f08b8c0f64_diario_derivado;;interna;horaria_agregada;media
2022-06-10;174.375;24;True;0;84100000;nivel;Epagri;;;2;False;diaria;dea0d5f08b8c0f64_diario_derivado;;interna;horaria_agregada;media
2022-06-11;169.79166666666666;24;True;0;84100000;nivel;Epagri;;;2;False;diaria;dea0d5f08b8c0f64_diario_derivado;;interna;horaria_agregada;media
2022-06-12;167.79166666666666;24;True;0;84100000;nivel;Epagri;;;2;False;diaria;dea0d5f08b8c0f64_diario_derivado;;interna;horaria_agregada;media
2022-06-13;166.70833333333334;24;True;0;84100000;nivel;Epagri;;;2;False;diaria;dea0d5f08b8c0f64_diario_derivado;;interna;horaria_agregada;media
2022-06-14;166.45833333333334;24;True;0;84100000;nivel;Epagri;;;2;False;diaria;dea0d5f08b8c0f64_diario_derivado;;interna;horaria_agregada;media
2022-06-15;165.91666666666666;24;True;0;84100000;nivel;Epagri;;;2;False;diaria;dea0d5f08b8c0f64_diario_derivado;;interna;horaria_agregada;media
2022-06-16;165.5;24;True;0;84100000;nivel;Epagri;;;2;False;diaria;dea0d5f08b8c0f64_diario_derivado;;interna;horaria_agregada;media
2022-06-17;166.75;24;True;0;84100000;nivel;Epagri;;;2;False;diaria;dea0d5f08b8c0f64_diario_derivado;;interna;horaria_agregada;media
2022-06-18;172.33333333333334;24;True;0;84100000;nivel;Epagri;;;2;False;diaria;dea0d5f08b8c0f64_diario_derivado;;interna;horaria_agregada;media
2022-06-19;165.16666666666666;24;True;0;84100000;nivel;Epagri;;;2;False;diaria;dea0d5f08b8c0f64_diario_derivado;;interna;horaria_agregada;media
2022-06-20;164.45833333333334;24;True;0;84100000;nivel;Epagri;;;2;False;diaria;dea0d5f08b8c0f64_diario_derivado;;interna;horaria_agregada;media
2022-06-21;167.04166666666666;24;True;0;84100000;nivel;Epagri;;;2;False;diaria;dea0d5f08b8c0f64_diario_derivado;;interna;horaria_agregada;media
2022-06-22;208.75;24;True;0;84100000;nivel;Epagri;;;2;False;diaria;dea0d5f08b8c0f64_diario_derivado;;interna;horaria_agregada;media
2022-06-23;191.20833333333334;24;True;0;84100000;nivel;Epagri;;;2;False;diaria;dea0d5f08b8c0f64_diario_derivado;;interna;horaria_agregada;media
2022-06-24;195.75;24;True;0;84100000;nivel;Epagri;;;2;False;diaria;dea0d5f08b8c0f64_diario_derivado;;interna;horaria_agregada;media
2022-06-25;183.20833333333334;24;True;0;84100000;nivel;Epagri;;;2;False;diaria;dea0d5f08b8c0f64_diario_derivado;;interna;horaria_agregada;media
2022-06-26;175.20833333333334;24;True;0;84100000;nivel;Epagri;;;2;False;diaria;dea0d5f08b8c0f64_diario_derivado;;interna;horaria_agregada;media
2022-06-27;171.83333333333334;24;True;0;84100000;nivel;Epagri;;;2;False;diaria;dea0d5f08b8c0f64_diario_derivado;;interna;horaria_agregada;media
2022-06-28;170.04166666666666;24;True;0;84100000;nivel;Epagri;;;2;False;diaria;dea0d5f08b8c0f64_diario_derivado;;interna;horaria_agregada;media
2022-06-29;;23;False;0;84100000;nivel;Epagri;;;2;False;diaria;dea0d5f08b8c0f64_diario_derivado;;interna;horaria_agregada;media
2022-06-30;166.375;24;True;0;84100000;nivel;Epagri;;;2;False;diaria;dea0d5f08b8c0f64_diario_derivado;;interna;horaria_agregada;media
2022-07-01;165.66666666666666;24;True;0;84100000;nivel;Epagri;;;2;False;diaria;dea0d5f08b8c0f64_diario_derivado;;interna;horaria_agregada;media
2022-07-02;166.20833333333334;24;True;0;84100000;nivel;Epagri;;;2;False;diaria;dea0d5f08b8c0f64_diario_derivado;;interna;horaria_agregada;media
2022-07-03;165.45833333333334;24;True;0;84100000;nivel;Epagri;;;2;False;diaria;dea0d5f08b8c0f64_diario_derivado;;interna;horaria_agregada;media
2022-07-04;167.625;24;True;0;84100000;nivel;Epagri;;;2;False;diaria;dea0d5f08b8c0f64_diario_derivado;;interna;horaria_agregada;media
2022-07-05;169.41666666666666;24;True;0;84100000;nivel;Epagri;;;2;False;diaria;dea0d5f08b8c0f64_diario_derivado;;interna;horaria_agregada;media
2022-07-06;168.58333333333334;24;True;0;84100000;nivel;Epagri;;;2;False;diaria;dea0d5f08b8c0f64_diario_derivado;;interna;horaria_agregada;media
2022-07-07;168.125;24;True;0;84100000;nivel;Epagri;;;2;False;diaria;dea0d5f08b8c0f64_diario_derivado;;interna;horaria_agregada;media
2022-07-08;167.16666666666666;24;True;0;84100000;nivel;Epagri;;;2;False;diaria;dea0d5f08b8c0f64_diario_derivado;;interna;horaria_agregada;media
2022-07-09;167.5;24;True;0;84100000;nivel;Epagri;;;2;False;diaria;dea0d5f08b8c0f64_diario_derivado;;interna;horaria_agregada;media
2022-07-10;167.33333333333334;24;True;0;84100000;nivel;Epagri;;;2;False;diaria;dea0d5f08b8c0f64_diario_derivado;;interna;horaria_agregada;media
2022-07-11;167.04166666666666;24;True;0;84100000;nivel;Epagri;;;2;False;diaria;dea0d5f08b8c0f64_diario_derivado;;interna;horaria_agregada;media
2022-07-12;167.66666666666666;24;True;0;84100000;nivel;Epagri;;;2;False;diaria;dea0d5f08b8c0f64_diario_derivado;;interna;horaria_agregada;media
2022-07-13;166.25;24;True;0;84100000;nivel;Epagri;;;2;False;diaria;dea0d5f08b8c0f64_diario_derivado;;interna;horaria_agregada;media
2022-07-14;170.875;24;True;0;84100000;nivel;Epagri;;;2;False;diaria;dea0d5f08b8c0f64_diario_derivado;;interna;horaria_agregada;media
2022-07-15;;19;False;0;84100000;nivel;Epagri;;;2;False;diaria;dea0d5f08b8c0f64_diario_derivado;;interna;horaria_agregada;media
2022-07-16;;3;False;0;84100000;nivel;Epagri;;;2;False;diaria;dea0d5f08b8c0f64_diario_derivado;;interna;horaria_agregada;media
2022-07-17;167.91666666666666;24;True;0;84100000;nivel;Epagri;;;2;False;diaria;dea0d5f08b8c0f64_diario_derivado;;interna;horaria_agregada;media
2022-07-18;166.08333333333334;24;True;0;84100000;nivel;Epagri;;;2;False;diaria;dea0d5f08b8c0f64_diario_derivado;;interna;horaria_agregada;media
2022-07-19;166.41666666666666;24;True;0;84100000;nivel;Epagri;;;2;False;diaria;dea0d5f08b8c0f64_diario_derivado;;interna;horaria_agregada;media
2022-07-20;165.83333333333334;24;True;0;84100000;nivel;Epagri;;;2;False;diaria;dea0d5f08b8c0f64_diario_derivado;;interna;horaria_agregada;media
2022-07-21;165.45833333333334;24;True;0;84100000;nivel;Epagri;;;2;False;diaria;dea0d5f08b8c0f64_diario_derivado;;interna;horaria_agregada;media
2022-07-22;165.5;24;True;0;84100000;nivel;Epagri;;;2;False;diaria;dea0d5f08b8c0f64_diario_derivado;;interna;horaria_agregada;media
2022-07-23;164.95833333333334;24;True;0;84100000;nivel;Epagri;;;2;False;diaria;dea0d5f08b8c0f64_diario_derivado;;interna;horaria_agregada;media
2022-07-24;164.95833333333334;24;True;0;84100000;nivel;Epagri;;;2;False;diaria;dea0d5f08b8c0f64_diario_derivado;;interna;horaria_agregada;media
2022-07-25;164.5;24;True;0;84100000;nivel;Epagri;;;2;False;diaria;dea0d5f08b8c0f64_diario_derivado;;interna;horaria_agregada;media
2022-07-26;164.25;24;True;0;84100000;nivel;Epagri;;;2;False;diaria;dea0d5f08b8c0f64_diario_derivado;;interna;horaria_agregada;media
2022-07-27;163.875;24;True;0;84100000;nivel;Epagri;;;2;False;diaria;dea0d5f08b8c0f64_diario_derivado;;interna;horaria_agregada;media
2022-07-28;163.91666666666666;24;True;0;84100000;nivel;Epagri;;;2;False;diaria;dea0d5f08b8c0f64_diario_derivado;;interna;horaria_agregada;media
2022-07-29;165.16666666666666;24;True;0;84100000;nivel;Epagri;;;2;False;diaria;dea0d5f08b8c0f64_diario_derivado;;interna;horaria_agregada;media
2022-07-30;162.54166666666666;24;True;0;84100000;nivel;Epagri;;;2;False;diaria;dea0d5f08b8c0f64_diario_derivado;;interna;horaria_agregada;media
2022-07-31;162.29166666666666;24;True;0;84100000;nivel;Epagri;;;2;False;diaria;dea0d5f08b8c0f64_diario_derivado;;interna;horaria_agregada;media
2022-08-01;162.375;24;True;0;84100000;nivel;Epagri;;;2;False;diaria;dea0d5f08b8c0f64_diario_derivado;;interna;horaria_agregada;media
2022-08-02;162.5;24;True;0;84100000;nivel;Epagri;;;2;False;diaria;dea0d5f08b8c0f64_diario_derivado;;interna;horaria_agregada;media
2022-08-03;162.79166666666666;24;True;0;84100000;nivel;Epagri;;;2;False;diaria;dea0d5f08b8c0f64_diario_derivado;;interna;horaria_agregada;media
2022-08-04;163.08333333333334;24;True;0;84100000;nivel;Epagri;;;2;False;diaria;dea0d5f08b8c0f64_diario_derivado;;interna;horaria_agregada;media
2022-08-05;162.5;24;True;0;84100000;nivel;Epagri;;;2;False;diaria;dea0d5f08b8c0f64_diario_derivado;;interna;horaria_agregada;media
2022-08-06;161.66666666666666;24;True;0;84100000;nivel;Epagri;;;2;False;diaria;dea0d5f08b8c0f64_diario_derivado;;interna;horaria_agregada;media
2022-08-07;187.95833333333334;24;True;0;84100000;nivel;Epagri;;;2;False;diaria;dea0d5f08b8c0f64_diario_derivado;;interna;horaria_agregada;media
2022-08-08;173.16666666666666;24;True;0;84100000;nivel;Epagri;;;2;False;diaria;dea0d5f08b8c0f64_diario_derivado;;interna;horaria_agregada;media
2022-08-09;201.04166666666666;24;True;0;84100000;nivel;Epagri;;;2;False;diaria;dea0d5f08b8c0f64_diario_derivado;;interna;horaria_agregada;media
2022-08-10;266.5;24;True;0;84100000;nivel;Epagri;;;2;False;diaria;dea0d5f08b8c0f64_diario_derivado;;interna;horaria_agregada;media
2022-08-11;206.41666666666666;24;True;0;84100000;nivel;Epagri;;;2;False;diaria;dea0d5f08b8c0f64_diario_derivado;;interna;horaria_agregada;media
2022-08-12;184.41666666666666;24;True;0;84100000;nivel;Epagri;;;2;False;diaria;dea0d5f08b8c0f64_diario_derivado;;interna;horaria_agregada;media
2022-08-13;179.5;24;True;0;84100000;nivel;Epagri;;;2;False;diaria;dea0d5f08b8c0f64_diario_derivado;;interna;horaria_agregada;media
2022-08-14;174.79166666666666;24;True;0;84100000;nivel;Epagri;;;2;False;diaria;dea0d5f08b8c0f64_diario_derivado;;interna;horaria_agregada;media
2022-08-15;171.91666666666666;24;True;0;84100000;nivel;Epagri;;;2;False;diaria;dea0d5f08b8c0f64_diario_derivado;;interna;horaria_agregada;media
2022-08-16;170.54166666666666;24;True;0;84100000;nivel;Epagri;;;2;False;diaria;dea0d5f08b8c0f64_diario_derivado;;interna;horaria_agregada;media
2022-08-17;169.54166666666666;24;True;0;84100000;nivel;Epagri;;;2;False;diaria;dea0d5f08b8c0f64_diario_derivado;;interna;horaria_agregada;media
2022-08-18;217.25;24;True;0;84100000;nivel;Epagri;;;2;False;diaria;dea0d5f08b8c0f64_diario_derivado;;interna;horaria_agregada;media
2022-08-19;186.75;24;True;0;84100000;nivel;Epagri;;;2;False;diaria;dea0d5f08b8c0f64_diario_derivado;;interna;horaria_agregada;media
2022-08-20;175.33333333333334;24;True;0;84100000;nivel;Epagri;;;2;False;diaria;dea0d5f08b8c0f64_diario_derivado;;interna;horaria_agregada;media
2022-08-21;172.83333333333334;24;True;0;84100000;nivel;Epagri;;;2;False;diaria;dea0d5f08b8c0f64_diario_derivado;;interna;horaria_agregada;media
2022-08-22;171.125;24;True;0;84100000;nivel;Epagri;;;2;False;diaria;dea0d5f08b8c0f64_diario_derivado;;interna;horaria_agregada;media
2022-08-23;170.79166666666666;24;True;0;84100000;nivel;Epagri;;;2;False;diaria;dea0d5f08b8c0f64_diario_derivado;;interna;horaria_agregada;media
2022-08-24;170.75;24;True;0;84100000;nivel;Epagri;;;2;False;diaria;dea0d5f08b8c0f64_diario_derivado;;interna;horaria_agregada;media
2022-08-25;169.04166666666666;24;True;0;84100000;nivel;Epagri;;;2;False;diaria;dea0d5f08b8c0f64_diario_derivado;;interna;horaria_agregada;media
2022-08-26;168.29166666666666;24;True;0;84100000;nivel;Epagri;;;2;False;diaria;dea0d5f08b8c0f64_diario_derivado;;interna;horaria_agregada;media
2022-08-27;167.625;24;True;0;84100000;nivel;Epagri;;;2;False;diaria;dea0d5f08b8c0f64_diario_derivado;;interna;horaria_agregada;media
2022-08-28;166.83333333333334;24;True;0;84100000;nivel;Epagri;;;2;False;diaria;dea0d5f08b8c0f64_diario_derivado;;interna;horaria_agregada;media
2022-08-29;165.54166666666666;24;True;0;84100000;nivel;Epagri;;;2;False;diaria;dea0d5f08b8c0f64_diario_derivado;;interna;horaria_agregada;media
2022-08-30;165.16666666666666;24;True;0;84100000;nivel;Epagri;;;2;False;diaria;dea0d5f08b8c0f64_diario_derivado;;interna;horaria_agregada;media
2022-08-31;165.625;24;True;0;84100000;nivel;Epagri;;;2;False;diaria;dea0d5f08b8c0f64_diario_derivado;;interna;horaria_agregada;media
2022-09-01;165.33333333333334;24;True;0;84100000;nivel;Epagri;;;2;False;diaria;dea0d5f08b8c0f64_diario_derivado;;interna;horaria_agregada;media
2022-09-02;165.25;24;True;0;84100000;nivel;Epagri;;;2;False;diaria;dea0d5f08b8c0f64_diario_derivado;;interna;horaria_agregada;media
2022-09-03;164.875;24;True;0;84100000;nivel;Epagri;;;2;False;diaria;dea0d5f08b8c0f64_diario_derivado;;interna;horaria_agregada;media
2022-09-04;163.5;24;True;0;84100000;nivel;Epagri;;;2;False;diaria;dea0d5f08b8c0f64_diario_derivado;;interna;horaria_agregada;media
2022-09-05;163.875;24;True;0;84100000;nivel;Epagri;;;2;False;diaria;dea0d5f08b8c0f64_diario_derivado;;interna;horaria_agregada;media
2022-09-06;170.58333333333334;24;True;0;84100000;nivel;Epagri;;;2;False;diaria;dea0d5f08b8c0f64_diario_derivado;;interna;horaria_agregada;media
2022-09-07;186.70833333333334;24;True;0;84100000;nivel;Epagri;;;2;False;diaria;dea0d5f08b8c0f64_diario_derivado;;interna;horaria_agregada;media
2022-09-08;175.16666666666666;24;True;0;84100000;nivel;Epagri;;;2;False;diaria;dea0d5f08b8c0f64_diario_derivado;;interna;horaria_agregada;media
2022-09-09;169.20833333333334;24;True;0;84100000;nivel;Epagri;;;2;False;diaria;dea0d5f08b8c0f64_diario_derivado;;interna;horaria_agregada;media
2022-09-10;166.29166666666666;24;True;0;84100000;nivel;Epagri;;;2;False;diaria;dea0d5f08b8c0f64_diario_derivado;;interna;horaria_agregada;media
2022-09-11;164.33333333333334;24;True;0;84100000;nivel;Epagri;;;2;False;diaria;dea0d5f08b8c0f64_diario_derivado;;interna;horaria_agregada;media
2022-09-12;175.75;24;True;0;84100000;nivel;Epagri;;;2;False;diaria;dea0d5f08b8c0f64_diario_derivado;;interna;horaria_agregada;media
2022-09-13;194.625;24;True;0;84100000;nivel;Epagri;;;2;False;diaria;dea0d5f08b8c0f64_diario_derivado;;interna;horaria_agregada;media
2022-09-14;171.375;24;True;0;84100000;nivel;Epagri;;;2;False;diaria;dea0d5f08b8c0f64_diario_derivado;;interna;horaria_agregada;media
2022-09-15;169.125;24;True;0;84100000;nivel;Epagri;;;2;False;diaria;dea0d5f08b8c0f64_diario_derivado;;interna;horaria_agregada;media
2022-09-16;170.45833333333334;24;True;0;84100000;nivel;Epagri;;;2;False;diaria;dea0d5f08b8c0f64_diario_derivado;;interna;horaria_agregada;media
2022-09-17;169.54166666666666;24;True;0;84100000;nivel;Epagri;;;2;False;diaria;dea0d5f08b8c0f64_diario_derivado;;interna;horaria_agregada;media
2022-09-18;167.25;24;True;0;84100000;nivel;Epagri;;;2;False;diaria;dea0d5f08b8c0f64_diario_derivado;;interna;horaria_agregada;media
2022-09-19;168.20833333333334;24;True;0;84100000;nivel;Epagri;;;2;False;diaria;dea0d5f08b8c0f64_diario_derivado;;interna;horaria_agregada;media
2022-09-20;175.25;24;True;0;84100000;nivel;Epagri;;;2;False;diaria;dea0d5f08b8c0f64_diario_derivado;;interna;horaria_agregada;media
2022-09-21;168.20833333333334;24;True;0;84100000;nivel;Epagri;;;2;False;diaria;dea0d5f08b8c0f64_diario_derivado;;interna;horaria_agregada;media
2022-09-22;168.70833333333334;24;True;0;84100000;nivel;Epagri;;;2;False;diaria;dea0d5f08b8c0f64_diario_derivado;;interna;horaria_agregada;media
2022-09-23;165.375;24;True;0;84100000;nivel;Epagri;;;2;False;diaria;dea0d5f08b8c0f64_diario_derivado;;interna;horaria_agregada;media
2022-09-24;163.70833333333334;24;True;0;84100000;nivel;Epagri;;;2;False;diaria;dea0d5f08b8c0f64_diario_derivado;;interna;horaria_agregada;media
2022-09-25;163.75;24;True;0;84100000;nivel;Epagri;;;2;False;diaria;dea0d5f08b8c0f64_diario_derivado;;interna;horaria_agregada;media
2022-09-26;169.58333333333334;24;True;0;84100000;nivel;Epagri;;;2;False;diaria;dea0d5f08b8c0f64_diario_derivado;;interna;horaria_agregada;media
2022-09-27;165.75;24;True;0;84100000;nivel;Epagri;;;2;False;diaria;dea0d5f08b8c0f64_diario_derivado;;interna;horaria_agregada;media
2022-09-28;164.0;24;True;0;84100000;nivel;Epagri;;;2;False;diaria;dea0d5f08b8c0f64_diario_derivado;;interna;horaria_agregada;media
2022-09-29;163.08333333333334;24;True;0;84100000;nivel;Epagri;;;2;False;diaria;dea0d5f08b8c0f64_diario_derivado;;interna;horaria_agregada;media
2022-09-30;163.58333333333334;24;True;0;84100000;nivel;Epagri;;;2;False;diaria;dea0d5f08b8c0f64_diario_derivado;;interna;horaria_agregada;media
2022-10-01;167.125;24;True;0;84100000;nivel;Epagri;;;2;False;diaria;dea0d5f08b8c0f64_diario_derivado;;interna;horaria_agregada;media
2022-10-02;167.08333333333334;24;True;0;84100000;nivel;Epagri;;;2;False;diaria;dea0d5f08b8c0f64_diario_derivado;;interna;horaria_agregada;media
2022-10-03;164.04166666666666;24;True;0;84100000;nivel;Epagri;;;2;False;diaria;dea0d5f08b8c0f64_diario_derivado;;interna;horaria_agregada;media
2022-10-04;163.04166666666666;24;True;0;84100000;nivel;Epagri;;;2;False;diaria;dea0d5f08b8c0f64_diario_derivado;;interna;horaria_agregada;media
2022-10-05;163.29166666666666;24;True;0;84100000;nivel;Epagri;;;2;False;diaria;dea0d5f08b8c0f64_diario_derivado;;interna;horaria_agregada;media
2022-10-06;189.25;24;True;0;84100000;nivel;Epagri;;;2;False;diaria;dea0d5f08b8c0f64_diario_derivado;;interna;horaria_agregada;media
2022-10-07;;23;False;0;84100000;nivel;Epagri;;;2;False;diaria;dea0d5f08b8c0f64_diario_derivado;;interna;horaria_agregada;media
2022-10-08;169.41666666666666;24;True;0;84100000;nivel;Epagri;;;2;False;diaria;dea0d5f08b8c0f64_diario_derivado;;interna;horaria_agregada;media
2022-10-09;165.91666666666666;24;True;0;84100000;nivel;Epagri;;;2;False;diaria;dea0d5f08b8c0f64_diario_derivado;;interna;horaria_agregada;media
2022-10-10;225.95833333333334;24;True;0;84100000;nivel;Epagri;;;2;False;diaria;dea0d5f08b8c0f64_diario_derivado;;interna;horaria_agregada;media
2022-10-11;244.25;24;True;0;84100000;nivel;Epagri;;;2;False;diaria;dea0d5f08b8c0f64_diario_derivado;;interna;horaria_agregada;media
2022-10-12;203.16666666666666;24;True;0;84100000;nivel;Epagri;;;2;False;diaria;dea0d5f08b8c0f64_diario_derivado;;interna;horaria_agregada;media
2022-10-13;185.45833333333334;24;True;0;84100000;nivel;Epagri;;;2;False;diaria;dea0d5f08b8c0f64_diario_derivado;;interna;horaria_agregada;media
2022-10-14;201.04166666666666;24;True;0;84100000;nivel;Epagri;;;2;False;diaria;dea0d5f08b8c0f64_diario_derivado;;interna;horaria_agregada;media
2022-10-15;197.95833333333334;24;True;0;84100000;nivel;Epagri;;;2;False;diaria;dea0d5f08b8c0f64_diario_derivado;;interna;horaria_agregada;media
2022-10-16;233.58333333333334;24;True;0;84100000;nivel;Epagri;;;2;False;diaria;dea0d5f08b8c0f64_diario_derivado;;interna;horaria_agregada;media
2022-10-17;204.33333333333334;24;True;0;84100000;nivel;Epagri;;;2;False;diaria;dea0d5f08b8c0f64_diario_derivado;;interna;horaria_agregada;media
2022-10-18;188.625;24;True;0;84100000;nivel;Epagri;;;2;False;diaria;dea0d5f08b8c0f64_diario_derivado;;interna;horaria_agregada;media
2022-10-19;183.91666666666666;24;True;0;84100000;nivel;Epagri;;;2;False;diaria;dea0d5f08b8c0f64_diario_derivado;;interna;horaria_agregada;media
2022-10-20;180.58333333333334;24;True;0;84100000;nivel;Epagri;;;2;False;diaria;dea0d5f08b8c0f64_diario_derivado;;interna;horaria_agregada;media
2022-10-21;180.875;24;True;0;84100000;nivel;Epagri;;;2;False;diaria;dea0d5f08b8c0f64_diario_derivado;;interna;horaria_agregada;media
2022-10-22;183.25;24;True;0;84100000;nivel;Epagri;;;2;False;diaria;dea0d5f08b8c0f64_diario_derivado;;interna;horaria_agregada;media
2022-10-23;175.95833333333334;24;True;0;84100000;nivel;Epagri;;;2;False;diaria;dea0d5f08b8c0f64_diario_derivado;;interna;horaria_agregada;media
2022-10-24;184.375;24;True;0;84100000;nivel;Epagri;;;2;False;diaria;dea0d5f08b8c0f64_diario_derivado;;interna;horaria_agregada;media
2022-10-25;174.33333333333334;24;True;0;84100000;nivel;Epagri;;;2;False;diaria;dea0d5f08b8c0f64_diario_derivado;;interna;horaria_agregada;media
2022-10-26;;19;False;0;84100000;nivel;Epagri;;;2;False;diaria;dea0d5f08b8c0f64_diario_derivado;;interna;horaria_agregada;media
2022-10-27;;18;False;0;84100000;nivel;Epagri;;;2;False;diaria;dea0d5f08b8c0f64_diario_derivado;;interna;horaria_agregada;media
2022-10-28;170.79166666666666;24;True;0;84100000;nivel;Epagri;;;2;False;diaria;dea0d5f08b8c0f64_diario_derivado;;interna;horaria_agregada;media
2022-10-29;;21;False;0;84100000;nivel;Epagri;;;2;False;diaria;dea0d5f08b8c0f64_diario_derivado;;interna;horaria_agregada;media
2022-10-30;169.20833333333334;24;True;0;84100000;nivel;Epagri;;;2;False;diaria;dea0d5f08b8c0f64_diario_derivado;;interna;horaria_agregada;media
2022-10-31;168.66666666666666;24;True;0;84100000;nivel;Epagri;;;2;False;diaria;dea0d5f08b8c0f64_diario_derivado;;interna;horaria_agregada;media
2022-11-01;168.08333333333334;24;True;0;84100000;nivel;Epagri;;;2;False;diaria;dea0d5f08b8c0f64_diario_derivado;;interna;horaria_agregada;media
2022-11-02;167.29166666666666;24;True;0;84100000;nivel;Epagri;;;2;False;diaria;dea0d5f08b8c0f64_diario_derivado;;interna;horaria_agregada;media
2022-11-03;166.25;24;True;0;84100000;nivel;Epagri;;;2;False;diaria;dea0d5f08b8c0f64_diario_derivado;;interna;horaria_agregada;media
2022-11-04;166.04166666666666;24;True;0;84100000;nivel;Epagri;;;2;False;diaria;dea0d5f08b8c0f64_diario_derivado;;interna;horaria_agregada;media
2022-11-05;165.45833333333334;24;True;0;84100000;nivel;Epagri;;;2;False;diaria;dea0d5f08b8c0f64_diario_derivado;;interna;horaria_agregada;media
2022-11-06;166.25;24;True;0;84100000;nivel;Epagri;;;2;False;diaria;dea0d5f08b8c0f64_diario_derivado;;interna;horaria_agregada;media
2022-11-07;166.33333333333334;24;True;0;84100000;nivel;Epagri;;;2;False;diaria;dea0d5f08b8c0f64_diario_derivado;;interna;horaria_agregada;media
2022-11-08;165.91666666666666;24;True;0;84100000;nivel;Epagri;;;2;False;diaria;dea0d5f08b8c0f64_diario_derivado;;interna;horaria_agregada;media
2022-11-09;165.29166666666666;24;True;0;84100000;nivel;Epagri;;;2;False;diaria;dea0d5f08b8c0f64_diario_derivado;;interna;horaria_agregada;media
2022-11-10;;23;False;0;84100000;nivel;Epagri;;;2;False;diaria;dea0d5f08b8c0f64_diario_derivado;;interna;horaria_agregada;media
2022-11-11;164.29166666666666;24;True;0;84100000;nivel;Epagri;;;2;False;diaria;dea0d5f08b8c0f64_diario_derivado;;interna;horaria_agregada;media
2022-11-12;;22;False;0;84100000;nivel;Epagri;;;2;False;diaria;dea0d5f08b8c0f64_diario_derivado;;interna;horaria_agregada;media
2022-11-13;164.79166666666666;24;True;0;84100000;nivel;Epagri;;;2;False;diaria;dea0d5f08b8c0f64_diario_derivado;;interna;horaria_agregada;media
2022-11-14;169.625;24;True;0;84100000;nivel;Epagri;;;2;False;diaria;dea0d5f08b8c0f64_diario_derivado;;interna;horaria_agregada;media
2022-11-15;165.66666666666666;24;True;0;84100000;nivel;Epagri;;;2;False;diaria;dea0d5f08b8c0f64_diario_derivado;;interna;horaria_agregada;media
2022-11-16;163.20833333333334;24;True;0;84100000;nivel;Epagri;;;2;False;diaria;dea0d5f08b8c0f64_diario_derivado;;interna;horaria_agregada;media
2022-11-17;162.29166666666666;24;True;0;84100000;nivel;Epagri;;;2;False;diaria;dea0d5f08b8c0f64_diario_derivado;;interna;horaria_agregada;media
2022-11-18;161.375;24;True;0;84100000;nivel;Epagri;;;2;False;diaria;dea0d5f08b8c0f64_diario_derivado;;interna;horaria_agregada;media
2022-11-19;161.625;24;True;0;84100000;nivel;Epagri;;;2;False;diaria;dea0d5f08b8c0f64_diario_derivado;;interna;horaria_agregada;media
2022-11-20;161.83333333333334;24;True;0;84100000;nivel;Epagri;;;2;False;diaria;dea0d5f08b8c0f64_diario_derivado;;interna;horaria_agregada;media
2022-11-21;162.08333333333334;24;True;0;84100000;nivel;Epagri;;;2;False;diaria;dea0d5f08b8c0f64_diario_derivado;;interna;horaria_agregada;media
2022-11-22;161.70833333333334;24;True;0;84100000;nivel;Epagri;;;2;False;diaria;dea0d5f08b8c0f64_diario_derivado;;interna;horaria_agregada;media
2022-11-23;162.70833333333334;24;True;0;84100000;nivel;Epagri;;;2;False;diaria;dea0d5f08b8c0f64_diario_derivado;;interna;horaria_agregada;media
2022-11-24;162.08333333333334;24;True;0;84100000;nivel;Epagri;;;2;False;diaria;dea0d5f08b8c0f64_diario_derivado;;interna;horaria_agregada;media
2022-11-25;161.29166666666666;24;True;0;84100000;nivel;Epagri;;;2;False;diaria;dea0d5f08b8c0f64_diario_derivado;;interna;horaria_agregada;media
2022-11-26;177.625;24;True;0;84100000;nivel;Epagri;;;2;False;diaria;dea0d5f08b8c0f64_diario_derivado;;interna;horaria_agregada;media
2022-11-27;315.875;24;True;0;84100000;nivel;Epagri;;;2;False;diaria;dea0d5f08b8c0f64_diario_derivado;;interna;horaria_agregada;media
2022-11-28;;21;False;0;84100000;nivel;Epagri;;;2;False;diaria;dea0d5f08b8c0f64_diario_derivado;;interna;horaria_agregada;media
2022-11-29;;23;False;0;84100000;nivel;Epagri;;;2;False;diaria;dea0d5f08b8c0f64_diario_derivado;;interna;horaria_agregada;media
2022-11-30;432.75;24;True;0;84100000;nivel;Epagri;;;2;False;diaria;dea0d5f08b8c0f64_diario_derivado;;interna;horaria_agregada;media
2022-12-01;527.875;24;True;0;84100000;nivel;Epagri;;;2;False;diaria;dea0d5f08b8c0f64_diario_derivado;;interna;horaria_agregada;media
2022-12-02;295.25;24;True;0;84100000;nivel;Epagri;;;2;False;diaria;dea0d5f08b8c0f64_diario_derivado;;interna;horaria_agregada;media
2022-12-03;256.1666666666667;24;True;0;84100000;nivel;Epagri;;;2;False;diaria;dea0d5f08b8c0f64_diario_derivado;;interna;horaria_agregada;media
2022-12-04;258.25;24;True;0;84100000;nivel;Epagri;;;2;False;diaria;dea0d5f08b8c0f64_diario_derivado;;interna;horaria_agregada;media
2022-12-05;272.1666666666667;24;True;0;84100000;nivel;Epagri;;;2;False;diaria;dea0d5f08b8c0f64_diario_derivado;;interna;horaria_agregada;media
2022-12-06;234.375;24;True;0;84100000;nivel;Epagri;;;2;False;diaria;dea0d5f08b8c0f64_diario_derivado;;interna;horaria_agregada;media
2022-12-07;221.95833333333334;24;True;0;84100000;nivel;Epagri;;;2;False;diaria;dea0d5f08b8c0f64_diario_derivado;;interna;horaria_agregada;media
2022-12-08;214.79166666666666;24;True;0;84100000;nivel;Epagri;;;2;False;diaria;dea0d5f08b8c0f64_diario_derivado;;interna;horaria_agregada;media
2022-12-09;210.25;24;True;0;84100000;nivel;Epagri;;;2;False;diaria;dea0d5f08b8c0f64_diario_derivado;;interna;horaria_agregada;media
2022-12-10;207.04166666666666;24;True;0;84100000;nivel;Epagri;;;2;False;diaria;dea0d5f08b8c0f64_diario_derivado;;interna;horaria_agregada;media
2022-12-11;204.20833333333334;24;True;0;84100000;nivel;Epagri;;;2;False;diaria;dea0d5f08b8c0f64_diario_derivado;;interna;horaria_agregada;media
2022-12-12;210.29166666666666;24;True;0;84100000;nivel;Epagri;;;2;False;diaria;dea0d5f08b8c0f64_diario_derivado;;interna;horaria_agregada;media
2022-12-13;209.70833333333334;24;True;0;84100000;nivel;Epagri;;;2;False;diaria;dea0d5f08b8c0f64_diario_derivado;;interna;horaria_agregada;media
2022-12-14;196.91666666666666;24;True;0;84100000;nivel;Epagri;;;2;False;diaria;dea0d5f08b8c0f64_diario_derivado;;interna;horaria_agregada;media
2022-12-15;194.5;24;True;0;84100000;nivel;Epagri;;;2;False;diaria;dea0d5f08b8c0f64_diario_derivado;;interna;horaria_agregada;media
2022-12-16;202.45833333333334;24;True;0;84100000;nivel;Epagri;;;2;False;diaria;dea0d5f08b8c0f64_diario_derivado;;interna;horaria_agregada;media
2022-12-17;199.25;24;True;0;84100000;nivel;Epagri;;;2;False;diaria;dea0d5f08b8c0f64_diario_derivado;;interna;horaria_agregada;media
2022-12-18;199.625;24;True;0;84100000;nivel;Epagri;;;2;False;diaria;dea0d5f08b8c0f64_diario_derivado;;interna;horaria_agregada;media
2022-12-19;289.9583333333333;24;True;0;84100000;nivel;Epagri;;;2;False;diaria;dea0d5f08b8c0f64_diario_derivado;;interna;horaria_agregada;media
2022-12-20;362.6666666666667;24;True;0;84100000;nivel;Epagri;;;2;False;diaria;dea0d5f08b8c0f64_diario_derivado;;interna;horaria_agregada;media
2022-12-21;255.91666666666666;24;True;0;84100000;nivel;Epagri;;;2;False;diaria;dea0d5f08b8c0f64_diario_derivado;;interna;horaria_agregada;media
2022-12-22;230.95833333333334;24;True;0;84100000;nivel;Epagri;;;2;False;diaria;dea0d5f08b8c0f64_diario_derivado;;interna;horaria_agregada;media
2022-12-23;219.375;24;True;0;84100000;nivel;Epagri;;;2;False;diaria;dea0d5f08b8c0f64_diario_derivado;;interna;horaria_agregada;media
2022-12-24;213.75;24;True;0;84100000;nivel;Epagri;;;2;False;diaria;dea0d5f08b8c0f64_diario_derivado;;interna;horaria_agregada;media
2022-12-25;211.20833333333334;24;True;0;84100000;nivel;Epagri;;;2;False;diaria;dea0d5f08b8c0f64_diario_derivado;;interna;horaria_agregada;media
2022-12-26;217.875;24;True;0;84100000;nivel;Epagri;;;2;False;diaria;dea0d5f08b8c0f64_diario_derivado;;interna;horaria_agregada;media
2022-12-27;210.45833333333334;24;True;0;84100000;nivel;Epagri;;;2;False;diaria;dea0d5f08b8c0f64_diario_derivado;;interna;horaria_agregada;media
2022-12-28;235.08333333333334;24;True;0;84100000;nivel;Epagri;;;2;False;diaria;dea0d5f08b8c0f64_diario_derivado;;interna;horaria_agregada;media
2022-12-29;217.33333333333334;24;True;0;84100000;nivel;Epagri;;;2;False;diaria;dea0d5f08b8c0f64_diario_derivado;;interna;horaria_agregada;media
2022-12-30;207.41666666666666;24;True;0;84100000;nivel;Epagri;;;2;False;diaria;dea0d5f08b8c0f64_diario_derivado;;interna;horaria_agregada;media
2022-12-31;203.66666666666666;24;True;0;84100000;nivel;Epagri;;;2;False;diaria;dea0d5f08b8c0f64_diario_derivado;;interna;horaria_agregada;media
2023-01-01;203.0;24;True;0;84100000;nivel;Epagri;;;2;False;diaria;dea0d5f08b8c0f64_diario_derivado;;interna;horaria_agregada;media
2023-01-02;199.625;24;True;0;84100000;nivel;Epagri;;;2;False;diaria;dea0d5f08b8c0f64_diario_derivado;;interna;horaria_agregada;media
2023-01-03;200.04166666666666;24;True;0;84100000;nivel;Epagri;;;2;False;diaria;dea0d5f08b8c0f64_diario_derivado;;interna;horaria_agregada;media
2023-01-04;200.875;24;True;0;84100000;nivel;Epagri;;;2;False;diaria;dea0d5f08b8c0f64_diario_derivado;;interna;horaria_agregada;media
2023-01-05;196.25;24;True;0;84100000;nivel;Epagri;;;2;False;diaria;dea0d5f08b8c0f64_diario_derivado;;interna;horaria_agregada;media
2023-01-06;193.5;24;True;0;84100000;nivel;Epagri;;;2;False;diaria;dea0d5f08b8c0f64_diario_derivado;;interna;horaria_agregada;media
2023-01-07;192.75;24;True;0;84100000;nivel;Epagri;;;2;False;diaria;dea0d5f08b8c0f64_diario_derivado;;interna;horaria_agregada;media
2023-01-08;192.29166666666666;24;True;0;84100000;nivel;Epagri;;;2;False;diaria;dea0d5f08b8c0f64_diario_derivado;;interna;horaria_agregada;media
2023-01-09;191.29166666666666;24;True;0;84100000;nivel;Epagri;;;2;False;diaria;dea0d5f08b8c0f64_diario_derivado;;interna;horaria_agregada;media
2023-01-10;195.625;24;True;0;84100000;nivel;Epagri;;;2;False;diaria;dea0d5f08b8c0f64_diario_derivado;;interna;horaria_agregada;media
2023-01-11;244.54166666666666;24;True;0;84100000;nivel;Epagri;;;2;False;diaria;dea0d5f08b8c0f64_diario_derivado;;interna;horaria_agregada;media
2023-01-12;209.45833333333334;24;True;0;84100000;nivel;Epagri;;;2;False;diaria;dea0d5f08b8c0f64_diario_derivado;;interna;horaria_agregada;media
2023-01-13;197.0;24;True;0;84100000;nivel;Epagri;;;2;False;diaria;dea0d5f08b8c0f64_diario_derivado;;interna;horaria_agregada;media
2023-01-14;197.75;24;True;0;84100000;nivel;Epagri;;;2;False;diaria;dea0d5f08b8c0f64_diario_derivado;;interna;horaria_agregada;media
2023-01-15;225.79166666666666;24;True;0;84100000;nivel;Epagri;;;2;False;diaria;dea0d5f08b8c0f64_diario_derivado;;interna;horaria_agregada;media
2023-01-16;227.625;24;True;0;84100000;nivel;Epagri;;;2;False;diaria;dea0d5f08b8c0f64_diario_derivado;;interna;horaria_agregada;media
2023-01-17;207.70833333333334;24;True;0;84100000;nivel;Epagri;;;2;False;diaria;dea0d5f08b8c0f64_diario_derivado;;interna;horaria_agregada;media
2023-01-18;210.33333333333334;24;True;0;84100000;nivel;Epagri;;;2;False;diaria;dea0d5f08b8c0f64_diario_derivado;;interna;horaria_agregada;media
2023-01-19;217.79166666666666;24;True;0;84100000;nivel;Epagri;;;2;False;diaria;dea0d5f08b8c0f64_diario_derivado;;interna;horaria_agregada;media
2023-01-20;225.29166666666666;24;True;0;84100000;nivel;Epagri;;;2;False;diaria;dea0d5f08b8c0f64_diario_derivado;;interna;horaria_agregada;media
2023-01-21;212.0;24;True;0;84100000;nivel;Epagri;;;2;False;diaria;dea0d5f08b8c0f64_diario_derivado;;interna;horaria_agregada;media
2023-01-22;208.58333333333334;24;True;0;84100000;nivel;Epagri;;;2;False;diaria;dea0d5f08b8c0f64_diario_derivado;;interna;horaria_agregada;media
2023-01-23;204.66666666666666;24;True;0;84100000;nivel;Epagri;;;2;False;diaria;dea0d5f08b8c0f64_diario_derivado;;interna;horaria_agregada;media
2023-01-24;209.875;24;True;0;84100000;nivel;Epagri;;;2;False;diaria;dea0d5f08b8c0f64_diario_derivado;;interna;horaria_agregada;media
2023-01-25;197.95833333333334;24;True;0;84100000;nivel;Epagri;;;2;False;diaria;dea0d5f08b8c0f64_diario_derivado;;interna;horaria_agregada;media
2023-01-26;194.75;24;True;0;84100000;nivel;Epagri;;;2;False;diaria;dea0d5f08b8c0f64_diario_derivado;;interna;horaria_agregada;media
2023-01-27;192.08333333333334;24;True;0;84100000;nivel;Epagri;;;2;False;diaria;dea0d5f08b8c0f64_diario_derivado;;interna;horaria_agregada;media
2023-01-28;190.58333333333334;24;True;0;84100000;nivel;Epagri;;;2;False;diaria;dea0d5f08b8c0f64_diario_derivado;;interna;horaria_agregada;media
2023-01-29;214.41666666666666;24;True;0;84100000;nivel;Epagri;;;2;False;diaria;dea0d5f08b8c0f64_diario_derivado;;interna;horaria_agregada;media
2023-01-30;212.0;24;True;0;84100000;nivel;Epagri;;;2;False;diaria;dea0d5f08b8c0f64_diario_derivado;;interna;horaria_agregada;media
2023-01-31;216.75;24;True;0;84100000;nivel;Epagri;;;2;False;diaria;dea0d5f08b8c0f64_diario_derivado;;interna;horaria_agregada;media
2023-02-01;207.58333333333334;24;True;0;84100000;nivel;Epagri;;;2;False;diaria;dea0d5f08b8c0f64_diario_derivado;;interna;horaria_agregada;media
2023-02-02;222.95833333333334;24;True;0;84100000;nivel;Epagri;;;2;False;diaria;dea0d5f08b8c0f64_diario_derivado;;interna;horaria_agregada;media
2023-02-03;340.1666666666667;24;True;0;84100000;nivel;Epagri;;;2;False;diaria;dea0d5f08b8c0f64_diario_derivado;;interna;horaria_agregada;media
2023-02-04;257.1666666666667;24;True;0;84100000;nivel;Epagri;;;2;False;diaria;dea0d5f08b8c0f64_diario_derivado;;interna;horaria_agregada;media
2023-02-05;233.95833333333334;24;True;0;84100000;nivel;Epagri;;;2;False;diaria;dea0d5f08b8c0f64_diario_derivado;;interna;horaria_agregada;media
2023-02-06;217.0;24;True;0;84100000;nivel;Epagri;;;2;False;diaria;dea0d5f08b8c0f64_diario_derivado;;interna;horaria_agregada;media
2023-02-07;214.45833333333334;24;True;0;84100000;nivel;Epagri;;;2;False;diaria;dea0d5f08b8c0f64_diario_derivado;;interna;horaria_agregada;media
2023-02-08;218.20833333333334;24;True;0;84100000;nivel;Epagri;;;2;False;diaria;dea0d5f08b8c0f64_diario_derivado;;interna;horaria_agregada;media
2023-02-09;212.66666666666666;24;True;0;84100000;nivel;Epagri;;;2;False;diaria;dea0d5f08b8c0f64_diario_derivado;;interna;horaria_agregada;media
2023-02-10;210.16666666666666;24;True;0;84100000;nivel;Epagri;;;2;False;diaria;dea0d5f08b8c0f64_diario_derivado;;interna;horaria_agregada;media
2023-02-11;210.29166666666666;24;True;0;84100000;nivel;Epagri;;;2;False;diaria;dea0d5f08b8c0f64_diario_derivado;;interna;horaria_agregada;media
2023-02-12;203.125;24;True;0;84100000;nivel;Epagri;;;2;False;diaria;dea0d5f08b8c0f64_diario_derivado;;interna;horaria_agregada;media
2023-02-13;199.54166666666666;24;True;0;84100000;nivel;Epagri;;;2;False;diaria;dea0d5f08b8c0f64_diario_derivado;;interna;horaria_agregada;media
2023-02-14;211.875;24;True;0;84100000;nivel;Epagri;;;2;False;diaria;dea0d5f08b8c0f64_diario_derivado;;interna;horaria_agregada;media
2023-02-15;211.875;24;True;0;84100000;nivel;Epagri;;;2;False;diaria;dea0d5f08b8c0f64_diario_derivado;;interna;horaria_agregada;media
2023-02-16;205.125;24;True;0;84100000;nivel;Epagri;;;2;False;diaria;dea0d5f08b8c0f64_diario_derivado;;interna;horaria_agregada;media
2023-02-17;200.5;24;True;0;84100000;nivel;Epagri;;;2;False;diaria;dea0d5f08b8c0f64_diario_derivado;;interna;horaria_agregada;media
2023-02-18;204.16666666666666;24;True;0;84100000;nivel;Epagri;;;2;False;diaria;dea0d5f08b8c0f64_diario_derivado;;interna;horaria_agregada;media
2023-02-19;194.70833333333334;24;True;0;84100000;nivel;Epagri;;;2;False;diaria;dea0d5f08b8c0f64_diario_derivado;;interna;horaria_agregada;media
2023-02-20;256.5833333333333;24;True;0;84100000;nivel;Epagri;;;2;False;diaria;dea0d5f08b8c0f64_diario_derivado;;interna;horaria_agregada;media
2023-02-21;262.7916666666667;24;True;0;84100000;nivel;Epagri;;;2;False;diaria;dea0d5f08b8c0f64_diario_derivado;;interna;horaria_agregada;media
2023-02-22;217.625;24;True;0;84100000;nivel;Epagri;;;2;False;diaria;dea0d5f08b8c0f64_diario_derivado;;interna;horaria_agregada;media
2023-02-23;210.66666666666666;24;True;0;84100000;nivel;Epagri;;;2;False;diaria;dea0d5f08b8c0f64_diario_derivado;;interna;horaria_agregada;media
2023-02-24;210.16666666666666;24;True;0;84100000;nivel;Epagri;;;2;False;diaria;dea0d5f08b8c0f64_diario_derivado;;interna;horaria_agregada;media
2023-02-25;204.375;24;True;0;84100000;nivel;Epagri;;;2;False;diaria;dea0d5f08b8c0f64_diario_derivado;;interna;horaria_agregada;media
2023-02-26;209.58333333333334;24;True;0;84100000;nivel;Epagri;;;2;False;diaria;dea0d5f08b8c0f64_diario_derivado;;interna;horaria_agregada;media
2023-02-27;209.79166666666666;24;True;0;84100000;nivel;Epagri;;;2;False;diaria;dea0d5f08b8c0f64_diario_derivado;;interna;horaria_agregada;media
2023-02-28;199.58333333333334;24;True;0;84100000;nivel;Epagri;;;2;False;diaria;dea0d5f08b8c0f64_diario_derivado;;interna;horaria_agregada;media
2023-03-01;198.08333333333334;24;True;0;84100000;nivel;Epagri;;;2;False;diaria;dea0d5f08b8c0f64_diario_derivado;;interna;horaria_agregada;media
2023-03-02;199.45833333333334;24;True;0;84100000;nivel;Epagri;;;2;False;diaria;dea0d5f08b8c0f64_diario_derivado;;interna;horaria_agregada;media
2023-03-03;199.79166666666666;24;True;0;84100000;nivel;Epagri;;;2;False;diaria;dea0d5f08b8c0f64_diario_derivado;;interna;horaria_agregada;media
2023-03-04;208.58333333333334;24;True;0;84100000;nivel;Epagri;;;2;False;diaria;dea0d5f08b8c0f64_diario_derivado;;interna;horaria_agregada;media
2023-03-05;205.75;24;True;0;84100000;nivel;Epagri;;;2;False;diaria;dea0d5f08b8c0f64_diario_derivado;;interna;horaria_agregada;media
2023-03-06;214.54166666666666;24;True;0;84100000;nivel;Epagri;;;2;False;diaria;dea0d5f08b8c0f64_diario_derivado;;interna;horaria_agregada;media
2023-03-07;211.75;24;True;0;84100000;nivel;Epagri;;;2;False;diaria;dea0d5f08b8c0f64_diario_derivado;;interna;horaria_agregada;media
2023-03-08;220.66666666666666;24;True;0;84100000;nivel;Epagri;;;2;False;diaria;dea0d5f08b8c0f64_diario_derivado;;interna;horaria_agregada;media
2023-03-09;201.91666666666666;24;True;0;84100000;nivel;Epagri;;;2;False;diaria;dea0d5f08b8c0f64_diario_derivado;;interna;horaria_agregada;media
2023-03-10;197.66666666666666;24;True;0;84100000;nivel;Epagri;;;2;False;diaria;dea0d5f08b8c0f64_diario_derivado;;interna;horaria_agregada;media
2023-03-11;195.91666666666666;24;True;0;84100000;nivel;Epagri;;;2;False;diaria;dea0d5f08b8c0f64_diario_derivado;;interna;horaria_agregada;media
2023-03-12;195.20833333333334;24;True;0;84100000;nivel;Epagri;;;2;False;diaria;dea0d5f08b8c0f64_diario_derivado;;interna;horaria_agregada;media
2023-03-13;219.20833333333334;24;True;0;84100000;nivel;Epagri;;;2;False;diaria;dea0d5f08b8c0f64_diario_derivado;;interna;horaria_agregada;media
2023-03-14;219.25;24;True;0;84100000;nivel;Epagri;;;2;False;diaria;dea0d5f08b8c0f64_diario_derivado;;interna;horaria_agregada;media
2023-03-15;223.41666666666666;24;True;0;84100000;nivel;Epagri;;;2;False;diaria;dea0d5f08b8c0f64_diario_derivado;;interna;horaria_agregada;media
2023-03-16;207.45833333333334;24;True;0;84100000;nivel;Epagri;;;2;False;diaria;dea0d5f08b8c0f64_diario_derivado;;interna;horaria_agregada;media
2023-03-17;200.45833333333334;24;True;0;84100000;nivel;Epagri;;;2;False;diaria;dea0d5f08b8c0f64_diario_derivado;;interna;horaria_agregada;media
2023-03-18;196.95833333333334;24;True;0;84100000;nivel;Epagri;;;2;False;diaria;dea0d5f08b8c0f64_diario_derivado;;interna;horaria_agregada;media
2023-03-19;194.16666666666666;24;True;0;84100000;nivel;Epagri;;;2;False;diaria;dea0d5f08b8c0f64_diario_derivado;;interna;horaria_agregada;media
2023-03-20;192.66666666666666;24;True;0;84100000;nivel;Epagri;;;2;False;diaria;dea0d5f08b8c0f64_diario_derivado;;interna;horaria_agregada;media
2023-03-21;191.45833333333334;24;True;0;84100000;nivel;Epagri;;;2;False;diaria;dea0d5f08b8c0f64_diario_derivado;;interna;horaria_agregada;media
2023-03-22;214.08333333333334;24;True;0;84100000;nivel;Epagri;;;2;False;diaria;dea0d5f08b8c0f64_diario_derivado;;interna;horaria_agregada;media
2023-03-23;298.25;24;True;0;84100000;nivel;Epagri;;;2;False;diaria;dea0d5f08b8c0f64_diario_derivado;;interna;horaria_agregada;media
2023-03-24;217.20833333333334;24;True;0;84100000;nivel;Epagri;;;2;False;diaria;dea0d5f08b8c0f64_diario_derivado;;interna;horaria_agregada;media
2023-03-25;205.04166666666666;24;True;0;84100000;nivel;Epagri;;;2;False;diaria;dea0d5f08b8c0f64_diario_derivado;;interna;horaria_agregada;media
2023-03-26;201.16666666666666;24;True;0;84100000;nivel;Epagri;;;2;False;diaria;dea0d5f08b8c0f64_diario_derivado;;interna;horaria_agregada;media
2023-03-27;196.875;24;True;0;84100000;nivel;Epagri;;;2;False;diaria;dea0d5f08b8c0f64_diario_derivado;;interna;horaria_agregada;media
2023-03-28;194.41666666666666;24;True;0;84100000;nivel;Epagri;;;2;False;diaria;dea0d5f08b8c0f64_diario_derivado;;interna;horaria_agregada;media
2023-03-29;218.29166666666666;24;True;0;84100000;nivel;Epagri;;;2;False;diaria;dea0d5f08b8c0f64_diario_derivado;;interna;horaria_agregada;media
2023-03-30;219.91666666666666;24;True;0;84100000;nivel;Epagri;;;2;False;diaria;dea0d5f08b8c0f64_diario_derivado;;interna;horaria_agregada;media
2023-03-31;198.70833333333334;24;True;0;84100000;nivel;Epagri;;;2;False;diaria;dea0d5f08b8c0f64_diario_derivado;;interna;horaria_agregada;media
2023-04-01;;21;False;0;84100000;nivel;Epagri;;;2;False;diaria;dea0d5f08b8c0f64_diario_derivado;;interna;horaria_agregada;media
2023-04-02;191.66666666666666;24;True;0;84100000;nivel;Epagri;;;2;False;diaria;dea0d5f08b8c0f64_diario_derivado;;interna;horaria_agregada;media
2023-04-03;190.875;24;True;0;84100000;nivel;Epagri;;;2;False;diaria;dea0d5f08b8c0f64_diario_derivado;;interna;horaria_agregada;media
2023-04-04;190.16666666666666;24;True;0;84100000;nivel;Epagri;;;2;False;diaria;dea0d5f08b8c0f64_diario_derivado;;interna;horaria_agregada;media
2023-04-05;189.83333333333334;24;True;0;84100000;nivel;Epagri;;;2;False;diaria;dea0d5f08b8c0f64_diario_derivado;;interna;horaria_agregada;media
2023-04-06;189.08333333333334;24;True;0;84100000;nivel;Epagri;;;2;False;diaria;dea0d5f08b8c0f64_diario_derivado;;interna;horaria_agregada;media
2023-04-07;214.08333333333334;24;True;0;84100000;nivel;Epagri;;;2;False;diaria;dea0d5f08b8c0f64_diario_derivado;;interna;horaria_agregada;media
2023-04-08;205.04166666666666;24;True;0;84100000;nivel;Epagri;;;2;False;diaria;dea0d5f08b8c0f64_diario_derivado;;interna;horaria_agregada;media
2023-04-09;197.16666666666666;24;True;0;84100000;nivel;Epagri;;;2;False;diaria;dea0d5f08b8c0f64_diario_derivado;;interna;horaria_agregada;media
2023-04-10;198.66666666666666;24;True;0;84100000;nivel;Epagri;;;2;False;diaria;dea0d5f08b8c0f64_diario_derivado;;interna;horaria_agregada;media
2023-04-11;192.33333333333334;24;True;0;84100000;nivel;Epagri;;;2;False;diaria;dea0d5f08b8c0f64_diario_derivado;;interna;horaria_agregada;media
2023-04-12;189.83333333333334;24;True;0;84100000;nivel;Epagri;;;2;False;diaria;dea0d5f08b8c0f64_diario_derivado;;interna;horaria_agregada;media
2023-04-13;188.25;24;True;0;84100000;nivel;Epagri;;;2;False;diaria;dea0d5f08b8c0f64_diario_derivado;;interna;horaria_agregada;media
2023-04-14;189.83333333333334;24;True;0;84100000;nivel;Epagri;;;2;False;diaria;dea0d5f08b8c0f64_diario_derivado;;interna;horaria_agregada;media
2023-04-15;189.29166666666666;24;True;0;84100000;nivel;Epagri;;;2;False;diaria;dea0d5f08b8c0f64_diario_derivado;;interna;horaria_agregada;media
2023-04-16;188.125;24;True;0;84100000;nivel;Epagri;;;2;False;diaria;dea0d5f08b8c0f64_diario_derivado;;interna;horaria_agregada;media
2023-04-17;202.08333333333334;24;True;0;84100000;nivel;Epagri;;;2;False;diaria;dea0d5f08b8c0f64_diario_derivado;;interna;horaria_agregada;media
2023-04-18;220.54166666666666;24;True;0;84100000;nivel;Epagri;;;2;False;diaria;dea0d5f08b8c0f64_diario_derivado;;interna;horaria_agregada;media
2023-04-19;198.625;24;True;0;84100000;nivel;Epagri;;;2;False;diaria;dea0d5f08b8c0f64_diario_derivado;;interna;horaria_agregada;media
2023-04-20;189.70833333333334;24;True;0;84100000;nivel;Epagri;;;2;False;diaria;dea0d5f08b8c0f64_diario_derivado;;interna;horaria_agregada;media
2023-04-21;187.5;24;True;0;84100000;nivel;Epagri;;;2;False;diaria;dea0d5f08b8c0f64_diario_derivado;;interna;horaria_agregada;media
2023-04-22;187.29166666666666;24;True;0;84100000;nivel;Epagri;;;2;False;diaria;dea0d5f08b8c0f64_diario_derivado;;interna;horaria_agregada;media
2023-04-23;186.58333333333334;24;True;0;84100000;nivel;Epagri;;;2;False;diaria;dea0d5f08b8c0f64_diario_derivado;;interna;horaria_agregada;media
2023-04-24;197.625;24;True;0;84100000;nivel;Epagri;;;2;False;diaria;dea0d5f08b8c0f64_diario_derivado;;interna;horaria_agregada;media
2023-04-25;189.375;24;True;0;84100000;nivel;Epagri;;;2;False;diaria;dea0d5f08b8c0f64_diario_derivado;;interna;horaria_agregada;media
2023-04-26;186.20833333333334;24;True;0;84100000;nivel;Epagri;;;2;False;diaria;dea0d5f08b8c0f64_diario_derivado;;interna;horaria_agregada;media
2023-04-27;184.75;24;True;0;84100000;nivel;Epagri;;;2;False;diaria;dea0d5f08b8c0f64_diario_derivado;;interna;horaria_agregada;media
2023-04-28;183.20833333333334;24;True;0;84100000;nivel;Epagri;;;2;False;diaria;dea0d5f08b8c0f64_diario_derivado;;interna;horaria_agregada;media
2023-04-29;182.83333333333334;24;True;0;84100000;nivel;Epagri;;;2;False;diaria;dea0d5f08b8c0f64_diario_derivado;;interna;horaria_agregada;media
2023-04-30;182.45833333333334;24;True;0;84100000;nivel;Epagri;;;2;False;diaria;dea0d5f08b8c0f64_diario_derivado;;interna;horaria_agregada;media
2023-05-01;181.91666666666666;24;True;0;84100000;nivel;Epagri;;;2;False;diaria;dea0d5f08b8c0f64_diario_derivado;;interna;horaria_agregada;media
2023-05-02;180.875;24;True;0;84100000;nivel;Epagri;;;2;False;diaria;dea0d5f08b8c0f64_diario_derivado;;interna;horaria_agregada;media
2023-05-03;181.20833333333334;24;True;0;84100000;nivel;Epagri;;;2;False;diaria;dea0d5f08b8c0f64_diario_derivado;;interna;horaria_agregada;media
2023-05-04;212.625;24;True;0;84100000;nivel;Epagri;;;2;False;diaria;dea0d5f08b8c0f64_diario_derivado;;interna;horaria_agregada;media
2023-05-05;188.45833333333334;24;True;0;84100000;nivel;Epagri;;;2;False;diaria;dea0d5f08b8c0f64_diario_derivado;;interna;horaria_agregada;media
2023-05-06;184.70833333333334;24;True;0;84100000;nivel;Epagri;;;2;False;diaria;dea0d5f08b8c0f64_diario_derivado;;interna;horaria_agregada;media
2023-05-07;183.04166666666666;24;True;0;84100000;nivel;Epagri;;;2;False;diaria;dea0d5f08b8c0f64_diario_derivado;;interna;horaria_agregada;media
2023-05-08;181.875;24;True;0;84100000;nivel;Epagri;;;2;False;diaria;dea0d5f08b8c0f64_diario_derivado;;interna;horaria_agregada;media
2023-05-09;180.95833333333334;24;True;0;84100000;nivel;Epagri;;;2;False;diaria;dea0d5f08b8c0f64_diario_derivado;;interna;horaria_agregada;media
2023-05-10;179.375;24;True;0;84100000;nivel;Epagri;;;2;False;diaria;dea0d5f08b8c0f64_diario_derivado;;interna;horaria_agregada;media
2023-05-11;178.29166666666666;24;True;0;84100000;nivel;Epagri;;;2;False;diaria;dea0d5f08b8c0f64_diario_derivado;;interna;horaria_agregada;media
2023-05-12;177.45833333333334;24;True;0;84100000;nivel;Epagri;;;2;False;diaria;dea0d5f08b8c0f64_diario_derivado;;interna;horaria_agregada;media
2023-05-13;;22;False;0;84100000;nivel;Epagri;;;2;False;diaria;dea0d5f08b8c0f64_diario_derivado;;interna;horaria_agregada;media
2023-05-14;176.83333333333334;24;True;0;84100000;nivel;Epagri;;;2;False;diaria;dea0d5f08b8c0f64_diario_derivado;;interna;horaria_agregada;media
2023-05-15;176.54166666666666;24;True;0;84100000;nivel;Epagri;;;2;False;diaria;dea0d5f08b8c0f64_diario_derivado;;interna;horaria_agregada;media
2023-05-16;176.04166666666666;24;True;0;84100000;nivel;Epagri;;;2;False;diaria;dea0d5f08b8c0f64_diario_derivado;;interna;horaria_agregada;media
2023-05-17;175.83333333333334;24;True;0;84100000;nivel;Epagri;;;2;False;diaria;dea0d5f08b8c0f64_diario_derivado;;interna;horaria_agregada;media
2023-05-18;175.45833333333334;24;True;0;84100000;nivel;Epagri;;;2;False;diaria;dea0d5f08b8c0f64_diario_derivado;;interna;horaria_agregada;media
2023-05-19;175.25;24;True;0;84100000;nivel;Epagri;;;2;False;diaria;dea0d5f08b8c0f64_diario_derivado;;interna;horaria_agregada;media
2023-05-20;175.125;24;True;0;84100000;nivel;Epagri;;;2;False;diaria;dea0d5f08b8c0f64_diario_derivado;;interna;horaria_agregada;media
2023-05-21;174.83333333333334;24;True;0;84100000;nivel;Epagri;;;2;False;diaria;dea0d5f08b8c0f64_diario_derivado;;interna;horaria_agregada;media
2023-05-22;174.79166666666666;24;True;0;84100000;nivel;Epagri;;;2;False;diaria;dea0d5f08b8c0f64_diario_derivado;;interna;horaria_agregada;media
2023-05-23;174.625;24;True;0;84100000;nivel;Epagri;;;2;False;diaria;dea0d5f08b8c0f64_diario_derivado;;interna;horaria_agregada;media
2023-05-24;174.25;24;True;0;84100000;nivel;Epagri;;;2;False;diaria;dea0d5f08b8c0f64_diario_derivado;;interna;horaria_agregada;media
2023-05-25;174.125;24;True;0;84100000;nivel;Epagri;;;2;False;diaria;dea0d5f08b8c0f64_diario_derivado;;interna;horaria_agregada;media
2023-05-26;173.95833333333334;24;True;0;84100000;nivel;Epagri;;;2;False;diaria;dea0d5f08b8c0f64_diario_derivado;;interna;horaria_agregada;media
2023-05-27;173.79166666666666;24;True;0;84100000;nivel;Epagri;;;2;False;diaria;dea0d5f08b8c0f64_diario_derivado;;interna;horaria_agregada;media
2023-05-28;174.95833333333334;24;True;0;84100000;nivel;Epagri;;;2;False;diaria;dea0d5f08b8c0f64_diario_derivado;;interna;horaria_agregada;media
2023-05-29;175.20833333333334;24;True;0;84100000;nivel;Epagri;;;2;False;diaria;dea0d5f08b8c0f64_diario_derivado;;interna;horaria_agregada;media
2023-05-30;173.29166666666666;24;True;0;84100000;nivel;Epagri;;;2;False;diaria;dea0d5f08b8c0f64_diario_derivado;;interna;horaria_agregada;media
2023-05-31;173.5;24;True;0;84100000;nivel;Epagri;;;2;False;diaria;dea0d5f08b8c0f64_diario_derivado;;interna;horaria_agregada;media
2023-06-01;172.45833333333334;24;True;0;84100000;nivel;Epagri;;;2;False;diaria;dea0d5f08b8c0f64_diario_derivado;;interna;horaria_agregada;media
2023-06-02;172.04166666666666;24;True;0;84100000;nivel;Epagri;;;2;False;diaria;dea0d5f08b8c0f64_diario_derivado;;interna;horaria_agregada;media
2023-06-03;171.45833333333334;24;True;0;84100000;nivel;Epagri;;;2;False;diaria;dea0d5f08b8c0f64_diario_derivado;;interna;horaria_agregada;media
2023-06-04;171.29166666666666;24;True;0;84100000;nivel;Epagri;;;2;False;diaria;dea0d5f08b8c0f64_diario_derivado;;interna;horaria_agregada;media
2023-06-05;171.04166666666666;24;True;0;84100000;nivel;Epagri;;;2;False;diaria;dea0d5f08b8c0f64_diario_derivado;;interna;horaria_agregada;media
2023-06-06;170.91666666666666;24;True;0;84100000;nivel;Epagri;;;2;False;diaria;dea0d5f08b8c0f64_diario_derivado;;interna;horaria_agregada;media
2023-06-07;170.5;24;True;0;84100000;nivel;Epagri;;;2;False;diaria;dea0d5f08b8c0f64_diario_derivado;;interna;horaria_agregada;media
2023-06-08;;23;False;0;84100000;nivel;Epagri;;;2;False;diaria;dea0d5f08b8c0f64_diario_derivado;;interna;horaria_agregada;media
2023-06-09;169.75;24;True;0;84100000;nivel;Epagri;;;2;False;diaria;dea0d5f08b8c0f64_diario_derivado;;interna;horaria_agregada;media
2023-06-10;169.79166666666666;24;True;0;84100000;nivel;Epagri;;;2;False;diaria;dea0d5f08b8c0f64_diario_derivado;;interna;horaria_agregada;media
2023-06-11;169.83333333333334;24;True;0;84100000;nivel;Epagri;;;2;False;diaria;dea0d5f08b8c0f64_diario_derivado;;interna;horaria_agregada;media
2023-06-12;176.08333333333334;24;True;0;84100000;nivel;Epagri;;;2;False;diaria;dea0d5f08b8c0f64_diario_derivado;;interna;horaria_agregada;media
2023-06-13;174.41666666666666;24;True;0;84100000;nivel;Epagri;;;2;False;diaria;dea0d5f08b8c0f64_diario_derivado;;interna;horaria_agregada;media
2023-06-14;180.375;24;True;0;84100000;nivel;Epagri;;;2;False;diaria;dea0d5f08b8c0f64_diario_derivado;;interna;horaria_agregada;media
2023-06-15;214.125;24;True;0;84100000;nivel;Epagri;;;2;False;diaria;dea0d5f08b8c0f64_diario_derivado;;interna;horaria_agregada;media
2023-06-16;200.95833333333334;24;True;0;84100000;nivel;Epagri;;;2;False;diaria;dea0d5f08b8c0f64_diario_derivado;;interna;horaria_agregada;media
2023-06-17;176.70833333333334;24;True;0;84100000;nivel;Epagri;;;2;False;diaria;dea0d5f08b8c0f64_diario_derivado;;interna;horaria_agregada;media
2023-06-18;;1;False;0;84100000;nivel;Epagri;;;2;False;diaria;dea0d5f08b8c0f64_diario_derivado;;interna;horaria_agregada;media
2023-06-19;;0;False;0;84100000;nivel;Epagri;;;2;False;diaria;dea0d5f08b8c0f64_diario_derivado;;interna;horaria_agregada;media
2023-06-20;;0;False;0;84100000;nivel;Epagri;;;2;False;diaria;dea0d5f08b8c0f64_diario_derivado;;interna;horaria_agregada;media
2023-06-21;;0;False;0;84100000;nivel;Epagri;;;2;False;diaria;dea0d5f08b8c0f64_diario_derivado;;interna;horaria_agregada;media
2023-06-22;;0;False;0;84100000;nivel;Epagri;;;2;False;diaria;dea0d5f08b8c0f64_diario_derivado;;interna;horaria_agregada;media
2023-06-23;;0;False;0;84100000;nivel;Epagri;;;2;False;diaria;dea0d5f08b8c0f64_diario_derivado;;interna;horaria_agregada;media
2023-06-24;;0;False;0;84100000;nivel;Epagri;;;2;False;diaria;dea0d5f08b8c0f64_diario_derivado;;interna;horaria_agregada;media
2023-06-25;;0;False;0;84100000;nivel;Epagri;;;2;False;diaria;dea0d5f08b8c0f64_diario_derivado;;interna;horaria_agregada;media
2023-06-26;;0;False;0;84100000;nivel;Epagri;;;2;False;diaria;dea0d5f08b8c0f64_diario_derivado;;interna;horaria_agregada;media
2023-06-27;;0;False;0;84100000;nivel;Epagri;;;2;False;diaria;dea0d5f08b8c0f64_diario_derivado;;interna;horaria_agregada;media
2023-06-28;;0;False;0;84100000;nivel;Epagri;;;2;False;diaria;dea0d5f08b8c0f64_diario_derivado;;interna;horaria_agregada;media
2023-06-29;;0;False;0;84100000;nivel;Epagri;;;2;False;diaria;dea0d5f08b8c0f64_diario_derivado;;interna;horaria_agregada;media
2023-06-30;;0;False;0;84100000;nivel;Epagri;;;2;False;diaria;dea0d5f08b8c0f64_diario_derivado;;interna;horaria_agregada;media
2023-07-01;;0;False;0;84100000;nivel;Epagri;;;2;False;diaria;dea0d5f08b8c0f64_diario_derivado;;interna;horaria_agregada;media
2023-07-02;;0;False;0;84100000;nivel;Epagri;;;2;False;diaria;dea0d5f08b8c0f64_diario_derivado;;interna;horaria_agregada;media
2023-07-03;;0;False;0;84100000;nivel;Epagri;;;2;False;diaria;dea0d5f08b8c0f64_diario_derivado;;interna;horaria_agregada;media
2023-07-04;;0;False;0;84100000;nivel;Epagri;;;2;False;diaria;dea0d5f08b8c0f64_diario_derivado;;interna;horaria_agregada;media
2023-07-05;;0;False;0;84100000;nivel;Epagri;;;2;False;diaria;dea0d5f08b8c0f64_diario_derivado;;interna;horaria_agregada;media
2023-07-06;;0;False;0;84100000;nivel;Epagri;;;2;False;diaria;dea0d5f08b8c0f64_diario_derivado;;interna;horaria_agregada;media
2023-07-07;;0;False;0;84100000;nivel;Epagri;;;2;False;diaria;dea0d5f08b8c0f64_diario_derivado;;interna;horaria_agregada;media
2023-07-08;;0;False;0;84100000;nivel;Epagri;;;2;False;diaria;dea0d5f08b8c0f64_diario_derivado;;interna;horaria_agregada;media
2023-07-09;;0;False;0;84100000;nivel;Epagri;;;2;False;diaria;dea0d5f08b8c0f64_diario_derivado;;interna;horaria_agregada;media
2023-07-10;;0;False;0;84100000;nivel;Epagri;;;2;False;diaria;dea0d5f08b8c0f64_diario_derivado;;interna;horaria_agregada;media
2023-07-11;;0;False;0;84100000;nivel;Epagri;;;2;False;diaria;dea0d5f08b8c0f64_diario_derivado;;interna;horaria_agregada;media
2023-07-12;;0;False;0;84100000;nivel;Epagri;;;2;False;diaria;dea0d5f08b8c0f64_diario_derivado;;interna;horaria_agregada;media
2023-07-13;;0;False;0;84100000;nivel;Epagri;;;2;False;diaria;dea0d5f08b8c0f64_diario_derivado;;interna;horaria_agregada;media
2023-07-14;;0;False;0;84100000;nivel;Epagri;;;2;False;diaria;dea0d5f08b8c0f64_diario_derivado;;interna;horaria_agregada;media
2023-07-15;;0;False;0;84100000;nivel;Epagri;;;2;False;diaria;dea0d5f08b8c0f64_diario_derivado;;interna;horaria_agregada;media
2023-07-16;;0;False;0;84100000;nivel;Epagri;;;2;False;diaria;dea0d5f08b8c0f64_diario_derivado;;interna;horaria_agregada;media
2023-07-17;;0;False;0;84100000;nivel;Epagri;;;2;False;diaria;dea0d5f08b8c0f64_diario_derivado;;interna;horaria_agregada;media
2023-07-18;;0;False;0;84100000;nivel;Epagri;;;2;False;diaria;dea0d5f08b8c0f64_diario_derivado;;interna;horaria_agregada;media
2023-07-19;;0;False;0;84100000;nivel;Epagri;;;2;False;diaria;dea0d5f08b8c0f64_diario_derivado;;interna;horaria_agregada;media
2023-07-20;;0;False;0;84100000;nivel;Epagri;;;2;False;diaria;dea0d5f08b8c0f64_diario_derivado;;interna;horaria_agregada;media
2023-07-21;;0;False;0;84100000;nivel;Epagri;;;2;False;diaria;dea0d5f08b8c0f64_diario_derivado;;interna;horaria_agregada;media
2023-07-22;;0;False;0;84100000;nivel;Epagri;;;2;False;diaria;dea0d5f08b8c0f64_diario_derivado;;interna;horaria_agregada;media
2023-07-23;;0;False;0;84100000;nivel;Epagri;;;2;False;diaria;dea0d5f08b8c0f64_diario_derivado;;interna;horaria_agregada;media
2023-07-24;;0;False;0;84100000;nivel;Epagri;;;2;False;diaria;dea0d5f08b8c0f64_diario_derivado;;interna;horaria_agregada;media
2023-07-25;;0;False;0;84100000;nivel;Epagri;;;2;False;diaria;dea0d5f08b8c0f64_diario_derivado;;interna;horaria_agregada;media
2023-07-26;;0;False;0;84100000;nivel;Epagri;;;2;False;diaria;dea0d5f08b8c0f64_diario_derivado;;interna;horaria_agregada;media
2023-07-27;;0;False;0;84100000;nivel;Epagri;;;2;False;diaria;dea0d5f08b8c0f64_diario_derivado;;interna;horaria_agregada;media
2023-07-28;;0;False;0;84100000;nivel;Epagri;;;2;False;diaria;dea0d5f08b8c0f64_diario_derivado;;interna;horaria_agregada;media
2023-07-29;;0;False;0;84100000;nivel;Epagri;;;2;False;diaria;dea0d5f08b8c0f64_diario_derivado;;interna;horaria_agregada;media
2023-07-30;;0;False;0;84100000;nivel;Epagri;;;2;False;diaria;dea0d5f08b8c0f64_diario_derivado;;interna;horaria_agregada;media
2023-07-31;;0;False;0;84100000;nivel;Epagri;;;2;False;diaria;dea0d5f08b8c0f64_diario_derivado;;interna;horaria_agregada;media
2023-08-01;;11;False;0;84100000;nivel;Epagri;;;2;False;diaria;dea0d5f08b8c0f64_diario_derivado;;interna;horaria_agregada;media
2023-08-02;168.66666666666666;24;True;0;84100000;nivel;Epagri;;;2;False;diaria;dea0d5f08b8c0f64_diario_derivado;;interna;horaria_agregada;media
2023-08-03;168.20833333333334;24;True;0;84100000;nivel;Epagri;;;2;False;diaria;dea0d5f08b8c0f64_diario_derivado;;interna;horaria_agregada;media
2023-08-04;167.625;24;True;0;84100000;nivel;Epagri;;;2;False;diaria;dea0d5f08b8c0f64_diario_derivado;;interna;horaria_agregada;media
2023-08-05;167.45833333333334;24;True;0;84100000;nivel;Epagri;;;2;False;diaria;dea0d5f08b8c0f64_diario_derivado;;interna;horaria_agregada;media
2023-08-06;167.25;24;True;0;84100000;nivel;Epagri;;;2;False;diaria;dea0d5f08b8c0f64_diario_derivado;;interna;horaria_agregada;media
2023-08-07;166.66666666666666;24;True;0;84100000;nivel;Epagri;;;2;False;diaria;dea0d5f08b8c0f64_diario_derivado;;interna;horaria_agregada;media
2023-08-08;167.41666666666666;24;True;0;84100000;nivel;Epagri;;;2;False;diaria;dea0d5f08b8c0f64_diario_derivado;;interna;horaria_agregada;media
2023-08-09;;22;False;0;84100000;nivel;Epagri;;;2;False;diaria;dea0d5f08b8c0f64_diario_derivado;;interna;horaria_agregada;media
2023-08-10;196.08333333333334;24;True;0;84100000;nivel;Epagri;;;2;False;diaria;dea0d5f08b8c0f64_diario_derivado;;interna;horaria_agregada;media
2023-08-11;182.58333333333334;24;True;0;84100000;nivel;Epagri;;;2;False;diaria;dea0d5f08b8c0f64_diario_derivado;;interna;horaria_agregada;media
2023-08-12;188.45833333333334;24;True;0;84100000;nivel;Epagri;;;2;False;diaria;dea0d5f08b8c0f64_diario_derivado;;interna;horaria_agregada;media
2023-08-13;179.95833333333334;24;True;0;84100000;nivel;Epagri;;;2;False;diaria;dea0d5f08b8c0f64_diario_derivado;;interna;horaria_agregada;media
2023-08-14;172.91666666666666;24;True;0;84100000;nivel;Epagri;;;2;False;diaria;dea0d5f08b8c0f64_diario_derivado;;interna;horaria_agregada;media
2023-08-15;170.45833333333334;24;True;0;84100000;nivel;Epagri;;;2;False;diaria;dea0d5f08b8c0f64_diario_derivado;;interna;horaria_agregada;media
2023-08-16;169.20833333333334;24;True;0;84100000;nivel;Epagri;;;2;False;diaria;dea0d5f08b8c0f64_diario_derivado;;interna;horaria_agregada;media
2023-08-17;168.33333333333334;24;True;0;84100000;nivel;Epagri;;;2;False;diaria;dea0d5f08b8c0f64_diario_derivado;;interna;horaria_agregada;media
2023-08-18;174.66666666666666;24;True;0;84100000;nivel;Epagri;;;2;False;diaria;dea0d5f08b8c0f64_diario_derivado;;interna;horaria_agregada;media
2023-08-19;201.5;24;True;0;84100000;nivel;Epagri;;;2;False;diaria;dea0d5f08b8c0f64_diario_derivado;;interna;horaria_agregada;media
2023-08-20;175.0;24;True;0;84100000;nivel;Epagri;;;2;False;diaria;dea0d5f08b8c0f64_diario_derivado;;interna;horaria_agregada;media
2023-08-21;171.33333333333334;24;True;0;84100000;nivel;Epagri;;;2;False;diaria;dea0d5f08b8c0f64_diario_derivado;;interna;horaria_agregada;media
2023-08-22;169.33333333333334;24;True;0;84100000;nivel;Epagri;;;2;False;diaria;dea0d5f08b8c0f64_diario_derivado;;interna;horaria_agregada;media
2023-08-23;168.70833333333334;24;True;0;84100000;nivel;Epagri;;;2;False;diaria;dea0d5f08b8c0f64_diario_derivado;;interna;horaria_agregada;media
2023-08-24;169.125;24;True;0;84100000;nivel;Epagri;;;2;False;diaria;dea0d5f08b8c0f64_diario_derivado;;interna;horaria_agregada;media
2023-08-25;181.20833333333334;24;True;0;84100000;nivel;Epagri;;;2;False;diaria;dea0d5f08b8c0f64_diario_derivado;;interna;horaria_agregada;media
2023-08-26;170.29166666666666;24;True;0;84100000;nivel;Epagri;;;2;False;diaria;dea0d5f08b8c0f64_diario_derivado;;interna;horaria_agregada;media
2023-08-27;167.625;24;True;0;84100000;nivel;Epagri;;;2;False;diaria;dea0d5f08b8c0f64_diario_derivado;;interna;horaria_agregada;media
2023-08-28;166.70833333333334;24;True;0;84100000;nivel;Epagri;;;2;False;diaria;dea0d5f08b8c0f64_diario_derivado;;interna;horaria_agregada;media
2023-08-29;;22;False;0;84100000;nivel;Epagri;;;2;False;diaria;dea0d5f08b8c0f64_diario_derivado;;interna;horaria_agregada;media
2023-08-30;168.04166666666666;24;True;0;84100000;nivel;Epagri;;;2;False;diaria;dea0d5f08b8c0f64_diario_derivado;;interna;horaria_agregada;media
2023-08-31;167.04166666666666;24;True;0;84100000;nivel;Epagri;;;2;False;diaria;dea0d5f08b8c0f64_diario_derivado;;interna;horaria_agregada;media
2023-09-01;165.5;24;True;0;84100000;nivel;Epagri;;;2;False;diaria;dea0d5f08b8c0f64_diario_derivado;;interna;horaria_agregada;media
2023-09-02;165.66666666666666;24;True;0;84100000;nivel;Epagri;;;2;False;diaria;dea0d5f08b8c0f64_diario_derivado;;interna;horaria_agregada;media
2023-09-03;172.70833333333334;24;True;0;84100000;nivel;Epagri;;;2;False;diaria;dea0d5f08b8c0f64_diario_derivado;;interna;horaria_agregada;media
2023-09-04;206.54166666666666;24;True;0;84100000;nivel;Epagri;;;2;False;diaria;dea0d5f08b8c0f64_diario_derivado;;interna;horaria_agregada;media
2023-09-05;195.33333333333334;24;True;0;84100000;nivel;Epagri;;;2;False;diaria;dea0d5f08b8c0f64_diario_derivado;;interna;horaria_agregada;media
2023-09-06;174.08333333333334;24;True;0;84100000;nivel;Epagri;;;2;False;diaria;dea0d5f08b8c0f64_diario_derivado;;interna;horaria_agregada;media
2023-09-07;;22;False;0;84100000;nivel;Epagri;;;2;False;diaria;dea0d5f08b8c0f64_diario_derivado;;interna;horaria_agregada;media
2023-09-08;179.875;24;True;0;84100000;nivel;Epagri;;;2;False;diaria;dea0d5f08b8c0f64_diario_derivado;;interna;horaria_agregada;media
2023-09-09;173.04166666666666;24;True;0;84100000;nivel;Epagri;;;2;False;diaria;dea0d5f08b8c0f64_diario_derivado;;interna;horaria_agregada;media
2023-09-10;171.0;24;True;0;84100000;nivel;Epagri;;;2;False;diaria;dea0d5f08b8c0f64_diario_derivado;;interna;horaria_agregada;media
2023-09-11;169.91666666666666;24;True;0;84100000;nivel;Epagri;;;2;False;diaria;dea0d5f08b8c0f64_diario_derivado;;interna;horaria_agregada;media
2023-09-12;168.33333333333334;24;True;0;84100000;nivel;Epagri;;;2;False;diaria;dea0d5f08b8c0f64_diario_derivado;;interna;horaria_agregada;media
2023-09-13;166.83333333333334;24;True;0;84100000;nivel;Epagri;;;2;False;diaria;dea0d5f08b8c0f64_diario_derivado;;interna;horaria_agregada;media
2023-09-14;166.95833333333334;24;True;0;84100000;nivel;Epagri;;;2;False;diaria;dea0d5f08b8c0f64_diario_derivado;;interna;horaria_agregada;media
2023-09-15;165.16666666666666;24;True;0;84100000;nivel;Epagri;;;2;False;diaria;dea0d5f08b8c0f64_diario_derivado;;interna;horaria_agregada;media
2023-09-16;164.83333333333334;24;True;0;84100000;nivel;Epagri;;;2;False;diaria;dea0d5f08b8c0f64_diario_derivado;;interna;horaria_agregada;media
2023-09-17;164.5;24;True;0;84100000;nivel;Epagri;;;2;False;diaria;dea0d5f08b8c0f64_diario_derivado;;interna;horaria_agregada;media
2023-09-18;164.45833333333334;24;True;0;84100000;nivel;Epagri;;;2;False;diaria;dea0d5f08b8c0f64_diario_derivado;;interna;horaria_agregada;media
2023-09-19;175.5;24;True;0;84100000;nivel;Epagri;;;2;False;diaria;dea0d5f08b8c0f64_diario_derivado;;interna;horaria_agregada;media
2023-09-20;179.45833333333334;24;True;0;84100000;nivel;Epagri;;;2;False;diaria;dea0d5f08b8c0f64_diario_derivado;;interna;horaria_agregada;media
2023-09-21;167.70833333333334;24;True;0;84100000;nivel;Epagri;;;2;False;diaria;dea0d5f08b8c0f64_diario_derivado;;interna;horaria_agregada;media
2023-09-22;165.29166666666666;24;True;0;84100000;nivel;Epagri;;;2;False;diaria;dea0d5f08b8c0f64_diario_derivado;;interna;horaria_agregada;media
2023-09-23;165.0;24;True;0;84100000;nivel;Epagri;;;2;False;diaria;dea0d5f08b8c0f64_diario_derivado;;interna;horaria_agregada;media
2023-09-24;164.95833333333334;24;True;0;84100000;nivel;Epagri;;;2;False;diaria;dea0d5f08b8c0f64_diario_derivado;;interna;horaria_agregada;media
2023-09-25;;21;False;0;84100000;nivel;Epagri;;;2;False;diaria;dea0d5f08b8c0f64_diario_derivado;;interna;horaria_agregada;media
2023-09-26;190.875;24;True;0;84100000;nivel;Epagri;;;2;False;diaria;dea0d5f08b8c0f64_diario_derivado;;interna;horaria_agregada;media
2023-09-27;231.5;24;True;0;84100000;nivel;Epagri;;;2;False;diaria;dea0d5f08b8c0f64_diario_derivado;;interna;horaria_agregada;media
2023-09-28;185.45833333333334;24;True;0;84100000;nivel;Epagri;;;2;False;diaria;dea0d5f08b8c0f64_diario_derivado;;interna;horaria_agregada;media
2023-09-29;180.79166666666666;24;True;0;84100000;nivel;Epagri;;;2;False;diaria;dea0d5f08b8c0f64_diario_derivado;;interna;horaria_agregada;media
2023-09-30;182.625;24;True;0;84100000;nivel;Epagri;;;2;False;diaria;dea0d5f08b8c0f64_diario_derivado;;interna;horaria_agregada;media
2023-10-01;181.625;24;True;0;84100000;nivel;Epagri;;;2;False;diaria;dea0d5f08b8c0f64_diario_derivado;;interna;horaria_agregada;media
2023-10-02;174.75;24;True;0;84100000;nivel;Epagri;;;2;False;diaria;dea0d5f08b8c0f64_diario_derivado;;interna;horaria_agregada;media
2023-10-03;172.29166666666666;24;True;0;84100000;nivel;Epagri;;;2;False;diaria;dea0d5f08b8c0f64_diario_derivado;;interna;horaria_agregada;media
2023-10-04;251.5;24;True;0;84100000;nivel;Epagri;;;2;False;diaria;dea0d5f08b8c0f64_diario_derivado;;interna;horaria_agregada;media
2023-10-05;213.29166666666666;24;True;0;84100000;nivel;Epagri;;;2;False;diaria;dea0d5f08b8c0f64_diario_derivado;;interna;horaria_agregada;media
2023-10-06;195.5;24;True;0;84100000;nivel;Epagri;;;2;False;diaria;dea0d5f08b8c0f64_diario_derivado;;interna;horaria_agregada;media
2023-10-07;352.3333333333333;24;True;0;84100000;nivel;Epagri;;;2;False;diaria;dea0d5f08b8c0f64_diario_derivado;;interna;horaria_agregada;media
2023-10-08;298.375;24;True;0;84100000;nivel;Epagri;;;2;False;diaria;dea0d5f08b8c0f64_diario_derivado;;interna;horaria_agregada;media
2023-10-09;262.0;24;True;0;84100000;nivel;Epagri;;;2;False;diaria;dea0d5f08b8c0f64_diario_derivado;;interna;horaria_agregada;media
2023-10-10;220.16666666666666;24;True;0;84100000;nivel;Epagri;;;2;False;diaria;dea0d5f08b8c0f64_diario_derivado;;interna;horaria_agregada;media
2023-10-11;207.79166666666666;24;True;0;84100000;nivel;Epagri;;;2;False;diaria;dea0d5f08b8c0f64_diario_derivado;;interna;horaria_agregada;media
2023-10-12;295.5833333333333;24;True;0;84100000;nivel;Epagri;;;2;False;diaria;dea0d5f08b8c0f64_diario_derivado;;interna;horaria_agregada;media
2023-10-13;233.875;24;True;0;84100000;nivel;Epagri;;;2;False;diaria;dea0d5f08b8c0f64_diario_derivado;;interna;horaria_agregada;media
2023-10-14;214.33333333333334;24;True;0;84100000;nivel;Epagri;;;2;False;diaria;dea0d5f08b8c0f64_diario_derivado;;interna;horaria_agregada;media
2023-10-15;212.83333333333334;24;True;0;84100000;nivel;Epagri;;;2;False;diaria;dea0d5f08b8c0f64_diario_derivado;;interna;horaria_agregada;media
2023-10-16;210.33333333333334;24;True;0;84100000;nivel;Epagri;;;2;False;diaria;dea0d5f08b8c0f64_diario_derivado;;interna;horaria_agregada;media
2023-10-17;229.20833333333334;24;True;0;84100000;nivel;Epagri;;;2;False;diaria;dea0d5f08b8c0f64_diario_derivado;;interna;horaria_agregada;media
2023-10-18;205.83333333333334;24;True;0;84100000;nivel;Epagri;;;2;False;diaria;dea0d5f08b8c0f64_diario_derivado;;interna;horaria_agregada;media
2023-10-19;200.375;24;True;0;84100000;nivel;Epagri;;;2;False;diaria;dea0d5f08b8c0f64_diario_derivado;;interna;horaria_agregada;media
2023-10-20;197.08333333333334;24;True;0;84100000;nivel;Epagri;;;2;False;diaria;dea0d5f08b8c0f64_diario_derivado;;interna;horaria_agregada;media
2023-10-21;195.41666666666666;24;True;0;84100000;nivel;Epagri;;;2;False;diaria;dea0d5f08b8c0f64_diario_derivado;;interna;horaria_agregada;media
2023-10-22;193.70833333333334;24;True;0;84100000;nivel;Epagri;;;2;False;diaria;dea0d5f08b8c0f64_diario_derivado;;interna;horaria_agregada;media
2023-10-23;190.66666666666666;24;True;0;84100000;nivel;Epagri;;;2;False;diaria;dea0d5f08b8c0f64_diario_derivado;;interna;horaria_agregada;media
2023-10-24;189.125;24;True;0;84100000;nivel;Epagri;;;2;False;diaria;dea0d5f08b8c0f64_diario_derivado;;interna;horaria_agregada;media
2023-10-25;186.95833333333334;24;True;0;84100000;nivel;Epagri;;;2;False;diaria;dea0d5f08b8c0f64_diario_derivado;;interna;horaria_agregada;media
2023-10-26;186.0;24;True;0;84100000;nivel;Epagri;;;2;False;diaria;dea0d5f08b8c0f64_diario_derivado;;interna;horaria_agregada;media
2023-10-27;186.79166666666666;24;True;0;84100000;nivel;Epagri;;;2;False;diaria;dea0d5f08b8c0f64_diario_derivado;;interna;horaria_agregada;media
2023-10-28;237.70833333333334;24;True;0;84100000;nivel;Epagri;;;2;False;diaria;dea0d5f08b8c0f64_diario_derivado;;interna;horaria_agregada;media
2023-10-29;238.25;24;True;0;84100000;nivel;Epagri;;;2;False;diaria;dea0d5f08b8c0f64_diario_derivado;;interna;horaria_agregada;media
2023-10-30;221.75;24;True;0;84100000;nivel;Epagri;;;2;False;diaria;dea0d5f08b8c0f64_diario_derivado;;interna;horaria_agregada;media
2023-10-31;226.70833333333334;24;True;0;84100000;nivel;Epagri;;;2;False;diaria;dea0d5f08b8c0f64_diario_derivado;;interna;horaria_agregada;media
2023-11-01;206.95833333333334;24;True;0;84100000;nivel;Epagri;;;2;False;diaria;dea0d5f08b8c0f64_diario_derivado;;interna;horaria_agregada;media
2023-11-02;214.79166666666666;24;True;0;84100000;nivel;Epagri;;;2;False;diaria;dea0d5f08b8c0f64_diario_derivado;;interna;horaria_agregada;media
2023-11-03;280.375;24;True;0;84100000;nivel;Epagri;;;2;False;diaria;dea0d5f08b8c0f64_diario_derivado;;interna;horaria_agregada;media
2023-11-04;231.41666666666666;24;True;0;84100000;nivel;Epagri;;;2;False;diaria;dea0d5f08b8c0f64_diario_derivado;;interna;horaria_agregada;media
2023-11-05;211.29166666666666;24;True;0;84100000;nivel;Epagri;;;2;False;diaria;dea0d5f08b8c0f64_diario_derivado;;interna;horaria_agregada;media
2023-11-06;204.0;24;True;0;84100000;nivel;Epagri;;;2;False;diaria;dea0d5f08b8c0f64_diario_derivado;;interna;horaria_agregada;media
2023-11-07;199.70833333333334;24;True;0;84100000;nivel;Epagri;;;2;False;diaria;dea0d5f08b8c0f64_diario_derivado;;interna;horaria_agregada;media
2023-11-08;196.58333333333334;24;True;0;84100000;nivel;Epagri;;;2;False;diaria;dea0d5f08b8c0f64_diario_derivado;;interna;horaria_agregada;media
2023-11-09;194.29166666666666;24;True;0;84100000;nivel;Epagri;;;2;False;diaria;dea0d5f08b8c0f64_diario_derivado;;interna;horaria_agregada;media
2023-11-10;192.75;24;True;0;84100000;nivel;Epagri;;;2;False;diaria;dea0d5f08b8c0f64_diario_derivado;;interna;horaria_agregada;media
2023-11-11;191.875;24;True;0;84100000;nivel;Epagri;;;2;False;diaria;dea0d5f08b8c0f64_diario_derivado;;interna;horaria_agregada;media
2023-11-12;189.125;24;True;0;84100000;nivel;Epagri;;;2;False;diaria;dea0d5f08b8c0f64_diario_derivado;;interna;horaria_agregada;media
2023-11-13;190.83333333333334;24;True;0;84100000;nivel;Epagri;;;2;False;diaria;dea0d5f08b8c0f64_diario_derivado;;interna;horaria_agregada;media
2023-11-14;202.875;24;True;0;84100000;nivel;Epagri;;;2;False;diaria;dea0d5f08b8c0f64_diario_derivado;;interna;horaria_agregada;media
2023-11-15;190.875;24;True;0;84100000;nivel;Epagri;;;2;False;diaria;dea0d5f08b8c0f64_diario_derivado;;interna;horaria_agregada;media
2023-11-16;230.41666666666666;24;True;0;84100000;nivel;Epagri;;;2;False;diaria;dea0d5f08b8c0f64_diario_derivado;;interna;horaria_agregada;media
2023-11-17;300.9583333333333;24;True;0;84100000;nivel;Epagri;;;2;False;diaria;dea0d5f08b8c0f64_diario_derivado;;interna;horaria_agregada;media
2023-11-18;;22;False;0;84100000;nivel;Epagri;;;2;False;diaria;dea0d5f08b8c0f64_diario_derivado;;interna;horaria_agregada;media
2023-11-19;211.25;24;True;0;84100000;nivel;Epagri;;;2;False;diaria;dea0d5f08b8c0f64_diario_derivado;;interna;horaria_agregada;media
2023-11-20;201.375;24;True;0;84100000;nivel;Epagri;;;2;False;diaria;dea0d5f08b8c0f64_diario_derivado;;interna;horaria_agregada;media
2023-11-21;196.58333333333334;24;True;0;84100000;nivel;Epagri;;;2;False;diaria;dea0d5f08b8c0f64_diario_derivado;;interna;horaria_agregada;media
2023-11-22;194.33333333333334;24;True;0;84100000;nivel;Epagri;;;2;False;diaria;dea0d5f08b8c0f64_diario_derivado;;interna;horaria_agregada;media
2023-11-23;195.25;24;True;0;84100000;nivel;Epagri;;;2;False;diaria;dea0d5f08b8c0f64_diario_derivado;;interna;horaria_agregada;media
2023-11-24;187.25;24;True;0;84100000;nivel;Epagri;;;2;False;diaria;dea0d5f08b8c0f64_diario_derivado;;interna;horaria_agregada;media
2023-11-25;184.45833333333334;24;True;0;84100000;nivel;Epagri;;;2;False;diaria;dea0d5f08b8c0f64_diario_derivado;;interna;horaria_agregada;media
2023-11-26;183.54166666666666;24;True;0;84100000;nivel;Epagri;;;2;False;diaria;dea0d5f08b8c0f64_diario_derivado;;interna;horaria_agregada;media
2023-11-27;;23;False;0;84100000;nivel;Epagri;;;2;False;diaria;dea0d5f08b8c0f64_diario_derivado;;interna;horaria_agregada;media
2023-11-28;286.625;24;True;0;84100000;nivel;Epagri;;;2;False;diaria;dea0d5f08b8c0f64_diario_derivado;;interna;horaria_agregada;media
2023-11-29;243.33333333333334;24;True;0;84100000;nivel;Epagri;;;2;False;diaria;dea0d5f08b8c0f64_diario_derivado;;interna;horaria_agregada;media
2023-11-30;207.75;24;True;0;84100000;nivel;Epagri;;;2;False;diaria;dea0d5f08b8c0f64_diario_derivado;;interna;horaria_agregada;media
2023-12-01;198.54166666666666;24;True;0;84100000;nivel;Epagri;;;2;False;diaria;dea0d5f08b8c0f64_diario_derivado;;interna;horaria_agregada;media
2023-12-02;195.04166666666666;24;True;0;84100000;nivel;Epagri;;;2;False;diaria;dea0d5f08b8c0f64_diario_derivado;;interna;horaria_agregada;media
2023-12-03;195.54166666666666;24;True;0;84100000;nivel;Epagri;;;2;False;diaria;dea0d5f08b8c0f64_diario_derivado;;interna;horaria_agregada;media
2023-12-04;193.5;24;True;0;84100000;nivel;Epagri;;;2;False;diaria;dea0d5f08b8c0f64_diario_derivado;;interna;horaria_agregada;media
2023-12-05;189.95833333333334;24;True;0;84100000;nivel;Epagri;;;2;False;diaria;dea0d5f08b8c0f64_diario_derivado;;interna;horaria_agregada;media
2023-12-06;189.875;24;True;0;84100000;nivel;Epagri;;;2;False;diaria;dea0d5f08b8c0f64_diario_derivado;;interna;horaria_agregada;media
2023-12-07;190.625;24;True;0;84100000;nivel;Epagri;;;2;False;diaria;dea0d5f08b8c0f64_diario_derivado;;interna;horaria_agregada;media
2023-12-08;196.58333333333334;24;True;0;84100000;nivel;Epagri;;;2;False;diaria;dea0d5f08b8c0f64_diario_derivado;;interna;horaria_agregada;media
2023-12-09;186.625;24;True;0;84100000;nivel;Epagri;;;2;False;diaria;dea0d5f08b8c0f64_diario_derivado;;interna;horaria_agregada;media
2023-12-10;191.625;24;True;0;84100000;nivel;Epagri;;;2;False;diaria;dea0d5f08b8c0f64_diario_derivado;;interna;horaria_agregada;media
2023-12-11;199.91666666666666;24;True;0;84100000;nivel;Epagri;;;2;False;diaria;dea0d5f08b8c0f64_diario_derivado;;interna;horaria_agregada;media
2023-12-12;192.08333333333334;24;True;0;84100000;nivel;Epagri;;;2;False;diaria;dea0d5f08b8c0f64_diario_derivado;;interna;horaria_agregada;media
2023-12-13;186.25;24;True;0;84100000;nivel;Epagri;;;2;False;diaria;dea0d5f08b8c0f64_diario_derivado;;interna;horaria_agregada;media
2023-12-14;184.0;24;True;0;84100000;nivel;Epagri;;;2;False;diaria;dea0d5f08b8c0f64_diario_derivado;;interna;horaria_agregada;media
2023-12-15;182.79166666666666;24;True;0;84100000;nivel;Epagri;;;2;False;diaria;dea0d5f08b8c0f64_diario_derivado;;interna;horaria_agregada;media
2023-12-16;181.33333333333334;24;True;0;84100000;nivel;Epagri;;;2;False;diaria;dea0d5f08b8c0f64_diario_derivado;;interna;horaria_agregada;media
2023-12-17;180.54166666666666;24;True;0;84100000;nivel;Epagri;;;2;False;diaria;dea0d5f08b8c0f64_diario_derivado;;interna;horaria_agregada;media
2023-12-18;179.70833333333334;24;True;0;84100000;nivel;Epagri;;;2;False;diaria;dea0d5f08b8c0f64_diario_derivado;;interna;horaria_agregada;media
2023-12-19;178.625;24;True;0;84100000;nivel;Epagri;;;2;False;diaria;dea0d5f08b8c0f64_diario_derivado;;interna;horaria_agregada;media
2023-12-20;178.16666666666666;24;True;0;84100000;nivel;Epagri;;;2;False;diaria;dea0d5f08b8c0f64_diario_derivado;;interna;horaria_agregada;media
2023-12-21;177.25;24;True;0;84100000;nivel;Epagri;;;2;False;diaria;dea0d5f08b8c0f64_diario_derivado;;interna;horaria_agregada;media
2023-12-22;177.29166666666666;24;True;0;84100000;nivel;Epagri;;;2;False;diaria;dea0d5f08b8c0f64_diario_derivado;;interna;horaria_agregada;media
2023-12-23;;23;False;0;84100000;nivel;Epagri;;;2;False;diaria;dea0d5f08b8c0f64_diario_derivado;;interna;horaria_agregada;media
2023-12-24;;19;False;0;84100000;nivel;Epagri;;;2;False;diaria;dea0d5f08b8c0f64_diario_derivado;;interna;horaria_agregada;media
2023-12-25;;21;False;0;84100000;nivel;Epagri;;;2;False;diaria;dea0d5f08b8c0f64_diario_derivado;;interna;horaria_agregada;media
2023-12-26;;21;False;0;84100000;nivel;Epagri;;;2;False;diaria;dea0d5f08b8c0f64_diario_derivado;;interna;horaria_agregada;media
2023-12-27;164.0;24;True;0;84100000;nivel;Epagri;;;2;False;diaria;dea0d5f08b8c0f64_diario_derivado;;interna;horaria_agregada;media
2023-12-28;159.5;24;True;0;84100000;nivel;Epagri;;;2;False;diaria;dea0d5f08b8c0f64_diario_derivado;;interna;horaria_agregada;media
2023-12-29;158.0;24;True;0;84100000;nivel;Epagri;;;2;False;diaria;dea0d5f08b8c0f64_diario_derivado;;interna;horaria_agregada;media
2023-12-30;156.91666666666666;24;True;0;84100000;nivel;Epagri;;;2;False;diaria;dea0d5f08b8c0f64_diario_derivado;;interna;horaria_agregada;media
2023-12-31;156.79166666666666;24;True;0;84100000;nivel;Epagri;;;2;False;diaria;dea0d5f08b8c0f64_diario_derivado;;interna;horaria_agregada;media
2024-01-01;157.08333333333334;24;True;0;84100000;nivel;Epagri;;;2;False;diaria;dea0d5f08b8c0f64_diario_derivado;;interna;horaria_agregada;media
2024-01-02;;23;False;0;84100000;nivel;Epagri;;;2;False;diaria;dea0d5f08b8c0f64_diario_derivado;;interna;horaria_agregada;media
2024-01-03;175.25;24;True;0;84100000;nivel;Epagri;;;2;False;diaria;dea0d5f08b8c0f64_diario_derivado;;interna;horaria_agregada;media
2024-01-04;162.95833333333334;24;True;0;84100000;nivel;Epagri;;;2;False;diaria;dea0d5f08b8c0f64_diario_derivado;;interna;horaria_agregada;media
2024-01-05;165.41666666666666;24;True;0;84100000;nivel;Epagri;;;2;False;diaria;dea0d5f08b8c0f64_diario_derivado;;interna;horaria_agregada;media
2024-01-06;174.91666666666666;24;True;0;84100000;nivel;Epagri;;;2;False;diaria;dea0d5f08b8c0f64_diario_derivado;;interna;horaria_agregada;media
2024-01-07;163.16666666666666;24;True;0;84100000;nivel;Epagri;;;2;False;diaria;dea0d5f08b8c0f64_diario_derivado;;interna;horaria_agregada;media
2024-01-08;161.0;24;True;0;84100000;nivel;Epagri;;;2;False;diaria;dea0d5f08b8c0f64_diario_derivado;;interna;horaria_agregada;media
2024-01-09;159.58333333333334;24;True;0;84100000;nivel;Epagri;;;2;False;diaria;dea0d5f08b8c0f64_diario_derivado;;interna;horaria_agregada;media
2024-01-10;177.79166666666666;24;True;0;84100000;nivel;Epagri;;;2;False;diaria;dea0d5f08b8c0f64_diario_derivado;;interna;horaria_agregada;media
2024-01-11;170.20833333333334;24;True;0;84100000;nivel;Epagri;;;2;False;diaria;dea0d5f08b8c0f64_diario_derivado;;interna;horaria_agregada;media
2024-01-12;;23;False;0;84100000;nivel;Epagri;;;2;False;diaria;dea0d5f08b8c0f64_diario_derivado;;interna;horaria_agregada;media
2024-01-13;162.5;24;True;0;84100000;nivel;Epagri;;;2;False;diaria;dea0d5f08b8c0f64_diario_derivado;;interna;horaria_agregada;media
2024-01-14;160.54166666666666;24;True;0;84100000;nivel;Epagri;;;2;False;diaria;dea0d5f08b8c0f64_diario_derivado;;interna;horaria_agregada;media
2024-01-15;162.29166666666666;24;True;0;84100000;nivel;Epagri;;;2;False;diaria;dea0d5f08b8c0f64_diario_derivado;;interna;horaria_agregada;media
2024-01-16;158.5;24;True;0;84100000;nivel;Epagri;;;2;False;diaria;dea0d5f08b8c0f64_diario_derivado;;interna;horaria_agregada;media
2024-01-17;169.29166666666666;24;True;0;84100000;nivel;Epagri;;;2;False;diaria;dea0d5f08b8c0f64_diario_derivado;;interna;horaria_agregada;media
2024-01-18;222.16666666666666;24;True;0;84100000;nivel;Epagri;;;2;False;diaria;dea0d5f08b8c0f64_diario_derivado;;interna;horaria_agregada;media
2024-01-19;190.45833333333334;24;True;0;84100000;nivel;Epagri;;;2;False;diaria;dea0d5f08b8c0f64_diario_derivado;;interna;horaria_agregada;media
2024-01-20;192.54166666666666;24;True;0;84100000;nivel;Epagri;;;2;False;diaria;dea0d5f08b8c0f64_diario_derivado;;interna;horaria_agregada;media
2024-01-21;182.08333333333334;24;True;0;84100000;nivel;Epagri;;;2;False;diaria;dea0d5f08b8c0f64_diario_derivado;;interna;horaria_agregada;media
2024-01-22;173.08333333333334;24;True;0;84100000;nivel;Epagri;;;2;False;diaria;dea0d5f08b8c0f64_diario_derivado;;interna;horaria_agregada;media
2024-01-23;173.91666666666666;24;True;0;84100000;nivel;Epagri;;;2;False;diaria;dea0d5f08b8c0f64_diario_derivado;;interna;horaria_agregada;media
2024-01-24;194.45833333333334;24;True;0;84100000;nivel;Epagri;;;2;False;diaria;dea0d5f08b8c0f64_diario_derivado;;interna;horaria_agregada;media
2024-01-25;191.91666666666666;24;True;0;84100000;nivel;Epagri;;;2;False;diaria;dea0d5f08b8c0f64_diario_derivado;;interna;horaria_agregada;media
2024-01-26;182.33333333333334;24;True;0;84100000;nivel;Epagri;;;2;False;diaria;dea0d5f08b8c0f64_diario_derivado;;interna;horaria_agregada;media
2024-01-27;178.08333333333334;24;True;0;84100000;nivel;Epagri;;;2;False;diaria;dea0d5f08b8c0f64_diario_derivado;;interna;horaria_agregada;media
2024-01-28;189.29166666666666;24;True;0;84100000;nivel;Epagri;;;2;False;diaria;dea0d5f08b8c0f64_diario_derivado;;interna;horaria_agregada;media
2024-01-29;202.29166666666666;24;True;0;84100000;nivel;Epagri;;;2;False;diaria;dea0d5f08b8c0f64_diario_derivado;;interna;horaria_agregada;media
2024-01-30;180.54166666666666;24;True;0;84100000;nivel;Epagri;;;2;False;diaria;dea0d5f08b8c0f64_diario_derivado;;interna;horaria_agregada;media
2024-01-31;173.33333333333334;24;True;0;84100000;nivel;Epagri;;;2;False;diaria;dea0d5f08b8c0f64_diario_derivado;;interna;horaria_agregada;media
2024-02-01;167.33333333333334;24;True;0;84100000;nivel;Epagri;;;2;False;diaria;dea0d5f08b8c0f64_diario_derivado;;interna;horaria_agregada;media
2024-02-02;164.66666666666666;24;True;0;84100000;nivel;Epagri;;;2;False;diaria;dea0d5f08b8c0f64_diario_derivado;;interna;horaria_agregada;media
2024-02-03;162.95833333333334;24;True;0;84100000;nivel;Epagri;;;2;False;diaria;dea0d5f08b8c0f64_diario_derivado;;interna;horaria_agregada;media
2024-02-04;162.20833333333334;24;True;0;84100000;nivel;Epagri;;;2;False;diaria;dea0d5f08b8c0f64_diario_derivado;;interna;horaria_agregada;media
2024-02-05;161.5;24;True;0;84100000;nivel;Epagri;;;2;False;diaria;dea0d5f08b8c0f64_diario_derivado;;interna;horaria_agregada;media
2024-02-06;160.625;24;True;0;84100000;nivel;Epagri;;;2;False;diaria;dea0d5f08b8c0f64_diario_derivado;;interna;horaria_agregada;media
2024-02-07;161.04166666666666;24;True;0;84100000;nivel;Epagri;;;2;False;diaria;dea0d5f08b8c0f64_diario_derivado;;interna;horaria_agregada;media
2024-02-08;161.83333333333334;24;True;0;84100000;nivel;Epagri;;;2;False;diaria;dea0d5f08b8c0f64_diario_derivado;;interna;horaria_agregada;media
2024-02-09;162.83333333333334;24;True;0;84100000;nivel;Epagri;;;2;False;diaria;dea0d5f08b8c0f64_diario_derivado;;interna;horaria_agregada;media
2024-02-10;161.875;24;True;0;84100000;nivel;Epagri;;;2;False;diaria;dea0d5f08b8c0f64_diario_derivado;;interna;horaria_agregada;media
2024-02-11;158.125;24;True;0;84100000;nivel;Epagri;;;2;False;diaria;dea0d5f08b8c0f64_diario_derivado;;interna;horaria_agregada;media
2024-02-12;;23;False;0;84100000;nivel;Epagri;;;2;False;diaria;dea0d5f08b8c0f64_diario_derivado;;interna;horaria_agregada;media
2024-02-13;156.0;24;True;0;84100000;nivel;Epagri;;;2;False;diaria;dea0d5f08b8c0f64_diario_derivado;;interna;horaria_agregada;media
2024-02-14;172.83333333333334;24;True;0;84100000;nivel;Epagri;;;2;False;diaria;dea0d5f08b8c0f64_diario_derivado;;interna;horaria_agregada;media
2024-02-15;165.29166666666666;24;True;0;84100000;nivel;Epagri;;;2;False;diaria;dea0d5f08b8c0f64_diario_derivado;;interna;horaria_agregada;media
2024-02-16;160.29166666666666;24;True;0;84100000;nivel;Epagri;;;2;False;diaria;dea0d5f08b8c0f64_diario_derivado;;interna;horaria_agregada;media
2024-02-17;;23;False;0;84100000;nivel;Epagri;;;2;False;diaria;dea0d5f08b8c0f64_diario_derivado;;interna;horaria_agregada;media
2024-02-18;187.66666666666666;24;True;0;84100000;nivel;Epagri;;;2;False;diaria;dea0d5f08b8c0f64_diario_derivado;;interna;horaria_agregada;media
2024-02-19;166.29166666666666;24;True;0;84100000;nivel;Epagri;;;2;False;diaria;dea0d5f08b8c0f64_diario_derivado;;interna;horaria_agregada;media
2024-02-20;160.91666666666666;24;True;0;84100000;nivel;Epagri;;;2;False;diaria;dea0d5f08b8c0f64_diario_derivado;;interna;horaria_agregada;media
2024-02-21;158.04166666666666;24;True;0;84100000;nivel;Epagri;;;2;False;diaria;dea0d5f08b8c0f64_diario_derivado;;interna;horaria_agregada;media
2024-02-22;;21;False;0;84100000;nivel;Epagri;;;2;False;diaria;dea0d5f08b8c0f64_diario_derivado;;interna;horaria_agregada;media
2024-02-23;;19;False;0;84100000;nivel;Epagri;;;2;False;diaria;dea0d5f08b8c0f64_diario_derivado;;interna;horaria_agregada;media
2024-02-24;160.625;24;True;0;84100000;nivel;Epagri;;;2;False;diaria;dea0d5f08b8c0f64_diario_derivado;;interna;horaria_agregada;media
2024-02-25;160.95833333333334;24;True;0;84100000;nivel;Epagri;;;2;False;diaria;dea0d5f08b8c0f64_diario_derivado;;interna;horaria_agregada;media
2024-02-26;175.75;24;True;0;84100000;nivel;Epagri;;;2;False;diaria;dea0d5f08b8c0f64_diario_derivado;;interna;horaria_agregada;media
2024-02-27;187.58333333333334;24;True;0;84100000;nivel;Epagri;;;2;False;diaria;dea0d5f08b8c0f64_diario_derivado;;interna;horaria_agregada;media
2024-02-28;184.25;24;True;0;84100000;nivel;Epagri;;;2;False;diaria;dea0d5f08b8c0f64_diario_derivado;;interna;horaria_agregada;media
2024-02-29;177.20833333333334;24;True;0;84100000;nivel;Epagri;;;2;False;diaria;dea0d5f08b8c0f64_diario_derivado;;interna;horaria_agregada;media
2024-03-01;177.83333333333334;24;True;0;84100000;nivel;Epagri;;;2;False;diaria;dea0d5f08b8c0f64_diario_derivado;;interna;horaria_agregada;media
2024-03-02;171.91666666666666;24;True;0;84100000;nivel;Epagri;;;2;False;diaria;dea0d5f08b8c0f64_diario_derivado;;interna;horaria_agregada;media
2024-03-03;164.83333333333334;24;True;0;84100000;nivel;Epagri;;;2;False;diaria;dea0d5f08b8c0f64_diario_derivado;;interna;horaria_agregada;media
2024-03-04;179.66666666666666;24;True;0;84100000;nivel;Epagri;;;2;False;diaria;dea0d5f08b8c0f64_diario_derivado;;interna;horaria_agregada;media
2024-03-05;187.04166666666666;24;True;0;84100000;nivel;Epagri;;;2;False;diaria;dea0d5f08b8c0f64_diario_derivado;;interna;horaria_agregada;media
2024-03-06;171.41666666666666;24;True;0;84100000;nivel;Epagri;;;2;False;diaria;dea0d5f08b8c0f64_diario_derivado;;interna;horaria_agregada;media
2024-03-07;165.33333333333334;24;True;0;84100000;nivel;Epagri;;;2;False;diaria;dea0d5f08b8c0f64_diario_derivado;;interna;horaria_agregada;media
2024-03-08;207.08333333333334;24;True;0;84100000;nivel;Epagri;;;2;False;diaria;dea0d5f08b8c0f64_diario_derivado;;interna;horaria_agregada;media
2024-03-09;264.4166666666667;24;True;0;84100000;nivel;Epagri;;;2;False;diaria;dea0d5f08b8c0f64_diario_derivado;;interna;horaria_agregada;media
2024-03-10;192.95833333333334;24;True;0;84100000;nivel;Epagri;;;2;False;diaria;dea0d5f08b8c0f64_diario_derivado;;interna;horaria_agregada;media
2024-03-11;177.20833333333334;24;True;0;84100000;nivel;Epagri;;;2;False;diaria;dea0d5f08b8c0f64_diario_derivado;;interna;horaria_agregada;media
2024-03-12;171.125;24;True;0;84100000;nivel;Epagri;;;2;False;diaria;dea0d5f08b8c0f64_diario_derivado;;interna;horaria_agregada;media
2024-03-13;166.66666666666666;24;True;0;84100000;nivel;Epagri;;;2;False;diaria;dea0d5f08b8c0f64_diario_derivado;;interna;horaria_agregada;media
2024-03-14;;22;False;0;84100000;nivel;Epagri;;;2;False;diaria;dea0d5f08b8c0f64_diario_derivado;;interna;horaria_agregada;media
2024-03-15;161.54166666666666;24;True;0;84100000;nivel;Epagri;;;2;False;diaria;dea0d5f08b8c0f64_diario_derivado;;interna;horaria_agregada;media
2024-03-16;161.16666666666666;24;True;0;84100000;nivel;Epagri;;;2;False;diaria;dea0d5f08b8c0f64_diario_derivado;;interna;horaria_agregada;media
2024-03-17;163.83333333333334;24;True;0;84100000;nivel;Epagri;;;2;False;diaria;dea0d5f08b8c0f64_diario_derivado;;interna;horaria_agregada;media
2024-03-18;161.5;24;True;0;84100000;nivel;Epagri;;;2;False;diaria;dea0d5f08b8c0f64_diario_derivado;;interna;horaria_agregada;media
2024-03-19;161.625;24;True;0;84100000;nivel;Epagri;;;2;False;diaria;dea0d5f08b8c0f64_diario_derivado;;interna;horaria_agregada;media
2024-03-20;166.08333333333334;24;True;0;84100000;nivel;Epagri;;;2;False;diaria;dea0d5f08b8c0f64_diario_derivado;;interna;horaria_agregada;media
2024-03-21;;23;False;0;84100000;nivel;Epagri;;;2;False;diaria;dea0d5f08b8c0f64_diario_derivado;;interna;horaria_agregada;media
2024-03-22;155.70833333333334;24;True;0;84100000;nivel;Epagri;;;2;False;diaria;dea0d5f08b8c0f64_diario_derivado;;interna;horaria_agregada;media
2024-03-23;155.20833333333334;24;True;0;84100000;nivel;Epagri;;;2;False;diaria;dea0d5f08b8c0f64_diario_derivado;;interna;horaria_agregada;media
2024-03-24;156.83333333333334;24;True;0;84100000;nivel;Epagri;;;2;False;diaria;dea0d5f08b8c0f64_diario_derivado;;interna;horaria_agregada;media
2024-03-25;156.16666666666666;24;True;0;84100000;nivel;Epagri;;;2;False;diaria;dea0d5f08b8c0f64_diario_derivado;;interna;horaria_agregada;media
2024-03-26;153.625;24;True;0;84100000;nivel;Epagri;;;2;False;diaria;dea0d5f08b8c0f64_diario_derivado;;interna;horaria_agregada;media
2024-03-27;152.58333333333334;24;True;0;84100000;nivel;Epagri;;;2;False;diaria;dea0d5f08b8c0f64_diario_derivado;;interna;horaria_agregada;media
2024-03-28;152.375;24;True;0;84100000;nivel;Epagri;;;2;False;diaria;dea0d5f08b8c0f64_diario_derivado;;interna;horaria_agregada;media
2024-03-29;151.875;24;True;0;84100000;nivel;Epagri;;;2;False;diaria;dea0d5f08b8c0f64_diario_derivado;;interna;horaria_agregada;media
2024-03-30;151.91666666666666;24;True;0;84100000;nivel;Epagri;;;2;False;diaria;dea0d5f08b8c0f64_diario_derivado;;interna;horaria_agregada;media
2024-03-31;151.08333333333334;24;True;0;84100000;nivel;Epagri;;;2;False;diaria;dea0d5f08b8c0f64_diario_derivado;;interna;horaria_agregada;media
2024-04-01;150.625;24;True;0;84100000;nivel;Epagri;;;2;False;diaria;dea0d5f08b8c0f64_diario_derivado;;interna;horaria_agregada;media
2024-04-02;150.75;24;True;0;84100000;nivel;Epagri;;;2;False;diaria;dea0d5f08b8c0f64_diario_derivado;;interna;horaria_agregada;media
2024-04-03;150.79166666666666;24;True;0;84100000;nivel;Epagri;;;2;False;diaria;dea0d5f08b8c0f64_diario_derivado;;interna;horaria_agregada;media
2024-04-04;150.41666666666666;24;True;0;84100000;nivel;Epagri;;;2;False;diaria;dea0d5f08b8c0f64_diario_derivado;;interna;horaria_agregada;media
2024-04-05;152.5;24;True;0;84100000;nivel;Epagri;;;2;False;diaria;dea0d5f08b8c0f64_diario_derivado;;interna;horaria_agregada;media
2024-04-06;156.20833333333334;24;True;0;84100000;nivel;Epagri;;;2;False;diaria;dea0d5f08b8c0f64_diario_derivado;;interna;horaria_agregada;media
2024-04-07;;22;False;0;84100000;nivel;Epagri;;;2;False;diaria;dea0d5f08b8c0f64_diario_derivado;;interna;horaria_agregada;media
2024-04-08;;22;False;0;84100000;nivel;Epagri;;;2;False;diaria;dea0d5f08b8c0f64_diario_derivado;;interna;horaria_agregada;media
2024-04-09;151.625;24;True;0;84100000;nivel;Epagri;;;2;False;diaria;dea0d5f08b8c0f64_diario_derivado;;interna;horaria_agregada;media
2024-04-10;157.45833333333334;24;True;0;84100000;nivel;Epagri;;;2;False;diaria;dea0d5f08b8c0f64_diario_derivado;;interna;horaria_agregada;media
2024-04-11;;22;False;0;84100000;nivel;Epagri;;;2;False;diaria;dea0d5f08b8c0f64_diario_derivado;;interna;horaria_agregada;media
2024-04-12;188.0;24;True;0;84100000;nivel;Epagri;;;2;False;diaria;dea0d5f08b8c0f64_diario_derivado;;interna;horaria_agregada;media
2024-04-13;267.0416666666667;24;True;0;84100000;nivel;Epagri;;;2;False;diaria;dea0d5f08b8c0f64_diario_derivado;;interna;horaria_agregada;media
2024-04-14;331.125;24;True;0;84100000;nivel;Epagri;;;2;False;diaria;dea0d5f08b8c0f64_diario_derivado;;interna;horaria_agregada;media
2024-04-15;367.875;24;True;0;84100000;nivel;Epagri;;;2;False;diaria;dea0d5f08b8c0f64_diario_derivado;;interna;horaria_agregada;media
2024-04-16;291.9166666666667;24;True;0;84100000;nivel;Epagri;;;2;False;diaria;dea0d5f08b8c0f64_diario_derivado;;interna;horaria_agregada;media
2024-04-17;237.33333333333334;24;True;0;84100000;nivel;Epagri;;;2;False;diaria;dea0d5f08b8c0f64_diario_derivado;;interna;horaria_agregada;media
2024-04-18;205.29166666666666;24;True;0;84100000;nivel;Epagri;;;2;False;diaria;dea0d5f08b8c0f64_diario_derivado;;interna;horaria_agregada;media
2024-04-19;194.58333333333334;24;True;0;84100000;nivel;Epagri;;;2;False;diaria;dea0d5f08b8c0f64_diario_derivado;;interna;horaria_agregada;media
2024-04-20;187.75;24;True;0;84100000;nivel;Epagri;;;2;False;diaria;dea0d5f08b8c0f64_diario_derivado;;interna;horaria_agregada;media
2024-04-21;182.16666666666666;24;True;0;84100000;nivel;Epagri;;;2;False;diaria;dea0d5f08b8c0f64_diario_derivado;;interna;horaria_agregada;media
2024-04-22;177.33333333333334;24;True;0;84100000;nivel;Epagri;;;2;False;diaria;dea0d5f08b8c0f64_diario_derivado;;interna;horaria_agregada;media
2024-04-23;174.54166666666666;24;True;0;84100000;nivel;Epagri;;;2;False;diaria;dea0d5f08b8c0f64_diario_derivado;;interna;horaria_agregada;media
2024-04-24;172.25;24;True;0;84100000;nivel;Epagri;;;2;False;diaria;dea0d5f08b8c0f64_diario_derivado;;interna;horaria_agregada;media
2024-04-25;182.29166666666666;24;True;0;84100000;nivel;Epagri;;;2;False;diaria;dea0d5f08b8c0f64_diario_derivado;;interna;horaria_agregada;media
2024-04-26;;19;False;0;84100000;nivel;Epagri;;;2;False;diaria;dea0d5f08b8c0f64_diario_derivado;;interna;horaria_agregada;media
2024-04-27;171.08333333333334;24;True;0;84100000;nivel;Epagri;;;2;False;diaria;dea0d5f08b8c0f64_diario_derivado;;interna;horaria_agregada;media
2024-04-28;169.33333333333334;24;True;0;84100000;nivel;Epagri;;;2;False;diaria;dea0d5f08b8c0f64_diario_derivado;;interna;horaria_agregada;media
2024-04-29;176.25;24;True;0;84100000;nivel;Epagri;;;2;False;diaria;dea0d5f08b8c0f64_diario_derivado;;interna;horaria_agregada;media
2024-04-30;169.08333333333334;24;True;0;84100000;nivel;Epagri;;;2;False;diaria;dea0d5f08b8c0f64_diario_derivado;;interna;horaria_agregada;media
2024-05-01;166.66666666666666;24;True;0;84100000;nivel;Epagri;;;2;False;diaria;dea0d5f08b8c0f64_diario_derivado;;interna;horaria_agregada;media
2024-05-02;;19;False;0;84100000;nivel;Epagri;;;2;False;diaria;dea0d5f08b8c0f64_diario_derivado;;interna;horaria_agregada;media
2024-05-03;169.29166666666666;24;True;0;84100000;nivel;Epagri;;;2;False;diaria;dea0d5f08b8c0f64_diario_derivado;;interna;horaria_agregada;media
2024-05-04;176.20833333333334;24;True;0;84100000;nivel;Epagri;;;2;False;diaria;dea0d5f08b8c0f64_diario_derivado;;interna;horaria_agregada;media
2024-05-05;169.70833333333334;24;True;0;84100000;nivel;Epagri;;;2;False;diaria;dea0d5f08b8c0f64_diario_derivado;;interna;horaria_agregada;media
2024-05-06;165.125;24;True;0;84100000;nivel;Epagri;;;2;False;diaria;dea0d5f08b8c0f64_diario_derivado;;interna;horaria_agregada;media
2024-05-07;162.875;24;True;0;84100000;nivel;Epagri;;;2;False;diaria;dea0d5f08b8c0f64_diario_derivado;;interna;horaria_agregada;media
2024-05-08;161.45833333333334;24;True;0;84100000;nivel;Epagri;;;2;False;diaria;dea0d5f08b8c0f64_diario_derivado;;interna;horaria_agregada;media
2024-05-09;160.70833333333334;24;True;0;84100000;nivel;Epagri;;;2;False;diaria;dea0d5f08b8c0f64_diario_derivado;;interna;horaria_agregada;media
2024-05-10;167.08333333333334;24;True;0;84100000;nivel;Epagri;;;2;False;diaria;dea0d5f08b8c0f64_diario_derivado;;interna;horaria_agregada;media
2024-05-11;163.25;24;True;0;84100000;nivel;Epagri;;;2;False;diaria;dea0d5f08b8c0f64_diario_derivado;;interna;horaria_agregada;media
2024-05-12;168.125;24;True;0;84100000;nivel;Epagri;;;2;False;diaria;dea0d5f08b8c0f64_diario_derivado;;interna;horaria_agregada;media
2024-05-13;165.625;24;True;0;84100000;nivel;Epagri;;;2;False;diaria;dea0d5f08b8c0f64_diario_derivado;;interna;horaria_agregada;media
2024-05-14;180.375;24;True;0;84100000;nivel;Epagri;;;2;False;diaria;dea0d5f08b8c0f64_diario_derivado;;interna;horaria_agregada;media
2024-05-15;165.29166666666666;24;True;0;84100000;nivel;Epagri;;;2;False;diaria;dea0d5f08b8c0f64_diario_derivado;;interna;horaria_agregada;media
2024-05-16;161.54166666666666;24;True;0;84100000;nivel;Epagri;;;2;False;diaria;dea0d5f08b8c0f64_diario_derivado;;interna;horaria_agregada;media
2024-05-17;164.16666666666666;24;True;0;84100000;nivel;Epagri;;;2;False;diaria;dea0d5f08b8c0f64_diario_derivado;;interna;horaria_agregada;media
2024-05-18;236.08333333333334;24;True;0;84100000;nivel;Epagri;;;2;False;diaria;dea0d5f08b8c0f64_diario_derivado;;interna;horaria_agregada;media
2024-05-19;250.25;24;True;0;84100000;nivel;Epagri;;;2;False;diaria;dea0d5f08b8c0f64_diario_derivado;;interna;horaria_agregada;media
2024-05-20;195.16666666666666;24;True;0;84100000;nivel;Epagri;;;2;False;diaria;dea0d5f08b8c0f64_diario_derivado;;interna;horaria_agregada;media
2024-05-21;179.58333333333334;24;True;0;84100000;nivel;Epagri;;;2;False;diaria;dea0d5f08b8c0f64_diario_derivado;;interna;horaria_agregada;media
2024-05-22;174.33333333333334;24;True;0;84100000;nivel;Epagri;;;2;False;diaria;dea0d5f08b8c0f64_diario_derivado;;interna;horaria_agregada;media
2024-05-23;171.08333333333334;24;True;0;84100000;nivel;Epagri;;;2;False;diaria;dea0d5f08b8c0f64_diario_derivado;;interna;horaria_agregada;media
2024-05-24;;22;False;0;84100000;nivel;Epagri;;;2;False;diaria;dea0d5f08b8c0f64_diario_derivado;;interna;horaria_agregada;media
2024-05-25;173.95833333333334;24;True;0;84100000;nivel;Epagri;;;2;False;diaria;dea0d5f08b8c0f64_diario_derivado;;interna;horaria_agregada;media
2024-05-26;169.54166666666666;24;True;0;84100000;nivel;Epagri;;;2;False;diaria;dea0d5f08b8c0f64_diario_derivado;;interna;horaria_agregada;media
2024-05-27;196.66666666666666;24;True;0;84100000;nivel;Epagri;;;2;False;diaria;dea0d5f08b8c0f64_diario_derivado;;interna;horaria_agregada;media
2024-05-28;200.875;24;True;0;84100000;nivel;Epagri;;;2;False;diaria;dea0d5f08b8c0f64_diario_derivado;;interna;horaria_agregada;media
2024-05-29;176.08333333333334;24;True;0;84100000;nivel;Epagri;;;2;False;diaria;dea0d5f08b8c0f64_diario_derivado;;interna;horaria_agregada;media
2024-05-30;171.58333333333334;24;True;0;84100000;nivel;Epagri;;;2;False;diaria;dea0d5f08b8c0f64_diario_derivado;;interna;horaria_agregada;media
2024-05-31;169.33333333333334;24;True;0;84100000;nivel;Epagri;;;2;False;diaria;dea0d5f08b8c0f64_diario_derivado;;interna;horaria_agregada;media
2024-06-01;167.41666666666666;24;True;0;84100000;nivel;Epagri;;;2;False;diaria;dea0d5f08b8c0f64_diario_derivado;;interna;horaria_agregada;media
2024-06-02;166.16666666666666;24;True;0;84100000;nivel;Epagri;;;2;False;diaria;dea0d5f08b8c0f64_diario_derivado;;interna;horaria_agregada;media
2024-06-03;164.20833333333334;24;True;0;84100000;nivel;Epagri;;;2;False;diaria;dea0d5f08b8c0f64_diario_derivado;;interna;horaria_agregada;media
2024-06-04;163.04166666666666;24;True;0;84100000;nivel;Epagri;;;2;False;diaria;dea0d5f08b8c0f64_diario_derivado;;interna;horaria_agregada;media
2024-06-05;162.20833333333334;24;True;0;84100000;nivel;Epagri;;;2;False;diaria;dea0d5f08b8c0f64_diario_derivado;;interna;horaria_agregada;media
2024-06-06;161.41666666666666;24;True;0;84100000;nivel;Epagri;;;2;False;diaria;dea0d5f08b8c0f64_diario_derivado;;interna;horaria_agregada;media
2024-06-07;160.33333333333334;24;True;0;84100000;nivel;Epagri;;;2;False;diaria;dea0d5f08b8c0f64_diario_derivado;;interna;horaria_agregada;media
2024-06-08;159.29166666666666;24;True;0;84100000;nivel;Epagri;;;2;False;diaria;dea0d5f08b8c0f64_diario_derivado;;interna;horaria_agregada;media
2024-06-09;158.79166666666666;24;True;0;84100000;nivel;Epagri;;;2;False;diaria;dea0d5f08b8c0f64_diario_derivado;;interna;horaria_agregada;media
2024-06-10;158.125;24;True;0;84100000;nivel;Epagri;;;2;False;diaria;dea0d5f08b8c0f64_diario_derivado;;interna;horaria_agregada;media
2024-06-11;157.45833333333334;24;True;0;84100000;nivel;Epagri;;;2;False;diaria;dea0d5f08b8c0f64_diario_derivado;;interna;horaria_agregada;media
2024-06-12;157.08333333333334;24;True;0;84100000;nivel;Epagri;;;2;False;diaria;dea0d5f08b8c0f64_diario_derivado;;interna;horaria_agregada;media
2024-06-13;156.125;24;True;0;84100000;nivel;Epagri;;;2;False;diaria;dea0d5f08b8c0f64_diario_derivado;;interna;horaria_agregada;media
2024-06-14;155.41666666666666;24;True;0;84100000;nivel;Epagri;;;2;False;diaria;dea0d5f08b8c0f64_diario_derivado;;interna;horaria_agregada;media
2024-06-15;154.95833333333334;24;True;0;84100000;nivel;Epagri;;;2;False;diaria;dea0d5f08b8c0f64_diario_derivado;;interna;horaria_agregada;media
2024-06-16;154.54166666666666;24;True;0;84100000;nivel;Epagri;;;2;False;diaria;dea0d5f08b8c0f64_diario_derivado;;interna;horaria_agregada;media
2024-06-17;159.70833333333334;24;True;0;84100000;nivel;Epagri;;;2;False;diaria;dea0d5f08b8c0f64_diario_derivado;;interna;horaria_agregada;media
2024-06-18;165.95833333333334;24;True;0;84100000;nivel;Epagri;;;2;False;diaria;dea0d5f08b8c0f64_diario_derivado;;interna;horaria_agregada;media
2024-06-19;157.66666666666666;24;True;0;84100000;nivel;Epagri;;;2;False;diaria;dea0d5f08b8c0f64_diario_derivado;;interna;horaria_agregada;media
2024-06-20;156.95833333333334;24;True;0;84100000;nivel;Epagri;;;2;False;diaria;dea0d5f08b8c0f64_diario_derivado;;interna;horaria_agregada;media
2024-06-21;155.66666666666666;24;True;0;84100000;nivel;Epagri;;;2;False;diaria;dea0d5f08b8c0f64_diario_derivado;;interna;horaria_agregada;media
2024-06-22;154.41666666666666;24;True;0;84100000;nivel;Epagri;;;2;False;diaria;dea0d5f08b8c0f64_diario_derivado;;interna;horaria_agregada;media
2024-06-23;153.5;24;True;0;84100000;nivel;Epagri;;;2;False;diaria;dea0d5f08b8c0f64_diario_derivado;;interna;horaria_agregada;media
2024-06-24;200.33333333333334;24;True;0;84100000;nivel;Epagri;;;2;False;diaria;dea0d5f08b8c0f64_diario_derivado;;interna;horaria_agregada;media
2024-06-25;181.91666666666666;24;True;0;84100000;nivel;Epagri;;;2;False;diaria;dea0d5f08b8c0f64_diario_derivado;;interna;horaria_agregada;media
2024-06-26;219.95833333333334;24;True;0;84100000;nivel;Epagri;;;2;False;diaria;dea0d5f08b8c0f64_diario_derivado;;interna;horaria_agregada;media
2024-06-27;175.29166666666666;24;True;0;84100000;nivel;Epagri;;;2;False;diaria;dea0d5f08b8c0f64_diario_derivado;;interna;horaria_agregada;media
2024-06-28;165.125;24;True;0;84100000;nivel;Epagri;;;2;False;diaria;dea0d5f08b8c0f64_diario_derivado;;interna;horaria_agregada;media
2024-06-29;160.58333333333334;24;True;0;84100000;nivel;Epagri;;;2;False;diaria;dea0d5f08b8c0f64_diario_derivado;;interna;horaria_agregada;media
2024-06-30;157.625;24;True;0;84100000;nivel;Epagri;;;2;False;diaria;dea0d5f08b8c0f64_diario_derivado;;interna;horaria_agregada;media
2024-07-01;156.375;24;True;0;84100000;nivel;Epagri;;;2;False;diaria;dea0d5f08b8c0f64_diario_derivado;;interna;horaria_agregada;media
2024-07-02;155.875;24;True;0;84100000;nivel;Epagri;;;2;False;diaria;dea0d5f08b8c0f64_diario_derivado;;interna;horaria_agregada;media
2024-07-03;155.0;24;True;0;84100000;nivel;Epagri;;;2;False;diaria;dea0d5f08b8c0f64_diario_derivado;;interna;horaria_agregada;media
2024-07-04;154.41666666666666;24;True;0;84100000;nivel;Epagri;;;2;False;diaria;dea0d5f08b8c0f64_diario_derivado;;interna;horaria_agregada;media
2024-07-05;153.79166666666666;24;True;0;84100000;nivel;Epagri;;;2;False;diaria;dea0d5f08b8c0f64_diario_derivado;;interna;horaria_agregada;media
2024-07-06;157.95833333333334;24;True;0;84100000;nivel;Epagri;;;2;False;diaria;dea0d5f08b8c0f64_diario_derivado;;interna;horaria_agregada;media
2024-07-07;251.91666666666666;24;True;0;84100000;nivel;Epagri;;;2;False;diaria;dea0d5f08b8c0f64_diario_derivado;;interna;horaria_agregada;media
2024-07-08;217.91666666666666;24;True;0;84100000;nivel;Epagri;;;2;False;diaria;dea0d5f08b8c0f64_diario_derivado;;interna;horaria_agregada;media
2024-07-09;178.70833333333334;24;True;0;84100000;nivel;Epagri;;;2;False;diaria;dea0d5f08b8c0f64_diario_derivado;;interna;horaria_agregada;media
2024-07-10;204.33333333333334;24;True;0;84100000;nivel;Epagri;;;2;False;diaria;dea0d5f08b8c0f64_diario_derivado;;interna;horaria_agregada;media
2024-07-11;202.79166666666666;24;True;0;84100000;nivel;Epagri;;;2;False;diaria;dea0d5f08b8c0f64_diario_derivado;;interna;horaria_agregada;media
2024-07-12;227.5;24;True;0;84100000;nivel;Epagri;;;2;False;diaria;dea0d5f08b8c0f64_diario_derivado;;interna;horaria_agregada;media
2024-07-13;188.375;24;True;0;84100000;nivel;Epagri;;;2;False;diaria;dea0d5f08b8c0f64_diario_derivado;;interna;horaria_agregada;media
2024-07-14;229.54166666666666;24;True;0;84100000;nivel;Epagri;;;2;False;diaria;dea0d5f08b8c0f64_diario_derivado;;interna;horaria_agregada;media
2024-07-15;205.29166666666666;24;True;0;84100000;nivel;Epagri;;;2;False;diaria;dea0d5f08b8c0f64_diario_derivado;;interna;horaria_agregada;media
2024-07-16;192.66666666666666;24;True;0;84100000;nivel;Epagri;;;2;False;diaria;dea0d5f08b8c0f64_diario_derivado;;interna;horaria_agregada;media
2024-07-17;186.79166666666666;24;True;0;84100000;nivel;Epagri;;;2;False;diaria;dea0d5f08b8c0f64_diario_derivado;;interna;horaria_agregada;media
2024-07-18;178.20833333333334;24;True;0;84100000;nivel;Epagri;;;2;False;diaria;dea0d5f08b8c0f64_diario_derivado;;interna;horaria_agregada;media
2024-07-19;174.70833333333334;24;True;0;84100000;nivel;Epagri;;;2;False;diaria;dea0d5f08b8c0f64_diario_derivado;;interna;horaria_agregada;media
2024-07-20;172.29166666666666;24;True;0;84100000;nivel;Epagri;;;2;False;diaria;dea0d5f08b8c0f64_diario_derivado;;interna;horaria_agregada;media
2024-07-21;170.375;24;True;0;84100000;nivel;Epagri;;;2;False;diaria;dea0d5f08b8c0f64_diario_derivado;;interna;horaria_agregada;media
2024-07-22;168.75;24;True;0;84100000;nivel;Epagri;;;2;False;diaria;dea0d5f08b8c0f64_diario_derivado;;interna;horaria_agregada;media
2024-07-23;;23;False;0;84100000;nivel;Epagri;;;2;False;diaria;dea0d5f08b8c0f64_diario_derivado;;interna;horaria_agregada;media
2024-07-24;;23;False;0;84100000;nivel;Epagri;;;2;False;diaria;dea0d5f08b8c0f64_diario_derivado;;interna;horaria_agregada;media
2024-07-25;154.54166666666666;24;True;0;84100000;nivel;Epagri;;;2;False;diaria;dea0d5f08b8c0f64_diario_derivado;;interna;horaria_agregada;media
2024-07-26;153.33333333333334;24;True;0;84100000;nivel;Epagri;;;2;False;diaria;dea0d5f08b8c0f64_diario_derivado;;interna;horaria_agregada;media
2024-07-27;152.45833333333334;24;True;0;84100000;nivel;Epagri;;;2;False;diaria;dea0d5f08b8c0f64_diario_derivado;;interna;horaria_agregada;media
2024-07-28;151.08333333333334;24;True;0;84100000;nivel;Epagri;;;2;False;diaria;dea0d5f08b8c0f64_diario_derivado;;interna;horaria_agregada;media
2024-07-29;154.25;24;True;0;84100000;nivel;Epagri;;;2;False;diaria;dea0d5f08b8c0f64_diario_derivado;;interna;horaria_agregada;media
2024-07-30;150.33333333333334;24;True;0;84100000;nivel;Epagri;;;2;False;diaria;dea0d5f08b8c0f64_diario_derivado;;interna;horaria_agregada;media
2024-07-31;149.5;24;True;0;84100000;nivel;Epagri;;;2;False;diaria;dea0d5f08b8c0f64_diario_derivado;;interna;horaria_agregada;media
2024-08-01;151.20833333333334;24;True;0;84100000;nivel;Epagri;;;2;False;diaria;dea0d5f08b8c0f64_diario_derivado;;interna;horaria_agregada;media
2024-08-02;149.95833333333334;24;True;0;84100000;nivel;Epagri;;;2;False;diaria;dea0d5f08b8c0f64_diario_derivado;;interna;horaria_agregada;media
2024-08-03;148.625;24;True;0;84100000;nivel;Epagri;;;2;False;diaria;dea0d5f08b8c0f64_diario_derivado;;interna;horaria_agregada;media
2024-08-04;147.75;24;True;0;84100000;nivel;Epagri;;;2;False;diaria;dea0d5f08b8c0f64_diario_derivado;;interna;horaria_agregada;media
2024-08-05;146.95833333333334;24;True;0;84100000;nivel;Epagri;;;2;False;diaria;dea0d5f08b8c0f64_diario_derivado;;interna;horaria_agregada;media
2024-08-06;146.25;24;True;0;84100000;nivel;Epagri;;;2;False;diaria;dea0d5f08b8c0f64_diario_derivado;;interna;horaria_agregada;media
2024-08-07;146.33333333333334;24;True;0;84100000;nivel;Epagri;;;2;False;diaria;dea0d5f08b8c0f64_diario_derivado;;interna;horaria_agregada;media
2024-08-08;148.95833333333334;24;True;0;84100000;nivel;Epagri;;;2;False;diaria;dea0d5f08b8c0f64_diario_derivado;;interna;horaria_agregada;media
2024-08-09;146.66666666666666;24;True;0;84100000;nivel;Epagri;;;2;False;diaria;dea0d5f08b8c0f64_diario_derivado;;interna;horaria_agregada;media
2024-08-10;144.625;24;True;0;84100000;nivel;Epagri;;;2;False;diaria;dea0d5f08b8c0f64_diario_derivado;;interna;horaria_agregada;media
2024-08-11;143.91666666666666;24;True;0;84100000;nivel;Epagri;;;2;False;diaria;dea0d5f08b8c0f64_diario_derivado;;interna;horaria_agregada;media
2024-08-12;142.91666666666666;24;True;0;84100000;nivel;Epagri;;;2;False;diaria;dea0d5f08b8c0f64_diario_derivado;;interna;horaria_agregada;media
2024-08-13;142.04166666666666;24;True;0;84100000;nivel;Epagri;;;2;False;diaria;dea0d5f08b8c0f64_diario_derivado;;interna;horaria_agregada;media
2024-08-14;142.04166666666666;24;True;0;84100000;nivel;Epagri;;;2;False;diaria;dea0d5f08b8c0f64_diario_derivado;;interna;horaria_agregada;media
2024-08-15;141.875;24;True;0;84100000;nivel;Epagri;;;2;False;diaria;dea0d5f08b8c0f64_diario_derivado;;interna;horaria_agregada;media
2024-08-16;141.75;24;True;0;84100000;nivel;Epagri;;;2;False;diaria;dea0d5f08b8c0f64_diario_derivado;;interna;horaria_agregada;media
2024-08-17;141.0;24;True;0;84100000;nivel;Epagri;;;2;False;diaria;dea0d5f08b8c0f64_diario_derivado;;interna;horaria_agregada;media
2024-08-18;140.41666666666666;24;True;0;84100000;nivel;Epagri;;;2;False;diaria;dea0d5f08b8c0f64_diario_derivado;;interna;horaria_agregada;media
2024-08-19;140.125;24;True;0;84100000;nivel;Epagri;;;2;False;diaria;dea0d5f08b8c0f64_diario_derivado;;interna;horaria_agregada;media
2024-08-20;139.75;24;True;0;84100000;nivel;Epagri;;;2;False;diaria;dea0d5f08b8c0f64_diario_derivado;;interna;horaria_agregada;media
2024-08-21;141.25;24;True;0;84100000;nivel;Epagri;;;2;False;diaria;dea0d5f08b8c0f64_diario_derivado;;interna;horaria_agregada;media
2024-08-22;140.66666666666666;24;True;0;84100000;nivel;Epagri;;;2;False;diaria;dea0d5f08b8c0f64_diario_derivado;;interna;horaria_agregada;media
2024-08-23;141.08333333333334;24;True;0;84100000;nivel;Epagri;;;2;False;diaria;dea0d5f08b8c0f64_diario_derivado;;interna;horaria_agregada;media
2024-08-24;146.375;24;True;0;84100000;nivel;Epagri;;;2;False;diaria;dea0d5f08b8c0f64_diario_derivado;;interna;horaria_agregada;media
2024-08-25;141.54166666666666;24;True;0;84100000;nivel;Epagri;;;2;False;diaria;dea0d5f08b8c0f64_diario_derivado;;interna;horaria_agregada;media
2024-08-26;139.04166666666666;24;True;0;84100000;nivel;Epagri;;;2;False;diaria;dea0d5f08b8c0f64_diario_derivado;;interna;horaria_agregada;media
2024-08-27;138.41666666666666;24;True;0;84100000;nivel;Epagri;;;2;False;diaria;dea0d5f08b8c0f64_diario_derivado;;interna;horaria_agregada;media
2024-08-28;138.29166666666666;24;True;0;84100000;nivel;Epagri;;;2;False;diaria;dea0d5f08b8c0f64_diario_derivado;;interna;horaria_agregada;media
2024-08-29;138.54166666666666;24;True;0;84100000;nivel;Epagri;;;2;False;diaria;dea0d5f08b8c0f64_diario_derivado;;interna;horaria_agregada;media
2024-08-30;138.45833333333334;24;True;0;84100000;nivel;Epagri;;;2;False;diaria;dea0d5f08b8c0f64_diario_derivado;;interna;horaria_agregada;media
2024-08-31;138.33333333333334;24;True;0;84100000;nivel;Epagri;;;2;False;diaria;dea0d5f08b8c0f64_diario_derivado;;interna;horaria_agregada;media
2024-09-01;138.33333333333334;24;True;0;84100000;nivel;Epagri;;;2;False;diaria;dea0d5f08b8c0f64_diario_derivado;;interna;horaria_agregada;media
2024-09-02;138.20833333333334;24;True;0;84100000;nivel;Epagri;;;2;False;diaria;dea0d5f08b8c0f64_diario_derivado;;interna;horaria_agregada;media
2024-09-03;138.33333333333334;24;True;0;84100000;nivel;Epagri;;;2;False;diaria;dea0d5f08b8c0f64_diario_derivado;;interna;horaria_agregada;media
2024-09-04;138.0;24;True;0;84100000;nivel;Epagri;;;2;False;diaria;dea0d5f08b8c0f64_diario_derivado;;interna;horaria_agregada;media
2024-09-05;138.25;24;True;0;84100000;nivel;Epagri;;;2;False;diaria;dea0d5f08b8c0f64_diario_derivado;;interna;horaria_agregada;media
2024-09-06;137.75;24;True;0;84100000;nivel;Epagri;;;2;False;diaria;dea0d5f08b8c0f64_diario_derivado;;interna;horaria_agregada;media
2024-09-07;137.75;24;True;0;84100000;nivel;Epagri;;;2;False;diaria;dea0d5f08b8c0f64_diario_derivado;;interna;horaria_agregada;media
2024-09-08;137.70833333333334;24;True;0;84100000;nivel;Epagri;;;2;False;diaria;dea0d5f08b8c0f64_diario_derivado;;interna;horaria_agregada;media
2024-09-09;137.25;24;True;0;84100000;nivel;Epagri;;;2;False;diaria;dea0d5f08b8c0f64_diario_derivado;;interna;horaria_agregada;media
2024-09-10;137.33333333333334;24;True;0;84100000;nivel;Epagri;;;2;False;diaria;dea0d5f08b8c0f64_diario_derivado;;interna;horaria_agregada;media
2024-09-11;136.54166666666666;24;True;0;84100000;nivel;Epagri;;;2;False;diaria;dea0d5f08b8c0f64_diario_derivado;;interna;horaria_agregada;media
2024-09-12;135.75;24;True;0;84100000;nivel;Epagri;;;2;False;diaria;dea0d5f08b8c0f64_diario_derivado;;interna;horaria_agregada;media
2024-09-13;136.25;24;True;0;84100000;nivel;Epagri;;;2;False;diaria;dea0d5f08b8c0f64_diario_derivado;;interna;horaria_agregada;media
2024-09-14;148.20833333333334;24;True;0;84100000;nivel;Epagri;;;2;False;diaria;dea0d5f08b8c0f64_diario_derivado;;interna;horaria_agregada;media
2024-09-15;138.70833333333334;24;True;0;84100000;nivel;Epagri;;;2;False;diaria;dea0d5f08b8c0f64_diario_derivado;;interna;horaria_agregada;media
2024-09-16;156.375;24;True;0;84100000;nivel;Epagri;;;2;False;diaria;dea0d5f08b8c0f64_diario_derivado;;interna;horaria_agregada;media
2024-09-17;139.20833333333334;24;True;0;84100000;nivel;Epagri;;;2;False;diaria;dea0d5f08b8c0f64_diario_derivado;;interna;horaria_agregada;media
2024-09-18;137.79166666666666;24;True;0;84100000;nivel;Epagri;;;2;False;diaria;dea0d5f08b8c0f64_diario_derivado;;interna;horaria_agregada;media
2024-09-19;136.91666666666666;24;True;0;84100000;nivel;Epagri;;;2;False;diaria;dea0d5f08b8c0f64_diario_derivado;;interna;horaria_agregada;media
2024-09-20;170.08333333333334;24;True;0;84100000;nivel;Epagri;;;2;False;diaria;dea0d5f08b8c0f64_diario_derivado;;interna;horaria_agregada;media
2024-09-21;155.625;24;True;0;84100000;nivel;Epagri;;;2;False;diaria;dea0d5f08b8c0f64_diario_derivado;;interna;horaria_agregada;media
2024-09-22;138.875;24;True;0;84100000;nivel;Epagri;;;2;False;diaria;dea0d5f08b8c0f64_diario_derivado;;interna;horaria_agregada;media
2024-09-23;137.625;24;True;0;84100000;nivel;Epagri;;;2;False;diaria;dea0d5f08b8c0f64_diario_derivado;;interna;horaria_agregada;media
2024-09-24;137.08333333333334;24;True;0;84100000;nivel;Epagri;;;2;False;diaria;dea0d5f08b8c0f64_diario_derivado;;interna;horaria_agregada;media
2024-09-25;136.95833333333334;24;True;0;84100000;nivel;Epagri;;;2;False;diaria;dea0d5f08b8c0f64_diario_derivado;;interna;horaria_agregada;media
2024-09-26;136.0;24;True;0;84100000;nivel;Epagri;;;2;False;diaria;dea0d5f08b8c0f64_diario_derivado;;interna;horaria_agregada;media
2024-09-27;136.29166666666666;24;True;0;84100000;nivel;Epagri;;;2;False;diaria;dea0d5f08b8c0f64_diario_derivado;;interna;horaria_agregada;media
2024-09-28;133.45833333333334;24;True;0;84100000;nivel;Epagri;;;2;False;diaria;dea0d5f08b8c0f64_diario_derivado;;interna;horaria_agregada;media
2024-09-29;131.91666666666666;24;True;0;84100000;nivel;Epagri;;;2;False;diaria;dea0d5f08b8c0f64_diario_derivado;;interna;horaria_agregada;media
2024-09-30;131.375;24;True;0;84100000;nivel;Epagri;;;2;False;diaria;dea0d5f08b8c0f64_diario_derivado;;interna;horaria_agregada;media
2024-10-01;131.375;24;True;0;84100000;nivel;Epagri;;;2;False;diaria;dea0d5f08b8c0f64_diario_derivado;;interna;horaria_agregada;media
2024-10-02;173.91666666666666;24;True;0;84100000;nivel;Epagri;;;2;False;diaria;dea0d5f08b8c0f64_diario_derivado;;interna;horaria_agregada;media
2024-10-03;164.66666666666666;24;True;0;84100000;nivel;Epagri;;;2;False;diaria;dea0d5f08b8c0f64_diario_derivado;;interna;horaria_agregada;media
2024-10-04;140.66666666666666;24;True;0;84100000;nivel;Epagri;;;2;False;diaria;dea0d5f08b8c0f64_diario_derivado;;interna;horaria_agregada;media
2024-10-05;138.45833333333334;24;True;0;84100000;nivel;Epagri;;;2;False;diaria;dea0d5f08b8c0f64_diario_derivado;;interna;horaria_agregada;media
2024-10-06;137.5;24;True;0;84100000;nivel;Epagri;;;2;False;diaria;dea0d5f08b8c0f64_diario_derivado;;interna;horaria_agregada;media
2024-10-07;136.41666666666666;24;True;0;84100000;nivel;Epagri;;;2;False;diaria;dea0d5f08b8c0f64_diario_derivado;;interna;horaria_agregada;media
2024-10-08;138.08333333333334;24;True;0;84100000;nivel;Epagri;;;2;False;diaria;dea0d5f08b8c0f64_diario_derivado;;interna;horaria_agregada;media
2024-10-09;149.45833333333334;24;True;0;84100000;nivel;Epagri;;;2;False;diaria;dea0d5f08b8c0f64_diario_derivado;;interna;horaria_agregada;media
2024-10-10;210.54166666666666;24;True;0;84100000;nivel;Epagri;;;2;False;diaria;dea0d5f08b8c0f64_diario_derivado;;interna;horaria_agregada;media
2024-10-11;255.91666666666666;24;True;0;84100000;nivel;Epagri;;;2;False;diaria;dea0d5f08b8c0f64_diario_derivado;;interna;horaria_agregada;media
2024-10-12;175.79166666666666;24;True;0;84100000;nivel;Epagri;;;2;False;diaria;dea0d5f08b8c0f64_diario_derivado;;interna;horaria_agregada;media
2024-10-13;155.625;24;True;0;84100000;nivel;Epagri;;;2;False;diaria;dea0d5f08b8c0f64_diario_derivado;;interna;horaria_agregada;media
2024-10-14;148.29166666666666;24;True;0;84100000;nivel;Epagri;;;2;False;diaria;dea0d5f08b8c0f64_diario_derivado;;interna;horaria_agregada;media
2024-10-15;152.08333333333334;24;True;0;84100000;nivel;Epagri;;;2;False;diaria;dea0d5f08b8c0f64_diario_derivado;;interna;horaria_agregada;media
2024-10-16;149.0;24;True;0;84100000;nivel;Epagri;;;2;False;diaria;dea0d5f08b8c0f64_diario_derivado;;interna;horaria_agregada;media
2024-10-17;143.08333333333334;24;True;0;84100000;nivel;Epagri;;;2;False;diaria;dea0d5f08b8c0f64_diario_derivado;;interna;horaria_agregada;media
2024-10-18;140.08333333333334;24;True;0;84100000;nivel;Epagri;;;2;False;diaria;dea0d5f08b8c0f64_diario_derivado;;interna;horaria_agregada;media
2024-10-19;139.83333333333334;24;True;0;84100000;nivel;Epagri;;;2;False;diaria;dea0d5f08b8c0f64_diario_derivado;;interna;horaria_agregada;media
2024-10-20;138.95833333333334;24;True;0;84100000;nivel;Epagri;;;2;False;diaria;dea0d5f08b8c0f64_diario_derivado;;interna;horaria_agregada;media
2024-10-21;143.125;24;True;0;84100000;nivel;Epagri;;;2;False;diaria;dea0d5f08b8c0f64_diario_derivado;;interna;horaria_agregada;media
2024-10-22;146.0;24;True;0;84100000;nivel;Epagri;;;2;False;diaria;dea0d5f08b8c0f64_diario_derivado;;interna;horaria_agregada;media
2024-10-23;139.875;24;True;0;84100000;nivel;Epagri;;;2;False;diaria;dea0d5f08b8c0f64_diario_derivado;;interna;horaria_agregada;media
2024-10-24;139.29166666666666;24;True;0;84100000;nivel;Epagri;;;2;False;diaria;dea0d5f08b8c0f64_diario_derivado;;interna;horaria_agregada;media
2024-10-25;139.04166666666666;24;True;0;84100000;nivel;Epagri;;;2;False;diaria;dea0d5f08b8c0f64_diario_derivado;;interna;horaria_agregada;media
2024-10-26;137.875;24;True;0;84100000;nivel;Epagri;;;2;False;diaria;dea0d5f08b8c0f64_diario_derivado;;interna;horaria_agregada;media
2024-10-27;136.79166666666666;24;True;0;84100000;nivel;Epagri;;;2;False;diaria;dea0d5f08b8c0f64_diario_derivado;;interna;horaria_agregada;media
2024-10-28;136.875;24;True;0;84100000;nivel;Epagri;;;2;False;diaria;dea0d5f08b8c0f64_diario_derivado;;interna;horaria_agregada;media
2024-10-29;136.58333333333334;24;True;0;84100000;nivel;Epagri;;;2;False;diaria;dea0d5f08b8c0f64_diario_derivado;;interna;horaria_agregada;media
2024-10-30;138.375;24;True;0;84100000;nivel;Epagri;;;2;False;diaria;dea0d5f08b8c0f64_diario_derivado;;interna;horaria_agregada;media
2024-10-31;150.16666666666666;24;True;0;84100000;nivel;Epagri;;;2;False;diaria;dea0d5f08b8c0f64_diario_derivado;;interna;horaria_agregada;media
2024-11-01;138.625;24;True;0;84100000;nivel;Epagri;;;2;False;diaria;dea0d5f08b8c0f64_diario_derivado;;interna;horaria_agregada;media
2024-11-02;138.45833333333334;24;True;0;84100000;nivel;Epagri;;;2;False;diaria;dea0d5f08b8c0f64_diario_derivado;;interna;horaria_agregada;media
2024-11-03;198.91666666666666;24;True;0;84100000;nivel;Epagri;;;2;False;diaria;dea0d5f08b8c0f64_diario_derivado;;interna;horaria_agregada;media
2024-11-04;310.0;24;True;0;84100000;nivel;Epagri;;;2;False;diaria;dea0d5f08b8c0f64_diario_derivado;;interna;horaria_agregada;media
2024-11-05;268.4166666666667;24;True;0;84100000;nivel;Epagri;;;2;False;diaria;dea0d5f08b8c0f64_diario_derivado;;interna;horaria_agregada;media
2024-11-06;205.08333333333334;24;True;0;84100000;nivel;Epagri;;;2;False;diaria;dea0d5f08b8c0f64_diario_derivado;;interna;horaria_agregada;media
2024-11-07;204.95833333333334;24;True;0;84100000;nivel;Epagri;;;2;False;diaria;dea0d5f08b8c0f64_diario_derivado;;interna;horaria_agregada;media
2024-11-08;185.45833333333334;24;True;0;84100000;nivel;Epagri;;;2;False;diaria;dea0d5f08b8c0f64_diario_derivado;;interna;horaria_agregada;media
2024-11-09;170.79166666666666;24;True;0;84100000;nivel;Epagri;;;2;False;diaria;dea0d5f08b8c0f64_diario_derivado;;interna;horaria_agregada;media
2024-11-10;164.5;24;True;0;84100000;nivel;Epagri;;;2;False;diaria;dea0d5f08b8c0f64_diario_derivado;;interna;horaria_agregada;media
2024-11-11;159.58333333333334;24;True;0;84100000;nivel;Epagri;;;2;False;diaria;dea0d5f08b8c0f64_diario_derivado;;interna;horaria_agregada;media
2024-11-12;157.16666666666666;24;True;0;84100000;nivel;Epagri;;;2;False;diaria;dea0d5f08b8c0f64_diario_derivado;;interna;horaria_agregada;media
2024-11-13;152.66666666666666;24;True;0;84100000;nivel;Epagri;;;2;False;diaria;dea0d5f08b8c0f64_diario_derivado;;interna;horaria_agregada;media
2024-11-14;150.29166666666666;24;True;0;84100000;nivel;Epagri;;;2;False;diaria;dea0d5f08b8c0f64_diario_derivado;;interna;horaria_agregada;media
2024-11-15;148.54166666666666;24;True;0;84100000;nivel;Epagri;;;2;False;diaria;dea0d5f08b8c0f64_diario_derivado;;interna;horaria_agregada;media
2024-11-16;155.16666666666666;24;True;0;84100000;nivel;Epagri;;;2;False;diaria;dea0d5f08b8c0f64_diario_derivado;;interna;horaria_agregada;media
2024-11-17;152.41666666666666;24;True;0;84100000;nivel;Epagri;;;2;False;diaria;dea0d5f08b8c0f64_diario_derivado;;interna;horaria_agregada;media
2024-11-18;155.25;24;True;0;84100000;nivel;Epagri;;;2;False;diaria;dea0d5f08b8c0f64_diario_derivado;;interna;horaria_agregada;media
2024-11-19;157.875;24;True;0;84100000;nivel;Epagri;;;2;False;diaria;dea0d5f08b8c0f64_diario_derivado;;interna;horaria_agregada;media
2024-11-20;185.66666666666666;24;True;0;84100000;nivel;Epagri;;;2;False;diaria;dea0d5f08b8c0f64_diario_derivado;;interna;horaria_agregada;media
2024-11-21;171.375;24;True;0;84100000;nivel;Epagri;;;2;False;diaria;dea0d5f08b8c0f64_diario_derivado;;interna;horaria_agregada;media
2024-11-22;197.875;24;True;0;84100000;nivel;Epagri;;;2;False;diaria;dea0d5f08b8c0f64_diario_derivado;;interna;horaria_agregada;media
2024-11-23;194.625;24;True;0;84100000;nivel;Epagri;;;2;False;diaria;dea0d5f08b8c0f64_diario_derivado;;interna;horaria_agregada;media
2024-11-24;181.70833333333334;24;True;0;84100000;nivel;Epagri;;;2;False;diaria;dea0d5f08b8c0f64_diario_derivado;;interna;horaria_agregada;media
2024-11-25;166.625;24;True;0;84100000;nivel;Epagri;;;2;False;diaria;dea0d5f08b8c0f64_diario_derivado;;interna;horaria_agregada;media
2024-11-26;159.83333333333334;24;True;0;84100000;nivel;Epagri;;;2;False;diaria;dea0d5f08b8c0f64_diario_derivado;;interna;horaria_agregada;media
2024-11-27;164.95833333333334;24;True;0;84100000;nivel;Epagri;;;2;False;diaria;dea0d5f08b8c0f64_diario_derivado;;interna;horaria_agregada;media
2024-11-28;174.0;24;True;0;84100000;nivel;Epagri;;;2;False;diaria;dea0d5f08b8c0f64_diario_derivado;;interna;horaria_agregada;media
2024-11-29;158.91666666666666;24;True;0;84100000;nivel;Epagri;;;2;False;diaria;dea0d5f08b8c0f64_diario_derivado;;interna;horaria_agregada;media
2024-11-30;157.5;24;True;0;84100000;nivel;Epagri;;;2;False;diaria;dea0d5f08b8c0f64_diario_derivado;;interna;horaria_agregada;media
2024-12-01;153.95833333333334;24;True;0;84100000;nivel;Epagri;;;2;False;diaria;dea0d5f08b8c0f64_diario_derivado;;interna;horaria_agregada;media
2024-12-02;154.54166666666666;24;True;0;84100000;nivel;Epagri;;;2;False;diaria;dea0d5f08b8c0f64_diario_derivado;;interna;horaria_agregada;media
2024-12-03;152.04166666666666;24;True;0;84100000;nivel;Epagri;;;2;False;diaria;dea0d5f08b8c0f64_diario_derivado;;interna;horaria_agregada;media
2024-12-04;150.45833333333334;24;True;0;84100000;nivel;Epagri;;;2;False;diaria;dea0d5f08b8c0f64_diario_derivado;;interna;horaria_agregada;media
2024-12-05;149.41666666666666;24;True;0;84100000;nivel;Epagri;;;2;False;diaria;dea0d5f08b8c0f64_diario_derivado;;interna;horaria_agregada;media
2024-12-06;148.04166666666666;24;True;0;84100000;nivel;Epagri;;;2;False;diaria;dea0d5f08b8c0f64_diario_derivado;;interna;horaria_agregada;media
2024-12-07;180.83333333333334;24;True;0;84100000;nivel;Epagri;;;2;False;diaria;dea0d5f08b8c0f64_diario_derivado;;interna;horaria_agregada;media
2024-12-08;163.91666666666666;24;True;0;84100000;nivel;Epagri;;;2;False;diaria;dea0d5f08b8c0f64_diario_derivado;;interna;horaria_agregada;media
2024-12-09;181.375;24;True;0;84100000;nivel;Epagri;;;2;False;diaria;dea0d5f08b8c0f64_diario_derivado;;interna;horaria_agregada;media
2024-12-10;;23;False;0;84100000;nivel;Epagri;;;2;False;diaria;dea0d5f08b8c0f64_diario_derivado;;interna;horaria_agregada;media
2024-12-11;;21;False;0;84100000;nivel;Epagri;;;2;False;diaria;dea0d5f08b8c0f64_diario_derivado;;interna;horaria_agregada;media
2024-12-12;158.75;24;True;0;84100000;nivel;Epagri;;;2;False;diaria;dea0d5f08b8c0f64_diario_derivado;;interna;horaria_agregada;media
2024-12-13;154.58333333333334;24;True;0;84100000;nivel;Epagri;;;2;False;diaria;dea0d5f08b8c0f64_diario_derivado;;interna;horaria_agregada;media
2024-12-14;189.95833333333334;24;True;0;84100000;nivel;Epagri;;;2;False;diaria;dea0d5f08b8c0f64_diario_derivado;;interna;horaria_agregada;media
2024-12-15;164.875;24;True;0;84100000;nivel;Epagri;;;2;False;diaria;dea0d5f08b8c0f64_diario_derivado;;interna;horaria_agregada;media
2024-12-16;162.66666666666666;24;True;0;84100000;nivel;Epagri;;;2;False;diaria;dea0d5f08b8c0f64_diario_derivado;;interna;horaria_agregada;media
2024-12-17;170.54166666666666;24;True;0;84100000;nivel;Epagri;;;2;False;diaria;dea0d5f08b8c0f64_diario_derivado;;interna;horaria_agregada;media
2024-12-18;156.04166666666666;24;True;0;84100000;nivel;Epagri;;;2;False;diaria;dea0d5f08b8c0f64_diario_derivado;;interna;horaria_agregada;media
2024-12-19;154.33333333333334;24;True;0;84100000;nivel;Epagri;;;2;False;diaria;dea0d5f08b8c0f64_diario_derivado;;interna;horaria_agregada;media
2024-12-20;171.29166666666666;24;True;0;84100000;nivel;Epagri;;;2;False;diaria;dea0d5f08b8c0f64_diario_derivado;;interna;horaria_agregada;media
2024-12-21;154.45833333333334;24;True;0;84100000;nivel;Epagri;;;2;False;diaria;dea0d5f08b8c0f64_diario_derivado;;interna;horaria_agregada;media
2024-12-22;161.58333333333334;24;True;0;84100000;nivel;Epagri;;;2;False;diaria;dea0d5f08b8c0f64_diario_derivado;;interna;horaria_agregada;media
2024-12-23;158.0;24;True;0;84100000;nivel;Epagri;;;2;False;diaria;dea0d5f08b8c0f64_diario_derivado;;interna;horaria_agregada;media
2024-12-24;153.45833333333334;24;True;0;84100000;nivel;Epagri;;;2;False;diaria;dea0d5f08b8c0f64_diario_derivado;;interna;horaria_agregada;media
2024-12-25;167.66666666666666;24;True;0;84100000;nivel;Epagri;;;2;False;diaria;dea0d5f08b8c0f64_diario_derivado;;interna;horaria_agregada;media
2024-12-26;170.125;24;True;0;84100000;nivel;Epagri;;;2;False;diaria;dea0d5f08b8c0f64_diario_derivado;;interna;horaria_agregada;media
2024-12-27;155.33333333333334;24;True;0;84100000;nivel;Epagri;;;2;False;diaria;dea0d5f08b8c0f64_diario_derivado;;interna;horaria_agregada;media
2024-12-28;151.20833333333334;24;True;0;84100000;nivel;Epagri;;;2;False;diaria;dea0d5f08b8c0f64_diario_derivado;;interna;horaria_agregada;media
2024-12-29;156.91666666666666;24;True;0;84100000;nivel;Epagri;;;2;False;diaria;dea0d5f08b8c0f64_diario_derivado;;interna;horaria_agregada;media
2024-12-30;177.70833333333334;24;True;0;84100000;nivel;Epagri;;;2;False;diaria;dea0d5f08b8c0f64_diario_derivado;;interna;horaria_agregada;media
2024-12-31;162.5;24;True;0;84100000;nivel;Epagri;;;2;False;diaria;dea0d5f08b8c0f64_diario_derivado;;interna;horaria_agregada;media
2025-01-01;160.29166666666666;24;True;0;84100000;nivel;Epagri;;;2;False;diaria;dea0d5f08b8c0f64_diario_derivado;;interna;horaria_agregada;media
2025-01-02;171.16666666666666;24;True;0;84100000;nivel;Epagri;;;2;False;diaria;dea0d5f08b8c0f64_diario_derivado;;interna;horaria_agregada;media
2025-01-03;156.29166666666666;24;True;0;84100000;nivel;Epagri;;;2;False;diaria;dea0d5f08b8c0f64_diario_derivado;;interna;horaria_agregada;media
2025-01-04;151.08333333333334;24;True;0;84100000;nivel;Epagri;;;2;False;diaria;dea0d5f08b8c0f64_diario_derivado;;interna;horaria_agregada;media
2025-01-05;149.29166666666666;24;True;0;84100000;nivel;Epagri;;;2;False;diaria;dea0d5f08b8c0f64_diario_derivado;;interna;horaria_agregada;media
2025-01-06;149.58333333333334;24;True;0;84100000;nivel;Epagri;;;2;False;diaria;dea0d5f08b8c0f64_diario_derivado;;interna;horaria_agregada;media
2025-01-07;150.91666666666666;24;True;0;84100000;nivel;Epagri;;;2;False;diaria;dea0d5f08b8c0f64_diario_derivado;;interna;horaria_agregada;media
2025-01-08;147.70833333333334;24;True;0;84100000;nivel;Epagri;;;2;False;diaria;dea0d5f08b8c0f64_diario_derivado;;interna;horaria_agregada;media
2025-01-09;153.79166666666666;24;True;0;84100000;nivel;Epagri;;;2;False;diaria;dea0d5f08b8c0f64_diario_derivado;;interna;horaria_agregada;media
2025-01-10;149.0;24;True;0;84100000;nivel;Epagri;;;2;False;diaria;dea0d5f08b8c0f64_diario_derivado;;interna;horaria_agregada;media
2025-01-11;147.5;24;True;0;84100000;nivel;Epagri;;;2;False;diaria;dea0d5f08b8c0f64_diario_derivado;;interna;horaria_agregada;media
2025-01-12;151.125;24;True;0;84100000;nivel;Epagri;;;2;False;diaria;dea0d5f08b8c0f64_diario_derivado;;interna;horaria_agregada;media
2025-01-13;;23;False;0;84100000;nivel;Epagri;;;2;False;diaria;dea0d5f08b8c0f64_diario_derivado;;interna;horaria_agregada;media
2025-01-14;147.125;24;True;0;84100000;nivel;Epagri;;;2;False;diaria;dea0d5f08b8c0f64_diario_derivado;;interna;horaria_agregada;media
2025-01-15;144.41666666666666;24;True;0;84100000;nivel;Epagri;;;2;False;diaria;dea0d5f08b8c0f64_diario_derivado;;interna;horaria_agregada;media
2025-01-16;158.45833333333334;24;True;0;84100000;nivel;Epagri;;;2;False;diaria;dea0d5f08b8c0f64_diario_derivado;;interna;horaria_agregada;media
2025-01-17;288.2083333333333;24;True;0;84100000;nivel;Epagri;;;2;False;diaria;dea0d5f08b8c0f64_diario_derivado;;interna;horaria_agregada;media
2025-01-18;213.625;24;True;0;84100000;nivel;Epagri;;;2;False;diaria;dea0d5f08b8c0f64_diario_derivado;;interna;horaria_agregada;media
2025-01-19;184.83333333333334;24;True;0;84100000;nivel;Epagri;;;2;False;diaria;dea0d5f08b8c0f64_diario_derivado;;interna;horaria_agregada;media
2025-01-20;180.45833333333334;24;True;0;84100000;nivel;Epagri;;;2;False;diaria;dea0d5f08b8c0f64_diario_derivado;;interna;horaria_agregada;media
2025-01-21;175.95833333333334;24;True;0;84100000;nivel;Epagri;;;2;False;diaria;dea0d5f08b8c0f64_diario_derivado;;interna;horaria_agregada;media
2025-01-22;162.70833333333334;24;True;0;84100000;nivel;Epagri;;;2;False;diaria;dea0d5f08b8c0f64_diario_derivado;;interna;horaria_agregada;media
2025-01-23;157.70833333333334;24;True;0;84100000;nivel;Epagri;;;2;False;diaria;dea0d5f08b8c0f64_diario_derivado;;interna;horaria_agregada;media
2025-01-24;196.20833333333334;24;True;0;84100000;nivel;Epagri;;;2;False;diaria;dea0d5f08b8c0f64_diario_derivado;;interna;horaria_agregada;media
2025-01-25;213.08333333333334;24;True;0;84100000;nivel;Epagri;;;2;False;diaria;dea0d5f08b8c0f64_diario_derivado;;interna;horaria_agregada;media
2025-01-26;186.70833333333334;24;True;0;84100000;nivel;Epagri;;;2;False;diaria;dea0d5f08b8c0f64_diario_derivado;;interna;horaria_agregada;media
2025-01-27;169.04166666666666;24;True;0;84100000;nivel;Epagri;;;2;False;diaria;dea0d5f08b8c0f64_diario_derivado;;interna;horaria_agregada;media
2025-01-28;166.125;24;True;0;84100000;nivel;Epagri;;;2;False;diaria;dea0d5f08b8c0f64_diario_derivado;;interna;horaria_agregada;media
2025-01-29;175.125;24;True;0;84100000;nivel;Epagri;;;2;False;diaria;dea0d5f08b8c0f64_diario_derivado;;interna;horaria_agregada;media
2025-01-30;173.66666666666666;24;True;0;84100000;nivel;Epagri;;;2;False;diaria;dea0d5f08b8c0f64_diario_derivado;;interna;horaria_agregada;media
2025-01-31;165.20833333333334;24;True;0;84100000;nivel;Epagri;;;2;False;diaria;dea0d5f08b8c0f64_diario_derivado;;interna;horaria_agregada;media
2025-02-01;168.33333333333334;24;True;0;84100000;nivel;Epagri;;;2;False;diaria;dea0d5f08b8c0f64_diario_derivado;;interna;horaria_agregada;media
2025-02-02;166.54166666666666;24;True;0;84100000;nivel;Epagri;;;2;False;diaria;dea0d5f08b8c0f64_diario_derivado;;interna;horaria_agregada;media
2025-02-03;175.33333333333334;24;True;0;84100000;nivel;Epagri;;;2;False;diaria;dea0d5f08b8c0f64_diario_derivado;;interna;horaria_agregada;media
2025-02-04;183.66666666666666;24;True;0;84100000;nivel;Epagri;;;2;False;diaria;dea0d5f08b8c0f64_diario_derivado;;interna;horaria_agregada;media
2025-02-05;179.0;24;True;0;84100000;nivel;Epagri;;;2;False;diaria;dea0d5f08b8c0f64_diario_derivado;;interna;horaria_agregada;media
2025-02-06;172.5;24;True;0;84100000;nivel;Epagri;;;2;False;diaria;dea0d5f08b8c0f64_diario_derivado;;interna;horaria_agregada;media
2025-02-07;171.0;24;True;0;84100000;nivel;Epagri;;;2;False;diaria;dea0d5f08b8c0f64_diario_derivado;;interna;horaria_agregada;media
2025-02-08;161.125;24;True;0;84100000;nivel;Epagri;;;2;False;diaria;dea0d5f08b8c0f64_diario_derivado;;interna;horaria_agregada;media
2025-02-09;157.04166666666666;24;True;0;84100000;nivel;Epagri;;;2;False;diaria;dea0d5f08b8c0f64_diario_derivado;;interna;horaria_agregada;media
2025-02-10;154.83333333333334;24;True;0;84100000;nivel;Epagri;;;2;False;diaria;dea0d5f08b8c0f64_diario_derivado;;interna;horaria_agregada;media
2025-02-11;152.70833333333334;24;True;0;84100000;nivel;Epagri;;;2;False;diaria;dea0d5f08b8c0f64_diario_derivado;;interna;horaria_agregada;media
2025-02-12;;23;False;0;84100000;nivel;Epagri;;;2;False;diaria;dea0d5f08b8c0f64_diario_derivado;;interna;horaria_agregada;media
2025-02-13;152.91666666666666;24;True;0;84100000;nivel;Epagri;;;2;False;diaria;dea0d5f08b8c0f64_diario_derivado;;interna;horaria_agregada;media
2025-02-14;159.5;24;True;0;84100000;nivel;Epagri;;;2;False;diaria;dea0d5f08b8c0f64_diario_derivado;;interna;horaria_agregada;media
2025-02-15;154.95833333333334;24;True;0;84100000;nivel;Epagri;;;2;False;diaria;dea0d5f08b8c0f64_diario_derivado;;interna;horaria_agregada;media
2025-02-16;187.20833333333334;24;True;0;84100000;nivel;Epagri;;;2;False;diaria;dea0d5f08b8c0f64_diario_derivado;;interna;horaria_agregada;media
2025-02-17;176.75;24;True;0;84100000;nivel;Epagri;;;2;False;diaria;dea0d5f08b8c0f64_diario_derivado;;interna;horaria_agregada;media
2025-02-18;193.41666666666666;24;True;0;84100000;nivel;Epagri;;;2;False;diaria;dea0d5f08b8c0f64_diario_derivado;;interna;horaria_agregada;media
2025-02-19;167.45833333333334;24;True;0;84100000;nivel;Epagri;;;2;False;diaria;dea0d5f08b8c0f64_diario_derivado;;interna;horaria_agregada;media
2025-02-20;166.375;24;True;0;84100000;nivel;Epagri;;;2;False;diaria;dea0d5f08b8c0f64_diario_derivado;;interna;horaria_agregada;media
2025-02-21;162.625;24;True;0;84100000;nivel;Epagri;;;2;False;diaria;dea0d5f08b8c0f64_diario_derivado;;interna;horaria_agregada;media
2025-02-22;156.66666666666666;24;True;0;84100000;nivel;Epagri;;;2;False;diaria;dea0d5f08b8c0f64_diario_derivado;;interna;horaria_agregada;media
2025-02-23;154.58333333333334;24;True;0;84100000;nivel;Epagri;;;2;False;diaria;dea0d5f08b8c0f64_diario_derivado;;interna;horaria_agregada;media
2025-02-24;152.33333333333334;24;True;0;84100000;nivel;Epagri;;;2;False;diaria;dea0d5f08b8c0f64_diario_derivado;;interna;horaria_agregada;media
2025-02-25;150.45833333333334;24;True;0;84100000;nivel;Epagri;;;2;False;diaria;dea0d5f08b8c0f64_diario_derivado;;interna;horaria_agregada;media
2025-02-26;148.875;24;True;0;84100000;nivel;Epagri;;;2;False;diaria;dea0d5f08b8c0f64_diario_derivado;;interna;horaria_agregada;media
2025-02-27;147.83333333333334;24;True;0;84100000;nivel;Epagri;;;2;False;diaria;dea0d5f08b8c0f64_diario_derivado;;interna;horaria_agregada;media
2025-02-28;150.29166666666666;24;True;0;84100000;nivel;Epagri;;;2;False;diaria;dea0d5f08b8c0f64_diario_derivado;;interna;horaria_agregada;media
2025-03-01;146.41666666666666;24;True;0;84100000;nivel;Epagri;;;2;False;diaria;dea0d5f08b8c0f64_diario_derivado;;interna;horaria_agregada;media
2025-03-02;145.0;24;True;0;84100000;nivel;Epagri;;;2;False;diaria;dea0d5f08b8c0f64_diario_derivado;;interna;horaria_agregada;media
2025-03-03;143.75;24;True;0;84100000;nivel;Epagri;;;2;False;diaria;dea0d5f08b8c0f64_diario_derivado;;interna;horaria_agregada;media
2025-03-04;143.16666666666666;24;True;0;84100000;nivel;Epagri;;;2;False;diaria;dea0d5f08b8c0f64_diario_derivado;;interna;horaria_agregada;media
2025-03-05;142.66666666666666;24;True;0;84100000;nivel;Epagri;;;2;False;diaria;dea0d5f08b8c0f64_diario_derivado;;interna;horaria_agregada;media
2025-03-06;143.29166666666666;24;True;0;84100000;nivel;Epagri;;;2;False;diaria;dea0d5f08b8c0f64_diario_derivado;;interna;horaria_agregada;media
2025-03-07;142.08333333333334;24;True;0;84100000;nivel;Epagri;;;2;False;diaria;dea0d5f08b8c0f64_diario_derivado;;interna;horaria_agregada;media
2025-03-08;141.95833333333334;24;True;0;84100000;nivel;Epagri;;;2;False;diaria;dea0d5f08b8c0f64_diario_derivado;;interna;horaria_agregada;media
2025-03-09;143.95833333333334;24;True;0;84100000;nivel;Epagri;;;2;False;diaria;dea0d5f08b8c0f64_diario_derivado;;interna;horaria_agregada;media
2025-03-10;147.58333333333334;24;True;0;84100000;nivel;Epagri;;;2;False;diaria;dea0d5f08b8c0f64_diario_derivado;;interna;horaria_agregada;media
2025-03-11;145.125;24;True;0;84100000;nivel;Epagri;;;2;False;diaria;dea0d5f08b8c0f64_diario_derivado;;interna;horaria_agregada;media
2025-03-12;163.45833333333334;24;True;0;84100000;nivel;Epagri;;;2;False;diaria;dea0d5f08b8c0f64_diario_derivado;;interna;horaria_agregada;media
2025-03-13;148.58333333333334;24;True;0;84100000;nivel;Epagri;;;2;False;diaria;dea0d5f08b8c0f64_diario_derivado;;interna;horaria_agregada;media
2025-03-14;144.83333333333334;24;True;0;84100000;nivel;Epagri;;;2;False;diaria;dea0d5f08b8c0f64_diario_derivado;;interna;horaria_agregada;media
2025-03-15;141.83333333333334;24;True;0;84100000;nivel;Epagri;;;2;False;diaria;dea0d5f08b8c0f64_diario_derivado;;interna;horaria_agregada;media
2025-03-16;141.0;24;True;0;84100000;nivel;Epagri;;;2;False;diaria;dea0d5f08b8c0f64_diario_derivado;;interna;horaria_agregada;media
2025-03-17;140.45833333333334;24;True;0;84100000;nivel;Epagri;;;2;False;diaria;dea0d5f08b8c0f64_diario_derivado;;interna;horaria_agregada;media
2025-03-18;141.5;24;True;0;84100000;nivel;Epagri;;;2;False;diaria;dea0d5f08b8c0f64_diario_derivado;;interna;horaria_agregada;media
2025-03-19;164.45833333333334;24;True;0;84100000;nivel;Epagri;;;2;False;diaria;dea0d5f08b8c0f64_diario_derivado;;interna;horaria_agregada;media
2025-03-20;142.375;24;True;0;84100000;nivel;Epagri;;;2;False;diaria;dea0d5f08b8c0f64_diario_derivado;;interna;horaria_agregada;media
2025-03-21;140.45833333333334;24;True;0;84100000;nivel;Epagri;;;2;False;diaria;dea0d5f08b8c0f64_diario_derivado;;interna;horaria_agregada;media
2025-03-22;140.04166666666666;24;True;0;84100000;nivel;Epagri;;;2;False;diaria;dea0d5f08b8c0f64_diario_derivado;;interna;horaria_agregada;media
2025-03-23;142.5;24;True;0;84100000;nivel;Epagri;;;2;False;diaria;dea0d5f08b8c0f64_diario_derivado;;interna;horaria_agregada;media
2025-03-24;149.20833333333334;24;True;0;84100000;nivel;Epagri;;;2;False;diaria;dea0d5f08b8c0f64_diario_derivado;;interna;horaria_agregada;media
2025-03-25;151.20833333333334;24;True;0;84100000;nivel;Epagri;;;2;False;diaria;dea0d5f08b8c0f64_diario_derivado;;interna;horaria_agregada;media
2025-03-26;152.0;24;True;0;84100000;nivel;Epagri;;;2;False;diaria;dea0d5f08b8c0f64_diario_derivado;;interna;horaria_agregada;media
2025-03-27;141.75;24;True;0;84100000;nivel;Epagri;;;2;False;diaria;dea0d5f08b8c0f64_diario_derivado;;interna;horaria_agregada;media
2025-03-28;140.375;24;True;0;84100000;nivel;Epagri;;;2;False;diaria;dea0d5f08b8c0f64_diario_derivado;;interna;horaria_agregada;media
2025-03-29;139.625;24;True;0;84100000;nivel;Epagri;;;2;False;diaria;dea0d5f08b8c0f64_diario_derivado;;interna;horaria_agregada;media
2025-03-30;139.75;24;True;0;84100000;nivel;Epagri;;;2;False;diaria;dea0d5f08b8c0f64_diario_derivado;;interna;horaria_agregada;media
2025-03-31;138.66666666666666;24;True;0;84100000;nivel;Epagri;;;2;False;diaria;dea0d5f08b8c0f64_diario_derivado;;interna;horaria_agregada;media
2025-04-01;137.75;24;True;0;84100000;nivel;Epagri;;;2;False;diaria;dea0d5f08b8c0f64_diario_derivado;;interna;horaria_agregada;media
2025-04-02;137.5;24;True;0;84100000;nivel;Epagri;;;2;False;diaria;dea0d5f08b8c0f64_diario_derivado;;interna;horaria_agregada;media
2025-04-03;137.83333333333334;24;True;0;84100000;nivel;Epagri;;;2;False;diaria;dea0d5f08b8c0f64_diario_derivado;;interna;horaria_agregada;media
2025-04-04;142.625;24;True;0;84100000;nivel;Epagri;;;2;False;diaria;dea0d5f08b8c0f64_diario_derivado;;interna;horaria_agregada;media
2025-04-05;136.75;24;True;0;84100000;nivel;Epagri;;;2;False;diaria;dea0d5f08b8c0f64_diario_derivado;;interna;horaria_agregada;media
2025-04-06;135.20833333333334;24;True;0;84100000;nivel;Epagri;;;2;False;diaria;dea0d5f08b8c0f64_diario_derivado;;interna;horaria_agregada;media
2025-04-07;142.66666666666666;24;True;0;84100000;nivel;Epagri;;;2;False;diaria;dea0d5f08b8c0f64_diario_derivado;;interna;horaria_agregada;media
2025-04-08;163.08333333333334;24;True;0;84100000;nivel;Epagri;;;2;False;diaria;dea0d5f08b8c0f64_diario_derivado;;interna;horaria_agregada;media
2025-04-09;168.70833333333334;24;True;0;84100000;nivel;Epagri;;;2;False;diaria;dea0d5f08b8c0f64_diario_derivado;;interna;horaria_agregada;media
2025-04-10;158.625;24;True;0;84100000;nivel;Epagri;;;2;False;diaria;dea0d5f08b8c0f64_diario_derivado;;interna;horaria_agregada;media
2025-04-11;201.875;24;True;0;84100000;nivel;Epagri;;;2;False;diaria;dea0d5f08b8c0f64_diario_derivado;;interna;horaria_agregada;media
2025-04-12;159.375;24;True;0;84100000;nivel;Epagri;;;2;False;diaria;dea0d5f08b8c0f64_diario_derivado;;interna;horaria_agregada;media
2025-04-13;153.875;24;True;0;84100000;nivel;Epagri;;;2;False;diaria;dea0d5f08b8c0f64_diario_derivado;;interna;horaria_agregada;media
2025-04-14;151.58333333333334;24;True;0;84100000;nivel;Epagri;;;2;False;diaria;dea0d5f08b8c0f64_diario_derivado;;interna;horaria_agregada;media
2025-04-15;144.79166666666666;24;True;0;84100000;nivel;Epagri;;;2;False;diaria;dea0d5f08b8c0f64_diario_derivado;;interna;horaria_agregada;media
2025-04-16;142.70833333333334;24;True;0;84100000;nivel;Epagri;;;2;False;diaria;dea0d5f08b8c0f64_diario_derivado;;interna;horaria_agregada;media
2025-04-17;141.25;24;True;0;84100000;nivel;Epagri;;;2;False;diaria;dea0d5f08b8c0f64_diario_derivado;;interna;horaria_agregada;media
2025-04-18;140.83333333333334;24;True;0;84100000;nivel;Epagri;;;2;False;diaria;dea0d5f08b8c0f64_diario_derivado;;interna;horaria_agregada;media
2025-04-19;140.45833333333334;24;True;0;84100000;nivel;Epagri;;;2;False;diaria;dea0d5f08b8c0f64_diario_derivado;;interna;horaria_agregada;media
2025-04-20;139.66666666666666;24;True;0;84100000;nivel;Epagri;;;2;False;diaria;dea0d5f08b8c0f64_diario_derivado;;interna;horaria_agregada;media
2025-04-21;139.125;24;True;0;84100000;nivel;Epagri;;;2;False;diaria;dea0d5f08b8c0f64_diario_derivado;;interna;horaria_agregada;media
2025-04-22;138.375;24;True;0;84100000;nivel;Epagri;;;2;False;diaria;dea0d5f08b8c0f64_diario_derivado;;interna;horaria_agregada;media
2025-04-23;137.29166666666666;24;True;0;84100000;nivel;Epagri;;;2;False;diaria;dea0d5f08b8c0f64_diario_derivado;;interna;horaria_agregada;media
2025-04-24;136.25;24;True;0;84100000;nivel;Epagri;;;2;False;diaria;dea0d5f08b8c0f64_diario_derivado;;interna;horaria_agregada;media
2025-04-25;136.25;24;True;0;84100000;nivel;Epagri;;;2;False;diaria;dea0d5f08b8c0f64_diario_derivado;;interna;horaria_agregada;media
2025-04-26;134.375;24;True;0;84100000;nivel;Epagri;;;2;False;diaria;dea0d5f08b8c0f64_diario_derivado;;interna;horaria_agregada;media
2025-04-27;133.66666666666666;24;True;0;84100000;nivel;Epagri;;;2;False;diaria;dea0d5f08b8c0f64_diario_derivado;;interna;horaria_agregada;media
2025-04-28;135.16666666666666;24;True;0;84100000;nivel;Epagri;;;2;False;diaria;dea0d5f08b8c0f64_diario_derivado;;interna;horaria_agregada;media
2025-04-29;131.75;24;True;0;84100000;nivel;Epagri;;;2;False;diaria;dea0d5f08b8c0f64_diario_derivado;;interna;horaria_agregada;media
2025-04-30;130.29166666666666;24;True;0;84100000;nivel;Epagri;;;2;False;diaria;dea0d5f08b8c0f64_diario_derivado;;interna;horaria_agregada;media
2025-05-01;130.04166666666666;24;True;0;84100000;nivel;Epagri;;;2;False;diaria;dea0d5f08b8c0f64_diario_derivado;;interna;horaria_agregada;media
2025-05-02;129.95833333333334;24;True;0;84100000;nivel;Epagri;;;2;False;diaria;dea0d5f08b8c0f64_diario_derivado;;interna;horaria_agregada;media
2025-05-03;129.54166666666666;24;True;0;84100000;nivel;Epagri;;;2;False;diaria;dea0d5f08b8c0f64_diario_derivado;;interna;horaria_agregada;media
2025-05-04;129.29166666666666;24;True;0;84100000;nivel;Epagri;;;2;False;diaria;dea0d5f08b8c0f64_diario_derivado;;interna;horaria_agregada;media
2025-05-05;129.0;24;True;0;84100000;nivel;Epagri;;;2;False;diaria;dea0d5f08b8c0f64_diario_derivado;;interna;horaria_agregada;media
2025-05-06;128.91666666666666;24;True;0;84100000;nivel;Epagri;;;2;False;diaria;dea0d5f08b8c0f64_diario_derivado;;interna;horaria_agregada;media
2025-05-07;128.625;24;True;0;84100000;nivel;Epagri;;;2;False;diaria;dea0d5f08b8c0f64_diario_derivado;;interna;horaria_agregada;media
2025-05-08;128.75;24;True;0;84100000;nivel;Epagri;;;2;False;diaria;dea0d5f08b8c0f64_diario_derivado;;interna;horaria_agregada;media
2025-05-09;131.20833333333334;24;True;0;84100000;nivel;Epagri;;;2;False;diaria;dea0d5f08b8c0f64_diario_derivado;;interna;horaria_agregada;media
2025-05-10;151.91666666666666;24;True;0;84100000;nivel;Epagri;;;2;False;diaria;dea0d5f08b8c0f64_diario_derivado;;interna;horaria_agregada;media
2025-05-11;130.58333333333334;24;True;0;84100000;nivel;Epagri;;;2;False;diaria;dea0d5f08b8c0f64_diario_derivado;;interna;horaria_agregada;media
2025-05-12;128.875;24;True;0;84100000;nivel;Epagri;;;2;False;diaria;dea0d5f08b8c0f64_diario_derivado;;interna;horaria_agregada;media
2025-05-13;130.29166666666666;24;True;0;84100000;nivel;Epagri;;;2;False;diaria;dea0d5f08b8c0f64_diario_derivado;;interna;horaria_agregada;media
2025-05-14;152.70833333333334;24;True;0;84100000;nivel;Epagri;;;2;False;diaria;dea0d5f08b8c0f64_diario_derivado;;interna;horaria_agregada;media
2025-05-15;135.91666666666666;24;True;0;84100000;nivel;Epagri;;;2;False;diaria;dea0d5f08b8c0f64_diario_derivado;;interna;horaria_agregada;media
2025-05-16;130.25;24;True;0;84100000;nivel;Epagri;;;2;False;diaria;dea0d5f08b8c0f64_diario_derivado;;interna;horaria_agregada;media
2025-05-17;129.16666666666666;24;True;0;84100000;nivel;Epagri;;;2;False;diaria;dea0d5f08b8c0f64_diario_derivado;;interna;horaria_agregada;media
2025-05-18;128.91666666666666;24;True;0;84100000;nivel;Epagri;;;2;False;diaria;dea0d5f08b8c0f64_diario_derivado;;interna;horaria_agregada;media
2025-05-19;129.04166666666666;24;True;0;84100000;nivel;Epagri;;;2;False;diaria;dea0d5f08b8c0f64_diario_derivado;;interna;horaria_agregada;media
2025-05-20;128.625;24;True;0;84100000;nivel;Epagri;;;2;False;diaria;dea0d5f08b8c0f64_diario_derivado;;interna;horaria_agregada;media
2025-05-21;132.54166666666666;24;True;0;84100000;nivel;Epagri;;;2;False;diaria;dea0d5f08b8c0f64_diario_derivado;;interna;horaria_agregada;media
2025-05-22;;23;False;0;84100000;nivel;Epagri;;;2;False;diaria;dea0d5f08b8c0f64_diario_derivado;;interna;horaria_agregada;media
2025-05-23;;14;False;0;84100000;nivel;Epagri;;;2;False;diaria;dea0d5f08b8c0f64_diario_derivado;;interna;horaria_agregada;media
2025-05-24;;17;False;0;84100000;nivel;Epagri;;;2;False;diaria;dea0d5f08b8c0f64_diario_derivado;;interna;horaria_agregada;media
2025-05-25;;17;False;0;84100000;nivel;Epagri;;;2;False;diaria;dea0d5f08b8c0f64_diario_derivado;;interna;horaria_agregada;media
2025-05-26;;21;False;0;84100000;nivel;Epagri;;;2;False;diaria;dea0d5f08b8c0f64_diario_derivado;;interna;horaria_agregada;media
2025-05-27;134.79166666666666;24;True;0;84100000;nivel;Epagri;;;2;False;diaria;dea0d5f08b8c0f64_diario_derivado;;interna;horaria_agregada;media
2025-05-28;131.83333333333334;24;True;0;84100000;nivel;Epagri;;;2;False;diaria;dea0d5f08b8c0f64_diario_derivado;;interna;horaria_agregada;media
2025-05-29;129.83333333333334;24;True;0;84100000;nivel;Epagri;;;2;False;diaria;dea0d5f08b8c0f64_diario_derivado;;interna;horaria_agregada;media
2025-05-30;128.875;24;True;0;84100000;nivel;Epagri;;;2;False;diaria;dea0d5f08b8c0f64_diario_derivado;;interna;horaria_agregada;media
2025-05-31;128.625;24;True;0;84100000;nivel;Epagri;;;2;False;diaria;dea0d5f08b8c0f64_diario_derivado;;interna;horaria_agregada;media
2025-06-01;128.25;24;True;0;84100000;nivel;Epagri;;;2;False;diaria;dea0d5f08b8c0f64_diario_derivado;;interna;horaria_agregada;media
2025-06-02;127.95833333333333;24;True;0;84100000;nivel;Epagri;;;2;False;diaria;dea0d5f08b8c0f64_diario_derivado;;interna;horaria_agregada;media
2025-06-03;;19;False;0;84100000;nivel;Epagri;;;2;False;diaria;dea0d5f08b8c0f64_diario_derivado;;interna;horaria_agregada;media
2025-06-04;;19;False;0;84100000;nivel;Epagri;;;2;False;diaria;dea0d5f08b8c0f64_diario_derivado;;interna;horaria_agregada;media
2025-06-05;;19;False;0;84100000;nivel;Epagri;;;2;False;diaria;dea0d5f08b8c0f64_diario_derivado;;interna;horaria_agregada;media
2025-06-06;;17;False;0;84100000;nivel;Epagri;;;2;False;diaria;dea0d5f08b8c0f64_diario_derivado;;interna;horaria_agregada;media
2025-06-07;;19;False;0;84100000;nivel;Epagri;;;2;False;diaria;dea0d5f08b8c0f64_diario_derivado;;interna;horaria_agregada;media
2025-06-08;;17;False;0;84100000;nivel;Epagri;;;2;False;diaria;dea0d5f08b8c0f64_diario_derivado;;interna;horaria_agregada;media
2025-06-09;;18;False;0;84100000;nivel;Epagri;;;2;False;diaria;dea0d5f08b8c0f64_diario_derivado;;interna;horaria_agregada;media
2025-06-10;;17;False;0;84100000;nivel;Epagri;;;2;False;diaria;dea0d5f08b8c0f64_diario_derivado;;interna;horaria_agregada;media
2025-06-11;;15;False;0;84100000;nivel;Epagri;;;2;False;diaria;dea0d5f08b8c0f64_diario_derivado;;interna;horaria_agregada;media
2025-06-12;;15;False;0;84100000;nivel;Epagri;;;2;False;diaria;dea0d5f08b8c0f64_diario_derivado;;interna;horaria_agregada;media
2025-06-13;;14;False;0;84100000;nivel;Epagri;;;2;False;diaria;dea0d5f08b8c0f64_diario_derivado;;interna;horaria_agregada;media
2025-06-14;;15;False;0;84100000;nivel;Epagri;;;2;False;diaria;dea0d5f08b8c0f64_diario_derivado;;interna;horaria_agregada;media
2025-06-15;;11;False;0;84100000;nivel;Epagri;;;2;False;diaria;dea0d5f08b8c0f64_diario_derivado;;interna;horaria_agregada;media
2025-06-16;;14;False;0;84100000;nivel;Epagri;;;2;False;diaria;dea0d5f08b8c0f64_diario_derivado;;interna;horaria_agregada;media
2025-06-17;;16;False;0;84100000;nivel;Epagri;;;2;False;diaria;dea0d5f08b8c0f64_diario_derivado;;interna;horaria_agregada;media
2025-06-18;;13;False;0;84100000;nivel;Epagri;;;2;False;diaria;dea0d5f08b8c0f64_diario_derivado;;interna;horaria_agregada;media
2025-06-19;;10;False;0;84100000;nivel;Epagri;;;2;False;diaria;dea0d5f08b8c0f64_diario_derivado;;interna;horaria_agregada;media
2025-06-20;;12;False;0;84100000;nivel;Epagri;;;2;False;diaria;dea0d5f08b8c0f64_diario_derivado;;interna;horaria_agregada;media
2025-06-21;;12;False;0;84100000;nivel;Epagri;;;2;False;diaria;dea0d5f08b8c0f64_diario_derivado;;interna;horaria_agregada;media
2025-06-22;;11;False;0;84100000;nivel;Epagri;;;2;False;diaria;dea0d5f08b8c0f64_diario_derivado;;interna;horaria_agregada;media
2025-06-23;;12;False;0;84100000;nivel;Epagri;;;2;False;diaria;dea0d5f08b8c0f64_diario_derivado;;interna;horaria_agregada;media
2025-06-24;;11;False;0;84100000;nivel;Epagri;;;2;False;diaria;dea0d5f08b8c0f64_diario_derivado;;interna;horaria_agregada;media
2025-06-25;;11;False;0;84100000;nivel;Epagri;;;2;False;diaria;dea0d5f08b8c0f64_diario_derivado;;interna;horaria_agregada;media
2025-06-26;;0;False;0;84100000;nivel;Epagri;;;2;False;diaria;dea0d5f08b8c0f64_diario_derivado;;interna;horaria_agregada;media
2025-06-27;;13;False;0;84100000;nivel;Epagri;;;2;False;diaria;dea0d5f08b8c0f64_diario_derivado;;interna;horaria_agregada;media
2025-06-28;;0;False;0;84100000;nivel;Epagri;;;2;False;diaria;dea0d5f08b8c0f64_diario_derivado;;interna;horaria_agregada;media
2025-06-29;;11;False;0;84100000;nivel;Epagri;;;2;False;diaria;dea0d5f08b8c0f64_diario_derivado;;interna;horaria_agregada;media
2025-06-30;;8;False;0;84100000;nivel;Epagri;;;2;False;diaria;dea0d5f08b8c0f64_diario_derivado;;interna;horaria_agregada;media
2025-07-01;;10;False;0;84100000;nivel;Epagri;;;2;False;diaria;dea0d5f08b8c0f64_diario_derivado;;interna;horaria_agregada;media
2025-07-02;;10;False;0;84100000;nivel;Epagri;;;2;False;diaria;dea0d5f08b8c0f64_diario_derivado;;interna;horaria_agregada;media
2025-07-03;;11;False;0;84100000;nivel;Epagri;;;2;False;diaria;dea0d5f08b8c0f64_diario_derivado;;interna;horaria_agregada;media
2025-07-04;;11;False;0;84100000;nivel;Epagri;;;2;False;diaria;dea0d5f08b8c0f64_diario_derivado;;interna;horaria_agregada;media
2025-07-05;;11;False;0;84100000;nivel;Epagri;;;2;False;diaria;dea0d5f08b8c0f64_diario_derivado;;interna;horaria_agregada;media
2025-07-06;;11;False;0;84100000;nivel;Epagri;;;2;False;diaria;dea0d5f08b8c0f64_diario_derivado;;interna;horaria_agregada;media
2025-07-07;;10;False;0;84100000;nivel;Epagri;;;2;False;diaria;dea0d5f08b8c0f64_diario_derivado;;interna;horaria_agregada;media
2025-07-08;;11;False;0;84100000;nivel;Epagri;;;2;False;diaria;dea0d5f08b8c0f64_diario_derivado;;interna;horaria_agregada;media
2025-07-09;;11;False;0;84100000;nivel;Epagri;;;2;False;diaria;dea0d5f08b8c0f64_diario_derivado;;interna;horaria_agregada;media
2025-07-10;;11;False;0;84100000;nivel;Epagri;;;2;False;diaria;dea0d5f08b8c0f64_diario_derivado;;interna;horaria_agregada;media
2025-07-11;;11;False;0;84100000;nivel;Epagri;;;2;False;diaria;dea0d5f08b8c0f64_diario_derivado;;interna;horaria_agregada;media
2025-07-12;;9;False;0;84100000;nivel;Epagri;;;2;False;diaria;dea0d5f08b8c0f64_diario_derivado;;interna;horaria_agregada;media
2025-07-13;;10;False;0;84100000;nivel;Epagri;;;2;False;diaria;dea0d5f08b8c0f64_diario_derivado;;interna;horaria_agregada;media
2025-07-14;;9;False;0;84100000;nivel;Epagri;;;2;False;diaria;dea0d5f08b8c0f64_diario_derivado;;interna;horaria_agregada;media
2025-07-15;;10;False;0;84100000;nivel;Epagri;;;2;False;diaria;dea0d5f08b8c0f64_diario_derivado;;interna;horaria_agregada;media
2025-07-16;;10;False;0;84100000;nivel;Epagri;;;2;False;diaria;dea0d5f08b8c0f64_diario_derivado;;interna;horaria_agregada;media
2025-07-17;;9;False;0;84100000;nivel;Epagri;;;2;False;diaria;dea0d5f08b8c0f64_diario_derivado;;interna;horaria_agregada;media
2025-07-18;;9;False;0;84100000;nivel;Epagri;;;2;False;diaria;dea0d5f08b8c0f64_diario_derivado;;interna;horaria_agregada;media
2025-07-19;;10;False;0;84100000;nivel;Epagri;;;2;False;diaria;dea0d5f08b8c0f64_diario_derivado;;interna;horaria_agregada;media
2025-07-20;;10;False;0;84100000;nivel;Epagri;;;2;False;diaria;dea0d5f08b8c0f64_diario_derivado;;interna;horaria_agregada;media
2025-07-21;;10;False;0;84100000;nivel;Epagri;;;2;False;diaria;dea0d5f08b8c0f64_diario_derivado;;interna;horaria_agregada;media
2025-07-22;;10;False;0;84100000;nivel;Epagri;;;2;False;diaria;dea0d5f08b8c0f64_diario_derivado;;interna;horaria_agregada;media
2025-07-23;;7;False;0;84100000;nivel;Epagri;;;2;False;diaria;dea0d5f08b8c0f64_diario_derivado;;interna;horaria_agregada;media
2025-07-24;;0;False;0;84100000;nivel;Epagri;;;2;False;diaria;dea0d5f08b8c0f64_diario_derivado;;interna;horaria_agregada;media
2025-07-25;;9;False;0;84100000;nivel;Epagri;;;2;False;diaria;dea0d5f08b8c0f64_diario_derivado;;interna;horaria_agregada;media
2025-07-26;;11;False;0;84100000;nivel;Epagri;;;2;False;diaria;dea0d5f08b8c0f64_diario_derivado;;interna;horaria_agregada;media
2025-07-27;;10;False;0;84100000;nivel;Epagri;;;2;False;diaria;dea0d5f08b8c0f64_diario_derivado;;interna;horaria_agregada;media
2025-07-28;;7;False;0;84100000;nivel;Epagri;;;2;False;diaria;dea0d5f08b8c0f64_diario_derivado;;interna;horaria_agregada;media
2025-07-29;;9;False;0;84100000;nivel;Epagri;;;2;False;diaria;dea0d5f08b8c0f64_diario_derivado;;interna;horaria_agregada;media
2025-07-30;;10;False;0;84100000;nivel;Epagri;;;2;False;diaria;dea0d5f08b8c0f64_diario_derivado;;interna;horaria_agregada;media
2025-07-31;;10;False;0;84100000;nivel;Epagri;;;2;False;diaria;dea0d5f08b8c0f64_diario_derivado;;interna;horaria_agregada;media
2025-08-01;;10;False;0;84100000;nivel;Epagri;;;2;False;diaria;dea0d5f08b8c0f64_diario_derivado;;interna;horaria_agregada;media
2025-08-02;;11;False;0;84100000;nivel;Epagri;;;2;False;diaria;dea0d5f08b8c0f64_diario_derivado;;interna;horaria_agregada;media
2025-08-03;;9;False;0;84100000;nivel;Epagri;;;2;False;diaria;dea0d5f08b8c0f64_diario_derivado;;interna;horaria_agregada;media
2025-08-04;;6;False;0;84100000;nivel;Epagri;;;2;False;diaria;dea0d5f08b8c0f64_diario_derivado;;interna;horaria_agregada;media
2025-08-05;;0;False;0;84100000;nivel;Epagri;;;2;False;diaria;dea0d5f08b8c0f64_diario_derivado;;interna;horaria_agregada;media
2025-08-06;;0;False;0;84100000;nivel;Epagri;;;2;False;diaria;dea0d5f08b8c0f64_diario_derivado;;interna;horaria_agregada;media
2025-08-07;;6;False;0;84100000;nivel;Epagri;;;2;False;diaria;dea0d5f08b8c0f64_diario_derivado;;interna;horaria_agregada;media
2025-08-08;;4;False;0;84100000;nivel;Epagri;;;2;False;diaria;dea0d5f08b8c0f64_diario_derivado;;interna;horaria_agregada;media
2025-08-09;;8;False;0;84100000;nivel;Epagri;;;2;False;diaria;dea0d5f08b8c0f64_diario_derivado;;interna;horaria_agregada;media
2025-08-10;;9;False;0;84100000;nivel;Epagri;;;2;False;diaria;dea0d5f08b8c0f64_diario_derivado;;interna;horaria_agregada;media
2025-08-11;;9;False;0;84100000;nivel;Epagri;;;2;False;diaria;dea0d5f08b8c0f64_diario_derivado;;interna;horaria_agregada;media
2025-08-12;;10;False;0;84100000;nivel;Epagri;;;2;False;diaria;dea0d5f08b8c0f64_diario_derivado;;interna;horaria_agregada;media
2025-08-13;;9;False;0;84100000;nivel;Epagri;;;2;False;diaria;dea0d5f08b8c0f64_diario_derivado;;interna;horaria_agregada;media
2025-08-14;;8;False;0;84100000;nivel;Epagri;;;2;False;diaria;dea0d5f08b8c0f64_diario_derivado;;interna;horaria_agregada;media
2025-08-15;;8;False;0;84100000;nivel;Epagri;;;2;False;diaria;dea0d5f08b8c0f64_diario_derivado;;interna;horaria_agregada;media
2025-08-16;;9;False;0;84100000;nivel;Epagri;;;2;False;diaria;dea0d5f08b8c0f64_diario_derivado;;interna;horaria_agregada;media
2025-08-17;;9;False;0;84100000;nivel;Epagri;;;2;False;diaria;dea0d5f08b8c0f64_diario_derivado;;interna;horaria_agregada;media
2025-08-18;;10;False;0;84100000;nivel;Epagri;;;2;False;diaria;dea0d5f08b8c0f64_diario_derivado;;interna;horaria_agregada;media
2025-08-19;;7;False;0;84100000;nivel;Epagri;;;2;False;diaria;dea0d5f08b8c0f64_diario_derivado;;interna;horaria_agregada;media
2025-08-20;;8;False;0;84100000;nivel;Epagri;;;2;False;diaria;dea0d5f08b8c0f64_diario_derivado;;interna;horaria_agregada;media
2025-08-21;;8;False;0;84100000;nivel;Epagri;;;2;False;diaria;dea0d5f08b8c0f64_diario_derivado;;interna;horaria_agregada;media
2025-08-22;;8;False;0;84100000;nivel;Epagri;;;2;False;diaria;dea0d5f08b8c0f64_diario_derivado;;interna;horaria_agregada;media
2025-08-23;;8;False;0;84100000;nivel;Epagri;;;2;False;diaria;dea0d5f08b8c0f64_diario_derivado;;interna;horaria_agregada;media
2025-08-24;;0;False;0;84100000;nivel;Epagri;;;2;False;diaria;dea0d5f08b8c0f64_diario_derivado;;interna;horaria_agregada;media
2025-08-25;;0;False;0;84100000;nivel;Epagri;;;2;False;diaria;dea0d5f08b8c0f64_diario_derivado;;interna;horaria_agregada;media
2025-08-26;;0;False;0;84100000;nivel;Epagri;;;2;False;diaria;dea0d5f08b8c0f64_diario_derivado;;interna;horaria_agregada;media
2025-08-27;;0;False;0;84100000;nivel;Epagri;;;2;False;diaria;dea0d5f08b8c0f64_diario_derivado;;interna;horaria_agregada;media
2025-08-28;;5;False;0;84100000;nivel;Epagri;;;2;False;diaria;dea0d5f08b8c0f64_diario_derivado;;interna;horaria_agregada;media
2025-08-29;;0;False;0;84100000;nivel;Epagri;;;2;False;diaria;dea0d5f08b8c0f64_diario_derivado;;interna;horaria_agregada;media
2025-08-30;;0;False;0;84100000;nivel;Epagri;;;2;False;diaria;dea0d5f08b8c0f64_diario_derivado;;interna;horaria_agregada;media
2025-08-31;;0;False;0;84100000;nivel;Epagri;;;2;False;diaria;dea0d5f08b8c0f64_diario_derivado;;interna;horaria_agregada;media
2025-09-01;;0;False;0;84100000;nivel;Epagri;;;2;False;diaria;dea0d5f08b8c0f64_diario_derivado;;interna;horaria_agregada;media
2025-09-02;;0;False;0;84100000;nivel;Epagri;;;2;False;diaria;dea0d5f08b8c0f64_diario_derivado;;interna;horaria_agregada;media
2025-09-03;;0;False;0;84100000;nivel;Epagri;;;2;False;diaria;dea0d5f08b8c0f64_diario_derivado;;interna;horaria_agregada;media
2025-09-04;;9;False;0;84100000;nivel;Epagri;;;2;False;diaria;dea0d5f08b8c0f64_diario_derivado;;interna;horaria_agregada;media
2025-09-05;;0;False;0;84100000;nivel;Epagri;;;2;False;diaria;dea0d5f08b8c0f64_diario_derivado;;interna;horaria_agregada;media
2025-09-06;;3;False;0;84100000;nivel;Epagri;;;2;False;diaria;dea0d5f08b8c0f64_diario_derivado;;interna;horaria_agregada;media
2025-09-07;;0;False;0;84100000;nivel;Epagri;;;2;False;diaria;dea0d5f08b8c0f64_diario_derivado;;interna;horaria_agregada;media
2025-09-08;;0;False;0;84100000;nivel;Epagri;;;2;False;diaria;dea0d5f08b8c0f64_diario_derivado;;interna;horaria_agregada;media
2025-09-09;;7;False;0;84100000;nivel;Epagri;;;2;False;diaria;dea0d5f08b8c0f64_diario_derivado;;interna;horaria_agregada;media
2025-09-10;;8;False;0;84100000;nivel;Epagri;;;2;False;diaria;dea0d5f08b8c0f64_diario_derivado;;interna;horaria_agregada;media
2025-09-11;;7;False;0;84100000;nivel;Epagri;;;2;False;diaria;dea0d5f08b8c0f64_diario_derivado;;interna;horaria_agregada;media
2025-09-12;;7;False;0;84100000;nivel;Epagri;;;2;False;diaria;dea0d5f08b8c0f64_diario_derivado;;interna;horaria_agregada;media
2025-09-13;;7;False;0;84100000;nivel;Epagri;;;2;False;diaria;dea0d5f08b8c0f64_diario_derivado;;interna;horaria_agregada;media
2025-09-14;;5;False;0;84100000;nivel;Epagri;;;2;False;diaria;dea0d5f08b8c0f64_diario_derivado;;interna;horaria_agregada;media
2025-09-15;;0;False;0;84100000;nivel;Epagri;;;2;False;diaria;dea0d5f08b8c0f64_diario_derivado;;interna;horaria_agregada;media
2025-09-16;;9;False;0;84100000;nivel;Epagri;;;2;False;diaria;dea0d5f08b8c0f64_diario_derivado;;interna;horaria_agregada;media
2025-09-17;;5;False;0;84100000;nivel;Epagri;;;2;False;diaria;dea0d5f08b8c0f64_diario_derivado;;interna;horaria_agregada;media
2025-09-18;;5;False;0;84100000;nivel;Epagri;;;2;False;diaria;dea0d5f08b8c0f64_diario_derivado;;interna;horaria_agregada;media
2025-09-19;;11;False;0;84100000;nivel;Epagri;;;2;False;diaria;dea0d5f08b8c0f64_diario_derivado;;interna;horaria_agregada;media
2025-09-20;;0;False;0;84100000;nivel;Epagri;;;2;False;diaria;dea0d5f08b8c0f64_diario_derivado;;interna;horaria_agregada;media
2025-09-21;;3;False;0;84100000;nivel;Epagri;;;2;False;diaria;dea0d5f08b8c0f64_diario_derivado;;interna;horaria_agregada;media
2025-09-22;;0;False;0;84100000;nivel;Epagri;;;2;False;diaria;dea0d5f08b8c0f64_diario_derivado;;interna;horaria_agregada;media
2025-09-23;;7;False;0;84100000;nivel;Epagri;;;2;False;diaria;dea0d5f08b8c0f64_diario_derivado;;interna;horaria_agregada;media
2025-09-24;;8;False;0;84100000;nivel;Epagri;;;2;False;diaria;dea0d5f08b8c0f64_diario_derivado;;interna;horaria_agregada;media
2025-09-25;;9;False;0;84100000;nivel;Epagri;;;2;False;diaria;dea0d5f08b8c0f64_diario_derivado;;interna;horaria_agregada;media
2025-09-26;;10;False;0;84100000;nivel;Epagri;;;2;False;diaria;dea0d5f08b8c0f64_diario_derivado;;interna;horaria_agregada;media
2025-09-27;;5;False;0;84100000;nivel;Epagri;;;2;False;diaria;dea0d5f08b8c0f64_diario_derivado;;interna;horaria_agregada;media
2025-09-28;;3;False;0;84100000;nivel;Epagri;;;2;False;diaria;dea0d5f08b8c0f64_diario_derivado;;interna;horaria_agregada;media
2025-09-29;;9;False;0;84100000;nivel;Epagri;;;2;False;diaria;dea0d5f08b8c0f64_diario_derivado;;interna;horaria_agregada;media
2025-09-30;;9;False;0;84100000;nivel;Epagri;;;2;False;diaria;dea0d5f08b8c0f64_diario_derivado;;interna;horaria_agregada;media
2025-10-01;;7;False;0;84100000;nivel;Epagri;;;2;False;diaria;dea0d5f08b8c0f64_diario_derivado;;interna;horaria_agregada;media
2025-10-02;;5;False;0;84100000;nivel;Epagri;;;2;False;diaria;dea0d5f08b8c0f64_diario_derivado;;interna;horaria_agregada;media
2025-10-03;;0;False;0;84100000;nivel;Epagri;;;2;False;diaria;dea0d5f08b8c0f64_diario_derivado;;interna;horaria_agregada;media
2025-10-04;;9;False;0;84100000;nivel;Epagri;;;2;False;diaria;dea0d5f08b8c0f64_diario_derivado;;interna;horaria_agregada;media
2025-10-05;;10;False;0;84100000;nivel;Epagri;;;2;False;diaria;dea0d5f08b8c0f64_diario_derivado;;interna;horaria_agregada;media
2025-10-06;;4;False;0;84100000;nivel;Epagri;;;2;False;diaria;dea0d5f08b8c0f64_diario_derivado;;interna;horaria_agregada;media
2025-10-07;;5;False;0;84100000;nivel;Epagri;;;2;False;diaria;dea0d5f08b8c0f64_diario_derivado;;interna;horaria_agregada;media
2025-10-08;;7;False;0;84100000;nivel;Epagri;;;2;False;diaria;dea0d5f08b8c0f64_diario_derivado;;interna;horaria_agregada;media
2025-10-09;;5;False;0;84100000;nivel;Epagri;;;2;False;diaria;dea0d5f08b8c0f64_diario_derivado;;interna;horaria_agregada;media
2025-10-10;;0;False;0;84100000;nivel;Epagri;;;2;False;diaria;dea0d5f08b8c0f64_diario_derivado;;interna;horaria_agregada;media
2025-10-11;;9;False;0;84100000;nivel;Epagri;;;2;False;diaria;dea0d5f08b8c0f64_diario_derivado;;interna;horaria_agregada;media
2025-10-12;;9;False;0;84100000;nivel;Epagri;;;2;False;diaria;dea0d5f08b8c0f64_diario_derivado;;interna;horaria_agregada;media
2025-10-13;;12;False;0;84100000;nivel;Epagri;;;2;False;diaria;dea0d5f08b8c0f64_diario_derivado;;interna;horaria_agregada;media
2025-10-14;;10;False;0;84100000;nivel;Epagri;;;2;False;diaria;dea0d5f08b8c0f64_diario_derivado;;interna;horaria_agregada;media
2025-10-15;;6;False;0;84100000;nivel;Epagri;;;2;False;diaria;dea0d5f08b8c0f64_diario_derivado;;interna;horaria_agregada;media
2025-10-16;;11;False;0;84100000;nivel;Epagri;;;2;False;diaria;dea0d5f08b8c0f64_diario_derivado;;interna;horaria_agregada;media
2025-10-17;;11;False;0;84100000;nivel;Epagri;;;2;False;diaria;dea0d5f08b8c0f64_diario_derivado;;interna;horaria_agregada;media
2025-10-18;;12;False;0;84100000;nivel;Epagri;;;2;False;diaria;dea0d5f08b8c0f64_diario_derivado;;interna;horaria_agregada;media
2025-10-19;;12;False;0;84100000;nivel;Epagri;;;2;False;diaria;dea0d5f08b8c0f64_diario_derivado;;interna;horaria_agregada;media
2025-10-20;;13;False;0;84100000;nivel;Epagri;;;2;False;diaria;dea0d5f08b8c0f64_diario_derivado;;interna;horaria_agregada;media
2025-10-21;;13;False;0;84100000;nivel;Epagri;;;2;False;diaria;dea0d5f08b8c0f64_diario_derivado;;interna;horaria_agregada;media
2025-10-22;;13;False;0;84100000;nivel;Epagri;;;2;False;diaria;dea0d5f08b8c0f64_diario_derivado;;interna;horaria_agregada;media
2025-10-23;;14;False;0;84100000;nivel;Epagri;;;2;False;diaria;dea0d5f08b8c0f64_diario_derivado;;interna;horaria_agregada;media
2025-10-24;;13;False;0;84100000;nivel;Epagri;;;2;False;diaria;dea0d5f08b8c0f64_diario_derivado;;interna;horaria_agregada;media
2025-10-25;;12;False;0;84100000;nivel;Epagri;;;2;False;diaria;dea0d5f08b8c0f64_diario_derivado;;interna;horaria_agregada;media
2025-10-26;;12;False;0;84100000;nivel;Epagri;;;2;False;diaria;dea0d5f08b8c0f64_diario_derivado;;interna;horaria_agregada;media
2025-10-27;;10;False;0;84100000;nivel;Epagri;;;2;False;diaria;dea0d5f08b8c0f64_diario_derivado;;interna;horaria_agregada;media
2025-10-28;;11;False;0;84100000;nivel;Epagri;;;2;False;diaria;dea0d5f08b8c0f64_diario_derivado;;interna;horaria_agregada;media
2025-10-29;;11;False;0;84100000;nivel;Epagri;;;2;False;diaria;dea0d5f08b8c0f64_diario_derivado;;interna;horaria_agregada;media
2025-10-30;;10;False;0;84100000;nivel;Epagri;;;2;False;diaria;dea0d5f08b8c0f64_diario_derivado;;interna;horaria_agregada;media
2025-10-31;;12;False;0;84100000;nivel;Epagri;;;2;False;diaria;dea0d5f08b8c0f64_diario_derivado;;interna;horaria_agregada;media
2025-11-01;;13;False;0;84100000;nivel;Epagri;;;2;False;diaria;dea0d5f08b8c0f64_diario_derivado;;interna;horaria_agregada;media
2025-11-02;;13;False;0;84100000;nivel;Epagri;;;2;False;diaria;dea0d5f08b8c0f64_diario_derivado;;interna;horaria_agregada;media
2025-11-03;;13;False;0;84100000;nivel;Epagri;;;2;False;diaria;dea0d5f08b8c0f64_diario_derivado;;interna;horaria_agregada;media
2025-11-04;;13;False;0;84100000;nivel;Epagri;;;2;False;diaria;dea0d5f08b8c0f64_diario_derivado;;interna;horaria_agregada;media
2025-11-05;;14;False;0;84100000;nivel;Epagri;;;2;False;diaria;dea0d5f08b8c0f64_diario_derivado;;interna;horaria_agregada;media
2025-11-06;;14;False;0;84100000;nivel;Epagri;;;2;False;diaria;dea0d5f08b8c0f64_diario_derivado;;interna;horaria_agregada;media
2025-11-07;;9;False;0;84100000;nivel;Epagri;;;2;False;diaria;dea0d5f08b8c0f64_diario_derivado;;interna;horaria_agregada;media
2025-11-08;;13;False;0;84100000;nivel;Epagri;;;2;False;diaria;dea0d5f08b8c0f64_diario_derivado;;interna;horaria_agregada;media
2025-11-09;;12;False;0;84100000;nivel;Epagri;;;2;False;diaria;dea0d5f08b8c0f64_diario_derivado;;interna;horaria_agregada;media
2025-11-10;;13;False;0;84100000;nivel;Epagri;;;2;False;diaria;dea0d5f08b8c0f64_diario_derivado;;interna;horaria_agregada;media
2025-11-11;;13;False;0;84100000;nivel;Epagri;;;2;False;diaria;dea0d5f08b8c0f64_diario_derivado;;interna;horaria_agregada;media
2025-11-12;;13;False;0;84100000;nivel;Epagri;;;2;False;diaria;dea0d5f08b8c0f64_diario_derivado;;interna;horaria_agregada;media
2025-11-13;;14;False;0;84100000;nivel;Epagri;;;2;False;diaria;dea0d5f08b8c0f64_diario_derivado;;interna;horaria_agregada;media
2025-11-14;;13;False;0;84100000;nivel;Epagri;;;2;False;diaria;dea0d5f08b8c0f64_diario_derivado;;interna;horaria_agregada;media
2025-11-15;;14;False;0;84100000;nivel;Epagri;;;2;False;diaria;dea0d5f08b8c0f64_diario_derivado;;interna;horaria_agregada;media
2025-11-16;;14;False;0;84100000;nivel;Epagri;;;2;False;diaria;dea0d5f08b8c0f64_diario_derivado;;interna;horaria_agregada;media
2025-11-17;;11;False;0;84100000;nivel;Epagri;;;2;False;diaria;dea0d5f08b8c0f64_diario_derivado;;interna;horaria_agregada;media
2025-11-18;;12;False;0;84100000;nivel;Epagri;;;2;False;diaria;dea0d5f08b8c0f64_diario_derivado;;interna;horaria_agregada;media
2025-11-19;;14;False;0;84100000;nivel;Epagri;;;2;False;diaria;dea0d5f08b8c0f64_diario_derivado;;interna;horaria_agregada;media
2025-11-20;;14;False;0;84100000;nivel;Epagri;;;2;False;diaria;dea0d5f08b8c0f64_diario_derivado;;interna;horaria_agregada;media
2025-11-21;;14;False;0;84100000;nivel;Epagri;;;2;False;diaria;dea0d5f08b8c0f64_diario_derivado;;interna;horaria_agregada;media
2025-11-22;;10;False;0;84100000;nivel;Epagri;;;2;False;diaria;dea0d5f08b8c0f64_diario_derivado;;interna;horaria_agregada;media
2025-11-23;;12;False;0;84100000;nivel;Epagri;;;2;False;diaria;dea0d5f08b8c0f64_diario_derivado;;interna;horaria_agregada;media
2025-11-24;;14;False;0;84100000;nivel;Epagri;;;2;False;diaria;dea0d5f08b8c0f64_diario_derivado;;interna;horaria_agregada;media
2025-11-25;;14;False;0;84100000;nivel;Epagri;;;2;False;diaria;dea0d5f08b8c0f64_diario_derivado;;interna;horaria_agregada;media
2025-11-26;;13;False;0;84100000;nivel;Epagri;;;2;False;diaria;dea0d5f08b8c0f64_diario_derivado;;interna;horaria_agregada;media
2025-11-27;;13;False;0;84100000;nivel;Epagri;;;2;False;diaria;dea0d5f08b8c0f64_diario_derivado;;interna;horaria_agregada;media
2025-11-28;;13;False;0;84100000;nivel;Epagri;;;2;False;diaria;dea0d5f08b8c0f64_diario_derivado;;interna;horaria_agregada;media
2025-11-29;;14;False;0;84100000;nivel;Epagri;;;2;False;diaria;dea0d5f08b8c0f64_diario_derivado;;interna;horaria_agregada;media
2025-11-30;;13;False;0;84100000;nivel;Epagri;;;2;False;diaria;dea0d5f08b8c0f64_diario_derivado;;interna;horaria_agregada;media
2025-12-01;;10;False;0;84100000;nivel;Epagri;;;2;False;diaria;dea0d5f08b8c0f64_diario_derivado;;interna;horaria_agregada;media
2025-12-02;;12;False;0;84100000;nivel;Epagri;;;2;False;diaria;dea0d5f08b8c0f64_diario_derivado;;interna;horaria_agregada;media
2025-12-03;;14;False;0;84100000;nivel;Epagri;;;2;False;diaria;dea0d5f08b8c0f64_diario_derivado;;interna;horaria_agregada;media
2025-12-04;;14;False;0;84100000;nivel;Epagri;;;2;False;diaria;dea0d5f08b8c0f64_diario_derivado;;interna;horaria_agregada;media
2025-12-05;;14;False;0;84100000;nivel;Epagri;;;2;False;diaria;dea0d5f08b8c0f64_diario_derivado;;interna;horaria_agregada;media
2025-12-06;;14;False;0;84100000;nivel;Epagri;;;2;False;diaria;dea0d5f08b8c0f64_diario_derivado;;interna;horaria_agregada;media
2025-12-07;;7;False;0;84100000;nivel;Epagri;;;2;False;diaria;dea0d5f08b8c0f64_diario_derivado;;interna;horaria_agregada;media
2025-12-08;;14;False;0;84100000;nivel;Epagri;;;2;False;diaria;dea0d5f08b8c0f64_diario_derivado;;interna;horaria_agregada;media
2025-12-09;;0;False;0;84100000;nivel;Epagri;;;2;False;diaria;dea0d5f08b8c0f64_diario_derivado;;interna;horaria_agregada;media
2025-12-10;;12;False;0;84100000;nivel;Epagri;;;2;False;diaria;dea0d5f08b8c0f64_diario_derivado;;interna;horaria_agregada;media
2025-12-11;;12;False;0;84100000;nivel;Epagri;;;2;False;diaria;dea0d5f08b8c0f64_diario_derivado;;interna;horaria_agregada;media
2025-12-12;;0;False;0;84100000;nivel;Epagri;;;2;False;diaria;dea0d5f08b8c0f64_diario_derivado;;interna;horaria_agregada;media
2025-12-13;;10;False;0;84100000;nivel;Epagri;;;2;False;diaria;dea0d5f08b8c0f64_diario_derivado;;interna;horaria_agregada;media
2025-12-14;;14;False;0;84100000;nivel;Epagri;;;2;False;diaria;dea0d5f08b8c0f64_diario_derivado;;interna;horaria_agregada;media
2025-12-15;;0;False;0;84100000;nivel;Epagri;;;2;False;diaria;dea0d5f08b8c0f64_diario_derivado;;interna;horaria_agregada;media
2025-12-16;;6;False;0;84100000;nivel;Epagri;;;2;False;diaria;dea0d5f08b8c0f64_diario_derivado;;interna;horaria_agregada;media
2025-12-17;;0;False;0;84100000;nivel;Epagri;;;2;False;diaria;dea0d5f08b8c0f64_diario_derivado;;interna;horaria_agregada;media
2025-12-18;;6;False;0;84100000;nivel;Epagri;;;2;False;diaria;dea0d5f08b8c0f64_diario_derivado;;interna;horaria_agregada;media
2025-12-19;;12;False;0;84100000;nivel;Epagri;;;2;False;diaria;dea0d5f08b8c0f64_diario_derivado;;interna;horaria_agregada;media
2025-12-20;;8;False;0;84100000;nivel;Epagri;;;2;False;diaria;dea0d5f08b8c0f64_diario_derivado;;interna;horaria_agregada;media
2025-12-21;;11;False;0;84100000;nivel;Epagri;;;2;False;diaria;dea0d5f08b8c0f64_diario_derivado;;interna;horaria_agregada;media
2025-12-22;;9;False;0;84100000;nivel;Epagri;;;2;False;diaria;dea0d5f08b8c0f64_diario_derivado;;interna;horaria_agregada;media
2025-12-23;;11;False;0;84100000;nivel;Epagri;;;2;False;diaria;dea0d5f08b8c0f64_diario_derivado;;interna;horaria_agregada;media
2025-12-24;;11;False;0;84100000;nivel;Epagri;;;2;False;diaria;dea0d5f08b8c0f64_diario_derivado;;interna;horaria_agregada;media
2025-12-25;;8;False;0;84100000;nivel;Epagri;;;2;False;diaria;dea0d5f08b8c0f64_diario_derivado;;interna;horaria_agregada;media
2025-12-26;;8;False;0;84100000;nivel;Epagri;;;2;False;diaria;dea0d5f08b8c0f64_diario_derivado;;interna;horaria_agregada;media
2025-12-27;;7;False;0;84100000;nivel;Epagri;;;2;False;diaria;dea0d5f08b8c0f64_diario_derivado;;interna;horaria_agregada;media
2025-12-28;;9;False;0;84100000;nivel;Epagri;;;2;False;diaria;dea0d5f08b8c0f64_diario_derivado;;interna;horaria_agregada;media
2025-12-29;;6;False;0;84100000;nivel;Epagri;;;2;False;diaria;dea0d5f08b8c0f64_diario_derivado;;interna;horaria_agregada;media
2025-12-30;;6;False;0;84100000;nivel;Epagri;;;2;False;diaria;dea0d5f08b8c0f64_diario_derivado;;interna;horaria_agregada;media
2025-12-31;;7;False;0;84100000;nivel;Epagri;;;2;False;diaria;dea0d5f08b8c0f64_diario_derivado;;interna;horaria_agregada;media
2026-01-01;;8;False;0;84100000;nivel;Epagri;;;2;False;diaria;dea0d5f08b8c0f64_diario_derivado;;interna;horaria_agregada;media
2026-01-02;;7;False;0;84100000;nivel;Epagri;;;2;False;diaria;dea0d5f08b8c0f64_diario_derivado;;interna;horaria_agregada;media
2026-01-03;;7;False;0;84100000;nivel;Epagri;;;2;False;diaria;dea0d5f08b8c0f64_diario_derivado;;interna;horaria_agregada;media
2026-01-04;;8;False;0;84100000;nivel;Epagri;;;2;False;diaria;dea0d5f08b8c0f64_diario_derivado;;interna;horaria_agregada;media
2026-01-05;;8;False;0;84100000;nivel;Epagri;;;2;False;diaria;dea0d5f08b8c0f64_diario_derivado;;interna;horaria_agregada;media
2026-01-06;;10;False;0;84100000;nivel;Epagri;;;2;False;diaria;dea0d5f08b8c0f64_diario_derivado;;interna;horaria_agregada;media
2026-01-07;;9;False;0;84100000;nivel;Epagri;;;2;False;diaria;dea0d5f08b8c0f64_diario_derivado;;interna;horaria_agregada;media
2026-01-08;;4;False;0;84100000;nivel;Epagri;;;2;False;diaria;dea0d5f08b8c0f64_diario_derivado;;interna;horaria_agregada;media
2026-01-09;;7;False;0;84100000;nivel;Epagri;;;2;False;diaria;dea0d5f08b8c0f64_diario_derivado;;interna;horaria_agregada;media
2026-01-10;;6;False;0;84100000;nivel;Epagri;;;2;False;diaria;dea0d5f08b8c0f64_diario_derivado;;interna;horaria_agregada;media
2026-01-11;;7;False;0;84100000;nivel;Epagri;;;2;False;diaria;dea0d5f08b8c0f64_diario_derivado;;interna;horaria_agregada;media
2026-01-12;;5;False;0;84100000;nivel;Epagri;;;2;False;diaria;dea0d5f08b8c0f64_diario_derivado;;interna;horaria_agregada;media
2026-01-13;;6;False;0;84100000;nivel;Epagri;;;2;False;diaria;dea0d5f08b8c0f64_diario_derivado;;interna;horaria_agregada;media
2026-01-14;;8;False;0;84100000;nivel;Epagri;;;2;False;diaria;dea0d5f08b8c0f64_diario_derivado;;interna;horaria_agregada;media
2026-01-15;;8;False;0;84100000;nivel;Epagri;;;2;False;diaria;dea0d5f08b8c0f64_diario_derivado;;interna;horaria_agregada;media
2026-01-16;;7;False;0;84100000;nivel;Epagri;;;2;False;diaria;dea0d5f08b8c0f64_diario_derivado;;interna;horaria_agregada;media
2026-01-17;;6;False;0;84100000;nivel;Epagri;;;2;False;diaria;dea0d5f08b8c0f64_diario_derivado;;interna;horaria_agregada;media
2026-01-18;;7;False;0;84100000;nivel;Epagri;;;2;False;diaria;dea0d5f08b8c0f64_diario_derivado;;interna;horaria_agregada;media
2026-01-19;;3;False;0;84100000;nivel;Epagri;;;2;False;diaria;dea0d5f08b8c0f64_diario_derivado;;interna;horaria_agregada;media
2026-01-20;;8;False;0;84100000;nivel;Epagri;;;2;False;diaria;dea0d5f08b8c0f64_diario_derivado;;interna;horaria_agregada;media
2026-01-21;;7;False;0;84100000;nivel;Epagri;;;2;False;diaria;dea0d5f08b8c0f64_diario_derivado;;interna;horaria_agregada;media
2026-01-22;;9;False;0;84100000;nivel;Epagri;;;2;False;diaria;dea0d5f08b8c0f64_diario_derivado;;interna;horaria_agregada;media
2026-01-23;;9;False;0;84100000;nivel;Epagri;;;2;False;diaria;dea0d5f08b8c0f64_diario_derivado;;interna;horaria_agregada;media
2026-01-24;;9;False;0;84100000;nivel;Epagri;;;2;False;diaria;dea0d5f08b8c0f64_diario_derivado;;interna;horaria_agregada;media
2026-01-25;;8;False;0;84100000;nivel;Epagri;;;2;False;diaria;dea0d5f08b8c0f64_diario_derivado;;interna;horaria_agregada;media
2026-01-26;;9;False;0;84100000;nivel;Epagri;;;2;False;diaria;dea0d5f08b8c0f64_diario_derivado;;interna;horaria_agregada;media
2026-01-27;;8;False;0;84100000;nivel;Epagri;;;2;False;diaria;dea0d5f08b8c0f64_diario_derivado;;interna;horaria_agregada;media
2026-01-28;;10;False;0;84100000;nivel;Epagri;;;2;False;diaria;dea0d5f08b8c0f64_diario_derivado;;interna;horaria_agregada;media
2026-01-29;;6;False;0;84100000;nivel;Epagri;;;2;False;diaria;dea0d5f08b8c0f64_diario_derivado;;interna;horaria_agregada;media
2026-01-30;;6;False;0;84100000;nivel;Epagri;;;2;False;diaria;dea0d5f08b8c0f64_diario_derivado;;interna;horaria_agregada;media
2026-01-31;;7;False;0;84100000;nivel;Epagri;;;2;False;diaria;dea0d5f08b8c0f64_diario_derivado;;interna;horaria_agregada;media
2026-02-01;;9;False;0;84100000;nivel;Epagri;;;2;False;diaria;dea0d5f08b8c0f64_diario_derivado;;interna;horaria_agregada;media
2026-02-02;;9;False;0;84100000;nivel;Epagri;;;2;False;diaria;dea0d5f08b8c0f64_diario_derivado;;interna;horaria_agregada;media
2026-02-03;;5;False;0;84100000;nivel;Epagri;;;2;False;diaria;dea0d5f08b8c0f64_diario_derivado;;interna;horaria_agregada;media
2026-02-04;;6;False;0;84100000;nivel;Epagri;;;2;False;diaria;dea0d5f08b8c0f64_diario_derivado;;interna;horaria_agregada;media
2026-02-05;;9;False;0;84100000;nivel;Epagri;;;2;False;diaria;dea0d5f08b8c0f64_diario_derivado;;interna;horaria_agregada;media
2026-02-06;;10;False;0;84100000;nivel;Epagri;;;2;False;diaria;dea0d5f08b8c0f64_diario_derivado;;interna;horaria_agregada;media
2026-02-07;;8;False;0;84100000;nivel;Epagri;;;2;False;diaria;dea0d5f08b8c0f64_diario_derivado;;interna;horaria_agregada;media
2026-02-08;;8;False;0;84100000;nivel;Epagri;;;2;False;diaria;dea0d5f08b8c0f64_diario_derivado;;interna;horaria_agregada;media
2026-02-09;;8;False;0;84100000;nivel;Epagri;;;2;False;diaria;dea0d5f08b8c0f64_diario_derivado;;interna;horaria_agregada;media
2026-02-10;;7;False;0;84100000;nivel;Epagri;;;2;False;diaria;dea0d5f08b8c0f64_diario_derivado;;interna;horaria_agregada;media
2026-02-11;;9;False;0;84100000;nivel;Epagri;;;2;False;diaria;dea0d5f08b8c0f64_diario_derivado;;interna;horaria_agregada;media
2026-02-12;;10;False;0;84100000;nivel;Epagri;;;2;False;diaria;dea0d5f08b8c0f64_diario_derivado;;interna;horaria_agregada;media
2026-02-13;;6;False;0;84100000;nivel;Epagri;;;2;False;diaria;dea0d5f08b8c0f64_diario_derivado;;interna;horaria_agregada;media
2026-02-14;;0;False;0;84100000;nivel;Epagri;;;2;False;diaria;dea0d5f08b8c0f64_diario_derivado;;interna;horaria_agregada;media
2026-02-15;;6;False;0;84100000;nivel;Epagri;;;2;False;diaria;dea0d5f08b8c0f64_diario_derivado;;interna;horaria_agregada;media
2026-02-16;;7;False;0;84100000;nivel;Epagri;;;2;False;diaria;dea0d5f08b8c0f64_diario_derivado;;interna;horaria_agregada;media
2026-02-17;;5;False;0;84100000;nivel;Epagri;;;2;False;diaria;dea0d5f08b8c0f64_diario_derivado;;interna;horaria_agregada;media
2026-02-18;;7;False;0;84100000;nivel;Epagri;;;2;False;diaria;dea0d5f08b8c0f64_diario_derivado;;interna;horaria_agregada;media
2026-02-19;;8;False;0;84100000;nivel;Epagri;;;2;False;diaria;dea0d5f08b8c0f64_diario_derivado;;interna;horaria_agregada;media
2026-02-20;;4;False;0;84100000;nivel;Epagri;;;2;False;diaria;dea0d5f08b8c0f64_diario_derivado;;interna;horaria_agregada;media
2026-02-21;;4;False;0;84100000;nivel;Epagri;;;2;False;diaria;dea0d5f08b8c0f64_diario_derivado;;interna;horaria_agregada;media
2026-02-22;;8;False;0;84100000;nivel;Epagri;;;2;False;diaria;dea0d5f08b8c0f64_diario_derivado;;interna;horaria_agregada;media
2026-02-23;;7;False;0;84100000;nivel;Epagri;;;2;False;diaria;dea0d5f08b8c0f64_diario_derivado;;interna;horaria_agregada;media
2026-02-24;;0;False;0;84100000;nivel;Epagri;;;2;False;diaria;dea0d5f08b8c0f64_diario_derivado;;interna;horaria_agregada;media
2026-02-25;;6;False;0;84100000;nivel;Epagri;;;2;False;diaria;dea0d5f08b8c0f64_diario_derivado;;interna;horaria_agregada;media
2026-02-26;;5;False;0;84100000;nivel;Epagri;;;2;False;diaria;dea0d5f08b8c0f64_diario_derivado;;interna;horaria_agregada;media
2026-02-27;;3;False;0;84100000;nivel;Epagri;;;2;False;diaria;dea0d5f08b8c0f64_diario_derivado;;interna;horaria_agregada;media
2026-02-28;;6;False;0;84100000;nivel;Epagri;;;2;False;diaria;dea0d5f08b8c0f64_diario_derivado;;interna;horaria_agregada;media
2026-03-01;;8;False;0;84100000;nivel;Epagri;;;2;False;diaria;dea0d5f08b8c0f64_diario_derivado;;interna;horaria_agregada;media
2026-03-02;;6;False;0;84100000;nivel;Epagri;;;2;False;diaria;dea0d5f08b8c0f64_diario_derivado;;interna;horaria_agregada;media
2026-03-03;;9;False;0;84100000;nivel;Epagri;;;2;False;diaria;dea0d5f08b8c0f64_diario_derivado;;interna;horaria_agregada;media
2026-03-04;;9;False;0;84100000;nivel;Epagri;;;2;False;diaria;dea0d5f08b8c0f64_diario_derivado;;interna;horaria_agregada;media
2026-03-05;;8;False;0;84100000;nivel;Epagri;;;2;False;diaria;dea0d5f08b8c0f64_diario_derivado;;interna;horaria_agregada;media
2026-03-06;;7;False;0;84100000;nivel;Epagri;;;2;False;diaria;dea0d5f08b8c0f64_diario_derivado;;interna;horaria_agregada;media
2026-03-07;;4;False;0;84100000;nivel;Epagri;;;2;False;diaria;dea0d5f08b8c0f64_diario_derivado;;interna;horaria_agregada;media
2026-03-08;;9;False;0;84100000;nivel;Epagri;;;2;False;diaria;dea0d5f08b8c0f64_diario_derivado;;interna;horaria_agregada;media
2026-03-09;;5;False;0;84100000;nivel;Epagri;;;2;False;diaria;dea0d5f08b8c0f64_diario_derivado;;interna;horaria_agregada;media
2026-03-10;;0;False;0;84100000;nivel;Epagri;;;2;False;diaria;dea0d5f08b8c0f64_diario_derivado;;interna;horaria_agregada;media
2026-03-11;;0;False;0;84100000;nivel;Epagri;;;2;False;diaria;dea0d5f08b8c0f64_diario_derivado;;interna;horaria_agregada;media
2026-03-12;;7;False;0;84100000;nivel;Epagri;;;2;False;diaria;dea0d5f08b8c0f64_diario_derivado;;interna;horaria_agregada;media
2026-03-13;;7;False;0;84100000;nivel;Epagri;;;2;False;diaria;dea0d5f08b8c0f64_diario_derivado;;interna;horaria_agregada;media
2026-03-14;;5;False;0;84100000;nivel;Epagri;;;2;False;diaria;dea0d5f08b8c0f64_diario_derivado;;interna;horaria_agregada;media
2026-03-15;;8;False;0;84100000;nivel;Epagri;;;2;False;diaria;dea0d5f08b8c0f64_diario_derivado;;interna;horaria_agregada;media
2026-03-16;;8;False;0;84100000;nivel;Epagri;;;2;False;diaria;dea0d5f08b8c0f64_diario_derivado;;interna;horaria_agregada;media
2026-03-17;;8;False;0;84100000;nivel;Epagri;;;2;False;diaria;dea0d5f08b8c0f64_diario_derivado;;interna;horaria_agregada;media
2026-03-18;;8;False;0;84100000;nivel;Epagri;;;2;False;diaria;dea0d5f08b8c0f64_diario_derivado;;interna;horaria_agregada;media
2026-03-19;;5;False;0;84100000;nivel;Epagri;;;2;False;diaria;dea0d5f08b8c0f64_diario_derivado;;interna;horaria_agregada;media
2026-03-20;;3;False;0;84100000;nivel;Epagri;;;2;False;diaria;dea0d5f08b8c0f64_diario_derivado;;interna;horaria_agregada;media
2026-03-21;;0;False;0;84100000;nivel;Epagri;;;2;False;diaria;dea0d5f08b8c0f64_diario_derivado;;interna;horaria_agregada;media
2026-03-22;;0;False;0;84100000;nivel;Epagri;;;2;False;diaria;dea0d5f08b8c0f64_diario_derivado;;interna;horaria_agregada;media
2026-03-23;;3;False;0;84100000;nivel;Epagri;;;2;False;diaria;dea0d5f08b8c0f64_diario_derivado;;interna;horaria_agregada;media
2026-03-24;;3;False;0;84100000;nivel;Epagri;;;2;False;diaria;dea0d5f08b8c0f64_diario_derivado;;interna;horaria_agregada;media
2026-03-25;;3;False;0;84100000;nivel;Epagri;;;2;False;diaria;dea0d5f08b8c0f64_diario_derivado;;interna;horaria_agregada;media
2026-03-26;;8;False;0;84100000;nivel;Epagri;;;2;False;diaria;dea0d5f08b8c0f64_diario_derivado;;interna;horaria_agregada;media
2026-03-27;;8;False;0;84100000;nivel;Epagri;;;2;False;diaria;dea0d5f08b8c0f64_diario_derivado;;interna;horaria_agregada;media
2026-03-28;;7;False;0;84100000;nivel;Epagri;;;2;False;diaria;dea0d5f08b8c0f64_diario_derivado;;interna;horaria_agregada;media
2026-03-29;;8;False;0;84100000;nivel;Epagri;;;2;False;diaria;dea0d5f08b8c0f64_diario_derivado;;interna;horaria_agregada;media
2026-03-30;;0;False;0;84100000;nivel;Epagri;;;2;False;diaria;dea0d5f08b8c0f64_diario_derivado;;interna;horaria_agregada;media
2026-03-31;;3;False;0;84100000;nivel;Epagri;;;2;False;diaria;dea0d5f08b8c0f64_diario_derivado;;interna;horaria_agregada;media
2026-04-01;;0;False;0;84100000;nivel;Epagri;;;2;False;diaria;dea0d5f08b8c0f64_diario_derivado;;interna;horaria_agregada;media
2026-04-02;;0;False;0;84100000;nivel;Epagri;;;2;False;diaria;dea0d5f08b8c0f64_diario_derivado;;interna;horaria_agregada;media
2026-04-03;;8;False;0;84100000;nivel;Epagri;;;2;False;diaria;dea0d5f08b8c0f64_diario_derivado;;interna;horaria_agregada;media
2026-04-04;;7;False;0;84100000;nivel;Epagri;;;2;False;diaria;dea0d5f08b8c0f64_diario_derivado;;interna;horaria_agregada;media
2026-04-05;;0;False;0;84100000;nivel;Epagri;;;2;False;diaria;dea0d5f08b8c0f64_diario_derivado;;interna;horaria_agregada;media
2026-04-06;;0;False;0;84100000;nivel;Epagri;;;2;False;diaria;dea0d5f08b8c0f64_diario_derivado;;interna;horaria_agregada;media
2026-04-07;;0;False;0;84100000;nivel;Epagri;;;2;False;diaria;dea0d5f08b8c0f64_diario_derivado;;interna;horaria_agregada;media
2026-04-08;;3;False;0;84100000;nivel;Epagri;;;2;False;diaria;dea0d5f08b8c0f64_diario_derivado;;interna;horaria_agregada;media
2026-04-09;;0;False;0;84100000;nivel;Epagri;;;2;False;diaria;dea0d5f08b8c0f64_diario_derivado;;interna;horaria_agregada;media
2026-04-10;;0;False;0;84100000;nivel;Epagri;;;2;False;diaria;dea0d5f08b8c0f64_diario_derivado;;interna;horaria_agregada;media
2026-04-11;;0;False;0;84100000;nivel;Epagri;;;2;False;diaria;dea0d5f08b8c0f64_diario_derivado;;interna;horaria_agregada;media
2026-04-12;;0;False;0;84100000;nivel;Epagri;;;2;False;diaria;dea0d5f08b8c0f64_diario_derivado;;interna;horaria_agregada;media
2026-04-13;;0;False;0;84100000;nivel;Epagri;;;2;False;diaria;dea0d5f08b8c0f64_diario_derivado;;interna;horaria_agregada;media
2026-04-14;;0;False;0;84100000;nivel;Epagri;;;2;False;diaria;dea0d5f08b8c0f64_diario_derivado;;interna;horaria_agregada;media
2026-04-15;;0;False;0;84100000;nivel;Epagri;;;2;False;diaria;dea0d5f08b8c0f64_diario_derivado;;interna;horaria_agregada;media
2026-04-16;;0;False;0;84100000;nivel;Epagri;;;2;False;diaria;dea0d5f08b8c0f64_diario_derivado;;interna;horaria_agregada;media
2026-04-17;;3;False;0;84100000;nivel;Epagri;;;2;False;diaria;dea0d5f08b8c0f64_diario_derivado;;interna;horaria_agregada;media
2026-04-18;;7;False;0;84100000;nivel;Epagri;;;2;False;diaria;dea0d5f08b8c0f64_diario_derivado;;interna;horaria_agregada;media
2026-04-19;;6;False;0;84100000;nivel;Epagri;;;2;False;diaria;dea0d5f08b8c0f64_diario_derivado;;interna;horaria_agregada;media
2026-04-20;;4;False;0;84100000;nivel;Epagri;;;2;False;diaria;dea0d5f08b8c0f64_diario_derivado;;interna;horaria_agregada;media
2026-04-21;;0;False;0;84100000;nivel;Epagri;;;2;False;diaria;dea0d5f08b8c0f64_diario_derivado;;interna;horaria_agregada;media
2026-04-22;;0;False;0;84100000;nivel;Epagri;;;2;False;diaria;dea0d5f08b8c0f64_diario_derivado;;interna;horaria_agregada;media
2026-04-23;;0;False;0;84100000;nivel;Epagri;;;2;False;diaria;dea0d5f08b8c0f64_diario_derivado;;interna;horaria_agregada;media
2026-04-24;;0;False;0;84100000;nivel;Epagri;;;2;False;diaria;dea0d5f08b8c0f64_diario_derivado;;interna;horaria_agregada;media
2026-04-25;;2;False;0;84100000;nivel;Epagri;;;2;False;diaria;dea0d5f08b8c0f64_diario_derivado;;interna;horaria_agregada;media
2026-04-26;;0;False;0;84100000;nivel;Epagri;;;2;False;diaria;dea0d5f08b8c0f64_diario_derivado;;interna;horaria_agregada;media
2026-04-27;;0;False;0;84100000;nivel;Epagri;;;2;False;diaria;dea0d5f08b8c0f64_diario_derivado;;interna;horaria_agregada;media
2026-04-28;;0;False;0;84100000;nivel;Epagri;;;2;False;diaria;dea0d5f08b8c0f64_diario_derivado;;interna;horaria_agregada;media
2026-04-29;;0;False;0;84100000;nivel;Epagri;;;2;False;diaria;dea0d5f08b8c0f64_diario_derivado;;interna;horaria_agregada;media
2026-04-30;;0;False;0;84100000;nivel;Epagri;;;2;False;diaria;dea0d5f08b8c0f64_diario_derivado;;interna;horaria_agregada;media
2026-05-01;;0;False;0;84100000;nivel;Epagri;;;2;False;diaria;dea0d5f08b8c0f64_diario_derivado;;interna;horaria_agregada;media
2026-05-02;;0;False;0;84100000;nivel;Epagri;;;2;False;diaria;dea0d5f08b8c0f64_diario_derivado;;interna;horaria_agregada;media
2026-05-03;;0;False;0;84100000;nivel;Epagri;;;2;False;diaria;dea0d5f08b8c0f64_diario_derivado;;interna;horaria_agregada;media
2026-05-04;;0;False;0;84100000;nivel;Epagri;;;2;False;diaria;dea0d5f08b8c0f64_diario_derivado;;interna;horaria_agregada;media
2026-05-05;;0;False;0;84100000;nivel;Epagri;;;2;False;diaria;dea0d5f08b8c0f64_diario_derivado;;interna;horaria_agregada;media
2026-05-06;;0;False;0;84100000;nivel;Epagri;;;2;False;diaria;dea0d5f08b8c0f64_diario_derivado;;interna;horaria_agregada;media
2026-05-07;;0;False;0;84100000;nivel;Epagri;;;2;False;diaria;dea0d5f08b8c0f64_diario_derivado;;interna;horaria_agregada;media
2026-05-08;;0;False;0;84100000;nivel;Epagri;;;2;False;diaria;dea0d5f08b8c0f64_diario_derivado;;interna;horaria_agregada;media
2026-05-09;;0;False;0;84100000;nivel;Epagri;;;2;False;diaria;dea0d5f08b8c0f64_diario_derivado;;interna;horaria_agregada;media
2026-05-10;;0;False;0;84100000;nivel;Epagri;;;2;False;diaria;dea0d5f08b8c0f64_diario_derivado;;interna;horaria_agregada;media
2026-05-11;;0;False;0;84100000;nivel;Epagri;;;2;False;diaria;dea0d5f08b8c0f64_diario_derivado;;interna;horaria_agregada;media
2026-05-12;;0;False;0;84100000;nivel;Epagri;;;2;False;diaria;dea0d5f08b8c0f64_diario_derivado;;interna;horaria_agregada;media
2026-05-13;;0;False;0;84100000;nivel;Epagri;;;2;False;diaria;dea0d5f08b8c0f64_diario_derivado;;interna;horaria_agregada;media
2026-05-14;;0;False;0;84100000;nivel;Epagri;;;2;False;diaria;dea0d5f08b8c0f64_diario_derivado;;interna;horaria_agregada;media
2026-05-15;;0;False;0;84100000;nivel;Epagri;;;2;False;diaria;dea0d5f08b8c0f64_diario_derivado;;interna;horaria_agregada;media
2026-05-16;;0;False;0;84100000;nivel;Epagri;;;2;False;diaria;dea0d5f08b8c0f64_diario_derivado;;interna;horaria_agregada;media
2026-05-17;;0;False;0;84100000;nivel;Epagri;;;2;False;diaria;dea0d5f08b8c0f64_diario_derivado;;interna;horaria_agregada;media
2026-05-18;;0;False;0;84100000;nivel;Epagri;;;2;False;diaria;dea0d5f08b8c0f64_diario_derivado;;interna;horaria_agregada;media
2026-05-19;;0;False;0;84100000;nivel;Epagri;;;2;False;diaria;dea0d5f08b8c0f64_diario_derivado;;interna;horaria_agregada;media
2026-05-20;;0;False;0;84100000;nivel;Epagri;;;2;False;diaria;dea0d5f08b8c0f64_diario_derivado;;interna;horaria_agregada;media
2026-05-21;;0;False;0;84100000;nivel;Epagri;;;2;False;diaria;dea0d5f08b8c0f64_diario_derivado;;interna;horaria_agregada;media
2026-05-22;;0;False;0;84100000;nivel;Epagri;;;2;False;diaria;dea0d5f08b8c0f64_diario_derivado;;interna;horaria_agregada;media
2026-05-23;;0;False;0;84100000;nivel;Epagri;;;2;False;diaria;dea0d5f08b8c0f64_diario_derivado;;interna;horaria_agregada;media
2026-05-24;;0;False;0;84100000;nivel;Epagri;;;2;False;diaria;dea0d5f08b8c0f64_diario_derivado;;interna;horaria_agregada;media
2026-05-25;;0;False;0;84100000;nivel;Epagri;;;2;False;diaria;dea0d5f08b8c0f64_diario_derivado;;interna;horaria_agregada;media
2026-05-26;;0;False;0;84100000;nivel;Epagri;;;2;False;diaria;dea0d5f08b8c0f64_diario_derivado;;interna;horaria_agregada;media
2026-05-27;;0;False;0;84100000;nivel;Epagri;;;2;False;diaria;dea0d5f08b8c0f64_diario_derivado;;interna;horaria_agregada;media
2026-05-28;;0;False;0;84100000;nivel;Epagri;;;2;False;diaria;dea0d5f08b8c0f64_diario_derivado;;interna;horaria_agregada;media
2026-05-29;;0;False;0;84100000;nivel;Epagri;;;2;False;diaria;dea0d5f08b8c0f64_diario_derivado;;interna;horaria_agregada;media
2026-05-30;;0;False;0;84100000;nivel;Epagri;;;2;False;diaria;dea0d5f08b8c0f64_diario_derivado;;interna;horaria_agregada;media
2026-05-31;;0;False;0;84100000;nivel;Epagri;;;2;False;diaria;dea0d5f08b8c0f64_diario_derivado;;interna;horaria_agregada;media
2026-06-01;;0;False;0;84100000;nivel;Epagri;;;2;False;diaria;dea0d5f08b8c0f64_diario_derivado;;interna;horaria_agregada;media
2026-06-02;;0;False;0;84100000;nivel;Epagri;;;2;False;diaria;dea0d5f08b8c0f64_diario_derivado;;interna;horaria_agregada;media
2026-06-03;;0;False;0;84100000;nivel;Epagri;;;2;False;diaria;dea0d5f08b8c0f64_diario_derivado;;interna;horaria_agregada;media
2026-06-04;;0;False;0;84100000;nivel;Epagri;;;2;False;diaria;dea0d5f08b8c0f64_diario_derivado;;interna;horaria_agregada;media
2026-06-05;;0;False;0;84100000;nivel;Epagri;;;2;False;diaria;dea0d5f08b8c0f64_diario_derivado;;interna;horaria_agregada;media
2026-06-06;;0;False;0;84100000;nivel;Epagri;;;2;False;diaria;dea0d5f08b8c0f64_diario_derivado;;interna;horaria_agregada;media
