data_hora;valor;horas_validas;dia_completo;horas_conflitantes;codigo_estacao;tipo;fonte;longitude;latitude;numero_posicoes_internas;posicao_espacial_ambigua;resolucao;serie_id;nivel_consistencia;relacao_codigo;origem_resolucao;metodo_agregacao
2013-12-15;;0;False;0;84100000;chuva;Epagri;;;2;False;diaria;48ca7231acd1057b_diario_derivado;;interna;horaria_agregada;soma
2013-12-16;;0;False;0;84100000;chuva;Epagri;;;2;False;diaria;48ca7231acd1057b_diario_derivado;;interna;horaria_agregada;soma
2013-12-17;;0;False;0;84100000;chuva;Epagri;;;2;False;diaria;48ca7231acd1057b_diario_derivado;;interna;horaria_agregada;soma
2013-12-18;;0;False;0;84100000;chuva;Epagri;;;2;False;diaria;48ca7231acd1057b_diario_derivado;;interna;horaria_agregada;soma
2013-12-19;;0;False;0;84100000;chuva;Epagri;;;2;False;diaria;48ca7231acd1057b_diario_derivado;;interna;horaria_agregada;soma
2013-12-20;;0;False;0;84100000;chuva;Epagri;;;2;False;diaria;48ca7231acd1057b_diario_derivado;;interna;horaria_agregada;soma
2013-12-21;;0;False;0;84100000;chuva;Epagri;;;2;False;diaria;48ca7231acd1057b_diario_derivado;;interna;horaria_agregada;soma
2013-12-22;;0;False;0;84100000;chuva;Epagri;;;2;False;diaria;48ca7231acd1057b_diario_derivado;;interna;horaria_agregada;soma
2013-12-23;0.0;24;True;0;84100000;chuva;Epagri;;;2;False;diaria;48ca7231acd1057b_diario_derivado;;interna;horaria_agregada;soma
2013-12-24;0.0;24;True;0;84100000;chuva;Epagri;;;2;False;diaria;48ca7231acd1057b_diario_derivado;;interna;horaria_agregada;soma
2013-12-25;0.0;24;True;0;84100000;chuva;Epagri;;;2;False;diaria;48ca7231acd1057b_diario_derivado;;interna;horaria_agregada;soma
2013-12-26;0.0;24;True;0;84100000;chuva;Epagri;;;2;False;diaria;48ca7231acd1057b_diario_derivado;;interna;horaria_agregada;soma
2013-12-27;0.0;24;True;0;84100000;chuva;Epagri;;;2;False;diaria;48ca7231acd1057b_diario_derivado;;interna;horaria_agregada;soma
2013-12-28;3.2;24;True;0;84100000;chuva;Epagri;;;2;False;diaria;48ca7231acd1057b_diario_derivado;;interna;horaria_agregada;soma
2013-12-29;15.6;24;True;0;84100000;chuva;Epagri;;;2;False;diaria;48ca7231acd1057b_diario_derivado;;interna;horaria_agregada;soma
2013-12-30;22.200000000000003;24;True;0;84100000;chuva;Epagri;;;2;False;diaria;48ca7231acd1057b_diario_derivado;;interna;horaria_agregada;soma
2013-12-31;14.4;24;True;0;84100000;chuva;Epagri;;;2;False;diaria;48ca7231acd1057b_diario_derivado;;interna;horaria_agregada;soma
2014-01-01;22.4;24;True;0;84100000;chuva;Epagri;;;2;False;diaria;48ca7231acd1057b_diario_derivado;;interna;horaria_agregada;soma
2014-01-02;3.6;24;True;0;84100000;chuva;Epagri;;;2;False;diaria;48ca7231acd1057b_diario_derivado;;interna;horaria_agregada;soma
2014-01-03;66.6;24;True;0;84100000;chuva;Epagri;;;2;False;diaria;48ca7231acd1057b_diario_derivado;;interna;horaria_agregada;soma
2014-01-04;;23;False;0;84100000;chuva;Epagri;;;2;False;diaria;48ca7231acd1057b_diario_derivado;;interna;horaria_agregada;soma
2014-01-05;0.0;24;True;0;84100000;chuva;Epagri;;;2;False;diaria;48ca7231acd1057b_diario_derivado;;interna;horaria_agregada;soma
2014-01-06;0.0;24;True;0;84100000;chuva;Epagri;;;2;False;diaria;48ca7231acd1057b_diario_derivado;;interna;horaria_agregada;soma
2014-01-07;0.8;24;True;0;84100000;chuva;Epagri;;;2;False;diaria;48ca7231acd1057b_diario_derivado;;interna;horaria_agregada;soma
2014-01-08;30.200000000000003;24;True;0;84100000;chuva;Epagri;;;2;False;diaria;48ca7231acd1057b_diario_derivado;;interna;horaria_agregada;soma
2014-01-09;0.4;24;True;0;84100000;chuva;Epagri;;;2;False;diaria;48ca7231acd1057b_diario_derivado;;interna;horaria_agregada;soma
2014-01-10;0.0;24;True;0;84100000;chuva;Epagri;;;2;False;diaria;48ca7231acd1057b_diario_derivado;;interna;horaria_agregada;soma
2014-01-11;;9;False;0;84100000;chuva;Epagri;;;2;False;diaria;48ca7231acd1057b_diario_derivado;;interna;horaria_agregada;soma
2014-01-12;11.6;24;True;0;84100000;chuva;Epagri;;;2;False;diaria;48ca7231acd1057b_diario_derivado;;interna;horaria_agregada;soma
2014-01-13;6.6;24;True;0;84100000;chuva;Epagri;;;2;False;diaria;48ca7231acd1057b_diario_derivado;;interna;horaria_agregada;soma
2014-01-14;0.6;24;True;0;84100000;chuva;Epagri;;;2;False;diaria;48ca7231acd1057b_diario_derivado;;interna;horaria_agregada;soma
2014-01-15;33.800000000000004;24;True;0;84100000;chuva;Epagri;;;2;False;diaria;48ca7231acd1057b_diario_derivado;;interna;horaria_agregada;soma
2014-01-16;0.2;24;True;0;84100000;chuva;Epagri;;;2;False;diaria;48ca7231acd1057b_diario_derivado;;interna;horaria_agregada;soma
2014-01-17;0.0;24;True;0;84100000;chuva;Epagri;;;2;False;diaria;48ca7231acd1057b_diario_derivado;;interna;horaria_agregada;soma
2014-01-18;0.0;24;True;0;84100000;chuva;Epagri;;;2;False;diaria;48ca7231acd1057b_diario_derivado;;interna;horaria_agregada;soma
2014-01-19;0.0;24;True;0;84100000;chuva;Epagri;;;2;False;diaria;48ca7231acd1057b_diario_derivado;;interna;horaria_agregada;soma
2014-01-20;0.0;24;True;0;84100000;chuva;Epagri;;;2;False;diaria;48ca7231acd1057b_diario_derivado;;interna;horaria_agregada;soma
2014-01-21;0.0;24;True;0;84100000;chuva;Epagri;;;2;False;diaria;48ca7231acd1057b_diario_derivado;;interna;horaria_agregada;soma
2014-01-22;26.2;24;True;0;84100000;chuva;Epagri;;;2;False;diaria;48ca7231acd1057b_diario_derivado;;interna;horaria_agregada;soma
2014-01-23;0.2;24;True;0;84100000;chuva;Epagri;;;2;False;diaria;48ca7231acd1057b_diario_derivado;;interna;horaria_agregada;soma
2014-01-24;0.2;24;True;0;84100000;chuva;Epagri;;;2;False;diaria;48ca7231acd1057b_diario_derivado;;interna;horaria_agregada;soma
2014-01-25;0.2;24;True;0;84100000;chuva;Epagri;;;2;False;diaria;48ca7231acd1057b_diario_derivado;;interna;horaria_agregada;soma
2014-01-26;0.0;24;True;0;84100000;chuva;Epagri;;;2;False;diaria;48ca7231acd1057b_diario_derivado;;interna;horaria_agregada;soma
2014-01-27;0.0;24;True;0;84100000;chuva;Epagri;;;2;False;diaria;48ca7231acd1057b_diario_derivado;;interna;horaria_agregada;soma
2014-01-28;0.0;24;True;0;84100000;chuva;Epagri;;;2;False;diaria;48ca7231acd1057b_diario_derivado;;interna;horaria_agregada;soma
2014-01-29;0.0;24;True;0;84100000;chuva;Epagri;;;2;False;diaria;48ca7231acd1057b_diario_derivado;;interna;horaria_agregada;soma
2014-01-30;;23;False;0;84100000;chuva;Epagri;;;2;False;diaria;48ca7231acd1057b_diario_derivado;;interna;horaria_agregada;soma
2014-01-31;9.0;24;True;0;84100000;chuva;Epagri;;;2;False;diaria;48ca7231acd1057b_diario_derivado;;interna;horaria_agregada;soma
2014-02-01;6.0;24;True;0;84100000;chuva;Epagri;;;2;False;diaria;48ca7231acd1057b_diario_derivado;;interna;horaria_agregada;soma
2014-02-02;0.2;24;True;0;84100000;chuva;Epagri;;;2;False;diaria;48ca7231acd1057b_diario_derivado;;interna;horaria_agregada;soma
2014-02-03;0.0;24;True;0;84100000;chuva;Epagri;;;2;False;diaria;48ca7231acd1057b_diario_derivado;;interna;horaria_agregada;soma
2014-02-04;14.200000000000001;24;True;0;84100000;chuva;Epagri;;;2;False;diaria;48ca7231acd1057b_diario_derivado;;interna;horaria_agregada;soma
2014-02-05;0.0;24;True;0;84100000;chuva;Epagri;;;2;False;diaria;48ca7231acd1057b_diario_derivado;;interna;horaria_agregada;soma
2014-02-06;0.0;24;True;0;84100000;chuva;Epagri;;;2;False;diaria;48ca7231acd1057b_diario_derivado;;interna;horaria_agregada;soma
2014-02-07;0.0;24;True;0;84100000;chuva;Epagri;;;2;False;diaria;48ca7231acd1057b_diario_derivado;;interna;horaria_agregada;soma
2014-02-08;0.0;24;True;0;84100000;chuva;Epagri;;;2;False;diaria;48ca7231acd1057b_diario_derivado;;interna;horaria_agregada;soma
2014-02-09;0.0;24;True;0;84100000;chuva;Epagri;;;2;False;diaria;48ca7231acd1057b_diario_derivado;;interna;horaria_agregada;soma
2014-02-10;0.0;24;True;0;84100000;chuva;Epagri;;;2;False;diaria;48ca7231acd1057b_diario_derivado;;interna;horaria_agregada;soma
2014-02-11;0.0;24;True;0;84100000;chuva;Epagri;;;2;False;diaria;48ca7231acd1057b_diario_derivado;;interna;horaria_agregada;soma
2014-02-12;0.0;24;True;0;84100000;chuva;Epagri;;;2;False;diaria;48ca7231acd1057b_diario_derivado;;interna;horaria_agregada;soma
2014-02-13;13.6;24;True;0;84100000;chuva;Epagri;;;2;False;diaria;48ca7231acd1057b_diario_derivado;;interna;horaria_agregada;soma
2014-02-14;9.4;24;True;0;84100000;chuva;Epagri;;;2;False;diaria;48ca7231acd1057b_diario_derivado;;interna;horaria_agregada;soma
2014-02-15;0.2;24;True;0;84100000;chuva;Epagri;;;2;False;diaria;48ca7231acd1057b_diario_derivado;;interna;horaria_agregada;soma
2014-02-16;0.0;24;True;0;84100000;chuva;Epagri;;;2;False;diaria;48ca7231acd1057b_diario_derivado;;interna;horaria_agregada;soma
2014-02-17;3.6;24;True;0;84100000;chuva;Epagri;;;2;False;diaria;48ca7231acd1057b_diario_derivado;;interna;horaria_agregada;soma
2014-02-18;4.2;24;True;0;84100000;chuva;Epagri;;;2;False;diaria;48ca7231acd1057b_diario_derivado;;interna;horaria_agregada;soma
2014-02-19;3.2;24;True;0;84100000;chuva;Epagri;;;2;False;diaria;48ca7231acd1057b_diario_derivado;;interna;horaria_agregada;soma
2014-02-20;0.0;24;True;0;84100000;chuva;Epagri;;;2;False;diaria;48ca7231acd1057b_diario_derivado;;interna;horaria_agregada;soma
2014-02-21;0.0;24;True;0;84100000;chuva;Epagri;;;2;False;diaria;48ca7231acd1057b_diario_derivado;;interna;horaria_agregada;soma
2014-02-22;3.8;24;True;0;84100000;chuva;Epagri;;;2;False;diaria;48ca7231acd1057b_diario_derivado;;interna;horaria_agregada;soma
2014-02-23;25.2;24;True;0;84100000;chuva;Epagri;;;2;False;diaria;48ca7231acd1057b_diario_derivado;;interna;horaria_agregada;soma
2014-02-24;13.0;24;True;0;84100000;chuva;Epagri;;;2;False;diaria;48ca7231acd1057b_diario_derivado;;interna;horaria_agregada;soma
2014-02-25;13.6;24;True;0;84100000;chuva;Epagri;;;2;False;diaria;48ca7231acd1057b_diario_derivado;;interna;horaria_agregada;soma
2014-02-26;;23;False;0;84100000;chuva;Epagri;;;2;False;diaria;48ca7231acd1057b_diario_derivado;;interna;horaria_agregada;soma
2014-02-27;58.199999999999996;24;True;0;84100000;chuva;Epagri;;;2;False;diaria;48ca7231acd1057b_diario_derivado;;interna;horaria_agregada;soma
2014-02-28;0.6000000000000001;24;True;0;84100000;chuva;Epagri;;;2;False;diaria;48ca7231acd1057b_diario_derivado;;interna;horaria_agregada;soma
2014-03-01;0.0;24;True;0;84100000;chuva;Epagri;;;2;False;diaria;48ca7231acd1057b_diario_derivado;;interna;horaria_agregada;soma
2014-03-02;0.0;24;True;0;84100000;chuva;Epagri;;;2;False;diaria;48ca7231acd1057b_diario_derivado;;interna;horaria_agregada;soma
2014-03-03;7.0;24;True;0;84100000;chuva;Epagri;;;2;False;diaria;48ca7231acd1057b_diario_derivado;;interna;horaria_agregada;soma
2014-03-04;42.8;24;True;0;84100000;chuva;Epagri;;;2;False;diaria;48ca7231acd1057b_diario_derivado;;interna;horaria_agregada;soma
2014-03-05;0.0;24;True;0;84100000;chuva;Epagri;;;2;False;diaria;48ca7231acd1057b_diario_derivado;;interna;horaria_agregada;soma
2014-03-06;0.0;24;True;0;84100000;chuva;Epagri;;;2;False;diaria;48ca7231acd1057b_diario_derivado;;interna;horaria_agregada;soma
2014-03-07;0.0;24;True;0;84100000;chuva;Epagri;;;2;False;diaria;48ca7231acd1057b_diario_derivado;;interna;horaria_agregada;soma
2014-03-08;35.4;24;True;0;84100000;chuva;Epagri;;;2;False;diaria;48ca7231acd1057b_diario_derivado;;interna;horaria_agregada;soma
2014-03-09;;23;False;0;84100000;chuva;Epagri;;;2;False;diaria;48ca7231acd1057b_diario_derivado;;interna;horaria_agregada;soma
2014-03-10;5.0;24;True;0;84100000;chuva;Epagri;;;2;False;diaria;48ca7231acd1057b_diario_derivado;;interna;horaria_agregada;soma
2014-03-11;29.6;24;True;0;84100000;chuva;Epagri;;;2;False;diaria;48ca7231acd1057b_diario_derivado;;interna;horaria_agregada;soma
2014-03-12;;23;False;0;84100000;chuva;Epagri;;;2;False;diaria;48ca7231acd1057b_diario_derivado;;interna;horaria_agregada;soma
2014-03-13;38.4;24;True;0;84100000;chuva;Epagri;;;2;False;diaria;48ca7231acd1057b_diario_derivado;;interna;horaria_agregada;soma
2014-03-14;0.0;24;True;0;84100000;chuva;Epagri;;;2;False;diaria;48ca7231acd1057b_diario_derivado;;interna;horaria_agregada;soma
2014-03-15;17.2;24;True;0;84100000;chuva;Epagri;;;2;False;diaria;48ca7231acd1057b_diario_derivado;;interna;horaria_agregada;soma
2014-03-16;0.2;24;True;0;84100000;chuva;Epagri;;;2;False;diaria;48ca7231acd1057b_diario_derivado;;interna;horaria_agregada;soma
2014-03-17;32.199999999999996;24;True;0;84100000;chuva;Epagri;;;2;False;diaria;48ca7231acd1057b_diario_derivado;;interna;horaria_agregada;soma
2014-03-18;56.6;24;True;0;84100000;chuva;Epagri;;;2;False;diaria;48ca7231acd1057b_diario_derivado;;interna;horaria_agregada;soma
2014-03-19;4.2;24;True;0;84100000;chuva;Epagri;;;2;False;diaria;48ca7231acd1057b_diario_derivado;;interna;horaria_agregada;soma
2014-03-20;0.2;24;True;0;84100000;chuva;Epagri;;;2;False;diaria;48ca7231acd1057b_diario_derivado;;interna;horaria_agregada;soma
2014-03-21;4.6;24;True;0;84100000;chuva;Epagri;;;2;False;diaria;48ca7231acd1057b_diario_derivado;;interna;horaria_agregada;soma
2014-03-22;0.0;24;True;0;84100000;chuva;Epagri;;;2;False;diaria;48ca7231acd1057b_diario_derivado;;interna;horaria_agregada;soma
2014-03-23;0.0;24;True;0;84100000;chuva;Epagri;;;2;False;diaria;48ca7231acd1057b_diario_derivado;;interna;horaria_agregada;soma
2014-03-24;0.0;24;True;0;84100000;chuva;Epagri;;;2;False;diaria;48ca7231acd1057b_diario_derivado;;interna;horaria_agregada;soma
2014-03-25;0.6;24;True;0;84100000;chuva;Epagri;;;2;False;diaria;48ca7231acd1057b_diario_derivado;;interna;horaria_agregada;soma
2014-03-26;2.5999999999999996;24;True;0;84100000;chuva;Epagri;;;2;False;diaria;48ca7231acd1057b_diario_derivado;;interna;horaria_agregada;soma
2014-03-27;38.4;24;True;0;84100000;chuva;Epagri;;;2;False;diaria;48ca7231acd1057b_diario_derivado;;interna;horaria_agregada;soma
2014-03-28;0.0;24;True;0;84100000;chuva;Epagri;;;2;False;diaria;48ca7231acd1057b_diario_derivado;;interna;horaria_agregada;soma
2014-03-29;;10;False;0;84100000;chuva;Epagri;;;2;False;diaria;48ca7231acd1057b_diario_derivado;;interna;horaria_agregada;soma
2014-03-30;;20;False;0;84100000;chuva;Epagri;;;2;False;diaria;48ca7231acd1057b_diario_derivado;;interna;horaria_agregada;soma
2014-03-31;11.0;24;True;0;84100000;chuva;Epagri;;;2;False;diaria;48ca7231acd1057b_diario_derivado;;interna;horaria_agregada;soma
2014-04-01;3.4000000000000004;24;True;0;84100000;chuva;Epagri;;;2;False;diaria;48ca7231acd1057b_diario_derivado;;interna;horaria_agregada;soma
2014-04-02;11.0;24;True;0;84100000;chuva;Epagri;;;2;False;diaria;48ca7231acd1057b_diario_derivado;;interna;horaria_agregada;soma
2014-04-03;7.800000000000001;24;True;0;84100000;chuva;Epagri;;;2;False;diaria;48ca7231acd1057b_diario_derivado;;interna;horaria_agregada;soma
2014-04-04;10.6;24;True;0;84100000;chuva;Epagri;;;2;False;diaria;48ca7231acd1057b_diario_derivado;;interna;horaria_agregada;soma
2014-04-05;0.0;24;True;0;84100000;chuva;Epagri;;;2;False;diaria;48ca7231acd1057b_diario_derivado;;interna;horaria_agregada;soma
2014-04-06;0.0;24;True;0;84100000;chuva;Epagri;;;2;False;diaria;48ca7231acd1057b_diario_derivado;;interna;horaria_agregada;soma
2014-04-07;0.0;24;True;0;84100000;chuva;Epagri;;;2;False;diaria;48ca7231acd1057b_diario_derivado;;interna;horaria_agregada;soma
2014-04-08;0.0;24;True;0;84100000;chuva;Epagri;;;2;False;diaria;48ca7231acd1057b_diario_derivado;;interna;horaria_agregada;soma
2014-04-09;13.0;24;True;0;84100000;chuva;Epagri;;;2;False;diaria;48ca7231acd1057b_diario_derivado;;interna;horaria_agregada;soma
2014-04-10;0.0;24;True;0;84100000;chuva;Epagri;;;2;False;diaria;48ca7231acd1057b_diario_derivado;;interna;horaria_agregada;soma
2014-04-11;0.6000000000000001;24;True;0;84100000;chuva;Epagri;;;2;False;diaria;48ca7231acd1057b_diario_derivado;;interna;horaria_agregada;soma
2014-04-12;2.8;24;True;0;84100000;chuva;Epagri;;;2;False;diaria;48ca7231acd1057b_diario_derivado;;interna;horaria_agregada;soma
2014-04-13;0.0;24;True;0;84100000;chuva;Epagri;;;2;False;diaria;48ca7231acd1057b_diario_derivado;;interna;horaria_agregada;soma
2014-04-14;0.0;24;True;0;84100000;chuva;Epagri;;;2;False;diaria;48ca7231acd1057b_diario_derivado;;interna;horaria_agregada;soma
2014-04-15;0.0;24;True;0;84100000;chuva;Epagri;;;2;False;diaria;48ca7231acd1057b_diario_derivado;;interna;horaria_agregada;soma
2014-04-16;1.6;24;True;0;84100000;chuva;Epagri;;;2;False;diaria;48ca7231acd1057b_diario_derivado;;interna;horaria_agregada;soma
2014-04-17;0.6000000000000001;24;True;0;84100000;chuva;Epagri;;;2;False;diaria;48ca7231acd1057b_diario_derivado;;interna;horaria_agregada;soma
2014-04-18;0.0;24;True;0;84100000;chuva;Epagri;;;2;False;diaria;48ca7231acd1057b_diario_derivado;;interna;horaria_agregada;soma
2014-04-19;32.4;24;True;0;84100000;chuva;Epagri;;;2;False;diaria;48ca7231acd1057b_diario_derivado;;interna;horaria_agregada;soma
2014-04-20;0.2;24;True;0;84100000;chuva;Epagri;;;2;False;diaria;48ca7231acd1057b_diario_derivado;;interna;horaria_agregada;soma
2014-04-21;0.0;24;True;0;84100000;chuva;Epagri;;;2;False;diaria;48ca7231acd1057b_diario_derivado;;interna;horaria_agregada;soma
2014-04-22;2.2;24;True;0;84100000;chuva;Epagri;;;2;False;diaria;48ca7231acd1057b_diario_derivado;;interna;horaria_agregada;soma
2014-04-23;;23;False;0;84100000;chuva;Epagri;;;2;False;diaria;48ca7231acd1057b_diario_derivado;;interna;horaria_agregada;soma
2014-04-24;1.0;24;True;0;84100000;chuva;Epagri;;;2;False;diaria;48ca7231acd1057b_diario_derivado;;interna;horaria_agregada;soma
2014-04-25;0.0;24;True;0;84100000;chuva;Epagri;;;2;False;diaria;48ca7231acd1057b_diario_derivado;;interna;horaria_agregada;soma
2014-04-26;0.0;24;True;0;84100000;chuva;Epagri;;;2;False;diaria;48ca7231acd1057b_diario_derivado;;interna;horaria_agregada;soma
2014-04-27;2.2;24;True;0;84100000;chuva;Epagri;;;2;False;diaria;48ca7231acd1057b_diario_derivado;;interna;horaria_agregada;soma
2014-04-28;0.6000000000000001;24;True;0;84100000;chuva;Epagri;;;2;False;diaria;48ca7231acd1057b_diario_derivado;;interna;horaria_agregada;soma
2014-04-29;1.2000000000000002;24;True;0;84100000;chuva;Epagri;;;2;False;diaria;48ca7231acd1057b_diario_derivado;;interna;horaria_agregada;soma
2014-04-30;5.0;24;True;0;84100000;chuva;Epagri;;;2;False;diaria;48ca7231acd1057b_diario_derivado;;interna;horaria_agregada;soma
2014-05-01;6.0;24;True;0;84100000;chuva;Epagri;;;2;False;diaria;48ca7231acd1057b_diario_derivado;;interna;horaria_agregada;soma
2014-05-02;0.0;24;True;0;84100000;chuva;Epagri;;;2;False;diaria;48ca7231acd1057b_diario_derivado;;interna;horaria_agregada;soma
2014-05-03;0.0;24;True;0;84100000;chuva;Epagri;;;2;False;diaria;48ca7231acd1057b_diario_derivado;;interna;horaria_agregada;soma
2014-05-04;0.0;24;True;0;84100000;chuva;Epagri;;;2;False;diaria;48ca7231acd1057b_diario_derivado;;interna;horaria_agregada;soma
2014-05-05;0.8;24;True;0;84100000;chuva;Epagri;;;2;False;diaria;48ca7231acd1057b_diario_derivado;;interna;horaria_agregada;soma
2014-05-06;0.4;24;True;0;84100000;chuva;Epagri;;;2;False;diaria;48ca7231acd1057b_diario_derivado;;interna;horaria_agregada;soma
2014-05-07;0.0;24;True;0;84100000;chuva;Epagri;;;2;False;diaria;48ca7231acd1057b_diario_derivado;;interna;horaria_agregada;soma
2014-05-08;12.0;24;True;0;84100000;chuva;Epagri;;;2;False;diaria;48ca7231acd1057b_diario_derivado;;interna;horaria_agregada;soma
2014-05-09;0.0;24;True;0;84100000;chuva;Epagri;;;2;False;diaria;48ca7231acd1057b_diario_derivado;;interna;horaria_agregada;soma
2014-05-10;3.6;24;True;0;84100000;chuva;Epagri;;;2;False;diaria;48ca7231acd1057b_diario_derivado;;interna;horaria_agregada;soma
2014-05-11;0.2;24;True;0;84100000;chuva;Epagri;;;2;False;diaria;48ca7231acd1057b_diario_derivado;;interna;horaria_agregada;soma
2014-05-12;0.0;24;True;0;84100000;chuva;Epagri;;;2;False;diaria;48ca7231acd1057b_diario_derivado;;interna;horaria_agregada;soma
2014-05-13;0.0;24;True;0;84100000;chuva;Epagri;;;2;False;diaria;48ca7231acd1057b_diario_derivado;;interna;horaria_agregada;soma
2014-05-14;0.0;24;True;0;84100000;chuva;Epagri;;;2;False;diaria;48ca7231acd1057b_diario_derivado;;interna;horaria_agregada;soma
2014-05-15;0.0;24;True;0;84100000;chuva;Epagri;;;2;False;diaria;48ca7231acd1057b_diario_derivado;;interna;horaria_agregada;soma
2014-05-16;6.3999999999999995;24;True;0;84100000;chuva;Epagri;;;2;False;diaria;48ca7231acd1057b_diario_derivado;;interna;horaria_agregada;soma
2014-05-17;0.0;24;True;0;84100000;chuva;Epagri;;;2;False;diaria;48ca7231acd1057b_diario_derivado;;interna;horaria_agregada;soma
2014-05-18;0.0;24;True;0;84100000;chuva;Epagri;;;2;False;diaria;48ca7231acd1057b_diario_derivado;;interna;horaria_agregada;soma
2014-05-19;0.0;24;True;0;84100000;chuva;Epagri;;;2;False;diaria;48ca7231acd1057b_diario_derivado;;interna;horaria_agregada;soma
2014-05-20;0.0;24;True;0;84100000;chuva;Epagri;;;2;False;diaria;48ca7231acd1057b_diario_derivado;;interna;horaria_agregada;soma
2014-05-21;0.2;24;True;0;84100000;chuva;Epagri;;;2;False;diaria;48ca7231acd1057b_diario_derivado;;interna;horaria_agregada;soma
2014-05-22;27.599999999999998;24;True;0;84100000;chuva;Epagri;;;2;False;diaria;48ca7231acd1057b_diario_derivado;;interna;horaria_agregada;soma
2014-05-23;4.2;24;True;0;84100000;chuva;Epagri;;;2;False;diaria;48ca7231acd1057b_diario_derivado;;interna;horaria_agregada;soma
2014-05-24;0.2;24;True;0;84100000;chuva;Epagri;;;2;False;diaria;48ca7231acd1057b_diario_derivado;;interna;horaria_agregada;soma
2014-05-25;7.199999999999999;24;True;0;84100000;chuva;Epagri;;;2;False;diaria;48ca7231acd1057b_diario_derivado;;interna;horaria_agregada;soma
2014-05-26;21.400000000000002;24;True;0;84100000;chuva;Epagri;;;2;False;diaria;48ca7231acd1057b_diario_derivado;;interna;horaria_agregada;soma
2014-05-27;;22;False;0;84100000;chuva;Epagri;;;2;False;diaria;48ca7231acd1057b_diario_derivado;;interna;horaria_agregada;soma
2014-05-28;0.4;24;True;0;84100000;chuva;Epagri;;;2;False;diaria;48ca7231acd1057b_diario_derivado;;interna;horaria_agregada;soma
2014-05-29;0.0;24;True;0;84100000;chuva;Epagri;;;2;False;diaria;48ca7231acd1057b_diario_derivado;;interna;horaria_agregada;soma
2014-05-30;0.0;24;True;0;84100000;chuva;Epagri;;;2;False;diaria;48ca7231acd1057b_diario_derivado;;interna;horaria_agregada;soma
2014-05-31;5.0;24;True;0;84100000;chuva;Epagri;;;2;False;diaria;48ca7231acd1057b_diario_derivado;;interna;horaria_agregada;soma
2014-06-01;;23;False;0;84100000;chuva;Epagri;;;2;False;diaria;48ca7231acd1057b_diario_derivado;;interna;horaria_agregada;soma
2014-06-02;0.0;24;True;0;84100000;chuva;Epagri;;;2;False;diaria;48ca7231acd1057b_diario_derivado;;interna;horaria_agregada;soma
2014-06-03;0.0;24;True;0;84100000;chuva;Epagri;;;2;False;diaria;48ca7231acd1057b_diario_derivado;;interna;horaria_agregada;soma
2014-06-04;0.0;24;True;0;84100000;chuva;Epagri;;;2;False;diaria;48ca7231acd1057b_diario_derivado;;interna;horaria_agregada;soma
2014-06-05;46.6;24;True;0;84100000;chuva;Epagri;;;2;False;diaria;48ca7231acd1057b_diario_derivado;;interna;horaria_agregada;soma
2014-06-06;1.8;24;True;0;84100000;chuva;Epagri;;;2;False;diaria;48ca7231acd1057b_diario_derivado;;interna;horaria_agregada;soma
2014-06-07;3.6;24;True;0;84100000;chuva;Epagri;;;2;False;diaria;48ca7231acd1057b_diario_derivado;;interna;horaria_agregada;soma
2014-06-08;53.4;24;True;0;84100000;chuva;Epagri;;;2;False;diaria;48ca7231acd1057b_diario_derivado;;interna;horaria_agregada;soma
2014-06-09;;23;False;0;84100000;chuva;Epagri;;;2;False;diaria;48ca7231acd1057b_diario_derivado;;interna;horaria_agregada;soma
2014-06-10;;17;False;0;84100000;chuva;Epagri;;;2;False;diaria;48ca7231acd1057b_diario_derivado;;interna;horaria_agregada;soma
2014-06-11;;23;False;0;84100000;chuva;Epagri;;;2;False;diaria;48ca7231acd1057b_diario_derivado;;interna;horaria_agregada;soma
2014-06-12;;22;False;0;84100000;chuva;Epagri;;;2;False;diaria;48ca7231acd1057b_diario_derivado;;interna;horaria_agregada;soma
2014-06-13;0.0;24;True;0;84100000;chuva;Epagri;;;2;False;diaria;48ca7231acd1057b_diario_derivado;;interna;horaria_agregada;soma
2014-06-14;1.4;24;True;0;84100000;chuva;Epagri;;;2;False;diaria;48ca7231acd1057b_diario_derivado;;interna;horaria_agregada;soma
2014-06-15;1.0;24;True;0;84100000;chuva;Epagri;;;2;False;diaria;48ca7231acd1057b_diario_derivado;;interna;horaria_agregada;soma
2014-06-16;0.2;24;True;0;84100000;chuva;Epagri;;;2;False;diaria;48ca7231acd1057b_diario_derivado;;interna;horaria_agregada;soma
2014-06-17;1.0;24;True;0;84100000;chuva;Epagri;;;2;False;diaria;48ca7231acd1057b_diario_derivado;;interna;horaria_agregada;soma
2014-06-18;;16;False;0;84100000;chuva;Epagri;;;2;False;diaria;48ca7231acd1057b_diario_derivado;;interna;horaria_agregada;soma
2014-06-19;;0;False;0;84100000;chuva;Epagri;;;2;False;diaria;48ca7231acd1057b_diario_derivado;;interna;horaria_agregada;soma
2014-06-20;;22;False;0;84100000;chuva;Epagri;;;2;False;diaria;48ca7231acd1057b_diario_derivado;;interna;horaria_agregada;soma
2014-06-21;0.0;24;True;0;84100000;chuva;Epagri;;;2;False;diaria;48ca7231acd1057b_diario_derivado;;interna;horaria_agregada;soma
2014-06-22;0.0;24;True;0;84100000;chuva;Epagri;;;2;False;diaria;48ca7231acd1057b_diario_derivado;;interna;horaria_agregada;soma
2014-06-23;;23;False;0;84100000;chuva;Epagri;;;2;False;diaria;48ca7231acd1057b_diario_derivado;;interna;horaria_agregada;soma
2014-06-24;0.0;24;True;0;84100000;chuva;Epagri;;;2;False;diaria;48ca7231acd1057b_diario_derivado;;interna;horaria_agregada;soma
2014-06-25;1.2;24;True;0;84100000;chuva;Epagri;;;2;False;diaria;48ca7231acd1057b_diario_derivado;;interna;horaria_agregada;soma
2014-06-26;13.2;24;True;0;84100000;chuva;Epagri;;;2;False;diaria;48ca7231acd1057b_diario_derivado;;interna;horaria_agregada;soma
2014-06-27;55.8;24;True;0;84100000;chuva;Epagri;;;2;False;diaria;48ca7231acd1057b_diario_derivado;;interna;horaria_agregada;soma
2014-06-28;39.4;24;True;0;84100000;chuva;Epagri;;;2;False;diaria;48ca7231acd1057b_diario_derivado;;interna;horaria_agregada;soma
2014-06-29;;23;False;0;84100000;chuva;Epagri;;;2;False;diaria;48ca7231acd1057b_diario_derivado;;interna;horaria_agregada;soma
2014-06-30;0.0;24;True;0;84100000;chuva;Epagri;;;2;False;diaria;48ca7231acd1057b_diario_derivado;;interna;horaria_agregada;soma
2014-07-01;0.0;24;True;0;84100000;chuva;Epagri;;;2;False;diaria;48ca7231acd1057b_diario_derivado;;interna;horaria_agregada;soma
2014-07-02;0.0;24;True;0;84100000;chuva;Epagri;;;2;False;diaria;48ca7231acd1057b_diario_derivado;;interna;horaria_agregada;soma
2014-07-03;0.0;24;True;0;84100000;chuva;Epagri;;;2;False;diaria;48ca7231acd1057b_diario_derivado;;interna;horaria_agregada;soma
2014-07-04;0.0;24;True;0;84100000;chuva;Epagri;;;2;False;diaria;48ca7231acd1057b_diario_derivado;;interna;horaria_agregada;soma
2014-07-05;0.0;24;True;0;84100000;chuva;Epagri;;;2;False;diaria;48ca7231acd1057b_diario_derivado;;interna;horaria_agregada;soma
2014-07-06;;18;False;0;84100000;chuva;Epagri;;;2;False;diaria;48ca7231acd1057b_diario_derivado;;interna;horaria_agregada;soma
2014-07-07;;23;False;0;84100000;chuva;Epagri;;;2;False;diaria;48ca7231acd1057b_diario_derivado;;interna;horaria_agregada;soma
2014-07-08;;23;False;0;84100000;chuva;Epagri;;;2;False;diaria;48ca7231acd1057b_diario_derivado;;interna;horaria_agregada;soma
2014-07-09;;23;False;0;84100000;chuva;Epagri;;;2;False;diaria;48ca7231acd1057b_diario_derivado;;interna;horaria_agregada;soma
2014-07-10;;20;False;0;84100000;chuva;Epagri;;;2;False;diaria;48ca7231acd1057b_diario_derivado;;interna;horaria_agregada;soma
2014-07-11;1.2000000000000002;24;True;0;84100000;chuva;Epagri;;;2;False;diaria;48ca7231acd1057b_diario_derivado;;interna;horaria_agregada;soma
2014-07-12;1.6;24;True;0;84100000;chuva;Epagri;;;2;False;diaria;48ca7231acd1057b_diario_derivado;;interna;horaria_agregada;soma
2014-07-13;24.0;24;True;0;84100000;chuva;Epagri;;;2;False;diaria;48ca7231acd1057b_diario_derivado;;interna;horaria_agregada;soma
2014-07-14;0.6000000000000001;24;True;0;84100000;chuva;Epagri;;;2;False;diaria;48ca7231acd1057b_diario_derivado;;interna;horaria_agregada;soma
2014-07-15;0.0;24;True;0;84100000;chuva;Epagri;;;2;False;diaria;48ca7231acd1057b_diario_derivado;;interna;horaria_agregada;soma
2014-07-16;0.0;24;True;0;84100000;chuva;Epagri;;;2;False;diaria;48ca7231acd1057b_diario_derivado;;interna;horaria_agregada;soma
2014-07-17;0.0;24;True;0;84100000;chuva;Epagri;;;2;False;diaria;48ca7231acd1057b_diario_derivado;;interna;horaria_agregada;soma
2014-07-18;0.0;24;True;0;84100000;chuva;Epagri;;;2;False;diaria;48ca7231acd1057b_diario_derivado;;interna;horaria_agregada;soma
2014-07-19;0.0;24;True;0;84100000;chuva;Epagri;;;2;False;diaria;48ca7231acd1057b_diario_derivado;;interna;horaria_agregada;soma
2014-07-20;;22;False;0;84100000;chuva;Epagri;;;2;False;diaria;48ca7231acd1057b_diario_derivado;;interna;horaria_agregada;soma
2014-07-21;;23;False;0;84100000;chuva;Epagri;;;2;False;diaria;48ca7231acd1057b_diario_derivado;;interna;horaria_agregada;soma
2014-07-22;;23;False;0;84100000;chuva;Epagri;;;2;False;diaria;48ca7231acd1057b_diario_derivado;;interna;horaria_agregada;soma
2014-07-23;0.0;24;True;0;84100000;chuva;Epagri;;;2;False;diaria;48ca7231acd1057b_diario_derivado;;interna;horaria_agregada;soma
2014-07-24;36.800000000000004;24;True;0;84100000;chuva;Epagri;;;2;False;diaria;48ca7231acd1057b_diario_derivado;;interna;horaria_agregada;soma
2014-07-25;1.8;24;True;0;84100000;chuva;Epagri;;;2;False;diaria;48ca7231acd1057b_diario_derivado;;interna;horaria_agregada;soma
2014-07-26;;22;False;0;84100000;chuva;Epagri;;;2;False;diaria;48ca7231acd1057b_diario_derivado;;interna;horaria_agregada;soma
2014-07-27;;23;False;0;84100000;chuva;Epagri;;;2;False;diaria;48ca7231acd1057b_diario_derivado;;interna;horaria_agregada;soma
2014-07-28;;23;False;0;84100000;chuva;Epagri;;;2;False;diaria;48ca7231acd1057b_diario_derivado;;interna;horaria_agregada;soma
2014-07-29;;23;False;0;84100000;chuva;Epagri;;;2;False;diaria;48ca7231acd1057b_diario_derivado;;interna;horaria_agregada;soma
2014-07-30;0.8;24;True;0;84100000;chuva;Epagri;;;2;False;diaria;48ca7231acd1057b_diario_derivado;;interna;horaria_agregada;soma
2014-07-31;0.0;24;True;0;84100000;chuva;Epagri;;;2;False;diaria;48ca7231acd1057b_diario_derivado;;interna;horaria_agregada;soma
2014-08-01;9.0;24;True;0;84100000;chuva;Epagri;;;2;False;diaria;48ca7231acd1057b_diario_derivado;;interna;horaria_agregada;soma
2014-08-02;0.4;24;True;0;84100000;chuva;Epagri;;;2;False;diaria;48ca7231acd1057b_diario_derivado;;interna;horaria_agregada;soma
2014-08-03;0.0;24;True;0;84100000;chuva;Epagri;;;2;False;diaria;48ca7231acd1057b_diario_derivado;;interna;horaria_agregada;soma
2014-08-04;9.6;24;True;0;84100000;chuva;Epagri;;;2;False;diaria;48ca7231acd1057b_diario_derivado;;interna;horaria_agregada;soma
2014-08-05;0.0;24;True;0;84100000;chuva;Epagri;;;2;False;diaria;48ca7231acd1057b_diario_derivado;;interna;horaria_agregada;soma
2014-08-06;0.0;24;True;0;84100000;chuva;Epagri;;;2;False;diaria;48ca7231acd1057b_diario_derivado;;interna;horaria_agregada;soma
2014-08-07;0.0;24;True;0;84100000;chuva;Epagri;;;2;False;diaria;48ca7231acd1057b_diario_derivado;;interna;horaria_agregada;soma
2014-08-08;;22;False;0;84100000;chuva;Epagri;;;2;False;diaria;48ca7231acd1057b_diario_derivado;;interna;horaria_agregada;soma
2014-08-09;0.0;24;True;0;84100000;chuva;Epagri;;;2;False;diaria;48ca7231acd1057b_diario_derivado;;interna;horaria_agregada;soma
2014-08-10;0.0;24;True;0;84100000;chuva;Epagri;;;2;False;diaria;48ca7231acd1057b_diario_derivado;;interna;horaria_agregada;soma
2014-08-11;;23;False;0;84100000;chuva;Epagri;;;2;False;diaria;48ca7231acd1057b_diario_derivado;;interna;horaria_agregada;soma
2014-08-12;;23;False;0;84100000;chuva;Epagri;;;2;False;diaria;48ca7231acd1057b_diario_derivado;;interna;horaria_agregada;soma
2014-08-13;2.4000000000000004;24;True;0;84100000;chuva;Epagri;;;2;False;diaria;48ca7231acd1057b_diario_derivado;;interna;horaria_agregada;soma
2014-08-14;;20;False;0;84100000;chuva;Epagri;;;2;False;diaria;48ca7231acd1057b_diario_derivado;;interna;horaria_agregada;soma
2014-08-15;0.0;24;True;0;84100000;chuva;Epagri;;;2;False;diaria;48ca7231acd1057b_diario_derivado;;interna;horaria_agregada;soma
2014-08-16;;23;False;0;84100000;chuva;Epagri;;;2;False;diaria;48ca7231acd1057b_diario_derivado;;interna;horaria_agregada;soma
2014-08-17;0.2;24;True;0;84100000;chuva;Epagri;;;2;False;diaria;48ca7231acd1057b_diario_derivado;;interna;horaria_agregada;soma
2014-08-18;0.0;24;True;0;84100000;chuva;Epagri;;;2;False;diaria;48ca7231acd1057b_diario_derivado;;interna;horaria_agregada;soma
2014-08-19;;22;False;0;84100000;chuva;Epagri;;;2;False;diaria;48ca7231acd1057b_diario_derivado;;interna;horaria_agregada;soma
2014-08-20;0.0;24;True;0;84100000;chuva;Epagri;;;2;False;diaria;48ca7231acd1057b_diario_derivado;;interna;horaria_agregada;soma
2014-08-21;;23;False;0;84100000;chuva;Epagri;;;2;False;diaria;48ca7231acd1057b_diario_derivado;;interna;horaria_agregada;soma
2014-08-22;0.0;24;True;0;84100000;chuva;Epagri;;;2;False;diaria;48ca7231acd1057b_diario_derivado;;interna;horaria_agregada;soma
2014-08-23;;22;False;0;84100000;chuva;Epagri;;;2;False;diaria;48ca7231acd1057b_diario_derivado;;interna;horaria_agregada;soma
2014-08-24;0.0;24;True;0;84100000;chuva;Epagri;;;2;False;diaria;48ca7231acd1057b_diario_derivado;;interna;horaria_agregada;soma
2014-08-25;0.2;24;True;0;84100000;chuva;Epagri;;;2;False;diaria;48ca7231acd1057b_diario_derivado;;interna;horaria_agregada;soma
2014-08-26;;22;False;0;84100000;chuva;Epagri;;;2;False;diaria;48ca7231acd1057b_diario_derivado;;interna;horaria_agregada;soma
2014-08-27;0.0;24;True;0;84100000;chuva;Epagri;;;2;False;diaria;48ca7231acd1057b_diario_derivado;;interna;horaria_agregada;soma
2014-08-28;;23;False;0;84100000;chuva;Epagri;;;2;False;diaria;48ca7231acd1057b_diario_derivado;;interna;horaria_agregada;soma
2014-08-29;0.0;24;True;0;84100000;chuva;Epagri;;;2;False;diaria;48ca7231acd1057b_diario_derivado;;interna;horaria_agregada;soma
2014-08-30;0.0;24;True;0;84100000;chuva;Epagri;;;2;False;diaria;48ca7231acd1057b_diario_derivado;;interna;horaria_agregada;soma
2014-08-31;17.4;24;True;0;84100000;chuva;Epagri;;;2;False;diaria;48ca7231acd1057b_diario_derivado;;interna;horaria_agregada;soma
2014-09-01;0.0;24;True;0;84100000;chuva;Epagri;;;2;False;diaria;48ca7231acd1057b_diario_derivado;;interna;horaria_agregada;soma
2014-09-02;17.6;24;True;0;84100000;chuva;Epagri;;;2;False;diaria;48ca7231acd1057b_diario_derivado;;interna;horaria_agregada;soma
2014-09-03;0.0;24;True;0;84100000;chuva;Epagri;;;2;False;diaria;48ca7231acd1057b_diario_derivado;;interna;horaria_agregada;soma
2014-09-04;6.2;24;True;0;84100000;chuva;Epagri;;;2;False;diaria;48ca7231acd1057b_diario_derivado;;interna;horaria_agregada;soma
2014-09-05;;23;False;0;84100000;chuva;Epagri;;;2;False;diaria;48ca7231acd1057b_diario_derivado;;interna;horaria_agregada;soma
2014-09-06;;22;False;0;84100000;chuva;Epagri;;;2;False;diaria;48ca7231acd1057b_diario_derivado;;interna;horaria_agregada;soma
2014-09-07;;23;False;0;84100000;chuva;Epagri;;;2;False;diaria;48ca7231acd1057b_diario_derivado;;interna;horaria_agregada;soma
2014-09-08;;23;False;0;84100000;chuva;Epagri;;;2;False;diaria;48ca7231acd1057b_diario_derivado;;interna;horaria_agregada;soma
2014-09-09;0.0;24;True;0;84100000;chuva;Epagri;;;2;False;diaria;48ca7231acd1057b_diario_derivado;;interna;horaria_agregada;soma
2014-09-10;0.0;24;True;0;84100000;chuva;Epagri;;;2;False;diaria;48ca7231acd1057b_diario_derivado;;interna;horaria_agregada;soma
2014-09-11;;23;False;0;84100000;chuva;Epagri;;;2;False;diaria;48ca7231acd1057b_diario_derivado;;interna;horaria_agregada;soma
2014-09-12;1.0;24;True;0;84100000;chuva;Epagri;;;2;False;diaria;48ca7231acd1057b_diario_derivado;;interna;horaria_agregada;soma
2014-09-13;0.2;24;True;0;84100000;chuva;Epagri;;;2;False;diaria;48ca7231acd1057b_diario_derivado;;interna;horaria_agregada;soma
2014-09-14;0.0;24;True;0;84100000;chuva;Epagri;;;2;False;diaria;48ca7231acd1057b_diario_derivado;;interna;horaria_agregada;soma
2014-09-15;0.0;24;True;0;84100000;chuva;Epagri;;;2;False;diaria;48ca7231acd1057b_diario_derivado;;interna;horaria_agregada;soma
2014-09-16;0.0;24;True;0;84100000;chuva;Epagri;;;2;False;diaria;48ca7231acd1057b_diario_derivado;;interna;horaria_agregada;soma
2014-09-17;0.8;24;True;0;84100000;chuva;Epagri;;;2;False;diaria;48ca7231acd1057b_diario_derivado;;interna;horaria_agregada;soma
2014-09-18;;23;False;0;84100000;chuva;Epagri;;;2;False;diaria;48ca7231acd1057b_diario_derivado;;interna;horaria_agregada;soma
2014-09-19;;22;False;0;84100000;chuva;Epagri;;;2;False;diaria;48ca7231acd1057b_diario_derivado;;interna;horaria_agregada;soma
2014-09-20;;19;False;0;84100000;chuva;Epagri;;;2;False;diaria;48ca7231acd1057b_diario_derivado;;interna;horaria_agregada;soma
2014-09-21;;22;False;0;84100000;chuva;Epagri;;;2;False;diaria;48ca7231acd1057b_diario_derivado;;interna;horaria_agregada;soma
2014-09-22;;23;False;0;84100000;chuva;Epagri;;;2;False;diaria;48ca7231acd1057b_diario_derivado;;interna;horaria_agregada;soma
2014-09-23;;22;False;0;84100000;chuva;Epagri;;;2;False;diaria;48ca7231acd1057b_diario_derivado;;interna;horaria_agregada;soma
2014-09-24;;23;False;0;84100000;chuva;Epagri;;;2;False;diaria;48ca7231acd1057b_diario_derivado;;interna;horaria_agregada;soma
2014-09-25;;23;False;0;84100000;chuva;Epagri;;;2;False;diaria;48ca7231acd1057b_diario_derivado;;interna;horaria_agregada;soma
2014-09-26;13.6;24;True;0;84100000;chuva;Epagri;;;2;False;diaria;48ca7231acd1057b_diario_derivado;;interna;horaria_agregada;soma
2014-09-27;9.799999999999999;24;True;0;84100000;chuva;Epagri;;;2;False;diaria;48ca7231acd1057b_diario_derivado;;interna;horaria_agregada;soma
2014-09-28;6.2;24;True;0;84100000;chuva;Epagri;;;2;False;diaria;48ca7231acd1057b_diario_derivado;;interna;horaria_agregada;soma
2014-09-29;37.6;24;True;0;84100000;chuva;Epagri;;;2;False;diaria;48ca7231acd1057b_diario_derivado;;interna;horaria_agregada;soma
2014-09-30;12.200000000000001;24;True;0;84100000;chuva;Epagri;;;2;False;diaria;48ca7231acd1057b_diario_derivado;;interna;horaria_agregada;soma
2014-10-01;23.6;24;True;0;84100000;chuva;Epagri;;;2;False;diaria;48ca7231acd1057b_diario_derivado;;interna;horaria_agregada;soma
2014-10-02;0.0;24;True;0;84100000;chuva;Epagri;;;2;False;diaria;48ca7231acd1057b_diario_derivado;;interna;horaria_agregada;soma
2014-10-03;0.0;24;True;0;84100000;chuva;Epagri;;;2;False;diaria;48ca7231acd1057b_diario_derivado;;interna;horaria_agregada;soma
2014-10-04;0.0;24;True;0;84100000;chuva;Epagri;;;2;False;diaria;48ca7231acd1057b_diario_derivado;;interna;horaria_agregada;soma
2014-10-05;0.8;24;True;0;84100000;chuva;Epagri;;;2;False;diaria;48ca7231acd1057b_diario_derivado;;interna;horaria_agregada;soma
2014-10-06;;23;False;0;84100000;chuva;Epagri;;;2;False;diaria;48ca7231acd1057b_diario_derivado;;interna;horaria_agregada;soma
2014-10-07;1.0;24;True;0;84100000;chuva;Epagri;;;2;False;diaria;48ca7231acd1057b_diario_derivado;;interna;horaria_agregada;soma
2014-10-08;0.0;24;True;0;84100000;chuva;Epagri;;;2;False;diaria;48ca7231acd1057b_diario_derivado;;interna;horaria_agregada;soma
2014-10-09;;18;False;0;84100000;chuva;Epagri;;;2;False;diaria;48ca7231acd1057b_diario_derivado;;interna;horaria_agregada;soma
2014-10-10;;19;False;0;84100000;chuva;Epagri;;;2;False;diaria;48ca7231acd1057b_diario_derivado;;interna;horaria_agregada;soma
2014-10-11;2.6;24;True;0;84100000;chuva;Epagri;;;2;False;diaria;48ca7231acd1057b_diario_derivado;;interna;horaria_agregada;soma
2014-10-12;;19;False;0;84100000;chuva;Epagri;;;2;False;diaria;48ca7231acd1057b_diario_derivado;;interna;horaria_agregada;soma
2014-10-13;;10;False;0;84100000;chuva;Epagri;;;2;False;diaria;48ca7231acd1057b_diario_derivado;;interna;horaria_agregada;soma
2014-10-14;;23;False;0;84100000;chuva;Epagri;;;2;False;diaria;48ca7231acd1057b_diario_derivado;;interna;horaria_agregada;soma
2014-10-15;0.6000000000000001;24;True;0;84100000;chuva;Epagri;;;2;False;diaria;48ca7231acd1057b_diario_derivado;;interna;horaria_agregada;soma
2014-10-16;;23;False;0;84100000;chuva;Epagri;;;2;False;diaria;48ca7231acd1057b_diario_derivado;;interna;horaria_agregada;soma
2014-10-17;3.2;24;True;0;84100000;chuva;Epagri;;;2;False;diaria;48ca7231acd1057b_diario_derivado;;interna;horaria_agregada;soma
2014-10-18;2.4;24;True;0;84100000;chuva;Epagri;;;2;False;diaria;48ca7231acd1057b_diario_derivado;;interna;horaria_agregada;soma
2014-10-19;8.4;24;True;0;84100000;chuva;Epagri;;;2;False;diaria;48ca7231acd1057b_diario_derivado;;interna;horaria_agregada;soma
2014-10-20;0.2;24;True;0;84100000;chuva;Epagri;;;2;False;diaria;48ca7231acd1057b_diario_derivado;;interna;horaria_agregada;soma
2014-10-21;0.0;24;True;0;84100000;chuva;Epagri;;;2;False;diaria;48ca7231acd1057b_diario_derivado;;interna;horaria_agregada;soma
2014-10-22;0.0;24;True;0;84100000;chuva;Epagri;;;2;False;diaria;48ca7231acd1057b_diario_derivado;;interna;horaria_agregada;soma
2014-10-23;;23;False;0;84100000;chuva;Epagri;;;2;False;diaria;48ca7231acd1057b_diario_derivado;;interna;horaria_agregada;soma
2014-10-24;;23;False;0;84100000;chuva;Epagri;;;2;False;diaria;48ca7231acd1057b_diario_derivado;;interna;horaria_agregada;soma
2014-10-25;2.0;24;True;0;84100000;chuva;Epagri;;;2;False;diaria;48ca7231acd1057b_diario_derivado;;interna;horaria_agregada;soma
2014-10-26;0.4;24;True;0;84100000;chuva;Epagri;;;2;False;diaria;48ca7231acd1057b_diario_derivado;;interna;horaria_agregada;soma
2014-10-27;0.2;24;True;0;84100000;chuva;Epagri;;;2;False;diaria;48ca7231acd1057b_diario_derivado;;interna;horaria_agregada;soma
2014-10-28;0.0;24;True;0;84100000;chuva;Epagri;;;2;False;diaria;48ca7231acd1057b_diario_derivado;;interna;horaria_agregada;soma
2014-10-29;0.0;24;True;0;84100000;chuva;Epagri;;;2;False;diaria;48ca7231acd1057b_diario_derivado;;interna;horaria_agregada;soma
2014-10-30;0.8;24;True;0;84100000;chuva;Epagri;;;2;False;diaria;48ca7231acd1057b_diario_derivado;;interna;horaria_agregada;soma
2014-10-31;0.2;24;True;0;84100000;chuva;Epagri;;;2;False;diaria;48ca7231acd1057b_diario_derivado;;interna;horaria_agregada;soma
2014-11-01;0.0;24;True;0;84100000;chuva;Epagri;;;2;False;diaria;48ca7231acd1057b_diario_derivado;;interna;horaria_agregada;soma
2014-11-02;0.4;24;True;0;84100000;chuva;Epagri;;;2;False;diaria;48ca7231acd1057b_diario_derivado;;interna;horaria_agregada;soma
2014-11-03;;23;False;0;84100000;chuva;Epagri;;;2;False;diaria;48ca7231acd1057b_diario_derivado;;interna;horaria_agregada;soma
2014-11-04;27.799999999999997;24;True;0;84100000;chuva;Epagri;;;2;False;diaria;48ca7231acd1057b_diario_derivado;;interna;horaria_agregada;soma
2014-11-05;1.4;24;True;0;84100000;chuva;Epagri;;;2;False;diaria;48ca7231acd1057b_diario_derivado;;interna;horaria_agregada;soma
2014-11-06;;23;False;0;84100000;chuva;Epagri;;;2;False;diaria;48ca7231acd1057b_diario_derivado;;interna;horaria_agregada;soma
2014-11-07;2.2;24;True;0;84100000;chuva;Epagri;;;2;False;diaria;48ca7231acd1057b_diario_derivado;;interna;horaria_agregada;soma
2014-11-08;0.0;24;True;0;84100000;chuva;Epagri;;;2;False;diaria;48ca7231acd1057b_diario_derivado;;interna;horaria_agregada;soma
2014-11-09;0.0;24;True;0;84100000;chuva;Epagri;;;2;False;diaria;48ca7231acd1057b_diario_derivado;;interna;horaria_agregada;soma
2014-11-10;0.0;24;True;0;84100000;chuva;Epagri;;;2;False;diaria;48ca7231acd1057b_diario_derivado;;interna;horaria_agregada;soma
2014-11-11;;23;False;0;84100000;chuva;Epagri;;;2;False;diaria;48ca7231acd1057b_diario_derivado;;interna;horaria_agregada;soma
2014-11-12;1.0;24;True;0;84100000;chuva;Epagri;;;2;False;diaria;48ca7231acd1057b_diario_derivado;;interna;horaria_agregada;soma
2014-11-13;0.0;24;True;0;84100000;chuva;Epagri;;;2;False;diaria;48ca7231acd1057b_diario_derivado;;interna;horaria_agregada;soma
2014-11-14;0.0;24;True;0;84100000;chuva;Epagri;;;2;False;diaria;48ca7231acd1057b_diario_derivado;;interna;horaria_agregada;soma
2014-11-15;0.0;24;True;0;84100000;chuva;Epagri;;;2;False;diaria;48ca7231acd1057b_diario_derivado;;interna;horaria_agregada;soma
2014-11-16;0.0;24;True;0;84100000;chuva;Epagri;;;2;False;diaria;48ca7231acd1057b_diario_derivado;;interna;horaria_agregada;soma
2014-11-17;0.0;24;True;0;84100000;chuva;Epagri;;;2;False;diaria;48ca7231acd1057b_diario_derivado;;interna;horaria_agregada;soma
2014-11-18;0.0;24;True;0;84100000;chuva;Epagri;;;2;False;diaria;48ca7231acd1057b_diario_derivado;;interna;horaria_agregada;soma
2014-11-19;;23;False;0;84100000;chuva;Epagri;;;2;False;diaria;48ca7231acd1057b_diario_derivado;;interna;horaria_agregada;soma
2014-11-20;2.8;24;True;0;84100000;chuva;Epagri;;;2;False;diaria;48ca7231acd1057b_diario_derivado;;interna;horaria_agregada;soma
2014-11-21;;18;False;0;84100000;chuva;Epagri;;;2;False;diaria;48ca7231acd1057b_diario_derivado;;interna;horaria_agregada;soma
2014-11-22;3.6;24;True;0;84100000;chuva;Epagri;;;2;False;diaria;48ca7231acd1057b_diario_derivado;;interna;horaria_agregada;soma
2014-11-23;0.0;24;True;0;84100000;chuva;Epagri;;;2;False;diaria;48ca7231acd1057b_diario_derivado;;interna;horaria_agregada;soma
2014-11-24;0.0;24;True;0;84100000;chuva;Epagri;;;2;False;diaria;48ca7231acd1057b_diario_derivado;;interna;horaria_agregada;soma
2014-11-25;14.0;24;True;0;84100000;chuva;Epagri;;;2;False;diaria;48ca7231acd1057b_diario_derivado;;interna;horaria_agregada;soma
2014-11-26;34.2;24;True;0;84100000;chuva;Epagri;;;2;False;diaria;48ca7231acd1057b_diario_derivado;;interna;horaria_agregada;soma
2014-11-27;0.0;24;True;0;84100000;chuva;Epagri;;;2;False;diaria;48ca7231acd1057b_diario_derivado;;interna;horaria_agregada;soma
2014-11-28;0.8;24;True;0;84100000;chuva;Epagri;;;2;False;diaria;48ca7231acd1057b_diario_derivado;;interna;horaria_agregada;soma
2014-11-29;6.4;24;True;0;84100000;chuva;Epagri;;;2;False;diaria;48ca7231acd1057b_diario_derivado;;interna;horaria_agregada;soma
2014-11-30;2.8;24;True;0;84100000;chuva;Epagri;;;2;False;diaria;48ca7231acd1057b_diario_derivado;;interna;horaria_agregada;soma
2014-12-01;0.2;24;True;0;84100000;chuva;Epagri;;;2;False;diaria;48ca7231acd1057b_diario_derivado;;interna;horaria_agregada;soma
2014-12-02;0.0;24;True;0;84100000;chuva;Epagri;;;2;False;diaria;48ca7231acd1057b_diario_derivado;;interna;horaria_agregada;soma
2014-12-03;4.6;24;True;0;84100000;chuva;Epagri;;;2;False;diaria;48ca7231acd1057b_diario_derivado;;interna;horaria_agregada;soma
2014-12-04;0.2;24;True;0;84100000;chuva;Epagri;;;2;False;diaria;48ca7231acd1057b_diario_derivado;;interna;horaria_agregada;soma
2014-12-05;0.0;24;True;0;84100000;chuva;Epagri;;;2;False;diaria;48ca7231acd1057b_diario_derivado;;interna;horaria_agregada;soma
2014-12-06;0.0;24;True;0;84100000;chuva;Epagri;;;2;False;diaria;48ca7231acd1057b_diario_derivado;;interna;horaria_agregada;soma
2014-12-07;0.0;24;True;0;84100000;chuva;Epagri;;;2;False;diaria;48ca7231acd1057b_diario_derivado;;interna;horaria_agregada;soma
2014-12-08;0.0;24;True;0;84100000;chuva;Epagri;;;2;False;diaria;48ca7231acd1057b_diario_derivado;;interna;horaria_agregada;soma
2014-12-09;0.0;24;True;0;84100000;chuva;Epagri;;;2;False;diaria;48ca7231acd1057b_diario_derivado;;interna;horaria_agregada;soma
2014-12-10;9.6;24;True;0;84100000;chuva;Epagri;;;2;False;diaria;48ca7231acd1057b_diario_derivado;;interna;horaria_agregada;soma
2014-12-11;1.0;24;True;0;84100000;chuva;Epagri;;;2;False;diaria;48ca7231acd1057b_diario_derivado;;interna;horaria_agregada;soma
2014-12-12;10.2;24;True;0;84100000;chuva;Epagri;;;2;False;diaria;48ca7231acd1057b_diario_derivado;;interna;horaria_agregada;soma
2014-12-13;21.0;24;True;0;84100000;chuva;Epagri;;;2;False;diaria;48ca7231acd1057b_diario_derivado;;interna;horaria_agregada;soma
2014-12-14;0.0;24;True;0;84100000;chuva;Epagri;;;2;False;diaria;48ca7231acd1057b_diario_derivado;;interna;horaria_agregada;soma
2014-12-15;0.0;24;True;0;84100000;chuva;Epagri;;;2;False;diaria;48ca7231acd1057b_diario_derivado;;interna;horaria_agregada;soma
2014-12-16;0.0;24;True;0;84100000;chuva;Epagri;;;2;False;diaria;48ca7231acd1057b_diario_derivado;;interna;horaria_agregada;soma
2014-12-17;0.0;24;True;0;84100000;chuva;Epagri;;;2;False;diaria;48ca7231acd1057b_diario_derivado;;interna;horaria_agregada;soma
2014-12-18;13.200000000000001;24;True;0;84100000;chuva;Epagri;;;2;False;diaria;48ca7231acd1057b_diario_derivado;;interna;horaria_agregada;soma
2014-12-19;6.0;24;True;0;84100000;chuva;Epagri;;;2;False;diaria;48ca7231acd1057b_diario_derivado;;interna;horaria_agregada;soma
2014-12-20;0.0;24;True;0;84100000;chuva;Epagri;;;2;False;diaria;48ca7231acd1057b_diario_derivado;;interna;horaria_agregada;soma
2014-12-21;6.2;24;True;0;84100000;chuva;Epagri;;;2;False;diaria;48ca7231acd1057b_diario_derivado;;interna;horaria_agregada;soma
2014-12-22;13.6;24;True;0;84100000;chuva;Epagri;;;2;False;diaria;48ca7231acd1057b_diario_derivado;;interna;horaria_agregada;soma
2014-12-23;0.2;24;True;0;84100000;chuva;Epagri;;;2;False;diaria;48ca7231acd1057b_diario_derivado;;interna;horaria_agregada;soma
2014-12-24;0.0;24;True;0;84100000;chuva;Epagri;;;2;False;diaria;48ca7231acd1057b_diario_derivado;;interna;horaria_agregada;soma
2014-12-25;0.6000000000000001;24;True;0;84100000;chuva;Epagri;;;2;False;diaria;48ca7231acd1057b_diario_derivado;;interna;horaria_agregada;soma
2014-12-26;69.6;24;True;0;84100000;chuva;Epagri;;;2;False;diaria;48ca7231acd1057b_diario_derivado;;interna;horaria_agregada;soma
2014-12-27;3.6;24;True;0;84100000;chuva;Epagri;;;2;False;diaria;48ca7231acd1057b_diario_derivado;;interna;horaria_agregada;soma
2014-12-28;22.0;24;True;0;84100000;chuva;Epagri;;;2;False;diaria;48ca7231acd1057b_diario_derivado;;interna;horaria_agregada;soma
2014-12-29;0.2;24;True;0;84100000;chuva;Epagri;;;2;False;diaria;48ca7231acd1057b_diario_derivado;;interna;horaria_agregada;soma
2014-12-30;6.000000000000001;24;True;0;84100000;chuva;Epagri;;;2;False;diaria;48ca7231acd1057b_diario_derivado;;interna;horaria_agregada;soma
2014-12-31;1.4;24;True;0;84100000;chuva;Epagri;;;2;False;diaria;48ca7231acd1057b_diario_derivado;;interna;horaria_agregada;soma
2015-01-01;2.2;24;True;0;84100000;chuva;Epagri;;;2;False;diaria;48ca7231acd1057b_diario_derivado;;interna;horaria_agregada;soma
2015-01-02;7.6;24;True;0;84100000;chuva;Epagri;;;2;False;diaria;48ca7231acd1057b_diario_derivado;;interna;horaria_agregada;soma
2015-01-03;0.4;24;True;0;84100000;chuva;Epagri;;;2;False;diaria;48ca7231acd1057b_diario_derivado;;interna;horaria_agregada;soma
2015-01-04;;21;False;0;84100000;chuva;Epagri;;;2;False;diaria;48ca7231acd1057b_diario_derivado;;interna;horaria_agregada;soma
2015-01-05;5.4;24;True;0;84100000;chuva;Epagri;;;2;False;diaria;48ca7231acd1057b_diario_derivado;;interna;horaria_agregada;soma
2015-01-06;4.8;24;True;0;84100000;chuva;Epagri;;;2;False;diaria;48ca7231acd1057b_diario_derivado;;interna;horaria_agregada;soma
2015-01-07;2.2;24;True;0;84100000;chuva;Epagri;;;2;False;diaria;48ca7231acd1057b_diario_derivado;;interna;horaria_agregada;soma
2015-01-08;6.2;24;True;0;84100000;chuva;Epagri;;;2;False;diaria;48ca7231acd1057b_diario_derivado;;interna;horaria_agregada;soma
2015-01-09;2.0;24;True;0;84100000;chuva;Epagri;;;2;False;diaria;48ca7231acd1057b_diario_derivado;;interna;horaria_agregada;soma
2015-01-10;;20;False;0;84100000;chuva;Epagri;;;2;False;diaria;48ca7231acd1057b_diario_derivado;;interna;horaria_agregada;soma
2015-01-11;18.0;24;True;0;84100000;chuva;Epagri;;;2;False;diaria;48ca7231acd1057b_diario_derivado;;interna;horaria_agregada;soma
2015-01-12;0.0;24;True;0;84100000;chuva;Epagri;;;2;False;diaria;48ca7231acd1057b_diario_derivado;;interna;horaria_agregada;soma
2015-01-13;;20;False;0;84100000;chuva;Epagri;;;2;False;diaria;48ca7231acd1057b_diario_derivado;;interna;horaria_agregada;soma
2015-01-14;2.0;24;True;0;84100000;chuva;Epagri;;;2;False;diaria;48ca7231acd1057b_diario_derivado;;interna;horaria_agregada;soma
2015-01-15;58.6;24;True;0;84100000;chuva;Epagri;;;2;False;diaria;48ca7231acd1057b_diario_derivado;;interna;horaria_agregada;soma
2015-01-16;0.2;24;True;0;84100000;chuva;Epagri;;;2;False;diaria;48ca7231acd1057b_diario_derivado;;interna;horaria_agregada;soma
2015-01-17;17.599999999999998;24;True;0;84100000;chuva;Epagri;;;2;False;diaria;48ca7231acd1057b_diario_derivado;;interna;horaria_agregada;soma
2015-01-18;43.199999999999996;24;True;0;84100000;chuva;Epagri;;;2;False;diaria;48ca7231acd1057b_diario_derivado;;interna;horaria_agregada;soma
2015-01-19;22.0;24;True;0;84100000;chuva;Epagri;;;2;False;diaria;48ca7231acd1057b_diario_derivado;;interna;horaria_agregada;soma
2015-01-20;30.6;24;True;0;84100000;chuva;Epagri;;;2;False;diaria;48ca7231acd1057b_diario_derivado;;interna;horaria_agregada;soma
2015-01-21;10.200000000000001;24;True;0;84100000;chuva;Epagri;;;2;False;diaria;48ca7231acd1057b_diario_derivado;;interna;horaria_agregada;soma
2015-01-22;1.0;24;True;0;84100000;chuva;Epagri;;;2;False;diaria;48ca7231acd1057b_diario_derivado;;interna;horaria_agregada;soma
2015-01-23;0.0;24;True;0;84100000;chuva;Epagri;;;2;False;diaria;48ca7231acd1057b_diario_derivado;;interna;horaria_agregada;soma
2015-01-24;;6;False;0;84100000;chuva;Epagri;;;2;False;diaria;48ca7231acd1057b_diario_derivado;;interna;horaria_agregada;soma
2015-01-25;;15;False;0;84100000;chuva;Epagri;;;2;False;diaria;48ca7231acd1057b_diario_derivado;;interna;horaria_agregada;soma
2015-01-26;0.0;24;True;0;84100000;chuva;Epagri;;;2;False;diaria;48ca7231acd1057b_diario_derivado;;interna;horaria_agregada;soma
2015-01-27;0.0;24;True;0;84100000;chuva;Epagri;;;2;False;diaria;48ca7231acd1057b_diario_derivado;;interna;horaria_agregada;soma
2015-01-28;0.0;24;True;0;84100000;chuva;Epagri;;;2;False;diaria;48ca7231acd1057b_diario_derivado;;interna;horaria_agregada;soma
2015-01-29;1.2;24;True;0;84100000;chuva;Epagri;;;2;False;diaria;48ca7231acd1057b_diario_derivado;;interna;horaria_agregada;soma
2015-01-30;1.4;24;True;0;84100000;chuva;Epagri;;;2;False;diaria;48ca7231acd1057b_diario_derivado;;interna;horaria_agregada;soma
2015-01-31;0.4;24;True;0;84100000;chuva;Epagri;;;2;False;diaria;48ca7231acd1057b_diario_derivado;;interna;horaria_agregada;soma
2015-02-01;1.0;24;True;0;84100000;chuva;Epagri;;;2;False;diaria;48ca7231acd1057b_diario_derivado;;interna;horaria_agregada;soma
2015-02-02;2.4;24;True;0;84100000;chuva;Epagri;;;2;False;diaria;48ca7231acd1057b_diario_derivado;;interna;horaria_agregada;soma
2015-02-03;10.2;24;True;0;84100000;chuva;Epagri;;;2;False;diaria;48ca7231acd1057b_diario_derivado;;interna;horaria_agregada;soma
2015-02-04;6.0;24;True;0;84100000;chuva;Epagri;;;2;False;diaria;48ca7231acd1057b_diario_derivado;;interna;horaria_agregada;soma
2015-02-05;4.6;24;True;0;84100000;chuva;Epagri;;;2;False;diaria;48ca7231acd1057b_diario_derivado;;interna;horaria_agregada;soma
2015-02-06;0.2;24;True;0;84100000;chuva;Epagri;;;2;False;diaria;48ca7231acd1057b_diario_derivado;;interna;horaria_agregada;soma
2015-02-07;0.0;24;True;0;84100000;chuva;Epagri;;;2;False;diaria;48ca7231acd1057b_diario_derivado;;interna;horaria_agregada;soma
2015-02-08;0.0;24;True;0;84100000;chuva;Epagri;;;2;False;diaria;48ca7231acd1057b_diario_derivado;;interna;horaria_agregada;soma
2015-02-09;4.800000000000001;24;True;0;84100000;chuva;Epagri;;;2;False;diaria;48ca7231acd1057b_diario_derivado;;interna;horaria_agregada;soma
2015-02-10;0.2;24;True;0;84100000;chuva;Epagri;;;2;False;diaria;48ca7231acd1057b_diario_derivado;;interna;horaria_agregada;soma
2015-02-11;32.6;24;True;0;84100000;chuva;Epagri;;;2;False;diaria;48ca7231acd1057b_diario_derivado;;interna;horaria_agregada;soma
2015-02-12;7.6;24;True;0;84100000;chuva;Epagri;;;2;False;diaria;48ca7231acd1057b_diario_derivado;;interna;horaria_agregada;soma
2015-02-13;11.0;24;True;0;84100000;chuva;Epagri;;;2;False;diaria;48ca7231acd1057b_diario_derivado;;interna;horaria_agregada;soma
2015-02-14;12.6;24;True;0;84100000;chuva;Epagri;;;2;False;diaria;48ca7231acd1057b_diario_derivado;;interna;horaria_agregada;soma
2015-02-15;1.2000000000000002;24;True;0;84100000;chuva;Epagri;;;2;False;diaria;48ca7231acd1057b_diario_derivado;;interna;horaria_agregada;soma
2015-02-16;0.8;24;True;0;84100000;chuva;Epagri;;;2;False;diaria;48ca7231acd1057b_diario_derivado;;interna;horaria_agregada;soma
2015-02-17;6.6;24;True;0;84100000;chuva;Epagri;;;2;False;diaria;48ca7231acd1057b_diario_derivado;;interna;horaria_agregada;soma
2015-02-18;3.8000000000000003;24;True;0;84100000;chuva;Epagri;;;2;False;diaria;48ca7231acd1057b_diario_derivado;;interna;horaria_agregada;soma
2015-02-19;5.4;24;True;0;84100000;chuva;Epagri;;;2;False;diaria;48ca7231acd1057b_diario_derivado;;interna;horaria_agregada;soma
2015-02-20;4.0;24;True;0;84100000;chuva;Epagri;;;2;False;diaria;48ca7231acd1057b_diario_derivado;;interna;horaria_agregada;soma
2015-02-21;0.4;24;True;0;84100000;chuva;Epagri;;;2;False;diaria;48ca7231acd1057b_diario_derivado;;interna;horaria_agregada;soma
2015-02-22;0.0;24;True;0;84100000;chuva;Epagri;;;2;False;diaria;48ca7231acd1057b_diario_derivado;;interna;horaria_agregada;soma
2015-02-23;21.6;24;True;0;84100000;chuva;Epagri;;;2;False;diaria;48ca7231acd1057b_diario_derivado;;interna;horaria_agregada;soma
2015-02-24;20.4;24;True;0;84100000;chuva;Epagri;;;2;False;diaria;48ca7231acd1057b_diario_derivado;;interna;horaria_agregada;soma
2015-02-25;0.0;24;True;0;84100000;chuva;Epagri;;;2;False;diaria;48ca7231acd1057b_diario_derivado;;interna;horaria_agregada;soma
2015-02-26;11.0;24;True;0;84100000;chuva;Epagri;;;2;False;diaria;48ca7231acd1057b_diario_derivado;;interna;horaria_agregada;soma
2015-02-27;25.6;24;True;0;84100000;chuva;Epagri;;;2;False;diaria;48ca7231acd1057b_diario_derivado;;interna;horaria_agregada;soma
2015-02-28;0.0;24;True;0;84100000;chuva;Epagri;;;2;False;diaria;48ca7231acd1057b_diario_derivado;;interna;horaria_agregada;soma
2015-03-01;0.0;24;True;0;84100000;chuva;Epagri;;;2;False;diaria;48ca7231acd1057b_diario_derivado;;interna;horaria_agregada;soma
2015-03-02;;16;False;0;84100000;chuva;Epagri;;;2;False;diaria;48ca7231acd1057b_diario_derivado;;interna;horaria_agregada;soma
2015-03-03;2.4;24;True;0;84100000;chuva;Epagri;;;2;False;diaria;48ca7231acd1057b_diario_derivado;;interna;horaria_agregada;soma
2015-03-04;0.0;24;True;0;84100000;chuva;Epagri;;;2;False;diaria;48ca7231acd1057b_diario_derivado;;interna;horaria_agregada;soma
2015-03-05;15.799999999999999;24;True;0;84100000;chuva;Epagri;;;2;False;diaria;48ca7231acd1057b_diario_derivado;;interna;horaria_agregada;soma
2015-03-06;0.4;24;True;0;84100000;chuva;Epagri;;;2;False;diaria;48ca7231acd1057b_diario_derivado;;interna;horaria_agregada;soma
2015-03-07;0.0;24;True;0;84100000;chuva;Epagri;;;2;False;diaria;48ca7231acd1057b_diario_derivado;;interna;horaria_agregada;soma
2015-03-08;0.0;24;True;0;84100000;chuva;Epagri;;;2;False;diaria;48ca7231acd1057b_diario_derivado;;interna;horaria_agregada;soma
2015-03-09;1.7999999999999998;24;True;0;84100000;chuva;Epagri;;;2;False;diaria;48ca7231acd1057b_diario_derivado;;interna;horaria_agregada;soma
2015-03-10;;23;False;0;84100000;chuva;Epagri;;;2;False;diaria;48ca7231acd1057b_diario_derivado;;interna;horaria_agregada;soma
2015-03-11;;23;False;0;84100000;chuva;Epagri;;;2;False;diaria;48ca7231acd1057b_diario_derivado;;interna;horaria_agregada;soma
2015-03-12;0.0;24;True;0;84100000;chuva;Epagri;;;2;False;diaria;48ca7231acd1057b_diario_derivado;;interna;horaria_agregada;soma
2015-03-13;0.0;24;True;0;84100000;chuva;Epagri;;;2;False;diaria;48ca7231acd1057b_diario_derivado;;interna;horaria_agregada;soma
2015-03-14;0.0;24;True;0;84100000;chuva;Epagri;;;2;False;diaria;48ca7231acd1057b_diario_derivado;;interna;horaria_agregada;soma
2015-03-15;11.799999999999999;24;True;0;84100000;chuva;Epagri;;;2;False;diaria;48ca7231acd1057b_diario_derivado;;interna;horaria_agregada;soma
2015-03-16;0.0;24;True;0;84100000;chuva;Epagri;;;2;False;diaria;48ca7231acd1057b_diario_derivado;;interna;horaria_agregada;soma
2015-03-17;0.0;24;True;0;84100000;chuva;Epagri;;;2;False;diaria;48ca7231acd1057b_diario_derivado;;interna;horaria_agregada;soma
2015-03-18;0.0;24;True;0;84100000;chuva;Epagri;;;2;False;diaria;48ca7231acd1057b_diario_derivado;;interna;horaria_agregada;soma
2015-03-19;0.0;24;True;0;84100000;chuva;Epagri;;;2;False;diaria;48ca7231acd1057b_diario_derivado;;interna;horaria_agregada;soma
2015-03-20;3.8000000000000003;24;True;0;84100000;chuva;Epagri;;;2;False;diaria;48ca7231acd1057b_diario_derivado;;interna;horaria_agregada;soma
2015-03-21;7.6;24;True;0;84100000;chuva;Epagri;;;2;False;diaria;48ca7231acd1057b_diario_derivado;;interna;horaria_agregada;soma
2015-03-22;0.2;24;True;0;84100000;chuva;Epagri;;;2;False;diaria;48ca7231acd1057b_diario_derivado;;interna;horaria_agregada;soma
2015-03-23;0.0;24;True;0;84100000;chuva;Epagri;;;2;False;diaria;48ca7231acd1057b_diario_derivado;;interna;horaria_agregada;soma
2015-03-24;0.2;24;True;0;84100000;chuva;Epagri;;;2;False;diaria;48ca7231acd1057b_diario_derivado;;interna;horaria_agregada;soma
2015-03-25;;23;False;0;84100000;chuva;Epagri;;;2;False;diaria;48ca7231acd1057b_diario_derivado;;interna;horaria_agregada;soma
2015-03-26;12.799999999999999;24;True;0;84100000;chuva;Epagri;;;2;False;diaria;48ca7231acd1057b_diario_derivado;;interna;horaria_agregada;soma
2015-03-27;10.8;24;True;0;84100000;chuva;Epagri;;;2;False;diaria;48ca7231acd1057b_diario_derivado;;interna;horaria_agregada;soma
2015-03-28;13.4;24;True;0;84100000;chuva;Epagri;;;2;False;diaria;48ca7231acd1057b_diario_derivado;;interna;horaria_agregada;soma
2015-03-29;36.6;24;True;0;84100000;chuva;Epagri;;;2;False;diaria;48ca7231acd1057b_diario_derivado;;interna;horaria_agregada;soma
2015-03-30;5.6;24;True;0;84100000;chuva;Epagri;;;2;False;diaria;48ca7231acd1057b_diario_derivado;;interna;horaria_agregada;soma
2015-03-31;0.2;24;True;0;84100000;chuva;Epagri;;;2;False;diaria;48ca7231acd1057b_diario_derivado;;interna;horaria_agregada;soma
2015-04-01;0.0;24;True;0;84100000;chuva;Epagri;;;2;False;diaria;48ca7231acd1057b_diario_derivado;;interna;horaria_agregada;soma
2015-04-02;0.0;24;True;0;84100000;chuva;Epagri;;;2;False;diaria;48ca7231acd1057b_diario_derivado;;interna;horaria_agregada;soma
2015-04-03;0.0;24;True;0;84100000;chuva;Epagri;;;2;False;diaria;48ca7231acd1057b_diario_derivado;;interna;horaria_agregada;soma
2015-04-04;0.0;24;True;0;84100000;chuva;Epagri;;;2;False;diaria;48ca7231acd1057b_diario_derivado;;interna;horaria_agregada;soma
2015-04-05;19.6;24;True;0;84100000;chuva;Epagri;;;2;False;diaria;48ca7231acd1057b_diario_derivado;;interna;horaria_agregada;soma
2015-04-06;1.0;24;True;0;84100000;chuva;Epagri;;;2;False;diaria;48ca7231acd1057b_diario_derivado;;interna;horaria_agregada;soma
2015-04-07;0.0;24;True;0;84100000;chuva;Epagri;;;2;False;diaria;48ca7231acd1057b_diario_derivado;;interna;horaria_agregada;soma
2015-04-08;0.0;24;True;0;84100000;chuva;Epagri;;;2;False;diaria;48ca7231acd1057b_diario_derivado;;interna;horaria_agregada;soma
2015-04-09;0.0;24;True;0;84100000;chuva;Epagri;;;2;False;diaria;48ca7231acd1057b_diario_derivado;;interna;horaria_agregada;soma
2015-04-10;0.0;24;True;0;84100000;chuva;Epagri;;;2;False;diaria;48ca7231acd1057b_diario_derivado;;interna;horaria_agregada;soma
2015-04-11;0.0;24;True;0;84100000;chuva;Epagri;;;2;False;diaria;48ca7231acd1057b_diario_derivado;;interna;horaria_agregada;soma
2015-04-12;0.0;24;True;0;84100000;chuva;Epagri;;;2;False;diaria;48ca7231acd1057b_diario_derivado;;interna;horaria_agregada;soma
2015-04-13;0.0;24;True;0;84100000;chuva;Epagri;;;2;False;diaria;48ca7231acd1057b_diario_derivado;;interna;horaria_agregada;soma
2015-04-14;2.4;24;True;0;84100000;chuva;Epagri;;;2;False;diaria;48ca7231acd1057b_diario_derivado;;interna;horaria_agregada;soma
2015-04-15;1.8;24;True;0;84100000;chuva;Epagri;;;2;False;diaria;48ca7231acd1057b_diario_derivado;;interna;horaria_agregada;soma
2015-04-16;7.999999999999999;24;True;0;84100000;chuva;Epagri;;;2;False;diaria;48ca7231acd1057b_diario_derivado;;interna;horaria_agregada;soma
2015-04-17;49.4;24;True;0;84100000;chuva;Epagri;;;2;False;diaria;48ca7231acd1057b_diario_derivado;;interna;horaria_agregada;soma
2015-04-18;4.3999999999999995;24;True;0;84100000;chuva;Epagri;;;2;False;diaria;48ca7231acd1057b_diario_derivado;;interna;horaria_agregada;soma
2015-04-19;0.2;24;True;0;84100000;chuva;Epagri;;;2;False;diaria;48ca7231acd1057b_diario_derivado;;interna;horaria_agregada;soma
2015-04-20;9.6;24;True;0;84100000;chuva;Epagri;;;2;False;diaria;48ca7231acd1057b_diario_derivado;;interna;horaria_agregada;soma
2015-04-21;0.2;24;True;0;84100000;chuva;Epagri;;;2;False;diaria;48ca7231acd1057b_diario_derivado;;interna;horaria_agregada;soma
2015-04-22;15.0;24;True;0;84100000;chuva;Epagri;;;2;False;diaria;48ca7231acd1057b_diario_derivado;;interna;horaria_agregada;soma
2015-04-23;12.6;24;True;0;84100000;chuva;Epagri;;;2;False;diaria;48ca7231acd1057b_diario_derivado;;interna;horaria_agregada;soma
2015-04-24;0.2;24;True;0;84100000;chuva;Epagri;;;2;False;diaria;48ca7231acd1057b_diario_derivado;;interna;horaria_agregada;soma
2015-04-25;0.0;24;True;0;84100000;chuva;Epagri;;;2;False;diaria;48ca7231acd1057b_diario_derivado;;interna;horaria_agregada;soma
2015-04-26;0.0;24;True;0;84100000;chuva;Epagri;;;2;False;diaria;48ca7231acd1057b_diario_derivado;;interna;horaria_agregada;soma
2015-04-27;0.0;24;True;0;84100000;chuva;Epagri;;;2;False;diaria;48ca7231acd1057b_diario_derivado;;interna;horaria_agregada;soma
2015-04-28;;23;False;0;84100000;chuva;Epagri;;;2;False;diaria;48ca7231acd1057b_diario_derivado;;interna;horaria_agregada;soma
2015-04-29;0.4;24;True;0;84100000;chuva;Epagri;;;2;False;diaria;48ca7231acd1057b_diario_derivado;;interna;horaria_agregada;soma
2015-04-30;0.0;24;True;0;84100000;chuva;Epagri;;;2;False;diaria;48ca7231acd1057b_diario_derivado;;interna;horaria_agregada;soma
2015-05-01;5.6000000000000005;24;True;0;84100000;chuva;Epagri;;;2;False;diaria;48ca7231acd1057b_diario_derivado;;interna;horaria_agregada;soma
2015-05-02;0.2;24;True;0;84100000;chuva;Epagri;;;2;False;diaria;48ca7231acd1057b_diario_derivado;;interna;horaria_agregada;soma
2015-05-03;10.4;24;True;0;84100000;chuva;Epagri;;;2;False;diaria;48ca7231acd1057b_diario_derivado;;interna;horaria_agregada;soma
2015-05-04;3.0;24;True;0;84100000;chuva;Epagri;;;2;False;diaria;48ca7231acd1057b_diario_derivado;;interna;horaria_agregada;soma
2015-05-05;0.0;24;True;0;84100000;chuva;Epagri;;;2;False;diaria;48ca7231acd1057b_diario_derivado;;interna;horaria_agregada;soma
2015-05-06;0.0;24;True;0;84100000;chuva;Epagri;;;2;False;diaria;48ca7231acd1057b_diario_derivado;;interna;horaria_agregada;soma
2015-05-07;0.0;24;True;0;84100000;chuva;Epagri;;;2;False;diaria;48ca7231acd1057b_diario_derivado;;interna;horaria_agregada;soma
2015-05-08;0.0;24;True;0;84100000;chuva;Epagri;;;2;False;diaria;48ca7231acd1057b_diario_derivado;;interna;horaria_agregada;soma
2015-05-09;0.0;24;True;0;84100000;chuva;Epagri;;;2;False;diaria;48ca7231acd1057b_diario_derivado;;interna;horaria_agregada;soma
2015-05-10;1.8;24;True;0;84100000;chuva;Epagri;;;2;False;diaria;48ca7231acd1057b_diario_derivado;;interna;horaria_agregada;soma
2015-05-11;;22;False;0;84100000;chuva;Epagri;;;2;False;diaria;48ca7231acd1057b_diario_derivado;;interna;horaria_agregada;soma
2015-05-12;;23;False;0;84100000;chuva;Epagri;;;2;False;diaria;48ca7231acd1057b_diario_derivado;;interna;horaria_agregada;soma
2015-05-13;0.0;24;True;0;84100000;chuva;Epagri;;;2;False;diaria;48ca7231acd1057b_diario_derivado;;interna;horaria_agregada;soma
2015-05-14;;23;False;0;84100000;chuva;Epagri;;;2;False;diaria;48ca7231acd1057b_diario_derivado;;interna;horaria_agregada;soma
2015-05-15;10.6;24;True;0;84100000;chuva;Epagri;;;2;False;diaria;48ca7231acd1057b_diario_derivado;;interna;horaria_agregada;soma
2015-05-16;;21;False;0;84100000;chuva;Epagri;;;2;False;diaria;48ca7231acd1057b_diario_derivado;;interna;horaria_agregada;soma
2015-05-17;;23;False;0;84100000;chuva;Epagri;;;2;False;diaria;48ca7231acd1057b_diario_derivado;;interna;horaria_agregada;soma
2015-05-18;20.2;24;True;0;84100000;chuva;Epagri;;;2;False;diaria;48ca7231acd1057b_diario_derivado;;interna;horaria_agregada;soma
2015-05-19;14.8;24;True;0;84100000;chuva;Epagri;;;2;False;diaria;48ca7231acd1057b_diario_derivado;;interna;horaria_agregada;soma
2015-05-20;9.4;24;True;0;84100000;chuva;Epagri;;;2;False;diaria;48ca7231acd1057b_diario_derivado;;interna;horaria_agregada;soma
2015-05-21;3.4;24;True;0;84100000;chuva;Epagri;;;2;False;diaria;48ca7231acd1057b_diario_derivado;;interna;horaria_agregada;soma
2015-05-22;1.8;24;True;0;84100000;chuva;Epagri;;;2;False;diaria;48ca7231acd1057b_diario_derivado;;interna;horaria_agregada;soma
2015-05-23;0.0;24;True;0;84100000;chuva;Epagri;;;2;False;diaria;48ca7231acd1057b_diario_derivado;;interna;horaria_agregada;soma
2015-05-24;5.0;24;True;0;84100000;chuva;Epagri;;;2;False;diaria;48ca7231acd1057b_diario_derivado;;interna;horaria_agregada;soma
2015-05-25;18.0;24;True;0;84100000;chuva;Epagri;;;2;False;diaria;48ca7231acd1057b_diario_derivado;;interna;horaria_agregada;soma
2015-05-26;32.4;24;True;0;84100000;chuva;Epagri;;;2;False;diaria;48ca7231acd1057b_diario_derivado;;interna;horaria_agregada;soma
2015-05-27;;19;False;0;84100000;chuva;Epagri;;;2;False;diaria;48ca7231acd1057b_diario_derivado;;interna;horaria_agregada;soma
2015-05-28;0.2;24;True;0;84100000;chuva;Epagri;;;2;False;diaria;48ca7231acd1057b_diario_derivado;;interna;horaria_agregada;soma
2015-05-29;0.0;24;True;0;84100000;chuva;Epagri;;;2;False;diaria;48ca7231acd1057b_diario_derivado;;interna;horaria_agregada;soma
2015-05-30;0.0;24;True;0;84100000;chuva;Epagri;;;2;False;diaria;48ca7231acd1057b_diario_derivado;;interna;horaria_agregada;soma
2015-05-31;0.0;24;True;0;84100000;chuva;Epagri;;;2;False;diaria;48ca7231acd1057b_diario_derivado;;interna;horaria_agregada;soma
2015-06-01;0.0;24;True;0;84100000;chuva;Epagri;;;2;False;diaria;48ca7231acd1057b_diario_derivado;;interna;horaria_agregada;soma
2015-06-02;0.0;24;True;0;84100000;chuva;Epagri;;;2;False;diaria;48ca7231acd1057b_diario_derivado;;interna;horaria_agregada;soma
2015-06-03;0.0;24;True;0;84100000;chuva;Epagri;;;2;False;diaria;48ca7231acd1057b_diario_derivado;;interna;horaria_agregada;soma
2015-06-04;0.0;24;True;0;84100000;chuva;Epagri;;;2;False;diaria;48ca7231acd1057b_diario_derivado;;interna;horaria_agregada;soma
2015-06-05;0.0;24;True;0;84100000;chuva;Epagri;;;2;False;diaria;48ca7231acd1057b_diario_derivado;;interna;horaria_agregada;soma
2015-06-06;0.0;24;True;0;84100000;chuva;Epagri;;;2;False;diaria;48ca7231acd1057b_diario_derivado;;interna;horaria_agregada;soma
2015-06-07;;23;False;0;84100000;chuva;Epagri;;;2;False;diaria;48ca7231acd1057b_diario_derivado;;interna;horaria_agregada;soma
2015-06-08;0.0;24;True;0;84100000;chuva;Epagri;;;2;False;diaria;48ca7231acd1057b_diario_derivado;;interna;horaria_agregada;soma
2015-06-09;;23;False;0;84100000;chuva;Epagri;;;2;False;diaria;48ca7231acd1057b_diario_derivado;;interna;horaria_agregada;soma
2015-06-10;0.0;24;True;0;84100000;chuva;Epagri;;;2;False;diaria;48ca7231acd1057b_diario_derivado;;interna;horaria_agregada;soma
2015-06-11;4.2;24;True;0;84100000;chuva;Epagri;;;2;False;diaria;48ca7231acd1057b_diario_derivado;;interna;horaria_agregada;soma
2015-06-12;0.0;24;True;0;84100000;chuva;Epagri;;;2;False;diaria;48ca7231acd1057b_diario_derivado;;interna;horaria_agregada;soma
2015-06-13;12.200000000000001;24;True;0;84100000;chuva;Epagri;;;2;False;diaria;48ca7231acd1057b_diario_derivado;;interna;horaria_agregada;soma
2015-06-14;69.39999999999999;24;True;0;84100000;chuva;Epagri;;;2;False;diaria;48ca7231acd1057b_diario_derivado;;interna;horaria_agregada;soma
2015-06-15;6.2;24;True;0;84100000;chuva;Epagri;;;2;False;diaria;48ca7231acd1057b_diario_derivado;;interna;horaria_agregada;soma
2015-06-16;;23;False;0;84100000;chuva;Epagri;;;2;False;diaria;48ca7231acd1057b_diario_derivado;;interna;horaria_agregada;soma
2015-06-17;0.0;24;True;0;84100000;chuva;Epagri;;;2;False;diaria;48ca7231acd1057b_diario_derivado;;interna;horaria_agregada;soma
2015-06-18;;23;False;0;84100000;chuva;Epagri;;;2;False;diaria;48ca7231acd1057b_diario_derivado;;interna;horaria_agregada;soma
2015-06-19;0.0;24;True;0;84100000;chuva;Epagri;;;2;False;diaria;48ca7231acd1057b_diario_derivado;;interna;horaria_agregada;soma
2015-06-20;0.0;24;True;0;84100000;chuva;Epagri;;;2;False;diaria;48ca7231acd1057b_diario_derivado;;interna;horaria_agregada;soma
2015-06-21;0.6000000000000001;24;True;0;84100000;chuva;Epagri;;;2;False;diaria;48ca7231acd1057b_diario_derivado;;interna;horaria_agregada;soma
2015-06-22;;23;False;0;84100000;chuva;Epagri;;;2;False;diaria;48ca7231acd1057b_diario_derivado;;interna;horaria_agregada;soma
2015-06-23;;11;False;0;84100000;chuva;Epagri;;;2;False;diaria;48ca7231acd1057b_diario_derivado;;interna;horaria_agregada;soma
2015-06-24;0.0;24;True;0;84100000;chuva;Epagri;;;2;False;diaria;48ca7231acd1057b_diario_derivado;;interna;horaria_agregada;soma
2015-06-25;0.4;24;True;0;84100000;chuva;Epagri;;;2;False;diaria;48ca7231acd1057b_diario_derivado;;interna;horaria_agregada;soma
2015-06-26;1.4;24;True;0;84100000;chuva;Epagri;;;2;False;diaria;48ca7231acd1057b_diario_derivado;;interna;horaria_agregada;soma
2015-06-27;0.2;24;True;0;84100000;chuva;Epagri;;;2;False;diaria;48ca7231acd1057b_diario_derivado;;interna;horaria_agregada;soma
2015-06-28;0.0;24;True;0;84100000;chuva;Epagri;;;2;False;diaria;48ca7231acd1057b_diario_derivado;;interna;horaria_agregada;soma
2015-06-29;0.0;24;True;0;84100000;chuva;Epagri;;;2;False;diaria;48ca7231acd1057b_diario_derivado;;interna;horaria_agregada;soma
2015-06-30;0.2;24;True;0;84100000;chuva;Epagri;;;2;False;diaria;48ca7231acd1057b_diario_derivado;;interna;horaria_agregada;soma
2015-07-01;0.2;24;True;0;84100000;chuva;Epagri;;;2;False;diaria;48ca7231acd1057b_diario_derivado;;interna;horaria_agregada;soma
2015-07-02;0.0;24;True;0;84100000;chuva;Epagri;;;2;False;diaria;48ca7231acd1057b_diario_derivado;;interna;horaria_agregada;soma
2015-07-03;3.4;24;True;0;84100000;chuva;Epagri;;;2;False;diaria;48ca7231acd1057b_diario_derivado;;interna;horaria_agregada;soma
2015-07-04;;23;False;0;84100000;chuva;Epagri;;;2;False;diaria;48ca7231acd1057b_diario_derivado;;interna;horaria_agregada;soma
2015-07-05;0.0;24;True;0;84100000;chuva;Epagri;;;2;False;diaria;48ca7231acd1057b_diario_derivado;;interna;horaria_agregada;soma
2015-07-06;2.6;24;True;0;84100000;chuva;Epagri;;;2;False;diaria;48ca7231acd1057b_diario_derivado;;interna;horaria_agregada;soma
2015-07-07;24.8;24;True;0;84100000;chuva;Epagri;;;2;False;diaria;48ca7231acd1057b_diario_derivado;;interna;horaria_agregada;soma
2015-07-08;36.8;24;True;0;84100000;chuva;Epagri;;;2;False;diaria;48ca7231acd1057b_diario_derivado;;interna;horaria_agregada;soma
2015-07-09;;23;False;0;84100000;chuva;Epagri;;;2;False;diaria;48ca7231acd1057b_diario_derivado;;interna;horaria_agregada;soma
2015-07-10;0.0;24;True;0;84100000;chuva;Epagri;;;2;False;diaria;48ca7231acd1057b_diario_derivado;;interna;horaria_agregada;soma
2015-07-11;0.6000000000000001;24;True;0;84100000;chuva;Epagri;;;2;False;diaria;48ca7231acd1057b_diario_derivado;;interna;horaria_agregada;soma
2015-07-12;0.2;24;True;0;84100000;chuva;Epagri;;;2;False;diaria;48ca7231acd1057b_diario_derivado;;interna;horaria_agregada;soma
2015-07-13;4.2;24;True;0;84100000;chuva;Epagri;;;2;False;diaria;48ca7231acd1057b_diario_derivado;;interna;horaria_agregada;soma
2015-07-14;26.8;24;True;0;84100000;chuva;Epagri;;;2;False;diaria;48ca7231acd1057b_diario_derivado;;interna;horaria_agregada;soma
2015-07-15;8.6;24;True;0;84100000;chuva;Epagri;;;2;False;diaria;48ca7231acd1057b_diario_derivado;;interna;horaria_agregada;soma
2015-07-16;0.4;24;True;0;84100000;chuva;Epagri;;;2;False;diaria;48ca7231acd1057b_diario_derivado;;interna;horaria_agregada;soma
2015-07-17;11.6;24;True;0;84100000;chuva;Epagri;;;2;False;diaria;48ca7231acd1057b_diario_derivado;;interna;horaria_agregada;soma
2015-07-18;0.2;24;True;0;84100000;chuva;Epagri;;;2;False;diaria;48ca7231acd1057b_diario_derivado;;interna;horaria_agregada;soma
2015-07-19;0.0;24;True;0;84100000;chuva;Epagri;;;2;False;diaria;48ca7231acd1057b_diario_derivado;;interna;horaria_agregada;soma
2015-07-20;22.0;24;True;0;84100000;chuva;Epagri;;;2;False;diaria;48ca7231acd1057b_diario_derivado;;interna;horaria_agregada;soma
2015-07-21;1.2;24;True;0;84100000;chuva;Epagri;;;2;False;diaria;48ca7231acd1057b_diario_derivado;;interna;horaria_agregada;soma
2015-07-22;0.0;24;True;0;84100000;chuva;Epagri;;;2;False;diaria;48ca7231acd1057b_diario_derivado;;interna;horaria_agregada;soma
2015-07-23;20.799999999999997;24;True;0;84100000;chuva;Epagri;;;2;False;diaria;48ca7231acd1057b_diario_derivado;;interna;horaria_agregada;soma
2015-07-24;53.8;24;True;0;84100000;chuva;Epagri;;;2;False;diaria;48ca7231acd1057b_diario_derivado;;interna;horaria_agregada;soma
2015-07-25;0.0;24;True;0;84100000;chuva;Epagri;;;2;False;diaria;48ca7231acd1057b_diario_derivado;;interna;horaria_agregada;soma
2015-07-26;0.0;24;True;0;84100000;chuva;Epagri;;;2;False;diaria;48ca7231acd1057b_diario_derivado;;interna;horaria_agregada;soma
2015-07-27;0.0;24;True;0;84100000;chuva;Epagri;;;2;False;diaria;48ca7231acd1057b_diario_derivado;;interna;horaria_agregada;soma
2015-07-28;0.0;24;True;0;84100000;chuva;Epagri;;;2;False;diaria;48ca7231acd1057b_diario_derivado;;interna;horaria_agregada;soma
2015-07-29;0.0;24;True;0;84100000;chuva;Epagri;;;2;False;diaria;48ca7231acd1057b_diario_derivado;;interna;horaria_agregada;soma
2015-07-30;0.0;24;True;0;84100000;chuva;Epagri;;;2;False;diaria;48ca7231acd1057b_diario_derivado;;interna;horaria_agregada;soma
2015-07-31;0.0;24;True;0;84100000;chuva;Epagri;;;2;False;diaria;48ca7231acd1057b_diario_derivado;;interna;horaria_agregada;soma
2015-08-01;0.0;24;True;0;84100000;chuva;Epagri;;;2;False;diaria;48ca7231acd1057b_diario_derivado;;interna;horaria_agregada;soma
2015-08-02;0.0;24;True;0;84100000;chuva;Epagri;;;2;False;diaria;48ca7231acd1057b_diario_derivado;;interna;horaria_agregada;soma
2015-08-03;0.0;24;True;0;84100000;chuva;Epagri;;;2;False;diaria;48ca7231acd1057b_diario_derivado;;interna;horaria_agregada;soma
2015-08-04;0.0;24;True;0;84100000;chuva;Epagri;;;2;False;diaria;48ca7231acd1057b_diario_derivado;;interna;horaria_agregada;soma
2015-08-05;0.0;24;True;0;84100000;chuva;Epagri;;;2;False;diaria;48ca7231acd1057b_diario_derivado;;interna;horaria_agregada;soma
2015-08-06;0.0;24;True;0;84100000;chuva;Epagri;;;2;False;diaria;48ca7231acd1057b_diario_derivado;;interna;horaria_agregada;soma
2015-08-07;0.0;24;True;0;84100000;chuva;Epagri;;;2;False;diaria;48ca7231acd1057b_diario_derivado;;interna;horaria_agregada;soma
2015-08-08;0.0;24;True;0;84100000;chuva;Epagri;;;2;False;diaria;48ca7231acd1057b_diario_derivado;;interna;horaria_agregada;soma
2015-08-09;0.0;24;True;0;84100000;chuva;Epagri;;;2;False;diaria;48ca7231acd1057b_diario_derivado;;interna;horaria_agregada;soma
2015-08-10;0.8;24;True;0;84100000;chuva;Epagri;;;2;False;diaria;48ca7231acd1057b_diario_derivado;;interna;horaria_agregada;soma
2015-08-11;0.0;24;True;0;84100000;chuva;Epagri;;;2;False;diaria;48ca7231acd1057b_diario_derivado;;interna;horaria_agregada;soma
2015-08-12;0.0;24;True;0;84100000;chuva;Epagri;;;2;False;diaria;48ca7231acd1057b_diario_derivado;;interna;horaria_agregada;soma
2015-08-13;0.0;24;True;0;84100000;chuva;Epagri;;;2;False;diaria;48ca7231acd1057b_diario_derivado;;interna;horaria_agregada;soma
2015-08-14;0.0;24;True;0;84100000;chuva;Epagri;;;2;False;diaria;48ca7231acd1057b_diario_derivado;;interna;horaria_agregada;soma
2015-08-15;0.0;24;True;0;84100000;chuva;Epagri;;;2;False;diaria;48ca7231acd1057b_diario_derivado;;interna;horaria_agregada;soma
2015-08-16;0.0;24;True;0;84100000;chuva;Epagri;;;2;False;diaria;48ca7231acd1057b_diario_derivado;;interna;horaria_agregada;soma
2015-08-17;0.0;24;True;0;84100000;chuva;Epagri;;;2;False;diaria;48ca7231acd1057b_diario_derivado;;interna;horaria_agregada;soma
2015-08-18;9.6;24;True;0;84100000;chuva;Epagri;;;2;False;diaria;48ca7231acd1057b_diario_derivado;;interna;horaria_agregada;soma
2015-08-19;0.6000000000000001;24;True;0;84100000;chuva;Epagri;;;2;False;diaria;48ca7231acd1057b_diario_derivado;;interna;horaria_agregada;soma
2015-08-20;0.0;24;True;0;84100000;chuva;Epagri;;;2;False;diaria;48ca7231acd1057b_diario_derivado;;interna;horaria_agregada;soma
2015-08-21;3.2;24;True;0;84100000;chuva;Epagri;;;2;False;diaria;48ca7231acd1057b_diario_derivado;;interna;horaria_agregada;soma
2015-08-22;3.2;24;True;0;84100000;chuva;Epagri;;;2;False;diaria;48ca7231acd1057b_diario_derivado;;interna;horaria_agregada;soma
2015-08-23;0.0;24;True;0;84100000;chuva;Epagri;;;2;False;diaria;48ca7231acd1057b_diario_derivado;;interna;horaria_agregada;soma
2015-08-24;0.0;24;True;0;84100000;chuva;Epagri;;;2;False;diaria;48ca7231acd1057b_diario_derivado;;interna;horaria_agregada;soma
2015-08-25;11.6;24;True;0;84100000;chuva;Epagri;;;2;False;diaria;48ca7231acd1057b_diario_derivado;;interna;horaria_agregada;soma
2015-08-26;13.4;24;True;0;84100000;chuva;Epagri;;;2;False;diaria;48ca7231acd1057b_diario_derivado;;interna;horaria_agregada;soma
2015-08-27;24.0;24;True;0;84100000;chuva;Epagri;;;2;False;diaria;48ca7231acd1057b_diario_derivado;;interna;horaria_agregada;soma
2015-08-28;0.0;24;True;0;84100000;chuva;Epagri;;;2;False;diaria;48ca7231acd1057b_diario_derivado;;interna;horaria_agregada;soma
2015-08-29;;23;False;0;84100000;chuva;Epagri;;;2;False;diaria;48ca7231acd1057b_diario_derivado;;interna;horaria_agregada;soma
2015-08-30;0.0;24;True;0;84100000;chuva;Epagri;;;2;False;diaria;48ca7231acd1057b_diario_derivado;;interna;horaria_agregada;soma
2015-08-31;0.0;24;True;0;84100000;chuva;Epagri;;;2;False;diaria;48ca7231acd1057b_diario_derivado;;interna;horaria_agregada;soma
2015-09-01;1.2000000000000002;24;True;0;84100000;chuva;Epagri;;;2;False;diaria;48ca7231acd1057b_diario_derivado;;interna;horaria_agregada;soma
2015-09-02;4.0;24;True;0;84100000;chuva;Epagri;;;2;False;diaria;48ca7231acd1057b_diario_derivado;;interna;horaria_agregada;soma
2015-09-03;0.0;24;True;0;84100000;chuva;Epagri;;;2;False;diaria;48ca7231acd1057b_diario_derivado;;interna;horaria_agregada;soma
2015-09-04;4.8;24;True;0;84100000;chuva;Epagri;;;2;False;diaria;48ca7231acd1057b_diario_derivado;;interna;horaria_agregada;soma
2015-09-05;7.6000000000000005;24;True;0;84100000;chuva;Epagri;;;2;False;diaria;48ca7231acd1057b_diario_derivado;;interna;horaria_agregada;soma
2015-09-06;10.0;24;True;0;84100000;chuva;Epagri;;;2;False;diaria;48ca7231acd1057b_diario_derivado;;interna;horaria_agregada;soma
2015-09-07;0.2;24;True;0;84100000;chuva;Epagri;;;2;False;diaria;48ca7231acd1057b_diario_derivado;;interna;horaria_agregada;soma
2015-09-08;15.8;24;True;0;84100000;chuva;Epagri;;;2;False;diaria;48ca7231acd1057b_diario_derivado;;interna;horaria_agregada;soma
2015-09-09;0.2;24;True;0;84100000;chuva;Epagri;;;2;False;diaria;48ca7231acd1057b_diario_derivado;;interna;horaria_agregada;soma
2015-09-10;51.99999999999999;24;True;0;84100000;chuva;Epagri;;;2;False;diaria;48ca7231acd1057b_diario_derivado;;interna;horaria_agregada;soma
2015-09-11;4.8;24;True;0;84100000;chuva;Epagri;;;2;False;diaria;48ca7231acd1057b_diario_derivado;;interna;horaria_agregada;soma
2015-09-12;0.0;24;True;0;84100000;chuva;Epagri;;;2;False;diaria;48ca7231acd1057b_diario_derivado;;interna;horaria_agregada;soma
2015-09-13;0.0;24;True;0;84100000;chuva;Epagri;;;2;False;diaria;48ca7231acd1057b_diario_derivado;;interna;horaria_agregada;soma
2015-09-14;0.0;24;True;0;84100000;chuva;Epagri;;;2;False;diaria;48ca7231acd1057b_diario_derivado;;interna;horaria_agregada;soma
2015-09-15;0.0;24;True;0;84100000;chuva;Epagri;;;2;False;diaria;48ca7231acd1057b_diario_derivado;;interna;horaria_agregada;soma
2015-09-16;11.8;24;True;0;84100000;chuva;Epagri;;;2;False;diaria;48ca7231acd1057b_diario_derivado;;interna;horaria_agregada;soma
2015-09-17;37.6;24;True;0;84100000;chuva;Epagri;;;2;False;diaria;48ca7231acd1057b_diario_derivado;;interna;horaria_agregada;soma
2015-09-18;10.4;24;True;0;84100000;chuva;Epagri;;;2;False;diaria;48ca7231acd1057b_diario_derivado;;interna;horaria_agregada;soma
2015-09-19;5.4;24;True;0;84100000;chuva;Epagri;;;2;False;diaria;48ca7231acd1057b_diario_derivado;;interna;horaria_agregada;soma
2015-09-20;3.1999999999999997;24;True;0;84100000;chuva;Epagri;;;2;False;diaria;48ca7231acd1057b_diario_derivado;;interna;horaria_agregada;soma
2015-09-21;0.0;24;True;0;84100000;chuva;Epagri;;;2;False;diaria;48ca7231acd1057b_diario_derivado;;interna;horaria_agregada;soma
2015-09-22;0.0;24;True;0;84100000;chuva;Epagri;;;2;False;diaria;48ca7231acd1057b_diario_derivado;;interna;horaria_agregada;soma
2015-09-23;0.0;24;True;0;84100000;chuva;Epagri;;;2;False;diaria;48ca7231acd1057b_diario_derivado;;interna;horaria_agregada;soma
2015-09-24;6.800000000000001;24;True;0;84100000;chuva;Epagri;;;2;False;diaria;48ca7231acd1057b_diario_derivado;;interna;horaria_agregada;soma
2015-09-25;20.4;24;True;0;84100000;chuva;Epagri;;;2;False;diaria;48ca7231acd1057b_diario_derivado;;interna;horaria_agregada;soma
2015-09-26;67.8;24;True;0;84100000;chuva;Epagri;;;2;False;diaria;48ca7231acd1057b_diario_derivado;;interna;horaria_agregada;soma
2015-09-27;32.0;24;True;0;84100000;chuva;Epagri;;;2;False;diaria;48ca7231acd1057b_diario_derivado;;interna;horaria_agregada;soma
2015-09-28;;23;False;0;84100000;chuva;Epagri;;;2;False;diaria;48ca7231acd1057b_diario_derivado;;interna;horaria_agregada;soma
2015-09-29;0.0;24;True;0;84100000;chuva;Epagri;;;2;False;diaria;48ca7231acd1057b_diario_derivado;;interna;horaria_agregada;soma
2015-09-30;0.0;24;True;0;84100000;chuva;Epagri;;;2;False;diaria;48ca7231acd1057b_diario_derivado;;interna;horaria_agregada;soma
2015-10-01;0.8;24;True;0;84100000;chuva;Epagri;;;2;False;diaria;48ca7231acd1057b_diario_derivado;;interna;horaria_agregada;soma
2015-10-02;15.2;24;True;0;84100000;chuva;Epagri;;;2;False;diaria;48ca7231acd1057b_diario_derivado;;interna;horaria_agregada;soma
2015-10-03;0.0;24;True;0;84100000;chuva;Epagri;;;2;False;diaria;48ca7231acd1057b_diario_derivado;;interna;horaria_agregada;soma
2015-10-04;3.0;24;True;0;84100000;chuva;Epagri;;;2;False;diaria;48ca7231acd1057b_diario_derivado;;interna;horaria_agregada;soma
2015-10-05;;21;False;0;84100000;chuva;Epagri;;;2;False;diaria;48ca7231acd1057b_diario_derivado;;interna;horaria_agregada;soma
2015-10-06;6.4;24;True;0;84100000;chuva;Epagri;;;2;False;diaria;48ca7231acd1057b_diario_derivado;;interna;horaria_agregada;soma
2015-10-07;1.0;24;True;0;84100000;chuva;Epagri;;;2;False;diaria;48ca7231acd1057b_diario_derivado;;interna;horaria_agregada;soma
2015-10-08;28.4;24;True;0;84100000;chuva;Epagri;;;2;False;diaria;48ca7231acd1057b_diario_derivado;;interna;horaria_agregada;soma
2015-10-09;36.0;24;True;0;84100000;chuva;Epagri;;;2;False;diaria;48ca7231acd1057b_diario_derivado;;interna;horaria_agregada;soma
2015-10-10;0.4;24;True;0;84100000;chuva;Epagri;;;2;False;diaria;48ca7231acd1057b_diario_derivado;;interna;horaria_agregada;soma
2015-10-11;32.6;24;True;0;84100000;chuva;Epagri;;;2;False;diaria;48ca7231acd1057b_diario_derivado;;interna;horaria_agregada;soma
2015-10-12;9.0;24;True;0;84100000;chuva;Epagri;;;2;False;diaria;48ca7231acd1057b_diario_derivado;;interna;horaria_agregada;soma
2015-10-13;8.4;24;True;0;84100000;chuva;Epagri;;;2;False;diaria;48ca7231acd1057b_diario_derivado;;interna;horaria_agregada;soma
2015-10-14;20.0;24;True;0;84100000;chuva;Epagri;;;2;False;diaria;48ca7231acd1057b_diario_derivado;;interna;horaria_agregada;soma
2015-10-15;15.6;24;True;0;84100000;chuva;Epagri;;;2;False;diaria;48ca7231acd1057b_diario_derivado;;interna;horaria_agregada;soma
2015-10-16;54.2;24;True;0;84100000;chuva;Epagri;;;2;False;diaria;48ca7231acd1057b_diario_derivado;;interna;horaria_agregada;soma
2015-10-17;0.4;24;True;0;84100000;chuva;Epagri;;;2;False;diaria;48ca7231acd1057b_diario_derivado;;interna;horaria_agregada;soma
2015-10-18;0.0;24;True;0;84100000;chuva;Epagri;;;2;False;diaria;48ca7231acd1057b_diario_derivado;;interna;horaria_agregada;soma
2015-10-19;0.0;24;True;0;84100000;chuva;Epagri;;;2;False;diaria;48ca7231acd1057b_diario_derivado;;interna;horaria_agregada;soma
2015-10-20;6.199999999999999;24;True;0;84100000;chuva;Epagri;;;2;False;diaria;48ca7231acd1057b_diario_derivado;;interna;horaria_agregada;soma
2015-10-21;28.2;24;True;0;84100000;chuva;Epagri;;;2;False;diaria;48ca7231acd1057b_diario_derivado;;interna;horaria_agregada;soma
2015-10-22;41.2;24;True;0;84100000;chuva;Epagri;;;2;False;diaria;48ca7231acd1057b_diario_derivado;;interna;horaria_agregada;soma
2015-10-23;0.2;24;True;0;84100000;chuva;Epagri;;;2;False;diaria;48ca7231acd1057b_diario_derivado;;interna;horaria_agregada;soma
2015-10-24;;23;False;0;84100000;chuva;Epagri;;;2;False;diaria;48ca7231acd1057b_diario_derivado;;interna;horaria_agregada;soma
2015-10-25;;21;False;0;84100000;chuva;Epagri;;;2;False;diaria;48ca7231acd1057b_diario_derivado;;interna;horaria_agregada;soma
2015-10-26;;23;False;0;84100000;chuva;Epagri;;;2;False;diaria;48ca7231acd1057b_diario_derivado;;interna;horaria_agregada;soma
2015-10-27;16.4;24;True;0;84100000;chuva;Epagri;;;2;False;diaria;48ca7231acd1057b_diario_derivado;;interna;horaria_agregada;soma
2015-10-28;;20;False;0;84100000;chuva;Epagri;;;2;False;diaria;48ca7231acd1057b_diario_derivado;;interna;horaria_agregada;soma
2015-10-29;19.2;24;True;0;84100000;chuva;Epagri;;;2;False;diaria;48ca7231acd1057b_diario_derivado;;interna;horaria_agregada;soma
2015-10-30;12.8;24;True;0;84100000;chuva;Epagri;;;2;False;diaria;48ca7231acd1057b_diario_derivado;;interna;horaria_agregada;soma
2015-10-31;;22;False;0;84100000;chuva;Epagri;;;2;False;diaria;48ca7231acd1057b_diario_derivado;;interna;horaria_agregada;soma
2015-11-01;0.2;24;True;0;84100000;chuva;Epagri;;;2;False;diaria;48ca7231acd1057b_diario_derivado;;interna;horaria_agregada;soma
2015-11-02;10.200000000000001;24;True;0;84100000;chuva;Epagri;;;2;False;diaria;48ca7231acd1057b_diario_derivado;;interna;horaria_agregada;soma
2015-11-03;;23;False;0;84100000;chuva;Epagri;;;2;False;diaria;48ca7231acd1057b_diario_derivado;;interna;horaria_agregada;soma
2015-11-04;30.2;24;True;0;84100000;chuva;Epagri;;;2;False;diaria;48ca7231acd1057b_diario_derivado;;interna;horaria_agregada;soma
2015-11-05;10.4;24;True;0;84100000;chuva;Epagri;;;2;False;diaria;48ca7231acd1057b_diario_derivado;;interna;horaria_agregada;soma
2015-11-06;;23;False;0;84100000;chuva;Epagri;;;2;False;diaria;48ca7231acd1057b_diario_derivado;;interna;horaria_agregada;soma
2015-11-07;0.0;24;True;0;84100000;chuva;Epagri;;;2;False;diaria;48ca7231acd1057b_diario_derivado;;interna;horaria_agregada;soma
2015-11-08;6.0;24;True;0;84100000;chuva;Epagri;;;2;False;diaria;48ca7231acd1057b_diario_derivado;;interna;horaria_agregada;soma
2015-11-09;;21;False;0;84100000;chuva;Epagri;;;2;False;diaria;48ca7231acd1057b_diario_derivado;;interna;horaria_agregada;soma
2015-11-10;;21;False;0;84100000;chuva;Epagri;;;2;False;diaria;48ca7231acd1057b_diario_derivado;;interna;horaria_agregada;soma
2015-11-11;2.8000000000000003;24;True;0;84100000;chuva;Epagri;;;2;False;diaria;48ca7231acd1057b_diario_derivado;;interna;horaria_agregada;soma
2015-11-12;1.2000000000000002;24;True;0;84100000;chuva;Epagri;;;2;False;diaria;48ca7231acd1057b_diario_derivado;;interna;horaria_agregada;soma
2015-11-13;;23;False;0;84100000;chuva;Epagri;;;2;False;diaria;48ca7231acd1057b_diario_derivado;;interna;horaria_agregada;soma
2015-11-14;0.0;24;True;0;84100000;chuva;Epagri;;;2;False;diaria;48ca7231acd1057b_diario_derivado;;interna;horaria_agregada;soma
2015-11-15;0.0;24;True;0;84100000;chuva;Epagri;;;2;False;diaria;48ca7231acd1057b_diario_derivado;;interna;horaria_agregada;soma
2015-11-16;0.0;24;True;0;84100000;chuva;Epagri;;;2;False;diaria;48ca7231acd1057b_diario_derivado;;interna;horaria_agregada;soma
2015-11-17;10.8;24;True;0;84100000;chuva;Epagri;;;2;False;diaria;48ca7231acd1057b_diario_derivado;;interna;horaria_agregada;soma
2015-11-18;23.0;24;True;0;84100000;chuva;Epagri;;;2;False;diaria;48ca7231acd1057b_diario_derivado;;interna;horaria_agregada;soma
2015-11-19;4.0;24;True;0;84100000;chuva;Epagri;;;2;False;diaria;48ca7231acd1057b_diario_derivado;;interna;horaria_agregada;soma
2015-11-20;;23;False;0;84100000;chuva;Epagri;;;2;False;diaria;48ca7231acd1057b_diario_derivado;;interna;horaria_agregada;soma
2015-11-21;;22;False;0;84100000;chuva;Epagri;;;2;False;diaria;48ca7231acd1057b_diario_derivado;;interna;horaria_agregada;soma
2015-11-22;0.0;24;True;0;84100000;chuva;Epagri;;;2;False;diaria;48ca7231acd1057b_diario_derivado;;interna;horaria_agregada;soma
2015-11-23;1.6;24;True;0;84100000;chuva;Epagri;;;2;False;diaria;48ca7231acd1057b_diario_derivado;;interna;horaria_agregada;soma
2015-11-24;0.8;24;True;0;84100000;chuva;Epagri;;;2;False;diaria;48ca7231acd1057b_diario_derivado;;interna;horaria_agregada;soma
2015-11-25;6.2;24;True;0;84100000;chuva;Epagri;;;2;False;diaria;48ca7231acd1057b_diario_derivado;;interna;horaria_agregada;soma
2015-11-26;13.8;24;True;0;84100000;chuva;Epagri;;;2;False;diaria;48ca7231acd1057b_diario_derivado;;interna;horaria_agregada;soma
2015-11-27;16.0;24;True;0;84100000;chuva;Epagri;;;2;False;diaria;48ca7231acd1057b_diario_derivado;;interna;horaria_agregada;soma
2015-11-28;4.800000000000001;24;True;0;84100000;chuva;Epagri;;;2;False;diaria;48ca7231acd1057b_diario_derivado;;interna;horaria_agregada;soma
2015-11-29;2.4;24;True;0;84100000;chuva;Epagri;;;2;False;diaria;48ca7231acd1057b_diario_derivado;;interna;horaria_agregada;soma
2015-11-30;;23;False;0;84100000;chuva;Epagri;;;2;False;diaria;48ca7231acd1057b_diario_derivado;;interna;horaria_agregada;soma
2015-12-01;;21;False;0;84100000;chuva;Epagri;;;2;False;diaria;48ca7231acd1057b_diario_derivado;;interna;horaria_agregada;soma
2015-12-02;;22;False;0;84100000;chuva;Epagri;;;2;False;diaria;48ca7231acd1057b_diario_derivado;;interna;horaria_agregada;soma
2015-12-03;12.0;24;True;0;84100000;chuva;Epagri;;;2;False;diaria;48ca7231acd1057b_diario_derivado;;interna;horaria_agregada;soma
2015-12-04;;23;False;0;84100000;chuva;Epagri;;;2;False;diaria;48ca7231acd1057b_diario_derivado;;interna;horaria_agregada;soma
2015-12-05;7.800000000000001;24;True;0;84100000;chuva;Epagri;;;2;False;diaria;48ca7231acd1057b_diario_derivado;;interna;horaria_agregada;soma
2015-12-06;0.2;24;True;0;84100000;chuva;Epagri;;;2;False;diaria;48ca7231acd1057b_diario_derivado;;interna;horaria_agregada;soma
2015-12-07;0.2;24;True;0;84100000;chuva;Epagri;;;2;False;diaria;48ca7231acd1057b_diario_derivado;;interna;horaria_agregada;soma
2015-12-08;;19;False;0;84100000;chuva;Epagri;;;2;False;diaria;48ca7231acd1057b_diario_derivado;;interna;horaria_agregada;soma
2015-12-09;;19;False;0;84100000;chuva;Epagri;;;2;False;diaria;48ca7231acd1057b_diario_derivado;;interna;horaria_agregada;soma
2015-12-10;3.4;24;True;0;84100000;chuva;Epagri;;;2;False;diaria;48ca7231acd1057b_diario_derivado;;interna;horaria_agregada;soma
2015-12-11;0.0;24;True;0;84100000;chuva;Epagri;;;2;False;diaria;48ca7231acd1057b_diario_derivado;;interna;horaria_agregada;soma
2015-12-12;1.0;24;True;0;84100000;chuva;Epagri;;;2;False;diaria;48ca7231acd1057b_diario_derivado;;interna;horaria_agregada;soma
2015-12-13;10.6;24;True;0;84100000;chuva;Epagri;;;2;False;diaria;48ca7231acd1057b_diario_derivado;;interna;horaria_agregada;soma
2015-12-14;19.0;24;True;0;84100000;chuva;Epagri;;;2;False;diaria;48ca7231acd1057b_diario_derivado;;interna;horaria_agregada;soma
2015-12-15;0.6000000000000001;24;True;0;84100000;chuva;Epagri;;;2;False;diaria;48ca7231acd1057b_diario_derivado;;interna;horaria_agregada;soma
2015-12-16;0.2;24;True;0;84100000;chuva;Epagri;;;2;False;diaria;48ca7231acd1057b_diario_derivado;;interna;horaria_agregada;soma
2015-12-17;0.6000000000000001;24;True;0;84100000;chuva;Epagri;;;2;False;diaria;48ca7231acd1057b_diario_derivado;;interna;horaria_agregada;soma
2015-12-18;10.8;24;True;0;84100000;chuva;Epagri;;;2;False;diaria;48ca7231acd1057b_diario_derivado;;interna;horaria_agregada;soma
2015-12-19;7.6000000000000005;24;True;0;84100000;chuva;Epagri;;;2;False;diaria;48ca7231acd1057b_diario_derivado;;interna;horaria_agregada;soma
2015-12-20;5.0;24;True;0;84100000;chuva;Epagri;;;2;False;diaria;48ca7231acd1057b_diario_derivado;;interna;horaria_agregada;soma
2015-12-21;1.4000000000000001;24;True;0;84100000;chuva;Epagri;;;2;False;diaria;48ca7231acd1057b_diario_derivado;;interna;horaria_agregada;soma
2015-12-22;0.2;24;True;0;84100000;chuva;Epagri;;;2;False;diaria;48ca7231acd1057b_diario_derivado;;interna;horaria_agregada;soma
2015-12-23;10.4;24;True;0;84100000;chuva;Epagri;;;2;False;diaria;48ca7231acd1057b_diario_derivado;;interna;horaria_agregada;soma
2015-12-24;4.3999999999999995;24;True;0;84100000;chuva;Epagri;;;2;False;diaria;48ca7231acd1057b_diario_derivado;;interna;horaria_agregada;soma
2015-12-25;8.6;24;True;0;84100000;chuva;Epagri;;;2;False;diaria;48ca7231acd1057b_diario_derivado;;interna;horaria_agregada;soma
2015-12-26;11.8;24;True;0;84100000;chuva;Epagri;;;2;False;diaria;48ca7231acd1057b_diario_derivado;;interna;horaria_agregada;soma
2015-12-27;1.8;24;True;0;84100000;chuva;Epagri;;;2;False;diaria;48ca7231acd1057b_diario_derivado;;interna;horaria_agregada;soma
2015-12-28;19.4;24;True;0;84100000;chuva;Epagri;;;2;False;diaria;48ca7231acd1057b_diario_derivado;;interna;horaria_agregada;soma
2015-12-29;25.2;24;True;0;84100000;chuva;Epagri;;;2;False;diaria;48ca7231acd1057b_diario_derivado;;interna;horaria_agregada;soma
2015-12-30;9.0;24;True;0;84100000;chuva;Epagri;;;2;False;diaria;48ca7231acd1057b_diario_derivado;;interna;horaria_agregada;soma
2015-12-31;11.4;24;True;0;84100000;chuva;Epagri;;;2;False;diaria;48ca7231acd1057b_diario_derivado;;interna;horaria_agregada;soma
2016-01-01;2.2;24;True;0;84100000;chuva;Epagri;;;2;False;diaria;48ca7231acd1057b_diario_derivado;;interna;horaria_agregada;soma
2016-01-02;12.6;24;True;0;84100000;chuva;Epagri;;;2;False;diaria;48ca7231acd1057b_diario_derivado;;interna;horaria_agregada;soma
2016-01-03;1.0;24;True;0;84100000;chuva;Epagri;;;2;False;diaria;48ca7231acd1057b_diario_derivado;;interna;horaria_agregada;soma
2016-01-04;18.6;24;True;0;84100000;chuva;Epagri;;;2;False;diaria;48ca7231acd1057b_diario_derivado;;interna;horaria_agregada;soma
2016-01-05;7.4;24;True;0;84100000;chuva;Epagri;;;2;False;diaria;48ca7231acd1057b_diario_derivado;;interna;horaria_agregada;soma
2016-01-06;1.4;24;True;0;84100000;chuva;Epagri;;;2;False;diaria;48ca7231acd1057b_diario_derivado;;interna;horaria_agregada;soma
2016-01-07;7.2;24;True;0;84100000;chuva;Epagri;;;2;False;diaria;48ca7231acd1057b_diario_derivado;;interna;horaria_agregada;soma
2016-01-08;0.0;24;True;0;84100000;chuva;Epagri;;;2;False;diaria;48ca7231acd1057b_diario_derivado;;interna;horaria_agregada;soma
2016-01-09;0.0;24;True;0;84100000;chuva;Epagri;;;2;False;diaria;48ca7231acd1057b_diario_derivado;;interna;horaria_agregada;soma
2016-01-10;33.2;24;True;0;84100000;chuva;Epagri;;;2;False;diaria;48ca7231acd1057b_diario_derivado;;interna;horaria_agregada;soma
2016-01-11;3.8000000000000003;24;True;0;84100000;chuva;Epagri;;;2;False;diaria;48ca7231acd1057b_diario_derivado;;interna;horaria_agregada;soma
2016-01-12;0.2;24;True;0;84100000;chuva;Epagri;;;2;False;diaria;48ca7231acd1057b_diario_derivado;;interna;horaria_agregada;soma
2016-01-13;0.0;24;True;0;84100000;chuva;Epagri;;;2;False;diaria;48ca7231acd1057b_diario_derivado;;interna;horaria_agregada;soma
2016-01-14;4.6000000000000005;24;True;0;84100000;chuva;Epagri;;;2;False;diaria;48ca7231acd1057b_diario_derivado;;interna;horaria_agregada;soma
2016-01-15;6.0;24;True;0;84100000;chuva;Epagri;;;2;False;diaria;48ca7231acd1057b_diario_derivado;;interna;horaria_agregada;soma
2016-01-16;0.0;24;True;0;84100000;chuva;Epagri;;;2;False;diaria;48ca7231acd1057b_diario_derivado;;interna;horaria_agregada;soma
2016-01-17;0.0;24;True;0;84100000;chuva;Epagri;;;2;False;diaria;48ca7231acd1057b_diario_derivado;;interna;horaria_agregada;soma
2016-01-18;0.0;24;True;0;84100000;chuva;Epagri;;;2;False;diaria;48ca7231acd1057b_diario_derivado;;interna;horaria_agregada;soma
2016-01-19;0.0;24;True;0;84100000;chuva;Epagri;;;2;False;diaria;48ca7231acd1057b_diario_derivado;;interna;horaria_agregada;soma
2016-01-20;0.0;24;True;0;84100000;chuva;Epagri;;;2;False;diaria;48ca7231acd1057b_diario_derivado;;interna;horaria_agregada;soma
2016-01-21;0.0;24;True;0;84100000;chuva;Epagri;;;2;False;diaria;48ca7231acd1057b_diario_derivado;;interna;horaria_agregada;soma
2016-01-22;0.0;24;True;0;84100000;chuva;Epagri;;;2;False;diaria;48ca7231acd1057b_diario_derivado;;interna;horaria_agregada;soma
2016-01-23;0.0;24;True;0;84100000;chuva;Epagri;;;2;False;diaria;48ca7231acd1057b_diario_derivado;;interna;horaria_agregada;soma
2016-01-24;0.0;24;True;0;84100000;chuva;Epagri;;;2;False;diaria;48ca7231acd1057b_diario_derivado;;interna;horaria_agregada;soma
2016-01-25;0.0;24;True;0;84100000;chuva;Epagri;;;2;False;diaria;48ca7231acd1057b_diario_derivado;;interna;horaria_agregada;soma
2016-01-26;20.6;24;True;0;84100000;chuva;Epagri;;;2;False;diaria;48ca7231acd1057b_diario_derivado;;interna;horaria_agregada;soma
2016-01-27;0.6000000000000001;24;True;0;84100000;chuva;Epagri;;;2;False;diaria;48ca7231acd1057b_diario_derivado;;interna;horaria_agregada;soma
2016-01-28;71.2;24;True;0;84100000;chuva;Epagri;;;2;False;diaria;48ca7231acd1057b_diario_derivado;;interna;horaria_agregada;soma
2016-01-29;66.2;24;True;0;84100000;chuva;Epagri;;;2;False;diaria;48ca7231acd1057b_diario_derivado;;interna;horaria_agregada;soma
2016-01-30;27.800000000000004;24;True;0;84100000;chuva;Epagri;;;2;False;diaria;48ca7231acd1057b_diario_derivado;;interna;horaria_agregada;soma
2016-01-31;;22;False;0;84100000;chuva;Epagri;;;2;False;diaria;48ca7231acd1057b_diario_derivado;;interna;horaria_agregada;soma
2016-02-01;;23;False;0;84100000;chuva;Epagri;;;2;False;diaria;48ca7231acd1057b_diario_derivado;;interna;horaria_agregada;soma
2016-02-02;2.4000000000000004;24;True;0;84100000;chuva;Epagri;;;2;False;diaria;48ca7231acd1057b_diario_derivado;;interna;horaria_agregada;soma
2016-02-03;;23;False;0;84100000;chuva;Epagri;;;2;False;diaria;48ca7231acd1057b_diario_derivado;;interna;horaria_agregada;soma
2016-02-04;21.2;24;True;0;84100000;chuva;Epagri;;;2;False;diaria;48ca7231acd1057b_diario_derivado;;interna;horaria_agregada;soma
2016-02-05;3.4000000000000004;24;True;0;84100000;chuva;Epagri;;;2;False;diaria;48ca7231acd1057b_diario_derivado;;interna;horaria_agregada;soma
2016-02-06;0.2;24;True;0;84100000;chuva;Epagri;;;2;False;diaria;48ca7231acd1057b_diario_derivado;;interna;horaria_agregada;soma
2016-02-07;0.0;24;True;0;84100000;chuva;Epagri;;;2;False;diaria;48ca7231acd1057b_diario_derivado;;interna;horaria_agregada;soma
2016-02-08;0.0;24;True;0;84100000;chuva;Epagri;;;2;False;diaria;48ca7231acd1057b_diario_derivado;;interna;horaria_agregada;soma
2016-02-09;0.0;24;True;0;84100000;chuva;Epagri;;;2;False;diaria;48ca7231acd1057b_diario_derivado;;interna;horaria_agregada;soma
2016-02-10;10.6;24;True;0;84100000;chuva;Epagri;;;2;False;diaria;48ca7231acd1057b_diario_derivado;;interna;horaria_agregada;soma
2016-02-11;;22;False;0;84100000;chuva;Epagri;;;2;False;diaria;48ca7231acd1057b_diario_derivado;;interna;horaria_agregada;soma
2016-02-12;0.0;24;True;0;84100000;chuva;Epagri;;;2;False;diaria;48ca7231acd1057b_diario_derivado;;interna;horaria_agregada;soma
2016-02-13;0.0;24;True;0;84100000;chuva;Epagri;;;2;False;diaria;48ca7231acd1057b_diario_derivado;;interna;horaria_agregada;soma
2016-02-14;17.0;24;True;0;84100000;chuva;Epagri;;;2;False;diaria;48ca7231acd1057b_diario_derivado;;interna;horaria_agregada;soma
2016-02-15;0.2;24;True;0;84100000;chuva;Epagri;;;2;False;diaria;48ca7231acd1057b_diario_derivado;;interna;horaria_agregada;soma
2016-02-16;13.0;24;True;0;84100000;chuva;Epagri;;;2;False;diaria;48ca7231acd1057b_diario_derivado;;interna;horaria_agregada;soma
2016-02-17;;17;False;0;84100000;chuva;Epagri;;;2;False;diaria;48ca7231acd1057b_diario_derivado;;interna;horaria_agregada;soma
2016-02-18;;16;False;0;84100000;chuva;Epagri;;;2;False;diaria;48ca7231acd1057b_diario_derivado;;interna;horaria_agregada;soma
2016-02-19;0.0;24;True;0;84100000;chuva;Epagri;;;2;False;diaria;48ca7231acd1057b_diario_derivado;;interna;horaria_agregada;soma
2016-02-20;11.0;24;True;0;84100000;chuva;Epagri;;;2;False;diaria;48ca7231acd1057b_diario_derivado;;interna;horaria_agregada;soma
2016-02-21;17.2;24;True;0;84100000;chuva;Epagri;;;2;False;diaria;48ca7231acd1057b_diario_derivado;;interna;horaria_agregada;soma
2016-02-22;8.4;24;True;0;84100000;chuva;Epagri;;;2;False;diaria;48ca7231acd1057b_diario_derivado;;interna;horaria_agregada;soma
2016-02-23;3.4;24;True;0;84100000;chuva;Epagri;;;2;False;diaria;48ca7231acd1057b_diario_derivado;;interna;horaria_agregada;soma
2016-02-24;0.0;24;True;0;84100000;chuva;Epagri;;;2;False;diaria;48ca7231acd1057b_diario_derivado;;interna;horaria_agregada;soma
2016-02-25;13.6;24;True;0;84100000;chuva;Epagri;;;2;False;diaria;48ca7231acd1057b_diario_derivado;;interna;horaria_agregada;soma
2016-02-26;0.0;24;True;0;84100000;chuva;Epagri;;;2;False;diaria;48ca7231acd1057b_diario_derivado;;interna;horaria_agregada;soma
2016-02-27;;14;False;0;84100000;chuva;Epagri;;;2;False;diaria;48ca7231acd1057b_diario_derivado;;interna;horaria_agregada;soma
2016-02-28;5.6;24;True;0;84100000;chuva;Epagri;;;2;False;diaria;48ca7231acd1057b_diario_derivado;;interna;horaria_agregada;soma
2016-02-29;0.0;24;True;0;84100000;chuva;Epagri;;;2;False;diaria;48ca7231acd1057b_diario_derivado;;interna;horaria_agregada;soma
2016-03-01;0.0;24;True;0;84100000;chuva;Epagri;;;2;False;diaria;48ca7231acd1057b_diario_derivado;;interna;horaria_agregada;soma
2016-03-02;10.600000000000001;24;True;0;84100000;chuva;Epagri;;;2;False;diaria;48ca7231acd1057b_diario_derivado;;interna;horaria_agregada;soma
2016-03-03;97.8;24;True;0;84100000;chuva;Epagri;;;2;False;diaria;48ca7231acd1057b_diario_derivado;;interna;horaria_agregada;soma
2016-03-04;0.0;24;True;0;84100000;chuva;Epagri;;;2;False;diaria;48ca7231acd1057b_diario_derivado;;interna;horaria_agregada;soma
2016-03-05;0.0;24;True;0;84100000;chuva;Epagri;;;2;False;diaria;48ca7231acd1057b_diario_derivado;;interna;horaria_agregada;soma
2016-03-06;0.0;24;True;0;84100000;chuva;Epagri;;;2;False;diaria;48ca7231acd1057b_diario_derivado;;interna;horaria_agregada;soma
2016-03-07;0.0;24;True;0;84100000;chuva;Epagri;;;2;False;diaria;48ca7231acd1057b_diario_derivado;;interna;horaria_agregada;soma
2016-03-08;0.0;24;True;0;84100000;chuva;Epagri;;;2;False;diaria;48ca7231acd1057b_diario_derivado;;interna;horaria_agregada;soma
2016-03-09;0.0;24;True;0;84100000;chuva;Epagri;;;2;False;diaria;48ca7231acd1057b_diario_derivado;;interna;horaria_agregada;soma
2016-03-10;57.2;24;True;0;84100000;chuva;Epagri;;;2;False;diaria;48ca7231acd1057b_diario_derivado;;interna;horaria_agregada;soma
2016-03-11;15.399999999999999;24;True;0;84100000;chuva;Epagri;;;2;False;diaria;48ca7231acd1057b_diario_derivado;;interna;horaria_agregada;soma
2016-03-12;0.0;24;True;0;84100000;chuva;Epagri;;;2;False;diaria;48ca7231acd1057b_diario_derivado;;interna;horaria_agregada;soma
2016-03-13;0.0;24;True;0;84100000;chuva;Epagri;;;2;False;diaria;48ca7231acd1057b_diario_derivado;;interna;horaria_agregada;soma
2016-03-14;0.0;24;True;0;84100000;chuva;Epagri;;;2;False;diaria;48ca7231acd1057b_diario_derivado;;interna;horaria_agregada;soma
2016-03-15;0.0;24;True;0;84100000;chuva;Epagri;;;2;False;diaria;48ca7231acd1057b_diario_derivado;;interna;horaria_agregada;soma
2016-03-16;0.0;24;True;0;84100000;chuva;Epagri;;;2;False;diaria;48ca7231acd1057b_diario_derivado;;interna;horaria_agregada;soma
2016-03-17;0.0;24;True;0;84100000;chuva;Epagri;;;2;False;diaria;48ca7231acd1057b_diario_derivado;;interna;horaria_agregada;soma
2016-03-18;0.0;24;True;0;84100000;chuva;Epagri;;;2;False;diaria;48ca7231acd1057b_diario_derivado;;interna;horaria_agregada;soma
2016-03-19;0.0;24;True;0;84100000;chuva;Epagri;;;2;False;diaria;48ca7231acd1057b_diario_derivado;;interna;horaria_agregada;soma
2016-03-20;0.0;24;True;0;84100000;chuva;Epagri;;;2;False;diaria;48ca7231acd1057b_diario_derivado;;interna;horaria_agregada;soma
2016-03-21;2.0;24;True;0;84100000;chuva;Epagri;;;2;False;diaria;48ca7231acd1057b_diario_derivado;;interna;horaria_agregada;soma
2016-03-22;0.8;24;True;0;84100000;chuva;Epagri;;;2;False;diaria;48ca7231acd1057b_diario_derivado;;interna;horaria_agregada;soma
2016-03-23;0.0;24;True;0;84100000;chuva;Epagri;;;2;False;diaria;48ca7231acd1057b_diario_derivado;;interna;horaria_agregada;soma
2016-03-24;0.0;24;True;0;84100000;chuva;Epagri;;;2;False;diaria;48ca7231acd1057b_diario_derivado;;interna;horaria_agregada;soma
2016-03-25;68.0;24;True;0;84100000;chuva;Epagri;;;2;False;diaria;48ca7231acd1057b_diario_derivado;;interna;horaria_agregada;soma
2016-03-26;11.200000000000001;24;True;0;84100000;chuva;Epagri;;;2;False;diaria;48ca7231acd1057b_diario_derivado;;interna;horaria_agregada;soma
2016-03-27;0.0;24;True;0;84100000;chuva;Epagri;;;2;False;diaria;48ca7231acd1057b_diario_derivado;;interna;horaria_agregada;soma
2016-03-28;0.0;24;True;0;84100000;chuva;Epagri;;;2;False;diaria;48ca7231acd1057b_diario_derivado;;interna;horaria_agregada;soma
2016-03-29;0.0;24;True;0;84100000;chuva;Epagri;;;2;False;diaria;48ca7231acd1057b_diario_derivado;;interna;horaria_agregada;soma
2016-03-30;0.0;24;True;0;84100000;chuva;Epagri;;;2;False;diaria;48ca7231acd1057b_diario_derivado;;interna;horaria_agregada;soma
2016-03-31;65.4;24;True;0;84100000;chuva;Epagri;;;2;False;diaria;48ca7231acd1057b_diario_derivado;;interna;horaria_agregada;soma
2016-04-01;;21;False;0;84100000;chuva;Epagri;;;2;False;diaria;48ca7231acd1057b_diario_derivado;;interna;horaria_agregada;soma
2016-04-02;;16;False;0;84100000;chuva;Epagri;;;2;False;diaria;48ca7231acd1057b_diario_derivado;;interna;horaria_agregada;soma
2016-04-03;1.0;24;True;0;84100000;chuva;Epagri;;;2;False;diaria;48ca7231acd1057b_diario_derivado;;interna;horaria_agregada;soma
2016-04-04;0.0;24;True;0;84100000;chuva;Epagri;;;2;False;diaria;48ca7231acd1057b_diario_derivado;;interna;horaria_agregada;soma
2016-04-05;0.0;24;True;0;84100000;chuva;Epagri;;;2;False;diaria;48ca7231acd1057b_diario_derivado;;interna;horaria_agregada;soma
2016-04-06;0.0;24;True;0;84100000;chuva;Epagri;;;2;False;diaria;48ca7231acd1057b_diario_derivado;;interna;horaria_agregada;soma
2016-04-07;0.0;24;True;0;84100000;chuva;Epagri;;;2;False;diaria;48ca7231acd1057b_diario_derivado;;interna;horaria_agregada;soma
2016-04-08;0.4;24;True;0;84100000;chuva;Epagri;;;2;False;diaria;48ca7231acd1057b_diario_derivado;;interna;horaria_agregada;soma
2016-04-09;3.2;24;True;0;84100000;chuva;Epagri;;;2;False;diaria;48ca7231acd1057b_diario_derivado;;interna;horaria_agregada;soma
2016-04-10;50.4;24;True;0;84100000;chuva;Epagri;;;2;False;diaria;48ca7231acd1057b_diario_derivado;;interna;horaria_agregada;soma
2016-04-11;9.8;24;True;0;84100000;chuva;Epagri;;;2;False;diaria;48ca7231acd1057b_diario_derivado;;interna;horaria_agregada;soma
2016-04-12;0.0;24;True;0;84100000;chuva;Epagri;;;2;False;diaria;48ca7231acd1057b_diario_derivado;;interna;horaria_agregada;soma
2016-04-13;2.8000000000000003;24;True;0;84100000;chuva;Epagri;;;2;False;diaria;48ca7231acd1057b_diario_derivado;;interna;horaria_agregada;soma
2016-04-14;12.6;24;True;0;84100000;chuva;Epagri;;;2;False;diaria;48ca7231acd1057b_diario_derivado;;interna;horaria_agregada;soma
2016-04-15;0.0;24;True;0;84100000;chuva;Epagri;;;2;False;diaria;48ca7231acd1057b_diario_derivado;;interna;horaria_agregada;soma
2016-04-16;0.0;24;True;0;84100000;chuva;Epagri;;;2;False;diaria;48ca7231acd1057b_diario_derivado;;interna;horaria_agregada;soma
2016-04-17;0.0;24;True;0;84100000;chuva;Epagri;;;2;False;diaria;48ca7231acd1057b_diario_derivado;;interna;horaria_agregada;soma
2016-04-18;0.0;24;True;0;84100000;chuva;Epagri;;;2;False;diaria;48ca7231acd1057b_diario_derivado;;interna;horaria_agregada;soma
2016-04-19;0.0;24;True;0;84100000;chuva;Epagri;;;2;False;diaria;48ca7231acd1057b_diario_derivado;;interna;horaria_agregada;soma
2016-04-20;0.0;24;True;0;84100000;chuva;Epagri;;;2;False;diaria;48ca7231acd1057b_diario_derivado;;interna;horaria_agregada;soma
2016-04-21;5.2;24;True;0;84100000;chuva;Epagri;;;2;False;diaria;48ca7231acd1057b_diario_derivado;;interna;horaria_agregada;soma
2016-04-22;38.4;24;True;0;84100000;chuva;Epagri;;;2;False;diaria;48ca7231acd1057b_diario_derivado;;interna;horaria_agregada;soma
2016-04-23;0.2;24;True;0;84100000;chuva;Epagri;;;2;False;diaria;48ca7231acd1057b_diario_derivado;;interna;horaria_agregada;soma
2016-04-24;0.0;24;True;0;84100000;chuva;Epagri;;;2;False;diaria;48ca7231acd1057b_diario_derivado;;interna;horaria_agregada;soma
2016-04-25;0.0;24;True;0;84100000;chuva;Epagri;;;2;False;diaria;48ca7231acd1057b_diario_derivado;;interna;horaria_agregada;soma
2016-04-26;22.8;24;True;0;84100000;chuva;Epagri;;;2;False;diaria;48ca7231acd1057b_diario_derivado;;interna;horaria_agregada;soma
2016-04-27;7.2;24;True;0;84100000;chuva;Epagri;;;2;False;diaria;48ca7231acd1057b_diario_derivado;;interna;horaria_agregada;soma
2016-04-28;0.2;24;True;0;84100000;chuva;Epagri;;;2;False;diaria;48ca7231acd1057b_diario_derivado;;interna;horaria_agregada;soma
2016-04-29;0.0;24;True;0;84100000;chuva;Epagri;;;2;False;diaria;48ca7231acd1057b_diario_derivado;;interna;horaria_agregada;soma
2016-04-30;0.0;24;True;0;84100000;chuva;Epagri;;;2;False;diaria;48ca7231acd1057b_diario_derivado;;interna;horaria_agregada;soma
2016-05-01;0.0;24;True;0;84100000;chuva;Epagri;;;2;False;diaria;48ca7231acd1057b_diario_derivado;;interna;horaria_agregada;soma
2016-05-02;0.0;24;True;0;84100000;chuva;Epagri;;;2;False;diaria;48ca7231acd1057b_diario_derivado;;interna;horaria_agregada;soma
2016-05-03;0.0;24;True;0;84100000;chuva;Epagri;;;2;False;diaria;48ca7231acd1057b_diario_derivado;;interna;horaria_agregada;soma
2016-05-04;0.0;24;True;0;84100000;chuva;Epagri;;;2;False;diaria;48ca7231acd1057b_diario_derivado;;interna;horaria_agregada;soma
2016-05-05;0.0;24;True;0;84100000;chuva;Epagri;;;2;False;diaria;48ca7231acd1057b_diario_derivado;;interna;horaria_agregada;soma
2016-05-06;13.4;24;True;0;84100000;chuva;Epagri;;;2;False;diaria;48ca7231acd1057b_diario_derivado;;interna;horaria_agregada;soma
2016-05-07;0.2;24;True;0;84100000;chuva;Epagri;;;2;False;diaria;48ca7231acd1057b_diario_derivado;;interna;horaria_agregada;soma
2016-05-08;0.2;24;True;0;84100000;chuva;Epagri;;;2;False;diaria;48ca7231acd1057b_diario_derivado;;interna;horaria_agregada;soma
2016-05-09;0.0;24;True;0;84100000;chuva;Epagri;;;2;False;diaria;48ca7231acd1057b_diario_derivado;;interna;horaria_agregada;soma
2016-05-10;0.2;24;True;0;84100000;chuva;Epagri;;;2;False;diaria;48ca7231acd1057b_diario_derivado;;interna;horaria_agregada;soma
2016-05-11;;20;False;0;84100000;chuva;Epagri;;;2;False;diaria;48ca7231acd1057b_diario_derivado;;interna;horaria_agregada;soma
2016-05-12;0.4;24;True;0;84100000;chuva;Epagri;;;2;False;diaria;48ca7231acd1057b_diario_derivado;;interna;horaria_agregada;soma
2016-05-13;0.2;24;True;0;84100000;chuva;Epagri;;;2;False;diaria;48ca7231acd1057b_diario_derivado;;interna;horaria_agregada;soma
2016-05-14;0.0;24;True;0;84100000;chuva;Epagri;;;2;False;diaria;48ca7231acd1057b_diario_derivado;;interna;horaria_agregada;soma
2016-05-15;19.0;24;True;0;84100000;chuva;Epagri;;;2;False;diaria;48ca7231acd1057b_diario_derivado;;interna;horaria_agregada;soma
2016-05-16;0.6;24;True;0;84100000;chuva;Epagri;;;2;False;diaria;48ca7231acd1057b_diario_derivado;;interna;horaria_agregada;soma
2016-05-17;0.0;24;True;0;84100000;chuva;Epagri;;;2;False;diaria;48ca7231acd1057b_diario_derivado;;interna;horaria_agregada;soma
2016-05-18;0.0;24;True;0;84100000;chuva;Epagri;;;2;False;diaria;48ca7231acd1057b_diario_derivado;;interna;horaria_agregada;soma
2016-05-19;0.0;24;True;0;84100000;chuva;Epagri;;;2;False;diaria;48ca7231acd1057b_diario_derivado;;interna;horaria_agregada;soma
2016-05-20;18.8;24;True;0;84100000;chuva;Epagri;;;2;False;diaria;48ca7231acd1057b_diario_derivado;;interna;horaria_agregada;soma
2016-05-21;0.6000000000000001;24;True;0;84100000;chuva;Epagri;;;2;False;diaria;48ca7231acd1057b_diario_derivado;;interna;horaria_agregada;soma
2016-05-22;13.0;24;True;0;84100000;chuva;Epagri;;;2;False;diaria;48ca7231acd1057b_diario_derivado;;interna;horaria_agregada;soma
2016-05-23;0.0;24;True;0;84100000;chuva;Epagri;;;2;False;diaria;48ca7231acd1057b_diario_derivado;;interna;horaria_agregada;soma
2016-05-24;0.0;24;True;0;84100000;chuva;Epagri;;;2;False;diaria;48ca7231acd1057b_diario_derivado;;interna;horaria_agregada;soma
2016-05-25;0.2;24;True;0;84100000;chuva;Epagri;;;2;False;diaria;48ca7231acd1057b_diario_derivado;;interna;horaria_agregada;soma
2016-05-26;1.0;24;True;0;84100000;chuva;Epagri;;;2;False;diaria;48ca7231acd1057b_diario_derivado;;interna;horaria_agregada;soma
2016-05-27;2.2;24;True;0;84100000;chuva;Epagri;;;2;False;diaria;48ca7231acd1057b_diario_derivado;;interna;horaria_agregada;soma
2016-05-28;0.0;24;True;0;84100000;chuva;Epagri;;;2;False;diaria;48ca7231acd1057b_diario_derivado;;interna;horaria_agregada;soma
2016-05-29;7.6;24;True;0;84100000;chuva;Epagri;;;2;False;diaria;48ca7231acd1057b_diario_derivado;;interna;horaria_agregada;soma
2016-05-30;0.0;24;True;0;84100000;chuva;Epagri;;;2;False;diaria;48ca7231acd1057b_diario_derivado;;interna;horaria_agregada;soma
2016-05-31;0.0;24;True;0;84100000;chuva;Epagri;;;2;False;diaria;48ca7231acd1057b_diario_derivado;;interna;horaria_agregada;soma
2016-06-01;5.2;24;True;0;84100000;chuva;Epagri;;;2;False;diaria;48ca7231acd1057b_diario_derivado;;interna;horaria_agregada;soma
2016-06-02;2.4;24;True;0;84100000;chuva;Epagri;;;2;False;diaria;48ca7231acd1057b_diario_derivado;;interna;horaria_agregada;soma
2016-06-03;0.0;24;True;0;84100000;chuva;Epagri;;;2;False;diaria;48ca7231acd1057b_diario_derivado;;interna;horaria_agregada;soma
2016-06-04;0.0;24;True;0;84100000;chuva;Epagri;;;2;False;diaria;48ca7231acd1057b_diario_derivado;;interna;horaria_agregada;soma
2016-06-05;0.0;24;True;0;84100000;chuva;Epagri;;;2;False;diaria;48ca7231acd1057b_diario_derivado;;interna;horaria_agregada;soma
2016-06-06;0.0;24;True;0;84100000;chuva;Epagri;;;2;False;diaria;48ca7231acd1057b_diario_derivado;;interna;horaria_agregada;soma
2016-06-07;0.0;24;True;0;84100000;chuva;Epagri;;;2;False;diaria;48ca7231acd1057b_diario_derivado;;interna;horaria_agregada;soma
2016-06-08;0.0;24;True;0;84100000;chuva;Epagri;;;2;False;diaria;48ca7231acd1057b_diario_derivado;;interna;horaria_agregada;soma
2016-06-09;0.0;24;True;0;84100000;chuva;Epagri;;;2;False;diaria;48ca7231acd1057b_diario_derivado;;interna;horaria_agregada;soma
2016-06-10;0.0;24;True;0;84100000;chuva;Epagri;;;2;False;diaria;48ca7231acd1057b_diario_derivado;;interna;horaria_agregada;soma
2016-06-11;0.0;24;True;0;84100000;chuva;Epagri;;;2;False;diaria;48ca7231acd1057b_diario_derivado;;interna;horaria_agregada;soma
2016-06-12;0.0;24;True;0;84100000;chuva;Epagri;;;2;False;diaria;48ca7231acd1057b_diario_derivado;;interna;horaria_agregada;soma
2016-06-13;0.0;24;True;0;84100000;chuva;Epagri;;;2;False;diaria;48ca7231acd1057b_diario_derivado;;interna;horaria_agregada;soma
2016-06-14;0.0;24;True;0;84100000;chuva;Epagri;;;2;False;diaria;48ca7231acd1057b_diario_derivado;;interna;horaria_agregada;soma
2016-06-15;0.0;24;True;0;84100000;chuva;Epagri;;;2;False;diaria;48ca7231acd1057b_diario_derivado;;interna;horaria_agregada;soma
2016-06-16;2.2;24;True;0;84100000;chuva;Epagri;;;2;False;diaria;48ca7231acd1057b_diario_derivado;;interna;horaria_agregada;soma
2016-06-17;13.8;24;True;0;84100000;chuva;Epagri;;;2;False;diaria;48ca7231acd1057b_diario_derivado;;interna;horaria_agregada;soma
2016-06-18;3.6;24;True;0;84100000;chuva;Epagri;;;2;False;diaria;48ca7231acd1057b_diario_derivado;;interna;horaria_agregada;soma
2016-06-19;0.0;24;True;0;84100000;chuva;Epagri;;;2;False;diaria;48ca7231acd1057b_diario_derivado;;interna;horaria_agregada;soma
2016-06-20;0.0;24;True;0;84100000;chuva;Epagri;;;2;False;diaria;48ca7231acd1057b_diario_derivado;;interna;horaria_agregada;soma
2016-06-21;0.0;24;True;0;84100000;chuva;Epagri;;;2;False;diaria;48ca7231acd1057b_diario_derivado;;interna;horaria_agregada;soma
2016-06-22;10.4;24;True;0;84100000;chuva;Epagri;;;2;False;diaria;48ca7231acd1057b_diario_derivado;;interna;horaria_agregada;soma
2016-06-23;0.0;24;True;0;84100000;chuva;Epagri;;;2;False;diaria;48ca7231acd1057b_diario_derivado;;interna;horaria_agregada;soma
2016-06-24;0.0;24;True;0;84100000;chuva;Epagri;;;2;False;diaria;48ca7231acd1057b_diario_derivado;;interna;horaria_agregada;soma
2016-06-25;0.0;24;True;0;84100000;chuva;Epagri;;;2;False;diaria;48ca7231acd1057b_diario_derivado;;interna;horaria_agregada;soma
2016-06-26;0.0;24;True;0;84100000;chuva;Epagri;;;2;False;diaria;48ca7231acd1057b_diario_derivado;;interna;horaria_agregada;soma
2016-06-27;0.0;24;True;0;84100000;chuva;Epagri;;;2;False;diaria;48ca7231acd1057b_diario_derivado;;interna;horaria_agregada;soma
2016-06-28;0.0;24;True;0;84100000;chuva;Epagri;;;2;False;diaria;48ca7231acd1057b_diario_derivado;;interna;horaria_agregada;soma
2016-06-29;0.0;24;True;0;84100000;chuva;Epagri;;;2;False;diaria;48ca7231acd1057b_diario_derivado;;interna;horaria_agregada;soma
2016-06-30;0.0;24;True;0;84100000;chuva;Epagri;;;2;False;diaria;48ca7231acd1057b_diario_derivado;;interna;horaria_agregada;soma
2016-07-01;0.0;24;True;0;84100000;chuva;Epagri;;;2;False;diaria;48ca7231acd1057b_diario_derivado;;interna;horaria_agregada;soma
2016-07-02;0.0;24;True;0;84100000;chuva;Epagri;;;2;False;diaria;48ca7231acd1057b_diario_derivado;;interna;horaria_agregada;soma
2016-07-03;0.0;24;True;0;84100000;chuva;Epagri;;;2;False;diaria;48ca7231acd1057b_diario_derivado;;interna;horaria_agregada;soma
2016-07-04;0.0;24;True;0;84100000;chuva;Epagri;;;2;False;diaria;48ca7231acd1057b_diario_derivado;;interna;horaria_agregada;soma
2016-07-05;0.0;24;True;0;84100000;chuva;Epagri;;;2;False;diaria;48ca7231acd1057b_diario_derivado;;interna;horaria_agregada;soma
2016-07-06;0.2;24;True;0;84100000;chuva;Epagri;;;2;False;diaria;48ca7231acd1057b_diario_derivado;;interna;horaria_agregada;soma
2016-07-07;0.0;24;True;0;84100000;chuva;Epagri;;;2;False;diaria;48ca7231acd1057b_diario_derivado;;interna;horaria_agregada;soma
2016-07-08;0.0;24;True;0;84100000;chuva;Epagri;;;2;False;diaria;48ca7231acd1057b_diario_derivado;;interna;horaria_agregada;soma
2016-07-09;0.0;24;True;0;84100000;chuva;Epagri;;;2;False;diaria;48ca7231acd1057b_diario_derivado;;interna;horaria_agregada;soma
2016-07-10;0.0;24;True;0;84100000;chuva;Epagri;;;2;False;diaria;48ca7231acd1057b_diario_derivado;;interna;horaria_agregada;soma
2016-07-11;0.0;24;True;0;84100000;chuva;Epagri;;;2;False;diaria;48ca7231acd1057b_diario_derivado;;interna;horaria_agregada;soma
2016-07-12;0.0;24;True;0;84100000;chuva;Epagri;;;2;False;diaria;48ca7231acd1057b_diario_derivado;;interna;horaria_agregada;soma
2016-07-13;6.4;24;True;0;84100000;chuva;Epagri;;;2;False;diaria;48ca7231acd1057b_diario_derivado;;interna;horaria_agregada;soma
2016-07-14;57.0;24;True;0;84100000;chuva;Epagri;;;2;False;diaria;48ca7231acd1057b_diario_derivado;;interna;horaria_agregada;soma
2016-07-15;53.0;24;True;0;84100000;chuva;Epagri;;;2;False;diaria;48ca7231acd1057b_diario_derivado;;interna;horaria_agregada;soma
2016-07-16;12.6;24;True;0;84100000;chuva;Epagri;;;2;False;diaria;48ca7231acd1057b_diario_derivado;;interna;horaria_agregada;soma
2016-07-17;0.0;24;True;0;84100000;chuva;Epagri;;;2;False;diaria;48ca7231acd1057b_diario_derivado;;interna;horaria_agregada;soma
2016-07-18;0.0;24;True;0;84100000;chuva;Epagri;;;2;False;diaria;48ca7231acd1057b_diario_derivado;;interna;horaria_agregada;soma
2016-07-19;0.4;24;True;0;84100000;chuva;Epagri;;;2;False;diaria;48ca7231acd1057b_diario_derivado;;interna;horaria_agregada;soma
2016-07-20;0.0;24;True;0;84100000;chuva;Epagri;;;2;False;diaria;48ca7231acd1057b_diario_derivado;;interna;horaria_agregada;soma
2016-07-21;0.0;24;True;0;84100000;chuva;Epagri;;;2;False;diaria;48ca7231acd1057b_diario_derivado;;interna;horaria_agregada;soma
2016-07-22;0.0;24;True;0;84100000;chuva;Epagri;;;2;False;diaria;48ca7231acd1057b_diario_derivado;;interna;horaria_agregada;soma
2016-07-23;0.0;24;True;0;84100000;chuva;Epagri;;;2;False;diaria;48ca7231acd1057b_diario_derivado;;interna;horaria_agregada;soma
2016-07-24;0.0;24;True;0;84100000;chuva;Epagri;;;2;False;diaria;48ca7231acd1057b_diario_derivado;;interna;horaria_agregada;soma
2016-07-25;0.0;24;True;0;84100000;chuva;Epagri;;;2;False;diaria;48ca7231acd1057b_diario_derivado;;interna;horaria_agregada;soma
2016-07-26;;23;False;0;84100000;chuva;Epagri;;;2;False;diaria;48ca7231acd1057b_diario_derivado;;interna;horaria_agregada;soma
2016-07-27;0.2;24;True;0;84100000;chuva;Epagri;;;2;False;diaria;48ca7231acd1057b_diario_derivado;;interna;horaria_agregada;soma
2016-07-28;0.0;24;True;0;84100000;chuva;Epagri;;;2;False;diaria;48ca7231acd1057b_diario_derivado;;interna;horaria_agregada;soma
2016-07-29;0.0;24;True;0;84100000;chuva;Epagri;;;2;False;diaria;48ca7231acd1057b_diario_derivado;;interna;horaria_agregada;soma
2016-07-30;0.0;24;True;0;84100000;chuva;Epagri;;;2;False;diaria;48ca7231acd1057b_diario_derivado;;interna;horaria_agregada;soma
2016-07-31;0.0;24;True;0;84100000;chuva;Epagri;;;2;False;diaria;48ca7231acd1057b_diario_derivado;;interna;horaria_agregada;soma
2016-08-01;0.0;24;True;0;84100000;chuva;Epagri;;;2;False;diaria;48ca7231acd1057b_diario_derivado;;interna;horaria_agregada;soma
2016-08-02;0.0;24;True;0;84100000;chuva;Epagri;;;2;False;diaria;48ca7231acd1057b_diario_derivado;;interna;horaria_agregada;soma
2016-08-03;4.6000000000000005;24;True;0;84100000;chuva;Epagri;;;2;False;diaria;48ca7231acd1057b_diario_derivado;;interna;horaria_agregada;soma
2016-08-04;0.4;24;True;0;84100000;chuva;Epagri;;;2;False;diaria;48ca7231acd1057b_diario_derivado;;interna;horaria_agregada;soma
2016-08-05;0.0;24;True;0;84100000;chuva;Epagri;;;2;False;diaria;48ca7231acd1057b_diario_derivado;;interna;horaria_agregada;soma
2016-08-06;0.0;24;True;0;84100000;chuva;Epagri;;;2;False;diaria;48ca7231acd1057b_diario_derivado;;interna;horaria_agregada;soma
2016-08-07;5.3999999999999995;24;True;0;84100000;chuva;Epagri;;;2;False;diaria;48ca7231acd1057b_diario_derivado;;interna;horaria_agregada;soma
2016-08-08;2.2;24;True;0;84100000;chuva;Epagri;;;2;False;diaria;48ca7231acd1057b_diario_derivado;;interna;horaria_agregada;soma
2016-08-09;0.4;24;True;0;84100000;chuva;Epagri;;;2;False;diaria;48ca7231acd1057b_diario_derivado;;interna;horaria_agregada;soma
2016-08-10;0.0;24;True;0;84100000;chuva;Epagri;;;2;False;diaria;48ca7231acd1057b_diario_derivado;;interna;horaria_agregada;soma
2016-08-11;0.0;24;True;0;84100000;chuva;Epagri;;;2;False;diaria;48ca7231acd1057b_diario_derivado;;interna;horaria_agregada;soma
2016-08-12;;9;False;0;84100000;chuva;Epagri;;;2;False;diaria;48ca7231acd1057b_diario_derivado;;interna;horaria_agregada;soma
2016-08-13;;0;False;0;84100000;chuva;Epagri;;;2;False;diaria;48ca7231acd1057b_diario_derivado;;interna;horaria_agregada;soma
2016-08-14;;23;False;0;84100000;chuva;Epagri;;;2;False;diaria;48ca7231acd1057b_diario_derivado;;interna;horaria_agregada;soma
2016-08-15;8.6;24;True;0;84100000;chuva;Epagri;;;2;False;diaria;48ca7231acd1057b_diario_derivado;;interna;horaria_agregada;soma
2016-08-16;0.0;24;True;0;84100000;chuva;Epagri;;;2;False;diaria;48ca7231acd1057b_diario_derivado;;interna;horaria_agregada;soma
2016-08-17;1.8;24;True;0;84100000;chuva;Epagri;;;2;False;diaria;48ca7231acd1057b_diario_derivado;;interna;horaria_agregada;soma
2016-08-18;0.0;24;True;0;84100000;chuva;Epagri;;;2;False;diaria;48ca7231acd1057b_diario_derivado;;interna;horaria_agregada;soma
2016-08-19;45.199999999999996;24;True;0;84100000;chuva;Epagri;;;2;False;diaria;48ca7231acd1057b_diario_derivado;;interna;horaria_agregada;soma
2016-08-20;9.6;24;True;0;84100000;chuva;Epagri;;;2;False;diaria;48ca7231acd1057b_diario_derivado;;interna;horaria_agregada;soma
2016-08-21;20.799999999999997;24;True;0;84100000;chuva;Epagri;;;2;False;diaria;48ca7231acd1057b_diario_derivado;;interna;horaria_agregada;soma
2016-08-22;0.0;24;True;0;84100000;chuva;Epagri;;;2;False;diaria;48ca7231acd1057b_diario_derivado;;interna;horaria_agregada;soma
2016-08-23;0.0;24;True;0;84100000;chuva;Epagri;;;2;False;diaria;48ca7231acd1057b_diario_derivado;;interna;horaria_agregada;soma
2016-08-24;0.0;24;True;0;84100000;chuva;Epagri;;;2;False;diaria;48ca7231acd1057b_diario_derivado;;interna;horaria_agregada;soma
2016-08-25;0.0;24;True;0;84100000;chuva;Epagri;;;2;False;diaria;48ca7231acd1057b_diario_derivado;;interna;horaria_agregada;soma
2016-08-26;0.0;24;True;0;84100000;chuva;Epagri;;;2;False;diaria;48ca7231acd1057b_diario_derivado;;interna;horaria_agregada;soma
2016-08-27;0.0;24;True;0;84100000;chuva;Epagri;;;2;False;diaria;48ca7231acd1057b_diario_derivado;;interna;horaria_agregada;soma
2016-08-28;0.0;24;True;0;84100000;chuva;Epagri;;;2;False;diaria;48ca7231acd1057b_diario_derivado;;interna;horaria_agregada;soma
2016-08-29;0.0;24;True;0;84100000;chuva;Epagri;;;2;False;diaria;48ca7231acd1057b_diario_derivado;;interna;horaria_agregada;soma
2016-08-30;7.4;24;True;0;84100000;chuva;Epagri;;;2;False;diaria;48ca7231acd1057b_diario_derivado;;interna;horaria_agregada;soma
2016-08-31;0.8;24;True;0;84100000;chuva;Epagri;;;2;False;diaria;48ca7231acd1057b_diario_derivado;;interna;horaria_agregada;soma
2016-09-01;0.0;24;True;0;84100000;chuva;Epagri;;;2;False;diaria;48ca7231acd1057b_diario_derivado;;interna;horaria_agregada;soma
2016-09-02;0.0;24;True;0;84100000;chuva;Epagri;;;2;False;diaria;48ca7231acd1057b_diario_derivado;;interna;horaria_agregada;soma
2016-09-03;23.400000000000002;24;True;0;84100000;chuva;Epagri;;;2;False;diaria;48ca7231acd1057b_diario_derivado;;interna;horaria_agregada;soma
2016-09-04;50.8;24;True;0;84100000;chuva;Epagri;;;2;False;diaria;48ca7231acd1057b_diario_derivado;;interna;horaria_agregada;soma
2016-09-05;2.4;24;True;0;84100000;chuva;Epagri;;;2;False;diaria;48ca7231acd1057b_diario_derivado;;interna;horaria_agregada;soma
2016-09-06;13.8;24;True;0;84100000;chuva;Epagri;;;2;False;diaria;48ca7231acd1057b_diario_derivado;;interna;horaria_agregada;soma
2016-09-07;0.0;24;True;0;84100000;chuva;Epagri;;;2;False;diaria;48ca7231acd1057b_diario_derivado;;interna;horaria_agregada;soma
2016-09-08;0.0;24;True;0;84100000;chuva;Epagri;;;2;False;diaria;48ca7231acd1057b_diario_derivado;;interna;horaria_agregada;soma
2016-09-09;0.0;24;True;0;84100000;chuva;Epagri;;;2;False;diaria;48ca7231acd1057b_diario_derivado;;interna;horaria_agregada;soma
2016-09-10;0.0;24;True;0;84100000;chuva;Epagri;;;2;False;diaria;48ca7231acd1057b_diario_derivado;;interna;horaria_agregada;soma
2016-09-11;0.0;24;True;0;84100000;chuva;Epagri;;;2;False;diaria;48ca7231acd1057b_diario_derivado;;interna;horaria_agregada;soma
2016-09-12;0.0;24;True;0;84100000;chuva;Epagri;;;2;False;diaria;48ca7231acd1057b_diario_derivado;;interna;horaria_agregada;soma
2016-09-13;0.0;24;True;0;84100000;chuva;Epagri;;;2;False;diaria;48ca7231acd1057b_diario_derivado;;interna;horaria_agregada;soma
2016-09-14;0.0;24;True;0;84100000;chuva;Epagri;;;2;False;diaria;48ca7231acd1057b_diario_derivado;;interna;horaria_agregada;soma
2016-09-15;0.0;24;True;0;84100000;chuva;Epagri;;;2;False;diaria;48ca7231acd1057b_diario_derivado;;interna;horaria_agregada;soma
2016-09-16;0.0;24;True;0;84100000;chuva;Epagri;;;2;False;diaria;48ca7231acd1057b_diario_derivado;;interna;horaria_agregada;soma
2016-09-17;0.0;24;True;0;84100000;chuva;Epagri;;;2;False;diaria;48ca7231acd1057b_diario_derivado;;interna;horaria_agregada;soma
2016-09-18;6.6;24;True;0;84100000;chuva;Epagri;;;2;False;diaria;48ca7231acd1057b_diario_derivado;;interna;horaria_agregada;soma
2016-09-19;0.2;24;True;0;84100000;chuva;Epagri;;;2;False;diaria;48ca7231acd1057b_diario_derivado;;interna;horaria_agregada;soma
2016-09-20;0.2;24;True;0;84100000;chuva;Epagri;;;2;False;diaria;48ca7231acd1057b_diario_derivado;;interna;horaria_agregada;soma
2016-09-21;0.0;24;True;0;84100000;chuva;Epagri;;;2;False;diaria;48ca7231acd1057b_diario_derivado;;interna;horaria_agregada;soma
2016-09-22;0.0;24;True;0;84100000;chuva;Epagri;;;2;False;diaria;48ca7231acd1057b_diario_derivado;;interna;horaria_agregada;soma
2016-09-23;0.0;24;True;0;84100000;chuva;Epagri;;;2;False;diaria;48ca7231acd1057b_diario_derivado;;interna;horaria_agregada;soma
2016-09-24;0.0;24;True;0;84100000;chuva;Epagri;;;2;False;diaria;48ca7231acd1057b_diario_derivado;;interna;horaria_agregada;soma
2016-09-25;0.0;24;True;0;84100000;chuva;Epagri;;;2;False;diaria;48ca7231acd1057b_diario_derivado;;interna;horaria_agregada;soma
2016-09-26;0.0;24;True;0;84100000;chuva;Epagri;;;2;False;diaria;48ca7231acd1057b_diario_derivado;;interna;horaria_agregada;soma
2016-09-27;0.0;24;True;0;84100000;chuva;Epagri;;;2;False;diaria;48ca7231acd1057b_diario_derivado;;interna;horaria_agregada;soma
2016-09-28;0.0;24;True;0;84100000;chuva;Epagri;;;2;False;diaria;48ca7231acd1057b_diario_derivado;;interna;horaria_agregada;soma
2016-09-29;0.0;24;True;0;84100000;chuva;Epagri;;;2;False;diaria;48ca7231acd1057b_diario_derivado;;interna;horaria_agregada;soma
2016-09-30;0.0;24;True;0;84100000;chuva;Epagri;;;2;False;diaria;48ca7231acd1057b_diario_derivado;;interna;horaria_agregada;soma
2016-10-01;1.8;24;True;0;84100000;chuva;Epagri;;;2;False;diaria;48ca7231acd1057b_diario_derivado;;interna;horaria_agregada;soma
2016-10-02;0.4;24;True;0;84100000;chuva;Epagri;;;2;False;diaria;48ca7231acd1057b_diario_derivado;;interna;horaria_agregada;soma
2016-10-03;3.8000000000000003;24;True;0;84100000;chuva;Epagri;;;2;False;diaria;48ca7231acd1057b_diario_derivado;;interna;horaria_agregada;soma
2016-10-04;5.0;24;True;0;84100000;chuva;Epagri;;;2;False;diaria;48ca7231acd1057b_diario_derivado;;interna;horaria_agregada;soma
2016-10-05;1.8;24;True;0;84100000;chuva;Epagri;;;2;False;diaria;48ca7231acd1057b_diario_derivado;;interna;horaria_agregada;soma
2016-10-06;23.6;24;True;0;84100000;chuva;Epagri;;;2;False;diaria;48ca7231acd1057b_diario_derivado;;interna;horaria_agregada;soma
2016-10-07;3.8000000000000003;24;True;0;84100000;chuva;Epagri;;;2;False;diaria;48ca7231acd1057b_diario_derivado;;interna;horaria_agregada;soma
2016-10-08;0.0;24;True;0;84100000;chuva;Epagri;;;2;False;diaria;48ca7231acd1057b_diario_derivado;;interna;horaria_agregada;soma
2016-10-09;0.0;24;True;0;84100000;chuva;Epagri;;;2;False;diaria;48ca7231acd1057b_diario_derivado;;interna;horaria_agregada;soma
2016-10-10;0.0;24;True;0;84100000;chuva;Epagri;;;2;False;diaria;48ca7231acd1057b_diario_derivado;;interna;horaria_agregada;soma
2016-10-11;0.0;24;True;0;84100000;chuva;Epagri;;;2;False;diaria;48ca7231acd1057b_diario_derivado;;interna;horaria_agregada;soma
2016-10-12;1.4;24;True;0;84100000;chuva;Epagri;;;2;False;diaria;48ca7231acd1057b_diario_derivado;;interna;horaria_agregada;soma
2016-10-13;26.2;24;True;0;84100000;chuva;Epagri;;;2;False;diaria;48ca7231acd1057b_diario_derivado;;interna;horaria_agregada;soma
2016-10-14;0.0;24;True;0;84100000;chuva;Epagri;;;2;False;diaria;48ca7231acd1057b_diario_derivado;;interna;horaria_agregada;soma
2016-10-15;0.0;24;True;0;84100000;chuva;Epagri;;;2;False;diaria;48ca7231acd1057b_diario_derivado;;interna;horaria_agregada;soma
2016-10-16;4.6;24;True;0;84100000;chuva;Epagri;;;2;False;diaria;48ca7231acd1057b_diario_derivado;;interna;horaria_agregada;soma
2016-10-17;22.0;24;True;0;84100000;chuva;Epagri;;;2;False;diaria;48ca7231acd1057b_diario_derivado;;interna;horaria_agregada;soma
2016-10-18;1.7999999999999998;24;True;0;84100000;chuva;Epagri;;;2;False;diaria;48ca7231acd1057b_diario_derivado;;interna;horaria_agregada;soma
2016-10-19;25.599999999999998;24;True;0;84100000;chuva;Epagri;;;2;False;diaria;48ca7231acd1057b_diario_derivado;;interna;horaria_agregada;soma
2016-10-20;1.6;24;True;0;84100000;chuva;Epagri;;;2;False;diaria;48ca7231acd1057b_diario_derivado;;interna;horaria_agregada;soma
2016-10-21;0.2;24;True;0;84100000;chuva;Epagri;;;2;False;diaria;48ca7231acd1057b_diario_derivado;;interna;horaria_agregada;soma
2016-10-22;0.0;24;True;0;84100000;chuva;Epagri;;;2;False;diaria;48ca7231acd1057b_diario_derivado;;interna;horaria_agregada;soma
2016-10-23;0.0;24;True;0;84100000;chuva;Epagri;;;2;False;diaria;48ca7231acd1057b_diario_derivado;;interna;horaria_agregada;soma
2016-10-24;2.0;24;True;0;84100000;chuva;Epagri;;;2;False;diaria;48ca7231acd1057b_diario_derivado;;interna;horaria_agregada;soma
2016-10-25;67.2;24;True;0;84100000;chuva;Epagri;;;2;False;diaria;48ca7231acd1057b_diario_derivado;;interna;horaria_agregada;soma
2016-10-26;14.8;24;True;0;84100000;chuva;Epagri;;;2;False;diaria;48ca7231acd1057b_diario_derivado;;interna;horaria_agregada;soma
2016-10-27;0.2;24;True;0;84100000;chuva;Epagri;;;2;False;diaria;48ca7231acd1057b_diario_derivado;;interna;horaria_agregada;soma
2016-10-28;0.0;24;True;0;84100000;chuva;Epagri;;;2;False;diaria;48ca7231acd1057b_diario_derivado;;interna;horaria_agregada;soma
2016-10-29;0.0;24;True;0;84100000;chuva;Epagri;;;2;False;diaria;48ca7231acd1057b_diario_derivado;;interna;horaria_agregada;soma
2016-10-30;0.0;24;True;0;84100000;chuva;Epagri;;;2;False;diaria;48ca7231acd1057b_diario_derivado;;interna;horaria_agregada;soma
2016-10-31;0.0;24;True;0;84100000;chuva;Epagri;;;2;False;diaria;48ca7231acd1057b_diario_derivado;;interna;horaria_agregada;soma
2016-11-01;0.2;24;True;0;84100000;chuva;Epagri;;;2;False;diaria;48ca7231acd1057b_diario_derivado;;interna;horaria_agregada;soma
2016-11-02;0.6000000000000001;24;True;0;84100000;chuva;Epagri;;;2;False;diaria;48ca7231acd1057b_diario_derivado;;interna;horaria_agregada;soma
2016-11-03;0.0;24;True;0;84100000;chuva;Epagri;;;2;False;diaria;48ca7231acd1057b_diario_derivado;;interna;horaria_agregada;soma
2016-11-04;0.0;24;True;0;84100000;chuva;Epagri;;;2;False;diaria;48ca7231acd1057b_diario_derivado;;interna;horaria_agregada;soma
2016-11-05;0.0;24;True;0;84100000;chuva;Epagri;;;2;False;diaria;48ca7231acd1057b_diario_derivado;;interna;horaria_agregada;soma
2016-11-06;0.0;24;True;0;84100000;chuva;Epagri;;;2;False;diaria;48ca7231acd1057b_diario_derivado;;interna;horaria_agregada;soma
2016-11-07;0.0;24;True;0;84100000;chuva;Epagri;;;2;False;diaria;48ca7231acd1057b_diario_derivado;;interna;horaria_agregada;soma
2016-11-08;0.0;24;True;0;84100000;chuva;Epagri;;;2;False;diaria;48ca7231acd1057b_diario_derivado;;interna;horaria_agregada;soma
2016-11-09;6.4;24;True;0;84100000;chuva;Epagri;;;2;False;diaria;48ca7231acd1057b_diario_derivado;;interna;horaria_agregada;soma
2016-11-10;0.2;24;True;0;84100000;chuva;Epagri;;;2;False;diaria;48ca7231acd1057b_diario_derivado;;interna;horaria_agregada;soma
2016-11-11;4.4;24;True;0;84100000;chuva;Epagri;;;2;False;diaria;48ca7231acd1057b_diario_derivado;;interna;horaria_agregada;soma
2016-11-12;0.0;24;True;0;84100000;chuva;Epagri;;;2;False;diaria;48ca7231acd1057b_diario_derivado;;interna;horaria_agregada;soma
2016-11-13;0.0;24;True;0;84100000;chuva;Epagri;;;2;False;diaria;48ca7231acd1057b_diario_derivado;;interna;horaria_agregada;soma
2016-11-14;0.0;24;True;0;84100000;chuva;Epagri;;;2;False;diaria;48ca7231acd1057b_diario_derivado;;interna;horaria_agregada;soma
2016-11-15;5.2;24;True;0;84100000;chuva;Epagri;;;2;False;diaria;48ca7231acd1057b_diario_derivado;;interna;horaria_agregada;soma
2016-11-16;32.8;24;True;0;84100000;chuva;Epagri;;;2;False;diaria;48ca7231acd1057b_diario_derivado;;interna;horaria_agregada;soma
2016-11-17;12.6;24;True;0;84100000;chuva;Epagri;;;2;False;diaria;48ca7231acd1057b_diario_derivado;;interna;horaria_agregada;soma
2016-11-18;0.0;24;True;0;84100000;chuva;Epagri;;;2;False;diaria;48ca7231acd1057b_diario_derivado;;interna;horaria_agregada;soma
2016-11-19;0.0;24;True;0;84100000;chuva;Epagri;;;2;False;diaria;48ca7231acd1057b_diario_derivado;;interna;horaria_agregada;soma
2016-11-20;0.0;24;True;0;84100000;chuva;Epagri;;;2;False;diaria;48ca7231acd1057b_diario_derivado;;interna;horaria_agregada;soma
2016-11-21;0.0;24;True;0;84100000;chuva;Epagri;;;2;False;diaria;48ca7231acd1057b_diario_derivado;;interna;horaria_agregada;soma
2016-11-22;0.0;24;True;0;84100000;chuva;Epagri;;;2;False;diaria;48ca7231acd1057b_diario_derivado;;interna;horaria_agregada;soma
2016-11-23;0.4;24;True;0;84100000;chuva;Epagri;;;2;False;diaria;48ca7231acd1057b_diario_derivado;;interna;horaria_agregada;soma
2016-11-24;0.0;24;True;0;84100000;chuva;Epagri;;;2;False;diaria;48ca7231acd1057b_diario_derivado;;interna;horaria_agregada;soma
2016-11-25;0.2;24;True;0;84100000;chuva;Epagri;;;2;False;diaria;48ca7231acd1057b_diario_derivado;;interna;horaria_agregada;soma
2016-11-26;1.0;24;True;0;84100000;chuva;Epagri;;;2;False;diaria;48ca7231acd1057b_diario_derivado;;interna;horaria_agregada;soma
2016-11-27;1.4;24;True;0;84100000;chuva;Epagri;;;2;False;diaria;48ca7231acd1057b_diario_derivado;;interna;horaria_agregada;soma
2016-11-28;6.4;24;True;0;84100000;chuva;Epagri;;;2;False;diaria;48ca7231acd1057b_diario_derivado;;interna;horaria_agregada;soma
2016-11-29;5.8;24;True;0;84100000;chuva;Epagri;;;2;False;diaria;48ca7231acd1057b_diario_derivado;;interna;horaria_agregada;soma
2016-11-30;0.0;24;True;0;84100000;chuva;Epagri;;;2;False;diaria;48ca7231acd1057b_diario_derivado;;interna;horaria_agregada;soma
2016-12-01;0.0;24;True;0;84100000;chuva;Epagri;;;2;False;diaria;48ca7231acd1057b_diario_derivado;;interna;horaria_agregada;soma
2016-12-02;2.4000000000000004;24;True;0;84100000;chuva;Epagri;;;2;False;diaria;48ca7231acd1057b_diario_derivado;;interna;horaria_agregada;soma
2016-12-03;76.0;24;True;0;84100000;chuva;Epagri;;;2;False;diaria;48ca7231acd1057b_diario_derivado;;interna;horaria_agregada;soma
2016-12-04;;21;False;0;84100000;chuva;Epagri;;;2;False;diaria;48ca7231acd1057b_diario_derivado;;interna;horaria_agregada;soma
2016-12-05;0.4;24;True;0;84100000;chuva;Epagri;;;2;False;diaria;48ca7231acd1057b_diario_derivado;;interna;horaria_agregada;soma
2016-12-06;0.0;24;True;0;84100000;chuva;Epagri;;;2;False;diaria;48ca7231acd1057b_diario_derivado;;interna;horaria_agregada;soma
2016-12-07;0.0;24;True;0;84100000;chuva;Epagri;;;2;False;diaria;48ca7231acd1057b_diario_derivado;;interna;horaria_agregada;soma
2016-12-08;10.6;24;True;0;84100000;chuva;Epagri;;;2;False;diaria;48ca7231acd1057b_diario_derivado;;interna;horaria_agregada;soma
2016-12-09;1.8;24;True;0;84100000;chuva;Epagri;;;2;False;diaria;48ca7231acd1057b_diario_derivado;;interna;horaria_agregada;soma
2016-12-10;8.0;24;True;0;84100000;chuva;Epagri;;;2;False;diaria;48ca7231acd1057b_diario_derivado;;interna;horaria_agregada;soma
2016-12-11;34.6;24;True;0;84100000;chuva;Epagri;;;2;False;diaria;48ca7231acd1057b_diario_derivado;;interna;horaria_agregada;soma
2016-12-12;10.799999999999999;24;True;0;84100000;chuva;Epagri;;;2;False;diaria;48ca7231acd1057b_diario_derivado;;interna;horaria_agregada;soma
2016-12-13;13.2;24;True;0;84100000;chuva;Epagri;;;2;False;diaria;48ca7231acd1057b_diario_derivado;;interna;horaria_agregada;soma
2016-12-14;0.0;24;True;0;84100000;chuva;Epagri;;;2;False;diaria;48ca7231acd1057b_diario_derivado;;interna;horaria_agregada;soma
2016-12-15;0.0;24;True;0;84100000;chuva;Epagri;;;2;False;diaria;48ca7231acd1057b_diario_derivado;;interna;horaria_agregada;soma
2016-12-16;9.2;24;True;0;84100000;chuva;Epagri;;;2;False;diaria;48ca7231acd1057b_diario_derivado;;interna;horaria_agregada;soma
2016-12-17;16.0;24;True;0;84100000;chuva;Epagri;;;2;False;diaria;48ca7231acd1057b_diario_derivado;;interna;horaria_agregada;soma
2016-12-18;0.6000000000000001;24;True;0;84100000;chuva;Epagri;;;2;False;diaria;48ca7231acd1057b_diario_derivado;;interna;horaria_agregada;soma
2016-12-19;3.0;24;True;0;84100000;chuva;Epagri;;;2;False;diaria;48ca7231acd1057b_diario_derivado;;interna;horaria_agregada;soma
2016-12-20;14.0;24;True;0;84100000;chuva;Epagri;;;2;False;diaria;48ca7231acd1057b_diario_derivado;;interna;horaria_agregada;soma
2016-12-21;6.0;24;True;0;84100000;chuva;Epagri;;;2;False;diaria;48ca7231acd1057b_diario_derivado;;interna;horaria_agregada;soma
2016-12-22;8.0;24;True;0;84100000;chuva;Epagri;;;2;False;diaria;48ca7231acd1057b_diario_derivado;;interna;horaria_agregada;soma
2016-12-23;6.2;24;True;0;84100000;chuva;Epagri;;;2;False;diaria;48ca7231acd1057b_diario_derivado;;interna;horaria_agregada;soma
2016-12-24;24.6;24;True;0;84100000;chuva;Epagri;;;2;False;diaria;48ca7231acd1057b_diario_derivado;;interna;horaria_agregada;soma
2016-12-25;0.2;24;True;0;84100000;chuva;Epagri;;;2;False;diaria;48ca7231acd1057b_diario_derivado;;interna;horaria_agregada;soma
2016-12-26;6.4;24;True;0;84100000;chuva;Epagri;;;2;False;diaria;48ca7231acd1057b_diario_derivado;;interna;horaria_agregada;soma
2016-12-27;4.4;24;True;0;84100000;chuva;Epagri;;;2;False;diaria;48ca7231acd1057b_diario_derivado;;interna;horaria_agregada;soma
2016-12-28;10.0;24;True;0;84100000;chuva;Epagri;;;2;False;diaria;48ca7231acd1057b_diario_derivado;;interna;horaria_agregada;soma
2016-12-29;11.8;24;True;0;84100000;chuva;Epagri;;;2;False;diaria;48ca7231acd1057b_diario_derivado;;interna;horaria_agregada;soma
2016-12-30;18.8;24;True;0;84100000;chuva;Epagri;;;2;False;diaria;48ca7231acd1057b_diario_derivado;;interna;horaria_agregada;soma
2016-12-31;25.2;24;True;0;84100000;chuva;Epagri;;;2;False;diaria;48ca7231acd1057b_diario_derivado;;interna;horaria_agregada;soma
2017-01-01;21.2;24;True;0;84100000;chuva;Epagri;;;2;False;diaria;48ca7231acd1057b_diario_derivado;;interna;horaria_agregada;soma
2017-01-02;4.4;24;True;0;84100000;chuva;Epagri;;;2;False;diaria;48ca7231acd1057b_diario_derivado;;interna;horaria_agregada;soma
2017-01-03;0.0;24;True;0;84100000;chuva;Epagri;;;2;False;diaria;48ca7231acd1057b_diario_derivado;;interna;horaria_agregada;soma
2017-01-04;5.6;24;True;0;84100000;chuva;Epagri;;;2;False;diaria;48ca7231acd1057b_diario_derivado;;interna;horaria_agregada;soma
2017-01-05;17.4;24;True;0;84100000;chuva;Epagri;;;2;False;diaria;48ca7231acd1057b_diario_derivado;;interna;horaria_agregada;soma
2017-01-06;0.2;24;True;0;84100000;chuva;Epagri;;;2;False;diaria;48ca7231acd1057b_diario_derivado;;interna;horaria_agregada;soma
2017-01-07;0.0;24;True;0;84100000;chuva;Epagri;;;2;False;diaria;48ca7231acd1057b_diario_derivado;;interna;horaria_agregada;soma
2017-01-08;2.6;24;True;0;84100000;chuva;Epagri;;;2;False;diaria;48ca7231acd1057b_diario_derivado;;interna;horaria_agregada;soma
2017-01-09;1.2;24;True;0;84100000;chuva;Epagri;;;2;False;diaria;48ca7231acd1057b_diario_derivado;;interna;horaria_agregada;soma
2017-01-10;7.8;24;True;0;84100000;chuva;Epagri;;;2;False;diaria;48ca7231acd1057b_diario_derivado;;interna;horaria_agregada;soma
2017-01-11;0.4;24;True;0;84100000;chuva;Epagri;;;2;False;diaria;48ca7231acd1057b_diario_derivado;;interna;horaria_agregada;soma
2017-01-12;0.0;24;True;0;84100000;chuva;Epagri;;;2;False;diaria;48ca7231acd1057b_diario_derivado;;interna;horaria_agregada;soma
2017-01-13;0.0;24;True;0;84100000;chuva;Epagri;;;2;False;diaria;48ca7231acd1057b_diario_derivado;;interna;horaria_agregada;soma
2017-01-14;0.0;24;True;0;84100000;chuva;Epagri;;;2;False;diaria;48ca7231acd1057b_diario_derivado;;interna;horaria_agregada;soma
2017-01-15;0.0;24;True;0;84100000;chuva;Epagri;;;2;False;diaria;48ca7231acd1057b_diario_derivado;;interna;horaria_agregada;soma
2017-01-16;0.6000000000000001;24;True;0;84100000;chuva;Epagri;;;2;False;diaria;48ca7231acd1057b_diario_derivado;;interna;horaria_agregada;soma
2017-01-17;24.0;24;True;0;84100000;chuva;Epagri;;;2;False;diaria;48ca7231acd1057b_diario_derivado;;interna;horaria_agregada;soma
2017-01-18;1.4000000000000001;24;True;0;84100000;chuva;Epagri;;;2;False;diaria;48ca7231acd1057b_diario_derivado;;interna;horaria_agregada;soma
2017-01-19;0.0;24;True;0;84100000;chuva;Epagri;;;2;False;diaria;48ca7231acd1057b_diario_derivado;;interna;horaria_agregada;soma
2017-01-20;0.0;24;True;0;84100000;chuva;Epagri;;;2;False;diaria;48ca7231acd1057b_diario_derivado;;interna;horaria_agregada;soma
2017-01-21;0.0;24;True;0;84100000;chuva;Epagri;;;2;False;diaria;48ca7231acd1057b_diario_derivado;;interna;horaria_agregada;soma
2017-01-22;8.0;24;True;0;84100000;chuva;Epagri;;;2;False;diaria;48ca7231acd1057b_diario_derivado;;interna;horaria_agregada;soma
2017-01-23;0.6000000000000001;24;True;0;84100000;chuva;Epagri;;;2;False;diaria;48ca7231acd1057b_diario_derivado;;interna;horaria_agregada;soma
2017-01-24;27.0;24;True;0;84100000;chuva;Epagri;;;2;False;diaria;48ca7231acd1057b_diario_derivado;;interna;horaria_agregada;soma
2017-01-25;21.000000000000004;24;True;0;84100000;chuva;Epagri;;;2;False;diaria;48ca7231acd1057b_diario_derivado;;interna;horaria_agregada;soma
2017-01-26;26.4;24;True;0;84100000;chuva;Epagri;;;2;False;diaria;48ca7231acd1057b_diario_derivado;;interna;horaria_agregada;soma
2017-01-27;0.4;24;True;0;84100000;chuva;Epagri;;;2;False;diaria;48ca7231acd1057b_diario_derivado;;interna;horaria_agregada;soma
2017-01-28;1.4;24;True;0;84100000;chuva;Epagri;;;2;False;diaria;48ca7231acd1057b_diario_derivado;;interna;horaria_agregada;soma
2017-01-29;6.8;24;True;0;84100000;chuva;Epagri;;;2;False;diaria;48ca7231acd1057b_diario_derivado;;interna;horaria_agregada;soma
2017-01-30;27.2;24;True;0;84100000;chuva;Epagri;;;2;False;diaria;48ca7231acd1057b_diario_derivado;;interna;horaria_agregada;soma
2017-01-31;35.6;24;True;0;84100000;chuva;Epagri;;;2;False;diaria;48ca7231acd1057b_diario_derivado;;interna;horaria_agregada;soma
2017-02-01;16.0;24;True;0;84100000;chuva;Epagri;;;2;False;diaria;48ca7231acd1057b_diario_derivado;;interna;horaria_agregada;soma
2017-02-02;13.200000000000001;24;True;0;84100000;chuva;Epagri;;;2;False;diaria;48ca7231acd1057b_diario_derivado;;interna;horaria_agregada;soma
2017-02-03;0.6000000000000001;24;True;0;84100000;chuva;Epagri;;;2;False;diaria;48ca7231acd1057b_diario_derivado;;interna;horaria_agregada;soma
2017-02-04;0.0;24;True;0;84100000;chuva;Epagri;;;2;False;diaria;48ca7231acd1057b_diario_derivado;;interna;horaria_agregada;soma
2017-02-05;3.0;24;True;0;84100000;chuva;Epagri;;;2;False;diaria;48ca7231acd1057b_diario_derivado;;interna;horaria_agregada;soma
2017-02-06;2.4000000000000004;24;True;0;84100000;chuva;Epagri;;;2;False;diaria;48ca7231acd1057b_diario_derivado;;interna;horaria_agregada;soma
2017-02-07;0.0;24;True;0;84100000;chuva;Epagri;;;2;False;diaria;48ca7231acd1057b_diario_derivado;;interna;horaria_agregada;soma
2017-02-08;0.0;24;True;0;84100000;chuva;Epagri;;;2;False;diaria;48ca7231acd1057b_diario_derivado;;interna;horaria_agregada;soma
2017-02-09;1.8;24;True;0;84100000;chuva;Epagri;;;2;False;diaria;48ca7231acd1057b_diario_derivado;;interna;horaria_agregada;soma
2017-02-10;0.2;24;True;0;84100000;chuva;Epagri;;;2;False;diaria;48ca7231acd1057b_diario_derivado;;interna;horaria_agregada;soma
2017-02-11;25.0;24;True;0;84100000;chuva;Epagri;;;2;False;diaria;48ca7231acd1057b_diario_derivado;;interna;horaria_agregada;soma
2017-02-12;10.600000000000001;24;True;0;84100000;chuva;Epagri;;;2;False;diaria;48ca7231acd1057b_diario_derivado;;interna;horaria_agregada;soma
2017-02-13;;22;False;0;84100000;chuva;Epagri;;;2;False;diaria;48ca7231acd1057b_diario_derivado;;interna;horaria_agregada;soma
2017-02-14;17.4;24;True;0;84100000;chuva;Epagri;;;2;False;diaria;48ca7231acd1057b_diario_derivado;;interna;horaria_agregada;soma
2017-02-15;0.0;24;True;0;84100000;chuva;Epagri;;;2;False;diaria;48ca7231acd1057b_diario_derivado;;interna;horaria_agregada;soma
2017-02-16;0.0;24;True;0;84100000;chuva;Epagri;;;2;False;diaria;48ca7231acd1057b_diario_derivado;;interna;horaria_agregada;soma
2017-02-17;15.0;24;True;0;84100000;chuva;Epagri;;;2;False;diaria;48ca7231acd1057b_diario_derivado;;interna;horaria_agregada;soma
2017-02-18;0.0;24;True;0;84100000;chuva;Epagri;;;2;False;diaria;48ca7231acd1057b_diario_derivado;;interna;horaria_agregada;soma
2017-02-19;7.8;24;True;0;84100000;chuva;Epagri;;;2;False;diaria;48ca7231acd1057b_diario_derivado;;interna;horaria_agregada;soma
2017-02-20;0.2;24;True;0;84100000;chuva;Epagri;;;2;False;diaria;48ca7231acd1057b_diario_derivado;;interna;horaria_agregada;soma
2017-02-21;0.0;24;True;0;84100000;chuva;Epagri;;;2;False;diaria;48ca7231acd1057b_diario_derivado;;interna;horaria_agregada;soma
2017-02-22;0.0;24;True;0;84100000;chuva;Epagri;;;2;False;diaria;48ca7231acd1057b_diario_derivado;;interna;horaria_agregada;soma
2017-02-23;4.8;24;True;0;84100000;chuva;Epagri;;;2;False;diaria;48ca7231acd1057b_diario_derivado;;interna;horaria_agregada;soma
2017-02-24;0.0;24;True;0;84100000;chuva;Epagri;;;2;False;diaria;48ca7231acd1057b_diario_derivado;;interna;horaria_agregada;soma
2017-02-25;0.0;24;True;0;84100000;chuva;Epagri;;;2;False;diaria;48ca7231acd1057b_diario_derivado;;interna;horaria_agregada;soma
2017-02-26;0.2;24;True;0;84100000;chuva;Epagri;;;2;False;diaria;48ca7231acd1057b_diario_derivado;;interna;horaria_agregada;soma
2017-02-27;0.0;24;True;0;84100000;chuva;Epagri;;;2;False;diaria;48ca7231acd1057b_diario_derivado;;interna;horaria_agregada;soma
2017-02-28;2.6;24;True;0;84100000;chuva;Epagri;;;2;False;diaria;48ca7231acd1057b_diario_derivado;;interna;horaria_agregada;soma
2017-03-01;0.2;24;True;0;84100000;chuva;Epagri;;;2;False;diaria;48ca7231acd1057b_diario_derivado;;interna;horaria_agregada;soma
2017-03-02;0.0;24;True;0;84100000;chuva;Epagri;;;2;False;diaria;48ca7231acd1057b_diario_derivado;;interna;horaria_agregada;soma
2017-03-03;1.4;24;True;0;84100000;chuva;Epagri;;;2;False;diaria;48ca7231acd1057b_diario_derivado;;interna;horaria_agregada;soma
2017-03-04;1.8;24;True;0;84100000;chuva;Epagri;;;2;False;diaria;48ca7231acd1057b_diario_derivado;;interna;horaria_agregada;soma
2017-03-05;0.4;24;True;0;84100000;chuva;Epagri;;;2;False;diaria;48ca7231acd1057b_diario_derivado;;interna;horaria_agregada;soma
2017-03-06;1.2000000000000002;24;True;0;84100000;chuva;Epagri;;;2;False;diaria;48ca7231acd1057b_diario_derivado;;interna;horaria_agregada;soma
2017-03-07;8.2;24;True;0;84100000;chuva;Epagri;;;2;False;diaria;48ca7231acd1057b_diario_derivado;;interna;horaria_agregada;soma
2017-03-08;11.4;24;True;0;84100000;chuva;Epagri;;;2;False;diaria;48ca7231acd1057b_diario_derivado;;interna;horaria_agregada;soma
2017-03-09;8.6;24;True;0;84100000;chuva;Epagri;;;2;False;diaria;48ca7231acd1057b_diario_derivado;;interna;horaria_agregada;soma
2017-03-10;9.8;24;True;0;84100000;chuva;Epagri;;;2;False;diaria;48ca7231acd1057b_diario_derivado;;interna;horaria_agregada;soma
2017-03-11;0.0;24;True;0;84100000;chuva;Epagri;;;2;False;diaria;48ca7231acd1057b_diario_derivado;;interna;horaria_agregada;soma
2017-03-12;24.0;24;True;0;84100000;chuva;Epagri;;;2;False;diaria;48ca7231acd1057b_diario_derivado;;interna;horaria_agregada;soma
2017-03-13;0.2;24;True;0;84100000;chuva;Epagri;;;2;False;diaria;48ca7231acd1057b_diario_derivado;;interna;horaria_agregada;soma
2017-03-14;0.0;24;True;0;84100000;chuva;Epagri;;;2;False;diaria;48ca7231acd1057b_diario_derivado;;interna;horaria_agregada;soma
2017-03-15;0.4;24;True;0;84100000;chuva;Epagri;;;2;False;diaria;48ca7231acd1057b_diario_derivado;;interna;horaria_agregada;soma
2017-03-16;0.4;24;True;0;84100000;chuva;Epagri;;;2;False;diaria;48ca7231acd1057b_diario_derivado;;interna;horaria_agregada;soma
2017-03-17;1.0;24;True;0;84100000;chuva;Epagri;;;2;False;diaria;48ca7231acd1057b_diario_derivado;;interna;horaria_agregada;soma
2017-03-18;0.0;24;True;0;84100000;chuva;Epagri;;;2;False;diaria;48ca7231acd1057b_diario_derivado;;interna;horaria_agregada;soma
2017-03-19;0.8;24;True;0;84100000;chuva;Epagri;;;2;False;diaria;48ca7231acd1057b_diario_derivado;;interna;horaria_agregada;soma
2017-03-20;1.8;24;True;0;84100000;chuva;Epagri;;;2;False;diaria;48ca7231acd1057b_diario_derivado;;interna;horaria_agregada;soma
2017-03-21;5.0;24;True;0;84100000;chuva;Epagri;;;2;False;diaria;48ca7231acd1057b_diario_derivado;;interna;horaria_agregada;soma
2017-03-22;2.4000000000000004;24;True;0;84100000;chuva;Epagri;;;2;False;diaria;48ca7231acd1057b_diario_derivado;;interna;horaria_agregada;soma
2017-03-23;35.0;24;True;0;84100000;chuva;Epagri;;;2;False;diaria;48ca7231acd1057b_diario_derivado;;interna;horaria_agregada;soma
2017-03-24;13.0;24;True;0;84100000;chuva;Epagri;;;2;False;diaria;48ca7231acd1057b_diario_derivado;;interna;horaria_agregada;soma
2017-03-25;0.0;24;True;0;84100000;chuva;Epagri;;;2;False;diaria;48ca7231acd1057b_diario_derivado;;interna;horaria_agregada;soma
2017-03-26;5.6;24;True;0;84100000;chuva;Epagri;;;2;False;diaria;48ca7231acd1057b_diario_derivado;;interna;horaria_agregada;soma
2017-03-27;9.0;24;True;0;84100000;chuva;Epagri;;;2;False;diaria;48ca7231acd1057b_diario_derivado;;interna;horaria_agregada;soma
2017-03-28;25.2;24;True;0;84100000;chuva;Epagri;;;2;False;diaria;48ca7231acd1057b_diario_derivado;;interna;horaria_agregada;soma
2017-03-29;0.8;24;True;0;84100000;chuva;Epagri;;;2;False;diaria;48ca7231acd1057b_diario_derivado;;interna;horaria_agregada;soma
2017-03-30;0.0;24;True;0;84100000;chuva;Epagri;;;2;False;diaria;48ca7231acd1057b_diario_derivado;;interna;horaria_agregada;soma
2017-03-31;0.0;24;True;0;84100000;chuva;Epagri;;;2;False;diaria;48ca7231acd1057b_diario_derivado;;interna;horaria_agregada;soma
2017-04-01;0.8;24;True;0;84100000;chuva;Epagri;;;2;False;diaria;48ca7231acd1057b_diario_derivado;;interna;horaria_agregada;soma
2017-04-02;5.6;24;True;0;84100000;chuva;Epagri;;;2;False;diaria;48ca7231acd1057b_diario_derivado;;interna;horaria_agregada;soma
2017-04-03;24.6;24;True;0;84100000;chuva;Epagri;;;2;False;diaria;48ca7231acd1057b_diario_derivado;;interna;horaria_agregada;soma
2017-04-04;0.0;24;True;0;84100000;chuva;Epagri;;;2;False;diaria;48ca7231acd1057b_diario_derivado;;interna;horaria_agregada;soma
2017-04-05;8.0;24;True;0;84100000;chuva;Epagri;;;2;False;diaria;48ca7231acd1057b_diario_derivado;;interna;horaria_agregada;soma
2017-04-06;0.0;24;True;0;84100000;chuva;Epagri;;;2;False;diaria;48ca7231acd1057b_diario_derivado;;interna;horaria_agregada;soma
2017-04-07;0.0;24;True;0;84100000;chuva;Epagri;;;2;False;diaria;48ca7231acd1057b_diario_derivado;;interna;horaria_agregada;soma
2017-04-08;36.6;24;True;0;84100000;chuva;Epagri;;;2;False;diaria;48ca7231acd1057b_diario_derivado;;interna;horaria_agregada;soma
2017-04-09;19.2;24;True;0;84100000;chuva;Epagri;;;2;False;diaria;48ca7231acd1057b_diario_derivado;;interna;horaria_agregada;soma
2017-04-10;22.4;24;True;0;84100000;chuva;Epagri;;;2;False;diaria;48ca7231acd1057b_diario_derivado;;interna;horaria_agregada;soma
2017-04-11;3.6;24;True;0;84100000;chuva;Epagri;;;2;False;diaria;48ca7231acd1057b_diario_derivado;;interna;horaria_agregada;soma
2017-04-12;0.0;24;True;0;84100000;chuva;Epagri;;;2;False;diaria;48ca7231acd1057b_diario_derivado;;interna;horaria_agregada;soma
2017-04-13;0.0;24;True;0;84100000;chuva;Epagri;;;2;False;diaria;48ca7231acd1057b_diario_derivado;;interna;horaria_agregada;soma
2017-04-14;0.0;24;True;0;84100000;chuva;Epagri;;;2;False;diaria;48ca7231acd1057b_diario_derivado;;interna;horaria_agregada;soma
2017-04-15;19.6;24;True;0;84100000;chuva;Epagri;;;2;False;diaria;48ca7231acd1057b_diario_derivado;;interna;horaria_agregada;soma
2017-04-16;2.2;24;True;0;84100000;chuva;Epagri;;;2;False;diaria;48ca7231acd1057b_diario_derivado;;interna;horaria_agregada;soma
2017-04-17;0.0;24;True;0;84100000;chuva;Epagri;;;2;False;diaria;48ca7231acd1057b_diario_derivado;;interna;horaria_agregada;soma
2017-04-18;1.0;24;True;0;84100000;chuva;Epagri;;;2;False;diaria;48ca7231acd1057b_diario_derivado;;interna;horaria_agregada;soma
2017-04-19;4.2;24;True;0;84100000;chuva;Epagri;;;2;False;diaria;48ca7231acd1057b_diario_derivado;;interna;horaria_agregada;soma
2017-04-20;1.2;24;True;0;84100000;chuva;Epagri;;;2;False;diaria;48ca7231acd1057b_diario_derivado;;interna;horaria_agregada;soma
2017-04-21;3.8;24;True;0;84100000;chuva;Epagri;;;2;False;diaria;48ca7231acd1057b_diario_derivado;;interna;horaria_agregada;soma
2017-04-22;0.2;24;True;0;84100000;chuva;Epagri;;;2;False;diaria;48ca7231acd1057b_diario_derivado;;interna;horaria_agregada;soma
2017-04-23;0.0;24;True;0;84100000;chuva;Epagri;;;2;False;diaria;48ca7231acd1057b_diario_derivado;;interna;horaria_agregada;soma
2017-04-24;0.0;24;True;0;84100000;chuva;Epagri;;;2;False;diaria;48ca7231acd1057b_diario_derivado;;interna;horaria_agregada;soma
2017-04-25;6.8;24;True;0;84100000;chuva;Epagri;;;2;False;diaria;48ca7231acd1057b_diario_derivado;;interna;horaria_agregada;soma
2017-04-26;13.8;24;True;0;84100000;chuva;Epagri;;;2;False;diaria;48ca7231acd1057b_diario_derivado;;interna;horaria_agregada;soma
2017-04-27;0.0;24;True;0;84100000;chuva;Epagri;;;2;False;diaria;48ca7231acd1057b_diario_derivado;;interna;horaria_agregada;soma
2017-04-28;0.0;24;True;0;84100000;chuva;Epagri;;;2;False;diaria;48ca7231acd1057b_diario_derivado;;interna;horaria_agregada;soma
2017-04-29;;18;False;0;84100000;chuva;Epagri;;;2;False;diaria;48ca7231acd1057b_diario_derivado;;interna;horaria_agregada;soma
2017-04-30;0.0;24;True;0;84100000;chuva;Epagri;;;2;False;diaria;48ca7231acd1057b_diario_derivado;;interna;horaria_agregada;soma
2017-05-01;0.0;24;True;0;84100000;chuva;Epagri;;;2;False;diaria;48ca7231acd1057b_diario_derivado;;interna;horaria_agregada;soma
2017-05-02;0.8;24;True;0;84100000;chuva;Epagri;;;2;False;diaria;48ca7231acd1057b_diario_derivado;;interna;horaria_agregada;soma
2017-05-03;0.0;24;True;0;84100000;chuva;Epagri;;;2;False;diaria;48ca7231acd1057b_diario_derivado;;interna;horaria_agregada;soma
2017-05-04;6.8;24;True;0;84100000;chuva;Epagri;;;2;False;diaria;48ca7231acd1057b_diario_derivado;;interna;horaria_agregada;soma
2017-05-05;1.0;24;True;0;84100000;chuva;Epagri;;;2;False;diaria;48ca7231acd1057b_diario_derivado;;interna;horaria_agregada;soma
2017-05-06;0.0;24;True;0;84100000;chuva;Epagri;;;2;False;diaria;48ca7231acd1057b_diario_derivado;;interna;horaria_agregada;soma
2017-05-07;0.4;24;True;0;84100000;chuva;Epagri;;;2;False;diaria;48ca7231acd1057b_diario_derivado;;interna;horaria_agregada;soma
2017-05-08;2.1999999999999997;24;True;0;84100000;chuva;Epagri;;;2;False;diaria;48ca7231acd1057b_diario_derivado;;interna;horaria_agregada;soma
2017-05-09;0.0;24;True;0;84100000;chuva;Epagri;;;2;False;diaria;48ca7231acd1057b_diario_derivado;;interna;horaria_agregada;soma
2017-05-10;0.0;24;True;0;84100000;chuva;Epagri;;;2;False;diaria;48ca7231acd1057b_diario_derivado;;interna;horaria_agregada;soma
2017-05-11;0.0;24;True;0;84100000;chuva;Epagri;;;2;False;diaria;48ca7231acd1057b_diario_derivado;;interna;horaria_agregada;soma
2017-05-12;;23;False;0;84100000;chuva;Epagri;;;2;False;diaria;48ca7231acd1057b_diario_derivado;;interna;horaria_agregada;soma
2017-05-13;0.0;24;True;0;84100000;chuva;Epagri;;;2;False;diaria;48ca7231acd1057b_diario_derivado;;interna;horaria_agregada;soma
2017-05-14;4.2;24;True;0;84100000;chuva;Epagri;;;2;False;diaria;48ca7231acd1057b_diario_derivado;;interna;horaria_agregada;soma
2017-05-15;0.0;24;True;0;84100000;chuva;Epagri;;;2;False;diaria;48ca7231acd1057b_diario_derivado;;interna;horaria_agregada;soma
2017-05-16;0.0;24;True;0;84100000;chuva;Epagri;;;2;False;diaria;48ca7231acd1057b_diario_derivado;;interna;horaria_agregada;soma
2017-05-17;0.0;24;True;0;84100000;chuva;Epagri;;;2;False;diaria;48ca7231acd1057b_diario_derivado;;interna;horaria_agregada;soma
2017-05-18;22.4;24;True;0;84100000;chuva;Epagri;;;2;False;diaria;48ca7231acd1057b_diario_derivado;;interna;horaria_agregada;soma
2017-05-19;54.8;24;True;0;84100000;chuva;Epagri;;;2;False;diaria;48ca7231acd1057b_diario_derivado;;interna;horaria_agregada;soma
2017-05-20;31.0;24;True;0;84100000;chuva;Epagri;;;2;False;diaria;48ca7231acd1057b_diario_derivado;;interna;horaria_agregada;soma
2017-05-21;35.0;24;True;0;84100000;chuva;Epagri;;;2;False;diaria;48ca7231acd1057b_diario_derivado;;interna;horaria_agregada;soma
2017-05-22;0.0;24;True;0;84100000;chuva;Epagri;;;2;False;diaria;48ca7231acd1057b_diario_derivado;;interna;horaria_agregada;soma
2017-05-23;1.8;24;True;0;84100000;chuva;Epagri;;;2;False;diaria;48ca7231acd1057b_diario_derivado;;interna;horaria_agregada;soma
2017-05-24;25.8;24;True;0;84100000;chuva;Epagri;;;2;False;diaria;48ca7231acd1057b_diario_derivado;;interna;horaria_agregada;soma
2017-05-25;0.0;24;True;0;84100000;chuva;Epagri;;;2;False;diaria;48ca7231acd1057b_diario_derivado;;interna;horaria_agregada;soma
2017-05-26;15.4;24;True;0;84100000;chuva;Epagri;;;2;False;diaria;48ca7231acd1057b_diario_derivado;;interna;horaria_agregada;soma
2017-05-27;43.4;24;True;0;84100000;chuva;Epagri;;;2;False;diaria;48ca7231acd1057b_diario_derivado;;interna;horaria_agregada;soma
2017-05-28;15.799999999999999;24;True;0;84100000;chuva;Epagri;;;2;False;diaria;48ca7231acd1057b_diario_derivado;;interna;horaria_agregada;soma
2017-05-29;9.8;24;True;0;84100000;chuva;Epagri;;;2;False;diaria;48ca7231acd1057b_diario_derivado;;interna;horaria_agregada;soma
2017-05-30;22.8;24;True;0;84100000;chuva;Epagri;;;2;False;diaria;48ca7231acd1057b_diario_derivado;;interna;horaria_agregada;soma
2017-05-31;56.8;24;True;0;84100000;chuva;Epagri;;;2;False;diaria;48ca7231acd1057b_diario_derivado;;interna;horaria_agregada;soma
2017-06-01;18.0;24;True;0;84100000;chuva;Epagri;;;2;False;diaria;48ca7231acd1057b_diario_derivado;;interna;horaria_agregada;soma
2017-06-02;0.0;24;True;0;84100000;chuva;Epagri;;;2;False;diaria;48ca7231acd1057b_diario_derivado;;interna;horaria_agregada;soma
2017-06-03;0.0;24;True;0;84100000;chuva;Epagri;;;2;False;diaria;48ca7231acd1057b_diario_derivado;;interna;horaria_agregada;soma
2017-06-04;68.6;24;True;0;84100000;chuva;Epagri;;;2;False;diaria;48ca7231acd1057b_diario_derivado;;interna;horaria_agregada;soma
2017-06-05;36.800000000000004;24;True;0;84100000;chuva;Epagri;;;2;False;diaria;48ca7231acd1057b_diario_derivado;;interna;horaria_agregada;soma
2017-06-06;3.0;24;True;0;84100000;chuva;Epagri;;;2;False;diaria;48ca7231acd1057b_diario_derivado;;interna;horaria_agregada;soma
2017-06-07;2.4;24;True;0;84100000;chuva;Epagri;;;2;False;diaria;48ca7231acd1057b_diario_derivado;;interna;horaria_agregada;soma
2017-06-08;1.4000000000000001;24;True;0;84100000;chuva;Epagri;;;2;False;diaria;48ca7231acd1057b_diario_derivado;;interna;horaria_agregada;soma
2017-06-09;0.0;24;True;0;84100000;chuva;Epagri;;;2;False;diaria;48ca7231acd1057b_diario_derivado;;interna;horaria_agregada;soma
2017-06-10;0.0;24;True;0;84100000;chuva;Epagri;;;2;False;diaria;48ca7231acd1057b_diario_derivado;;interna;horaria_agregada;soma
2017-06-11;0.0;24;True;0;84100000;chuva;Epagri;;;2;False;diaria;48ca7231acd1057b_diario_derivado;;interna;horaria_agregada;soma
2017-06-12;0.0;24;True;0;84100000;chuva;Epagri;;;2;False;diaria;48ca7231acd1057b_diario_derivado;;interna;horaria_agregada;soma
2017-06-13;0.0;24;True;0;84100000;chuva;Epagri;;;2;False;diaria;48ca7231acd1057b_diario_derivado;;interna;horaria_agregada;soma
2017-06-14;0.0;24;True;0;84100000;chuva;Epagri;;;2;False;diaria;48ca7231acd1057b_diario_derivado;;interna;horaria_agregada;soma
2017-06-15;0.0;24;True;0;84100000;chuva;Epagri;;;2;False;diaria;48ca7231acd1057b_diario_derivado;;interna;horaria_agregada;soma
2017-06-16;0.0;24;True;0;84100000;chuva;Epagri;;;2;False;diaria;48ca7231acd1057b_diario_derivado;;interna;horaria_agregada;soma
2017-06-17;0.0;24;True;0;84100000;chuva;Epagri;;;2;False;diaria;48ca7231acd1057b_diario_derivado;;interna;horaria_agregada;soma
2017-06-18;0.0;24;True;0;84100000;chuva;Epagri;;;2;False;diaria;48ca7231acd1057b_diario_derivado;;interna;horaria_agregada;soma
2017-06-19;8.4;24;True;0;84100000;chuva;Epagri;;;2;False;diaria;48ca7231acd1057b_diario_derivado;;interna;horaria_agregada;soma
2017-06-20;0.0;24;True;0;84100000;chuva;Epagri;;;2;False;diaria;48ca7231acd1057b_diario_derivado;;interna;horaria_agregada;soma
2017-06-21;0.0;24;True;0;84100000;chuva;Epagri;;;2;False;diaria;48ca7231acd1057b_diario_derivado;;interna;horaria_agregada;soma
2017-06-22;0.4;24;True;0;84100000;chuva;Epagri;;;2;False;diaria;48ca7231acd1057b_diario_derivado;;interna;horaria_agregada;soma
2017-06-23;1.0;24;True;0;84100000;chuva;Epagri;;;2;False;diaria;48ca7231acd1057b_diario_derivado;;interna;horaria_agregada;soma
2017-06-24;0.2;24;True;0;84100000;chuva;Epagri;;;2;False;diaria;48ca7231acd1057b_diario_derivado;;interna;horaria_agregada;soma
2017-06-25;0.0;24;True;0;84100000;chuva;Epagri;;;2;False;diaria;48ca7231acd1057b_diario_derivado;;interna;horaria_agregada;soma
2017-06-26;0.0;24;True;0;84100000;chuva;Epagri;;;2;False;diaria;48ca7231acd1057b_diario_derivado;;interna;horaria_agregada;soma
2017-06-27;0.0;24;True;0;84100000;chuva;Epagri;;;2;False;diaria;48ca7231acd1057b_diario_derivado;;interna;horaria_agregada;soma
2017-06-28;0.0;24;True;0;84100000;chuva;Epagri;;;2;False;diaria;48ca7231acd1057b_diario_derivado;;interna;horaria_agregada;soma
2017-06-29;0.0;24;True;0;84100000;chuva;Epagri;;;2;False;diaria;48ca7231acd1057b_diario_derivado;;interna;horaria_agregada;soma
2017-06-30;0.0;24;True;0;84100000;chuva;Epagri;;;2;False;diaria;48ca7231acd1057b_diario_derivado;;interna;horaria_agregada;soma
2017-07-01;0.0;24;True;0;84100000;chuva;Epagri;;;2;False;diaria;48ca7231acd1057b_diario_derivado;;interna;horaria_agregada;soma
2017-07-02;0.0;24;True;0;84100000;chuva;Epagri;;;2;False;diaria;48ca7231acd1057b_diario_derivado;;interna;horaria_agregada;soma
2017-07-03;0.0;24;True;0;84100000;chuva;Epagri;;;2;False;diaria;48ca7231acd1057b_diario_derivado;;interna;horaria_agregada;soma
2017-07-04;1.8;24;True;0;84100000;chuva;Epagri;;;2;False;diaria;48ca7231acd1057b_diario_derivado;;interna;horaria_agregada;soma
2017-07-05;1.8;24;True;0;84100000;chuva;Epagri;;;2;False;diaria;48ca7231acd1057b_diario_derivado;;interna;horaria_agregada;soma
2017-07-06;0.0;24;True;0;84100000;chuva;Epagri;;;2;False;diaria;48ca7231acd1057b_diario_derivado;;interna;horaria_agregada;soma
2017-07-07;0.0;24;True;0;84100000;chuva;Epagri;;;2;False;diaria;48ca7231acd1057b_diario_derivado;;interna;horaria_agregada;soma
2017-07-08;0.0;24;True;0;84100000;chuva;Epagri;;;2;False;diaria;48ca7231acd1057b_diario_derivado;;interna;horaria_agregada;soma
2017-07-09;0.0;24;True;0;84100000;chuva;Epagri;;;2;False;diaria;48ca7231acd1057b_diario_derivado;;interna;horaria_agregada;soma
2017-07-10;0.0;24;True;0;84100000;chuva;Epagri;;;2;False;diaria;48ca7231acd1057b_diario_derivado;;interna;horaria_agregada;soma
2017-07-11;0.0;24;True;0;84100000;chuva;Epagri;;;2;False;diaria;48ca7231acd1057b_diario_derivado;;interna;horaria_agregada;soma
2017-07-12;0.0;24;True;0;84100000;chuva;Epagri;;;2;False;diaria;48ca7231acd1057b_diario_derivado;;interna;horaria_agregada;soma
2017-07-13;0.0;24;True;0;84100000;chuva;Epagri;;;2;False;diaria;48ca7231acd1057b_diario_derivado;;interna;horaria_agregada;soma
2017-07-14;0.0;24;True;0;84100000;chuva;Epagri;;;2;False;diaria;48ca7231acd1057b_diario_derivado;;interna;horaria_agregada;soma
2017-07-15;0.0;24;True;0;84100000;chuva;Epagri;;;2;False;diaria;48ca7231acd1057b_diario_derivado;;interna;horaria_agregada;soma
2017-07-16;0.0;24;True;0;84100000;chuva;Epagri;;;2;False;diaria;48ca7231acd1057b_diario_derivado;;interna;horaria_agregada;soma
2017-07-17;9.0;24;True;0;84100000;chuva;Epagri;;;2;False;diaria;48ca7231acd1057b_diario_derivado;;interna;horaria_agregada;soma
2017-07-18;1.0;24;True;0;84100000;chuva;Epagri;;;2;False;diaria;48ca7231acd1057b_diario_derivado;;interna;horaria_agregada;soma
2017-07-19;0.0;24;True;0;84100000;chuva;Epagri;;;2;False;diaria;48ca7231acd1057b_diario_derivado;;interna;horaria_agregada;soma
2017-07-20;0.0;24;True;0;84100000;chuva;Epagri;;;2;False;diaria;48ca7231acd1057b_diario_derivado;;interna;horaria_agregada;soma
2017-07-21;0.0;24;True;0;84100000;chuva;Epagri;;;2;False;diaria;48ca7231acd1057b_diario_derivado;;interna;horaria_agregada;soma
2017-07-22;0.0;24;True;0;84100000;chuva;Epagri;;;2;False;diaria;48ca7231acd1057b_diario_derivado;;interna;horaria_agregada;soma
2017-07-23;0.0;24;True;0;84100000;chuva;Epagri;;;2;False;diaria;48ca7231acd1057b_diario_derivado;;interna;horaria_agregada;soma
2017-07-24;0.0;24;True;0;84100000;chuva;Epagri;;;2;False;diaria;48ca7231acd1057b_diario_derivado;;interna;horaria_agregada;soma
2017-07-25;0.0;24;True;0;84100000;chuva;Epagri;;;2;False;diaria;48ca7231acd1057b_diario_derivado;;interna;horaria_agregada;soma
2017-07-26;0.0;24;True;0;84100000;chuva;Epagri;;;2;False;diaria;48ca7231acd1057b_diario_derivado;;interna;horaria_agregada;soma
2017-07-27;0.0;24;True;0;84100000;chuva;Epagri;;;2;False;diaria;48ca7231acd1057b_diario_derivado;;interna;horaria_agregada;soma
2017-07-28;0.0;24;True;0;84100000;chuva;Epagri;;;2;False;diaria;48ca7231acd1057b_diario_derivado;;interna;horaria_agregada;soma
2017-07-29;0.0;24;True;0;84100000;chuva;Epagri;;;2;False;diaria;48ca7231acd1057b_diario_derivado;;interna;horaria_agregada;soma
2017-07-30;0.0;24;True;0;84100000;chuva;Epagri;;;2;False;diaria;48ca7231acd1057b_diario_derivado;;interna;horaria_agregada;soma
2017-07-31;0.0;24;True;0;84100000;chuva;Epagri;;;2;False;diaria;48ca7231acd1057b_diario_derivado;;interna;horaria_agregada;soma
2017-08-01;0.0;24;True;0;84100000;chuva;Epagri;;;2;False;diaria;48ca7231acd1057b_diario_derivado;;interna;horaria_agregada;soma
2017-08-02;0.8;24;True;0;84100000;chuva;Epagri;;;2;False;diaria;48ca7231acd1057b_diario_derivado;;interna;horaria_agregada;soma
2017-08-03;45.2;24;True;0;84100000;chuva;Epagri;;;2;False;diaria;48ca7231acd1057b_diario_derivado;;interna;horaria_agregada;soma
2017-08-04;0.0;24;True;0;84100000;chuva;Epagri;;;2;False;diaria;48ca7231acd1057b_diario_derivado;;interna;horaria_agregada;soma
2017-08-05;0.0;24;True;0;84100000;chuva;Epagri;;;2;False;diaria;48ca7231acd1057b_diario_derivado;;interna;horaria_agregada;soma
2017-08-06;0.0;24;True;0;84100000;chuva;Epagri;;;2;False;diaria;48ca7231acd1057b_diario_derivado;;interna;horaria_agregada;soma
2017-08-07;0.0;24;True;0;84100000;chuva;Epagri;;;2;False;diaria;48ca7231acd1057b_diario_derivado;;interna;horaria_agregada;soma
2017-08-08;8.4;24;True;0;84100000;chuva;Epagri;;;2;False;diaria;48ca7231acd1057b_diario_derivado;;interna;horaria_agregada;soma
2017-08-09;0.2;24;True;0;84100000;chuva;Epagri;;;2;False;diaria;48ca7231acd1057b_diario_derivado;;interna;horaria_agregada;soma
2017-08-10;0.0;24;True;0;84100000;chuva;Epagri;;;2;False;diaria;48ca7231acd1057b_diario_derivado;;interna;horaria_agregada;soma
2017-08-11;10.200000000000001;24;True;0;84100000;chuva;Epagri;;;2;False;diaria;48ca7231acd1057b_diario_derivado;;interna;horaria_agregada;soma
2017-08-12;6.6;24;True;0;84100000;chuva;Epagri;;;2;False;diaria;48ca7231acd1057b_diario_derivado;;interna;horaria_agregada;soma
2017-08-13;20.8;24;True;0;84100000;chuva;Epagri;;;2;False;diaria;48ca7231acd1057b_diario_derivado;;interna;horaria_agregada;soma
2017-08-14;2.6;24;True;0;84100000;chuva;Epagri;;;2;False;diaria;48ca7231acd1057b_diario_derivado;;interna;horaria_agregada;soma
2017-08-15;0.0;24;True;0;84100000;chuva;Epagri;;;2;False;diaria;48ca7231acd1057b_diario_derivado;;interna;horaria_agregada;soma
2017-08-16;0.0;24;True;0;84100000;chuva;Epagri;;;2;False;diaria;48ca7231acd1057b_diario_derivado;;interna;horaria_agregada;soma
2017-08-17;0.0;24;True;0;84100000;chuva;Epagri;;;2;False;diaria;48ca7231acd1057b_diario_derivado;;interna;horaria_agregada;soma
2017-08-18;0.0;24;True;0;84100000;chuva;Epagri;;;2;False;diaria;48ca7231acd1057b_diario_derivado;;interna;horaria_agregada;soma
2017-08-19;0.0;24;True;0;84100000;chuva;Epagri;;;2;False;diaria;48ca7231acd1057b_diario_derivado;;interna;horaria_agregada;soma
2017-08-20;18.0;24;True;0;84100000;chuva;Epagri;;;2;False;diaria;48ca7231acd1057b_diario_derivado;;interna;horaria_agregada;soma
2017-08-21;0.0;24;True;0;84100000;chuva;Epagri;;;2;False;diaria;48ca7231acd1057b_diario_derivado;;interna;horaria_agregada;soma
2017-08-22;0.6000000000000001;24;True;0;84100000;chuva;Epagri;;;2;False;diaria;48ca7231acd1057b_diario_derivado;;interna;horaria_agregada;soma
2017-08-23;2.4000000000000004;24;True;0;84100000;chuva;Epagri;;;2;False;diaria;48ca7231acd1057b_diario_derivado;;interna;horaria_agregada;soma
2017-08-24;0.0;24;True;0;84100000;chuva;Epagri;;;2;False;diaria;48ca7231acd1057b_diario_derivado;;interna;horaria_agregada;soma
2017-08-25;0.0;24;True;0;84100000;chuva;Epagri;;;2;False;diaria;48ca7231acd1057b_diario_derivado;;interna;horaria_agregada;soma
2017-08-26;0.0;24;True;0;84100000;chuva;Epagri;;;2;False;diaria;48ca7231acd1057b_diario_derivado;;interna;horaria_agregada;soma
2017-08-27;0.0;24;True;0;84100000;chuva;Epagri;;;2;False;diaria;48ca7231acd1057b_diario_derivado;;interna;horaria_agregada;soma
2017-08-28;0.2;24;True;0;84100000;chuva;Epagri;;;2;False;diaria;48ca7231acd1057b_diario_derivado;;interna;horaria_agregada;soma
2017-08-29;0.0;24;True;0;84100000;chuva;Epagri;;;2;False;diaria;48ca7231acd1057b_diario_derivado;;interna;horaria_agregada;soma
2017-08-30;0.0;24;True;0;84100000;chuva;Epagri;;;2;False;diaria;48ca7231acd1057b_diario_derivado;;interna;horaria_agregada;soma
2017-08-31;0.0;24;True;0;84100000;chuva;Epagri;;;2;False;diaria;48ca7231acd1057b_diario_derivado;;interna;horaria_agregada;soma
2017-09-01;0.0;24;True;0;84100000;chuva;Epagri;;;2;False;diaria;48ca7231acd1057b_diario_derivado;;interna;horaria_agregada;soma
2017-09-02;0.0;24;True;0;84100000;chuva;Epagri;;;2;False;diaria;48ca7231acd1057b_diario_derivado;;interna;horaria_agregada;soma
2017-09-03;0.0;24;True;0;84100000;chuva;Epagri;;;2;False;diaria;48ca7231acd1057b_diario_derivado;;interna;horaria_agregada;soma
2017-09-04;0.0;24;True;0;84100000;chuva;Epagri;;;2;False;diaria;48ca7231acd1057b_diario_derivado;;interna;horaria_agregada;soma
2017-09-05;0.0;24;True;0;84100000;chuva;Epagri;;;2;False;diaria;48ca7231acd1057b_diario_derivado;;interna;horaria_agregada;soma
2017-09-06;0.0;24;True;0;84100000;chuva;Epagri;;;2;False;diaria;48ca7231acd1057b_diario_derivado;;interna;horaria_agregada;soma
2017-09-07;0.0;24;True;0;84100000;chuva;Epagri;;;2;False;diaria;48ca7231acd1057b_diario_derivado;;interna;horaria_agregada;soma
2017-09-08;0.0;24;True;0;84100000;chuva;Epagri;;;2;False;diaria;48ca7231acd1057b_diario_derivado;;interna;horaria_agregada;soma
2017-09-09;0.0;24;True;0;84100000;chuva;Epagri;;;2;False;diaria;48ca7231acd1057b_diario_derivado;;interna;horaria_agregada;soma
2017-09-10;0.0;24;True;0;84100000;chuva;Epagri;;;2;False;diaria;48ca7231acd1057b_diario_derivado;;interna;horaria_agregada;soma
2017-09-11;0.0;24;True;0;84100000;chuva;Epagri;;;2;False;diaria;48ca7231acd1057b_diario_derivado;;interna;horaria_agregada;soma
2017-09-12;0.0;24;True;0;84100000;chuva;Epagri;;;2;False;diaria;48ca7231acd1057b_diario_derivado;;interna;horaria_agregada;soma
2017-09-13;0.0;24;True;0;84100000;chuva;Epagri;;;2;False;diaria;48ca7231acd1057b_diario_derivado;;interna;horaria_agregada;soma
2017-09-14;0.0;24;True;0;84100000;chuva;Epagri;;;2;False;diaria;48ca7231acd1057b_diario_derivado;;interna;horaria_agregada;soma
2017-09-15;0.0;24;True;0;84100000;chuva;Epagri;;;2;False;diaria;48ca7231acd1057b_diario_derivado;;interna;horaria_agregada;soma
2017-09-16;0.0;24;True;0;84100000;chuva;Epagri;;;2;False;diaria;48ca7231acd1057b_diario_derivado;;interna;horaria_agregada;soma
2017-09-17;2.8;24;True;0;84100000;chuva;Epagri;;;2;False;diaria;48ca7231acd1057b_diario_derivado;;interna;horaria_agregada;soma
2017-09-18;0.0;24;True;0;84100000;chuva;Epagri;;;2;False;diaria;48ca7231acd1057b_diario_derivado;;interna;horaria_agregada;soma
2017-09-19;0.0;24;True;0;84100000;chuva;Epagri;;;2;False;diaria;48ca7231acd1057b_diario_derivado;;interna;horaria_agregada;soma
2017-09-20;0.0;24;True;0;84100000;chuva;Epagri;;;2;False;diaria;48ca7231acd1057b_diario_derivado;;interna;horaria_agregada;soma
2017-09-21;0.0;24;True;0;84100000;chuva;Epagri;;;2;False;diaria;48ca7231acd1057b_diario_derivado;;interna;horaria_agregada;soma
2017-09-22;0.0;24;True;0;84100000;chuva;Epagri;;;2;False;diaria;48ca7231acd1057b_diario_derivado;;interna;horaria_agregada;soma
2017-09-23;4.0;24;True;0;84100000;chuva;Epagri;;;2;False;diaria;48ca7231acd1057b_diario_derivado;;interna;horaria_agregada;soma
2017-09-24;0.0;24;True;0;84100000;chuva;Epagri;;;2;False;diaria;48ca7231acd1057b_diario_derivado;;interna;horaria_agregada;soma
2017-09-25;3.2;24;True;0;84100000;chuva;Epagri;;;2;False;diaria;48ca7231acd1057b_diario_derivado;;interna;horaria_agregada;soma
2017-09-26;0.2;24;True;0;84100000;chuva;Epagri;;;2;False;diaria;48ca7231acd1057b_diario_derivado;;interna;horaria_agregada;soma
2017-09-27;0.0;24;True;0;84100000;chuva;Epagri;;;2;False;diaria;48ca7231acd1057b_diario_derivado;;interna;horaria_agregada;soma
2017-09-28;7.8;24;True;0;84100000;chuva;Epagri;;;2;False;diaria;48ca7231acd1057b_diario_derivado;;interna;horaria_agregada;soma
2017-09-29;22.200000000000003;24;True;0;84100000;chuva;Epagri;;;2;False;diaria;48ca7231acd1057b_diario_derivado;;interna;horaria_agregada;soma
2017-09-30;56.4;24;True;0;84100000;chuva;Epagri;;;2;False;diaria;48ca7231acd1057b_diario_derivado;;interna;horaria_agregada;soma
2017-10-01;0.2;24;True;0;84100000;chuva;Epagri;;;2;False;diaria;48ca7231acd1057b_diario_derivado;;interna;horaria_agregada;soma
2017-10-02;20.599999999999998;24;True;0;84100000;chuva;Epagri;;;2;False;diaria;48ca7231acd1057b_diario_derivado;;interna;horaria_agregada;soma
2017-10-03;1.0;24;True;0;84100000;chuva;Epagri;;;2;False;diaria;48ca7231acd1057b_diario_derivado;;interna;horaria_agregada;soma
2017-10-04;0.0;24;True;0;84100000;chuva;Epagri;;;2;False;diaria;48ca7231acd1057b_diario_derivado;;interna;horaria_agregada;soma
2017-10-05;0.0;24;True;0;84100000;chuva;Epagri;;;2;False;diaria;48ca7231acd1057b_diario_derivado;;interna;horaria_agregada;soma
2017-10-06;18.2;24;True;0;84100000;chuva;Epagri;;;2;False;diaria;48ca7231acd1057b_diario_derivado;;interna;horaria_agregada;soma
2017-10-07;0.0;24;True;0;84100000;chuva;Epagri;;;2;False;diaria;48ca7231acd1057b_diario_derivado;;interna;horaria_agregada;soma
2017-10-08;13.2;24;True;0;84100000;chuva;Epagri;;;2;False;diaria;48ca7231acd1057b_diario_derivado;;interna;horaria_agregada;soma
2017-10-09;;23;False;0;84100000;chuva;Epagri;;;2;False;diaria;48ca7231acd1057b_diario_derivado;;interna;horaria_agregada;soma
2017-10-10;0.0;24;True;0;84100000;chuva;Epagri;;;2;False;diaria;48ca7231acd1057b_diario_derivado;;interna;horaria_agregada;soma
2017-10-11;0.0;24;True;0;84100000;chuva;Epagri;;;2;False;diaria;48ca7231acd1057b_diario_derivado;;interna;horaria_agregada;soma
2017-10-12;13.2;24;True;0;84100000;chuva;Epagri;;;2;False;diaria;48ca7231acd1057b_diario_derivado;;interna;horaria_agregada;soma
2017-10-13;17.2;24;True;0;84100000;chuva;Epagri;;;2;False;diaria;48ca7231acd1057b_diario_derivado;;interna;horaria_agregada;soma
2017-10-14;;22;False;0;84100000;chuva;Epagri;;;2;False;diaria;48ca7231acd1057b_diario_derivado;;interna;horaria_agregada;soma
2017-10-15;;23;False;0;84100000;chuva;Epagri;;;2;False;diaria;48ca7231acd1057b_diario_derivado;;interna;horaria_agregada;soma
2017-10-16;0.0;24;True;0;84100000;chuva;Epagri;;;2;False;diaria;48ca7231acd1057b_diario_derivado;;interna;horaria_agregada;soma
2017-10-17;0.0;24;True;0;84100000;chuva;Epagri;;;2;False;diaria;48ca7231acd1057b_diario_derivado;;interna;horaria_agregada;soma
2017-10-18;0.0;24;True;0;84100000;chuva;Epagri;;;2;False;diaria;48ca7231acd1057b_diario_derivado;;interna;horaria_agregada;soma
2017-10-19;0.0;24;True;0;84100000;chuva;Epagri;;;2;False;diaria;48ca7231acd1057b_diario_derivado;;interna;horaria_agregada;soma
2017-10-20;0.0;24;True;0;84100000;chuva;Epagri;;;2;False;diaria;48ca7231acd1057b_diario_derivado;;interna;horaria_agregada;soma
2017-10-21;6.2;24;True;0;84100000;chuva;Epagri;;;2;False;diaria;48ca7231acd1057b_diario_derivado;;interna;horaria_agregada;soma
2017-10-22;0.0;24;True;0;84100000;chuva;Epagri;;;2;False;diaria;48ca7231acd1057b_diario_derivado;;interna;horaria_agregada;soma
2017-10-23;0.0;24;True;0;84100000;chuva;Epagri;;;2;False;diaria;48ca7231acd1057b_diario_derivado;;interna;horaria_agregada;soma
2017-10-24;0.0;24;True;0;84100000;chuva;Epagri;;;2;False;diaria;48ca7231acd1057b_diario_derivado;;interna;horaria_agregada;soma
2017-10-25;6.0;24;True;0;84100000;chuva;Epagri;;;2;False;diaria;48ca7231acd1057b_diario_derivado;;interna;horaria_agregada;soma
2017-10-26;4.6;24;True;0;84100000;chuva;Epagri;;;2;False;diaria;48ca7231acd1057b_diario_derivado;;interna;horaria_agregada;soma
2017-10-27;1.2000000000000002;24;True;0;84100000;chuva;Epagri;;;2;False;diaria;48ca7231acd1057b_diario_derivado;;interna;horaria_agregada;soma
2017-10-28;0.0;24;True;0;84100000;chuva;Epagri;;;2;False;diaria;48ca7231acd1057b_diario_derivado;;interna;horaria_agregada;soma
2017-10-29;0.0;24;True;0;84100000;chuva;Epagri;;;2;False;diaria;48ca7231acd1057b_diario_derivado;;interna;horaria_agregada;soma
2017-10-30;2.4;24;True;0;84100000;chuva;Epagri;;;2;False;diaria;48ca7231acd1057b_diario_derivado;;interna;horaria_agregada;soma
2017-10-31;0.2;24;True;0;84100000;chuva;Epagri;;;2;False;diaria;48ca7231acd1057b_diario_derivado;;interna;horaria_agregada;soma
2017-11-01;0.0;24;True;0;84100000;chuva;Epagri;;;2;False;diaria;48ca7231acd1057b_diario_derivado;;interna;horaria_agregada;soma
2017-11-02;0.0;24;True;0;84100000;chuva;Epagri;;;2;False;diaria;48ca7231acd1057b_diario_derivado;;interna;horaria_agregada;soma
2017-11-03;0.0;24;True;0;84100000;chuva;Epagri;;;2;False;diaria;48ca7231acd1057b_diario_derivado;;interna;horaria_agregada;soma
2017-11-04;12.0;24;True;0;84100000;chuva;Epagri;;;2;False;diaria;48ca7231acd1057b_diario_derivado;;interna;horaria_agregada;soma
2017-11-05;0.0;24;True;0;84100000;chuva;Epagri;;;2;False;diaria;48ca7231acd1057b_diario_derivado;;interna;horaria_agregada;soma
2017-11-06;0.0;24;True;0;84100000;chuva;Epagri;;;2;False;diaria;48ca7231acd1057b_diario_derivado;;interna;horaria_agregada;soma
2017-11-07;7.2;24;True;0;84100000;chuva;Epagri;;;2;False;diaria;48ca7231acd1057b_diario_derivado;;interna;horaria_agregada;soma
2017-11-08;6.6;24;True;0;84100000;chuva;Epagri;;;2;False;diaria;48ca7231acd1057b_diario_derivado;;interna;horaria_agregada;soma
2017-11-09;2.2;24;True;0;84100000;chuva;Epagri;;;2;False;diaria;48ca7231acd1057b_diario_derivado;;interna;horaria_agregada;soma
2017-11-10;34.2;24;True;0;84100000;chuva;Epagri;;;2;False;diaria;48ca7231acd1057b_diario_derivado;;interna;horaria_agregada;soma
2017-11-11;0.2;24;True;0;84100000;chuva;Epagri;;;2;False;diaria;48ca7231acd1057b_diario_derivado;;interna;horaria_agregada;soma
2017-11-12;0.0;24;True;0;84100000;chuva;Epagri;;;2;False;diaria;48ca7231acd1057b_diario_derivado;;interna;horaria_agregada;soma
2017-11-13;0.0;24;True;0;84100000;chuva;Epagri;;;2;False;diaria;48ca7231acd1057b_diario_derivado;;interna;horaria_agregada;soma
2017-11-14;0.0;24;True;0;84100000;chuva;Epagri;;;2;False;diaria;48ca7231acd1057b_diario_derivado;;interna;horaria_agregada;soma
2017-11-15;0.0;24;True;0;84100000;chuva;Epagri;;;2;False;diaria;48ca7231acd1057b_diario_derivado;;interna;horaria_agregada;soma
2017-11-16;14.6;24;True;0;84100000;chuva;Epagri;;;2;False;diaria;48ca7231acd1057b_diario_derivado;;interna;horaria_agregada;soma
2017-11-17;3.0;24;True;0;84100000;chuva;Epagri;;;2;False;diaria;48ca7231acd1057b_diario_derivado;;interna;horaria_agregada;soma
2017-11-18;43.4;24;True;0;84100000;chuva;Epagri;;;2;False;diaria;48ca7231acd1057b_diario_derivado;;interna;horaria_agregada;soma
2017-11-19;0.4;24;True;0;84100000;chuva;Epagri;;;2;False;diaria;48ca7231acd1057b_diario_derivado;;interna;horaria_agregada;soma
2017-11-20;0.0;24;True;0;84100000;chuva;Epagri;;;2;False;diaria;48ca7231acd1057b_diario_derivado;;interna;horaria_agregada;soma
2017-11-21;0.8;24;True;0;84100000;chuva;Epagri;;;2;False;diaria;48ca7231acd1057b_diario_derivado;;interna;horaria_agregada;soma
2017-11-22;0.2;24;True;0;84100000;chuva;Epagri;;;2;False;diaria;48ca7231acd1057b_diario_derivado;;interna;horaria_agregada;soma
2017-11-23;0.0;24;True;0;84100000;chuva;Epagri;;;2;False;diaria;48ca7231acd1057b_diario_derivado;;interna;horaria_agregada;soma
2017-11-24;0.0;24;True;0;84100000;chuva;Epagri;;;2;False;diaria;48ca7231acd1057b_diario_derivado;;interna;horaria_agregada;soma
2017-11-25;1.4;24;True;0;84100000;chuva;Epagri;;;2;False;diaria;48ca7231acd1057b_diario_derivado;;interna;horaria_agregada;soma
2017-11-26;0.4;24;True;0;84100000;chuva;Epagri;;;2;False;diaria;48ca7231acd1057b_diario_derivado;;interna;horaria_agregada;soma
2017-11-27;;23;False;0;84100000;chuva;Epagri;;;2;False;diaria;48ca7231acd1057b_diario_derivado;;interna;horaria_agregada;soma
2017-11-28;0.0;24;True;0;84100000;chuva;Epagri;;;2;False;diaria;48ca7231acd1057b_diario_derivado;;interna;horaria_agregada;soma
2017-11-29;3.6000000000000005;24;True;0;84100000;chuva;Epagri;;;2;False;diaria;48ca7231acd1057b_diario_derivado;;interna;horaria_agregada;soma
2017-11-30;21.0;24;True;0;84100000;chuva;Epagri;;;2;False;diaria;48ca7231acd1057b_diario_derivado;;interna;horaria_agregada;soma
2017-12-01;1.8;24;True;0;84100000;chuva;Epagri;;;2;False;diaria;48ca7231acd1057b_diario_derivado;;interna;horaria_agregada;soma
2017-12-02;0.8;24;True;0;84100000;chuva;Epagri;;;2;False;diaria;48ca7231acd1057b_diario_derivado;;interna;horaria_agregada;soma
2017-12-03;3.4;24;True;0;84100000;chuva;Epagri;;;2;False;diaria;48ca7231acd1057b_diario_derivado;;interna;horaria_agregada;soma
2017-12-04;11.0;24;True;0;84100000;chuva;Epagri;;;2;False;diaria;48ca7231acd1057b_diario_derivado;;interna;horaria_agregada;soma
2017-12-05;0.6000000000000001;24;True;0;84100000;chuva;Epagri;;;2;False;diaria;48ca7231acd1057b_diario_derivado;;interna;horaria_agregada;soma
2017-12-06;21.8;24;True;0;84100000;chuva;Epagri;;;2;False;diaria;48ca7231acd1057b_diario_derivado;;interna;horaria_agregada;soma
2017-12-07;30.2;24;True;0;84100000;chuva;Epagri;;;2;False;diaria;48ca7231acd1057b_diario_derivado;;interna;horaria_agregada;soma
2017-12-08;0.0;24;True;0;84100000;chuva;Epagri;;;2;False;diaria;48ca7231acd1057b_diario_derivado;;interna;horaria_agregada;soma
2017-12-09;0.0;24;True;0;84100000;chuva;Epagri;;;2;False;diaria;48ca7231acd1057b_diario_derivado;;interna;horaria_agregada;soma
2017-12-10;0.8;24;True;0;84100000;chuva;Epagri;;;2;False;diaria;48ca7231acd1057b_diario_derivado;;interna;horaria_agregada;soma
2017-12-11;0.2;24;True;0;84100000;chuva;Epagri;;;2;False;diaria;48ca7231acd1057b_diario_derivado;;interna;horaria_agregada;soma
2017-12-12;0.0;24;True;0;84100000;chuva;Epagri;;;2;False;diaria;48ca7231acd1057b_diario_derivado;;interna;horaria_agregada;soma
2017-12-13;0.0;24;True;0;84100000;chuva;Epagri;;;2;False;diaria;48ca7231acd1057b_diario_derivado;;interna;horaria_agregada;soma
2017-12-14;0.0;24;True;0;84100000;chuva;Epagri;;;2;False;diaria;48ca7231acd1057b_diario_derivado;;interna;horaria_agregada;soma
2017-12-15;;22;False;0;84100000;chuva;Epagri;;;2;False;diaria;48ca7231acd1057b_diario_derivado;;interna;horaria_agregada;soma
2017-12-16;0.0;24;True;0;84100000;chuva;Epagri;;;2;False;diaria;48ca7231acd1057b_diario_derivado;;interna;horaria_agregada;soma
2017-12-17;1.4000000000000001;24;True;0;84100000;chuva;Epagri;;;2;False;diaria;48ca7231acd1057b_diario_derivado;;interna;horaria_agregada;soma
2017-12-18;0.0;24;True;0;84100000;chuva;Epagri;;;2;False;diaria;48ca7231acd1057b_diario_derivado;;interna;horaria_agregada;soma
2017-12-19;6.2;24;True;0;84100000;chuva;Epagri;;;2;False;diaria;48ca7231acd1057b_diario_derivado;;interna;horaria_agregada;soma
2017-12-20;44.0;24;True;0;84100000;chuva;Epagri;;;2;False;diaria;48ca7231acd1057b_diario_derivado;;interna;horaria_agregada;soma
2017-12-21;4.8;24;True;0;84100000;chuva;Epagri;;;2;False;diaria;48ca7231acd1057b_diario_derivado;;interna;horaria_agregada;soma
2017-12-22;0.0;24;True;0;84100000;chuva;Epagri;;;2;False;diaria;48ca7231acd1057b_diario_derivado;;interna;horaria_agregada;soma
2017-12-23;48.199999999999996;24;True;0;84100000;chuva;Epagri;;;2;False;diaria;48ca7231acd1057b_diario_derivado;;interna;horaria_agregada;soma
2017-12-24;28.2;24;True;0;84100000;chuva;Epagri;;;2;False;diaria;48ca7231acd1057b_diario_derivado;;interna;horaria_agregada;soma
2017-12-25;0.2;24;True;0;84100000;chuva;Epagri;;;2;False;diaria;48ca7231acd1057b_diario_derivado;;interna;horaria_agregada;soma
2017-12-26;0.0;24;True;0;84100000;chuva;Epagri;;;2;False;diaria;48ca7231acd1057b_diario_derivado;;interna;horaria_agregada;soma
2017-12-27;2.0;24;True;0;84100000;chuva;Epagri;;;2;False;diaria;48ca7231acd1057b_diario_derivado;;interna;horaria_agregada;soma
2017-12-28;3.2;24;True;0;84100000;chuva;Epagri;;;2;False;diaria;48ca7231acd1057b_diario_derivado;;interna;horaria_agregada;soma
2017-12-29;10.6;24;True;0;84100000;chuva;Epagri;;;2;False;diaria;48ca7231acd1057b_diario_derivado;;interna;horaria_agregada;soma
2017-12-30;7.2;24;True;0;84100000;chuva;Epagri;;;2;False;diaria;48ca7231acd1057b_diario_derivado;;interna;horaria_agregada;soma
2017-12-31;0.2;24;True;0;84100000;chuva;Epagri;;;2;False;diaria;48ca7231acd1057b_diario_derivado;;interna;horaria_agregada;soma
2018-01-01;6.6000000000000005;24;True;0;84100000;chuva;Epagri;;;2;False;diaria;48ca7231acd1057b_diario_derivado;;interna;horaria_agregada;soma
2018-01-02;31.799999999999997;24;True;0;84100000;chuva;Epagri;;;2;False;diaria;48ca7231acd1057b_diario_derivado;;interna;horaria_agregada;soma
2018-01-03;0.2;24;True;0;84100000;chuva;Epagri;;;2;False;diaria;48ca7231acd1057b_diario_derivado;;interna;horaria_agregada;soma
2018-01-04;0.0;24;True;0;84100000;chuva;Epagri;;;2;False;diaria;48ca7231acd1057b_diario_derivado;;interna;horaria_agregada;soma
2018-01-05;0.0;24;True;0;84100000;chuva;Epagri;;;2;False;diaria;48ca7231acd1057b_diario_derivado;;interna;horaria_agregada;soma
2018-01-06;5.4;24;True;0;84100000;chuva;Epagri;;;2;False;diaria;48ca7231acd1057b_diario_derivado;;interna;horaria_agregada;soma
2018-01-07;0.0;24;True;0;84100000;chuva;Epagri;;;2;False;diaria;48ca7231acd1057b_diario_derivado;;interna;horaria_agregada;soma
2018-01-08;0.0;24;True;0;84100000;chuva;Epagri;;;2;False;diaria;48ca7231acd1057b_diario_derivado;;interna;horaria_agregada;soma
2018-01-09;11.8;24;True;0;84100000;chuva;Epagri;;;2;False;diaria;48ca7231acd1057b_diario_derivado;;interna;horaria_agregada;soma
2018-01-10;93.4;24;True;0;84100000;chuva;Epagri;;;2;False;diaria;48ca7231acd1057b_diario_derivado;;interna;horaria_agregada;soma
2018-01-11;29.6;24;True;0;84100000;chuva;Epagri;;;2;False;diaria;48ca7231acd1057b_diario_derivado;;interna;horaria_agregada;soma
2018-01-12;8.6;24;True;0;84100000;chuva;Epagri;;;2;False;diaria;48ca7231acd1057b_diario_derivado;;interna;horaria_agregada;soma
2018-01-13;4.2;24;True;0;84100000;chuva;Epagri;;;2;False;diaria;48ca7231acd1057b_diario_derivado;;interna;horaria_agregada;soma
2018-01-14;16.0;24;True;0;84100000;chuva;Epagri;;;2;False;diaria;48ca7231acd1057b_diario_derivado;;interna;horaria_agregada;soma
2018-01-15;0.4;24;True;0;84100000;chuva;Epagri;;;2;False;diaria;48ca7231acd1057b_diario_derivado;;interna;horaria_agregada;soma
2018-01-16;4.8;24;True;0;84100000;chuva;Epagri;;;2;False;diaria;48ca7231acd1057b_diario_derivado;;interna;horaria_agregada;soma
2018-01-17;18.0;24;True;0;84100000;chuva;Epagri;;;2;False;diaria;48ca7231acd1057b_diario_derivado;;interna;horaria_agregada;soma
2018-01-18;4.8;24;True;0;84100000;chuva;Epagri;;;2;False;diaria;48ca7231acd1057b_diario_derivado;;interna;horaria_agregada;soma
2018-01-19;1.8;24;True;0;84100000;chuva;Epagri;;;2;False;diaria;48ca7231acd1057b_diario_derivado;;interna;horaria_agregada;soma
2018-01-20;0.0;24;True;0;84100000;chuva;Epagri;;;2;False;diaria;48ca7231acd1057b_diario_derivado;;interna;horaria_agregada;soma
2018-01-21;1.4;24;True;0;84100000;chuva;Epagri;;;2;False;diaria;48ca7231acd1057b_diario_derivado;;interna;horaria_agregada;soma
2018-01-22;9.6;24;True;0;84100000;chuva;Epagri;;;2;False;diaria;48ca7231acd1057b_diario_derivado;;interna;horaria_agregada;soma
2018-01-23;16.8;24;True;0;84100000;chuva;Epagri;;;2;False;diaria;48ca7231acd1057b_diario_derivado;;interna;horaria_agregada;soma
2018-01-24;13.0;24;True;0;84100000;chuva;Epagri;;;2;False;diaria;48ca7231acd1057b_diario_derivado;;interna;horaria_agregada;soma
2018-01-25;0.2;24;True;0;84100000;chuva;Epagri;;;2;False;diaria;48ca7231acd1057b_diario_derivado;;interna;horaria_agregada;soma
2018-01-26;1.2;24;True;0;84100000;chuva;Epagri;;;2;False;diaria;48ca7231acd1057b_diario_derivado;;interna;horaria_agregada;soma
2018-01-27;1.5999999999999999;24;True;0;84100000;chuva;Epagri;;;2;False;diaria;48ca7231acd1057b_diario_derivado;;interna;horaria_agregada;soma
2018-01-28;0.4;24;True;0;84100000;chuva;Epagri;;;2;False;diaria;48ca7231acd1057b_diario_derivado;;interna;horaria_agregada;soma
2018-01-29;0.4;24;True;0;84100000;chuva;Epagri;;;2;False;diaria;48ca7231acd1057b_diario_derivado;;interna;horaria_agregada;soma
2018-01-30;0.4;24;True;0;84100000;chuva;Epagri;;;2;False;diaria;48ca7231acd1057b_diario_derivado;;interna;horaria_agregada;soma
2018-01-31;0.8;24;True;0;84100000;chuva;Epagri;;;2;False;diaria;48ca7231acd1057b_diario_derivado;;interna;horaria_agregada;soma
2018-02-01;0.0;24;True;0;84100000;chuva;Epagri;;;2;False;diaria;48ca7231acd1057b_diario_derivado;;interna;horaria_agregada;soma
2018-02-02;0.0;24;True;0;84100000;chuva;Epagri;;;2;False;diaria;48ca7231acd1057b_diario_derivado;;interna;horaria_agregada;soma
2018-02-03;0.0;24;True;0;84100000;chuva;Epagri;;;2;False;diaria;48ca7231acd1057b_diario_derivado;;interna;horaria_agregada;soma
2018-02-04;1.2;24;True;0;84100000;chuva;Epagri;;;2;False;diaria;48ca7231acd1057b_diario_derivado;;interna;horaria_agregada;soma
2018-02-05;0.2;24;True;0;84100000;chuva;Epagri;;;2;False;diaria;48ca7231acd1057b_diario_derivado;;interna;horaria_agregada;soma
2018-02-06;0.0;24;True;0;84100000;chuva;Epagri;;;2;False;diaria;48ca7231acd1057b_diario_derivado;;interna;horaria_agregada;soma
2018-02-07;1.5999999999999999;24;True;0;84100000;chuva;Epagri;;;2;False;diaria;48ca7231acd1057b_diario_derivado;;interna;horaria_agregada;soma
2018-02-08;0.2;24;True;0;84100000;chuva;Epagri;;;2;False;diaria;48ca7231acd1057b_diario_derivado;;interna;horaria_agregada;soma
2018-02-09;13.0;24;True;0;84100000;chuva;Epagri;;;2;False;diaria;48ca7231acd1057b_diario_derivado;;interna;horaria_agregada;soma
2018-02-10;40.2;24;True;0;84100000;chuva;Epagri;;;2;False;diaria;48ca7231acd1057b_diario_derivado;;interna;horaria_agregada;soma
2018-02-11;89.2;24;True;0;84100000;chuva;Epagri;;;2;False;diaria;48ca7231acd1057b_diario_derivado;;interna;horaria_agregada;soma
2018-02-12;1.8;24;True;0;84100000;chuva;Epagri;;;2;False;diaria;48ca7231acd1057b_diario_derivado;;interna;horaria_agregada;soma
2018-02-13;0.0;24;True;0;84100000;chuva;Epagri;;;2;False;diaria;48ca7231acd1057b_diario_derivado;;interna;horaria_agregada;soma
2018-02-14;0.0;24;True;0;84100000;chuva;Epagri;;;2;False;diaria;48ca7231acd1057b_diario_derivado;;interna;horaria_agregada;soma
2018-02-15;0.0;24;True;0;84100000;chuva;Epagri;;;2;False;diaria;48ca7231acd1057b_diario_derivado;;interna;horaria_agregada;soma
2018-02-16;0.4;24;True;0;84100000;chuva;Epagri;;;2;False;diaria;48ca7231acd1057b_diario_derivado;;interna;horaria_agregada;soma
2018-02-17;0.0;24;True;0;84100000;chuva;Epagri;;;2;False;diaria;48ca7231acd1057b_diario_derivado;;interna;horaria_agregada;soma
2018-02-18;0.0;24;True;0;84100000;chuva;Epagri;;;2;False;diaria;48ca7231acd1057b_diario_derivado;;interna;horaria_agregada;soma
2018-02-19;40.4;24;True;0;84100000;chuva;Epagri;;;2;False;diaria;48ca7231acd1057b_diario_derivado;;interna;horaria_agregada;soma
2018-02-20;0.8;24;True;0;84100000;chuva;Epagri;;;2;False;diaria;48ca7231acd1057b_diario_derivado;;interna;horaria_agregada;soma
2018-02-21;3.6;24;True;0;84100000;chuva;Epagri;;;2;False;diaria;48ca7231acd1057b_diario_derivado;;interna;horaria_agregada;soma
2018-02-22;9.6;24;True;0;84100000;chuva;Epagri;;;2;False;diaria;48ca7231acd1057b_diario_derivado;;interna;horaria_agregada;soma
2018-02-23;0.0;24;True;0;84100000;chuva;Epagri;;;2;False;diaria;48ca7231acd1057b_diario_derivado;;interna;horaria_agregada;soma
2018-02-24;1.6;24;True;0;84100000;chuva;Epagri;;;2;False;diaria;48ca7231acd1057b_diario_derivado;;interna;horaria_agregada;soma
2018-02-25;0.4;24;True;0;84100000;chuva;Epagri;;;2;False;diaria;48ca7231acd1057b_diario_derivado;;interna;horaria_agregada;soma
2018-02-26;14.0;24;True;0;84100000;chuva;Epagri;;;2;False;diaria;48ca7231acd1057b_diario_derivado;;interna;horaria_agregada;soma
2018-02-27;17.0;24;True;0;84100000;chuva;Epagri;;;2;False;diaria;48ca7231acd1057b_diario_derivado;;interna;horaria_agregada;soma
2018-02-28;1.2;24;True;0;84100000;chuva;Epagri;;;2;False;diaria;48ca7231acd1057b_diario_derivado;;interna;horaria_agregada;soma
2018-03-01;35.2;24;True;0;84100000;chuva;Epagri;;;2;False;diaria;48ca7231acd1057b_diario_derivado;;interna;horaria_agregada;soma
2018-03-02;0.6000000000000001;24;True;0;84100000;chuva;Epagri;;;2;False;diaria;48ca7231acd1057b_diario_derivado;;interna;horaria_agregada;soma
2018-03-03;0.2;24;True;0;84100000;chuva;Epagri;;;2;False;diaria;48ca7231acd1057b_diario_derivado;;interna;horaria_agregada;soma
2018-03-04;19.4;24;True;0;84100000;chuva;Epagri;;;2;False;diaria;48ca7231acd1057b_diario_derivado;;interna;horaria_agregada;soma
2018-03-05;2.6;24;True;0;84100000;chuva;Epagri;;;2;False;diaria;48ca7231acd1057b_diario_derivado;;interna;horaria_agregada;soma
2018-03-06;1.6;24;True;0;84100000;chuva;Epagri;;;2;False;diaria;48ca7231acd1057b_diario_derivado;;interna;horaria_agregada;soma
2018-03-07;0.0;24;True;0;84100000;chuva;Epagri;;;2;False;diaria;48ca7231acd1057b_diario_derivado;;interna;horaria_agregada;soma
2018-03-08;;23;False;0;84100000;chuva;Epagri;;;2;False;diaria;48ca7231acd1057b_diario_derivado;;interna;horaria_agregada;soma
2018-03-09;0.0;24;True;0;84100000;chuva;Epagri;;;2;False;diaria;48ca7231acd1057b_diario_derivado;;interna;horaria_agregada;soma
2018-03-10;;23;False;0;84100000;chuva;Epagri;;;2;False;diaria;48ca7231acd1057b_diario_derivado;;interna;horaria_agregada;soma
2018-03-11;0.0;24;True;0;84100000;chuva;Epagri;;;2;False;diaria;48ca7231acd1057b_diario_derivado;;interna;horaria_agregada;soma
2018-03-12;;23;False;0;84100000;chuva;Epagri;;;2;False;diaria;48ca7231acd1057b_diario_derivado;;interna;horaria_agregada;soma
2018-03-13;0.0;24;True;0;84100000;chuva;Epagri;;;2;False;diaria;48ca7231acd1057b_diario_derivado;;interna;horaria_agregada;soma
2018-03-14;1.2;24;True;0;84100000;chuva;Epagri;;;2;False;diaria;48ca7231acd1057b_diario_derivado;;interna;horaria_agregada;soma
2018-03-15;0.0;24;True;0;84100000;chuva;Epagri;;;2;False;diaria;48ca7231acd1057b_diario_derivado;;interna;horaria_agregada;soma
2018-03-16;0.0;24;True;0;84100000;chuva;Epagri;;;2;False;diaria;48ca7231acd1057b_diario_derivado;;interna;horaria_agregada;soma
2018-03-17;0.0;24;True;0;84100000;chuva;Epagri;;;2;False;diaria;48ca7231acd1057b_diario_derivado;;interna;horaria_agregada;soma
2018-03-18;0.2;24;True;0;84100000;chuva;Epagri;;;2;False;diaria;48ca7231acd1057b_diario_derivado;;interna;horaria_agregada;soma
2018-03-19;7.6;24;True;0;84100000;chuva;Epagri;;;2;False;diaria;48ca7231acd1057b_diario_derivado;;interna;horaria_agregada;soma
2018-03-20;;23;False;0;84100000;chuva;Epagri;;;2;False;diaria;48ca7231acd1057b_diario_derivado;;interna;horaria_agregada;soma
2018-03-21;0.2;24;True;0;84100000;chuva;Epagri;;;2;False;diaria;48ca7231acd1057b_diario_derivado;;interna;horaria_agregada;soma
2018-03-22;0.0;24;True;0;84100000;chuva;Epagri;;;2;False;diaria;48ca7231acd1057b_diario_derivado;;interna;horaria_agregada;soma
2018-03-23;0.0;24;True;0;84100000;chuva;Epagri;;;2;False;diaria;48ca7231acd1057b_diario_derivado;;interna;horaria_agregada;soma
2018-03-24;2.6;24;True;0;84100000;chuva;Epagri;;;2;False;diaria;48ca7231acd1057b_diario_derivado;;interna;horaria_agregada;soma
2018-03-25;8.6;24;True;0;84100000;chuva;Epagri;;;2;False;diaria;48ca7231acd1057b_diario_derivado;;interna;horaria_agregada;soma
2018-03-26;18.6;24;True;0;84100000;chuva;Epagri;;;2;False;diaria;48ca7231acd1057b_diario_derivado;;interna;horaria_agregada;soma
2018-03-27;15.2;24;True;0;84100000;chuva;Epagri;;;2;False;diaria;48ca7231acd1057b_diario_derivado;;interna;horaria_agregada;soma
2018-03-28;8.4;24;True;0;84100000;chuva;Epagri;;;2;False;diaria;48ca7231acd1057b_diario_derivado;;interna;horaria_agregada;soma
2018-03-29;97.2;24;True;0;84100000;chuva;Epagri;;;2;False;diaria;48ca7231acd1057b_diario_derivado;;interna;horaria_agregada;soma
2018-03-30;59.400000000000006;24;True;0;84100000;chuva;Epagri;;;2;False;diaria;48ca7231acd1057b_diario_derivado;;interna;horaria_agregada;soma
2018-03-31;15.0;24;True;0;84100000;chuva;Epagri;;;2;False;diaria;48ca7231acd1057b_diario_derivado;;interna;horaria_agregada;soma
2018-04-01;0.2;24;True;0;84100000;chuva;Epagri;;;2;False;diaria;48ca7231acd1057b_diario_derivado;;interna;horaria_agregada;soma
2018-04-02;0.2;24;True;0;84100000;chuva;Epagri;;;2;False;diaria;48ca7231acd1057b_diario_derivado;;interna;horaria_agregada;soma
2018-04-03;2.8;24;True;0;84100000;chuva;Epagri;;;2;False;diaria;48ca7231acd1057b_diario_derivado;;interna;horaria_agregada;soma
2018-04-04;14.2;24;True;0;84100000;chuva;Epagri;;;2;False;diaria;48ca7231acd1057b_diario_derivado;;interna;horaria_agregada;soma
2018-04-05;19.6;24;True;0;84100000;chuva;Epagri;;;2;False;diaria;48ca7231acd1057b_diario_derivado;;interna;horaria_agregada;soma
2018-04-06;0.2;24;True;0;84100000;chuva;Epagri;;;2;False;diaria;48ca7231acd1057b_diario_derivado;;interna;horaria_agregada;soma
2018-04-07;0.0;24;True;0;84100000;chuva;Epagri;;;2;False;diaria;48ca7231acd1057b_diario_derivado;;interna;horaria_agregada;soma
2018-04-08;0.0;24;True;0;84100000;chuva;Epagri;;;2;False;diaria;48ca7231acd1057b_diario_derivado;;interna;horaria_agregada;soma
2018-04-09;0.8;24;True;0;84100000;chuva;Epagri;;;2;False;diaria;48ca7231acd1057b_diario_derivado;;interna;horaria_agregada;soma
2018-04-10;7.6;24;True;0;84100000;chuva;Epagri;;;2;False;diaria;48ca7231acd1057b_diario_derivado;;interna;horaria_agregada;soma
2018-04-11;0.0;24;True;0;84100000;chuva;Epagri;;;2;False;diaria;48ca7231acd1057b_diario_derivado;;interna;horaria_agregada;soma
2018-04-12;0.0;24;True;0;84100000;chuva;Epagri;;;2;False;diaria;48ca7231acd1057b_diario_derivado;;interna;horaria_agregada;soma
2018-04-13;0.0;24;True;0;84100000;chuva;Epagri;;;2;False;diaria;48ca7231acd1057b_diario_derivado;;interna;horaria_agregada;soma
2018-04-14;0.0;24;True;0;84100000;chuva;Epagri;;;2;False;diaria;48ca7231acd1057b_diario_derivado;;interna;horaria_agregada;soma
2018-04-15;0.2;24;True;0;84100000;chuva;Epagri;;;2;False;diaria;48ca7231acd1057b_diario_derivado;;interna;horaria_agregada;soma
2018-04-16;3.0;24;True;0;84100000;chuva;Epagri;;;2;False;diaria;48ca7231acd1057b_diario_derivado;;interna;horaria_agregada;soma
2018-04-17;1.0;24;True;0;84100000;chuva;Epagri;;;2;False;diaria;48ca7231acd1057b_diario_derivado;;interna;horaria_agregada;soma
2018-04-18;0.6000000000000001;24;True;0;84100000;chuva;Epagri;;;2;False;diaria;48ca7231acd1057b_diario_derivado;;interna;horaria_agregada;soma
2018-04-19;0.0;24;True;0;84100000;chuva;Epagri;;;2;False;diaria;48ca7231acd1057b_diario_derivado;;interna;horaria_agregada;soma
2018-04-20;0.0;24;True;0;84100000;chuva;Epagri;;;2;False;diaria;48ca7231acd1057b_diario_derivado;;interna;horaria_agregada;soma
2018-04-21;0.0;24;True;0;84100000;chuva;Epagri;;;2;False;diaria;48ca7231acd1057b_diario_derivado;;interna;horaria_agregada;soma
2018-04-22;0.0;24;True;0;84100000;chuva;Epagri;;;2;False;diaria;48ca7231acd1057b_diario_derivado;;interna;horaria_agregada;soma
2018-04-23;0.0;24;True;0;84100000;chuva;Epagri;;;2;False;diaria;48ca7231acd1057b_diario_derivado;;interna;horaria_agregada;soma
2018-04-24;0.0;24;True;0;84100000;chuva;Epagri;;;2;False;diaria;48ca7231acd1057b_diario_derivado;;interna;horaria_agregada;soma
2018-04-25;0.0;24;True;0;84100000;chuva;Epagri;;;2;False;diaria;48ca7231acd1057b_diario_derivado;;interna;horaria_agregada;soma
2018-04-26;0.0;24;True;0;84100000;chuva;Epagri;;;2;False;diaria;48ca7231acd1057b_diario_derivado;;interna;horaria_agregada;soma
2018-04-27;0.0;24;True;0;84100000;chuva;Epagri;;;2;False;diaria;48ca7231acd1057b_diario_derivado;;interna;horaria_agregada;soma
2018-04-28;0.0;24;True;0;84100000;chuva;Epagri;;;2;False;diaria;48ca7231acd1057b_diario_derivado;;interna;horaria_agregada;soma
2018-04-29;0.0;24;True;0;84100000;chuva;Epagri;;;2;False;diaria;48ca7231acd1057b_diario_derivado;;interna;horaria_agregada;soma
2018-04-30;3.2;24;True;0;84100000;chuva;Epagri;;;2;False;diaria;48ca7231acd1057b_diario_derivado;;interna;horaria_agregada;soma
2018-05-01;1.8;24;True;0;84100000;chuva;Epagri;;;2;False;diaria;48ca7231acd1057b_diario_derivado;;interna;horaria_agregada;soma
2018-05-02;3.0;24;True;0;84100000;chuva;Epagri;;;2;False;diaria;48ca7231acd1057b_diario_derivado;;interna;horaria_agregada;soma
2018-05-03;2.2;24;True;0;84100000;chuva;Epagri;;;2;False;diaria;48ca7231acd1057b_diario_derivado;;interna;horaria_agregada;soma
2018-05-04;1.4;24;True;0;84100000;chuva;Epagri;;;2;False;diaria;48ca7231acd1057b_diario_derivado;;interna;horaria_agregada;soma
2018-05-05;5.6000000000000005;24;True;0;84100000;chuva;Epagri;;;2;False;diaria;48ca7231acd1057b_diario_derivado;;interna;horaria_agregada;soma
2018-05-06;10.0;24;True;0;84100000;chuva;Epagri;;;2;False;diaria;48ca7231acd1057b_diario_derivado;;interna;horaria_agregada;soma
2018-05-07;2.2;24;True;0;84100000;chuva;Epagri;;;2;False;diaria;48ca7231acd1057b_diario_derivado;;interna;horaria_agregada;soma
2018-05-08;0.2;24;True;0;84100000;chuva;Epagri;;;2;False;diaria;48ca7231acd1057b_diario_derivado;;interna;horaria_agregada;soma
2018-05-09;1.8;24;True;0;84100000;chuva;Epagri;;;2;False;diaria;48ca7231acd1057b_diario_derivado;;interna;horaria_agregada;soma
2018-05-10;0.2;24;True;0;84100000;chuva;Epagri;;;2;False;diaria;48ca7231acd1057b_diario_derivado;;interna;horaria_agregada;soma
2018-05-11;0.0;24;True;0;84100000;chuva;Epagri;;;2;False;diaria;48ca7231acd1057b_diario_derivado;;interna;horaria_agregada;soma
2018-05-12;0.0;24;True;0;84100000;chuva;Epagri;;;2;False;diaria;48ca7231acd1057b_diario_derivado;;interna;horaria_agregada;soma
2018-05-13;0.0;24;True;0;84100000;chuva;Epagri;;;2;False;diaria;48ca7231acd1057b_diario_derivado;;interna;horaria_agregada;soma
2018-05-14;0.0;24;True;0;84100000;chuva;Epagri;;;2;False;diaria;48ca7231acd1057b_diario_derivado;;interna;horaria_agregada;soma
2018-05-15;5.0;24;True;0;84100000;chuva;Epagri;;;2;False;diaria;48ca7231acd1057b_diario_derivado;;interna;horaria_agregada;soma
2018-05-16;0.0;24;True;0;84100000;chuva;Epagri;;;2;False;diaria;48ca7231acd1057b_diario_derivado;;interna;horaria_agregada;soma
2018-05-17;0.0;24;True;0;84100000;chuva;Epagri;;;2;False;diaria;48ca7231acd1057b_diario_derivado;;interna;horaria_agregada;soma
2018-05-18;6.8;24;True;0;84100000;chuva;Epagri;;;2;False;diaria;48ca7231acd1057b_diario_derivado;;interna;horaria_agregada;soma
2018-05-19;25.4;24;True;0;84100000;chuva;Epagri;;;2;False;diaria;48ca7231acd1057b_diario_derivado;;interna;horaria_agregada;soma
2018-05-20;2.2;24;True;0;84100000;chuva;Epagri;;;2;False;diaria;48ca7231acd1057b_diario_derivado;;interna;horaria_agregada;soma
2018-05-21;0.0;24;True;0;84100000;chuva;Epagri;;;2;False;diaria;48ca7231acd1057b_diario_derivado;;interna;horaria_agregada;soma
2018-05-22;0.0;24;True;0;84100000;chuva;Epagri;;;2;False;diaria;48ca7231acd1057b_diario_derivado;;interna;horaria_agregada;soma
2018-05-23;0.0;24;True;0;84100000;chuva;Epagri;;;2;False;diaria;48ca7231acd1057b_diario_derivado;;interna;horaria_agregada;soma
2018-05-24;0.0;24;True;0;84100000;chuva;Epagri;;;2;False;diaria;48ca7231acd1057b_diario_derivado;;interna;horaria_agregada;soma
2018-05-25;0.0;24;True;0;84100000;chuva;Epagri;;;2;False;diaria;48ca7231acd1057b_diario_derivado;;interna;horaria_agregada;soma
2018-05-26;0.0;24;True;0;84100000;chuva;Epagri;;;2;False;diaria;48ca7231acd1057b_diario_derivado;;interna;horaria_agregada;soma
2018-05-27;0.0;24;True;0;84100000;chuva;Epagri;;;2;False;diaria;48ca7231acd1057b_diario_derivado;;interna;horaria_agregada;soma
2018-05-28;0.0;24;True;0;84100000;chuva;Epagri;;;2;False;diaria;48ca7231acd1057b_diario_derivado;;interna;horaria_agregada;soma
2018-05-29;0.4;24;True;0;84100000;chuva;Epagri;;;2;False;diaria;48ca7231acd1057b_diario_derivado;;interna;horaria_agregada;soma
2018-05-30;0.2;24;True;0;84100000;chuva;Epagri;;;2;False;diaria;48ca7231acd1057b_diario_derivado;;interna;horaria_agregada;soma
2018-05-31;0.0;24;True;0;84100000;chuva;Epagri;;;2;False;diaria;48ca7231acd1057b_diario_derivado;;interna;horaria_agregada;soma
2018-06-01;0.0;24;True;0;84100000;chuva;Epagri;;;2;False;diaria;48ca7231acd1057b_diario_derivado;;interna;horaria_agregada;soma
2018-06-02;5.4;24;True;0;84100000;chuva;Epagri;;;2;False;diaria;48ca7231acd1057b_diario_derivado;;interna;horaria_agregada;soma
2018-06-03;0.0;24;True;0;84100000;chuva;Epagri;;;2;False;diaria;48ca7231acd1057b_diario_derivado;;interna;horaria_agregada;soma
2018-06-04;0.6000000000000001;24;True;0;84100000;chuva;Epagri;;;2;False;diaria;48ca7231acd1057b_diario_derivado;;interna;horaria_agregada;soma
2018-06-05;11.2;24;True;0;84100000;chuva;Epagri;;;2;False;diaria;48ca7231acd1057b_diario_derivado;;interna;horaria_agregada;soma
2018-06-06;0.2;24;True;0;84100000;chuva;Epagri;;;2;False;diaria;48ca7231acd1057b_diario_derivado;;interna;horaria_agregada;soma
2018-06-07;0.0;24;True;0;84100000;chuva;Epagri;;;2;False;diaria;48ca7231acd1057b_diario_derivado;;interna;horaria_agregada;soma
2018-06-08;0.0;24;True;0;84100000;chuva;Epagri;;;2;False;diaria;48ca7231acd1057b_diario_derivado;;interna;horaria_agregada;soma
2018-06-09;0.0;24;True;0;84100000;chuva;Epagri;;;2;False;diaria;48ca7231acd1057b_diario_derivado;;interna;horaria_agregada;soma
2018-06-10;0.0;24;True;0;84100000;chuva;Epagri;;;2;False;diaria;48ca7231acd1057b_diario_derivado;;interna;horaria_agregada;soma
2018-06-11;1.0;24;True;0;84100000;chuva;Epagri;;;2;False;diaria;48ca7231acd1057b_diario_derivado;;interna;horaria_agregada;soma
2018-06-12;58.4;24;True;0;84100000;chuva;Epagri;;;2;False;diaria;48ca7231acd1057b_diario_derivado;;interna;horaria_agregada;soma
2018-06-13;0.2;24;True;0;84100000;chuva;Epagri;;;2;False;diaria;48ca7231acd1057b_diario_derivado;;interna;horaria_agregada;soma
2018-06-14;0.0;24;True;0;84100000;chuva;Epagri;;;2;False;diaria;48ca7231acd1057b_diario_derivado;;interna;horaria_agregada;soma
2018-06-15;0.6000000000000001;24;True;0;84100000;chuva;Epagri;;;2;False;diaria;48ca7231acd1057b_diario_derivado;;interna;horaria_agregada;soma
2018-06-16;0.0;24;True;0;84100000;chuva;Epagri;;;2;False;diaria;48ca7231acd1057b_diario_derivado;;interna;horaria_agregada;soma
2018-06-17;0.0;24;True;0;84100000;chuva;Epagri;;;2;False;diaria;48ca7231acd1057b_diario_derivado;;interna;horaria_agregada;soma
2018-06-18;0.0;24;True;0;84100000;chuva;Epagri;;;2;False;diaria;48ca7231acd1057b_diario_derivado;;interna;horaria_agregada;soma
2018-06-19;0.0;24;True;0;84100000;chuva;Epagri;;;2;False;diaria;48ca7231acd1057b_diario_derivado;;interna;horaria_agregada;soma
2018-06-20;0.0;24;True;0;84100000;chuva;Epagri;;;2;False;diaria;48ca7231acd1057b_diario_derivado;;interna;horaria_agregada;soma
2018-06-21;0.0;24;True;0;84100000;chuva;Epagri;;;2;False;diaria;48ca7231acd1057b_diario_derivado;;interna;horaria_agregada;soma
2018-06-22;0.0;24;True;0;84100000;chuva;Epagri;;;2;False;diaria;48ca7231acd1057b_diario_derivado;;interna;horaria_agregada;soma
2018-06-23;0.0;24;True;0;84100000;chuva;Epagri;;;2;False;diaria;48ca7231acd1057b_diario_derivado;;interna;horaria_agregada;soma
2018-06-24;4.6;24;True;0;84100000;chuva;Epagri;;;2;False;diaria;48ca7231acd1057b_diario_derivado;;interna;horaria_agregada;soma
2018-06-25;2.4;24;True;0;84100000;chuva;Epagri;;;2;False;diaria;48ca7231acd1057b_diario_derivado;;interna;horaria_agregada;soma
2018-06-26;2.2;24;True;0;84100000;chuva;Epagri;;;2;False;diaria;48ca7231acd1057b_diario_derivado;;interna;horaria_agregada;soma
2018-06-27;0.2;24;True;0;84100000;chuva;Epagri;;;2;False;diaria;48ca7231acd1057b_diario_derivado;;interna;horaria_agregada;soma
2018-06-28;0.0;24;True;0;84100000;chuva;Epagri;;;2;False;diaria;48ca7231acd1057b_diario_derivado;;interna;horaria_agregada;soma
2018-06-29;0.0;24;True;0;84100000;chuva;Epagri;;;2;False;diaria;48ca7231acd1057b_diario_derivado;;interna;horaria_agregada;soma
2018-06-30;4.4;24;True;0;84100000;chuva;Epagri;;;2;False;diaria;48ca7231acd1057b_diario_derivado;;interna;horaria_agregada;soma
2018-07-01;0.0;24;True;0;84100000;chuva;Epagri;;;2;False;diaria;48ca7231acd1057b_diario_derivado;;interna;horaria_agregada;soma
2018-07-02;0.0;24;True;0;84100000;chuva;Epagri;;;2;False;diaria;48ca7231acd1057b_diario_derivado;;interna;horaria_agregada;soma
2018-07-03;0.2;24;True;0;84100000;chuva;Epagri;;;2;False;diaria;48ca7231acd1057b_diario_derivado;;interna;horaria_agregada;soma
2018-07-04;23.0;24;True;0;84100000;chuva;Epagri;;;2;False;diaria;48ca7231acd1057b_diario_derivado;;interna;horaria_agregada;soma
2018-07-05;1.0;24;True;0;84100000;chuva;Epagri;;;2;False;diaria;48ca7231acd1057b_diario_derivado;;interna;horaria_agregada;soma
2018-07-06;;23;False;0;84100000;chuva;Epagri;;;2;False;diaria;48ca7231acd1057b_diario_derivado;;interna;horaria_agregada;soma
2018-07-07;0.0;24;True;0;84100000;chuva;Epagri;;;2;False;diaria;48ca7231acd1057b_diario_derivado;;interna;horaria_agregada;soma
2018-07-08;0.0;24;True;0;84100000;chuva;Epagri;;;2;False;diaria;48ca7231acd1057b_diario_derivado;;interna;horaria_agregada;soma
2018-07-09;0.0;24;True;0;84100000;chuva;Epagri;;;2;False;diaria;48ca7231acd1057b_diario_derivado;;interna;horaria_agregada;soma
2018-07-10;0.0;24;True;0;84100000;chuva;Epagri;;;2;False;diaria;48ca7231acd1057b_diario_derivado;;interna;horaria_agregada;soma
2018-07-11;0.0;24;True;0;84100000;chuva;Epagri;;;2;False;diaria;48ca7231acd1057b_diario_derivado;;interna;horaria_agregada;soma
2018-07-12;0.0;24;True;0;84100000;chuva;Epagri;;;2;False;diaria;48ca7231acd1057b_diario_derivado;;interna;horaria_agregada;soma
2018-07-13;0.0;24;True;0;84100000;chuva;Epagri;;;2;False;diaria;48ca7231acd1057b_diario_derivado;;interna;horaria_agregada;soma
2018-07-14;0.0;24;True;0;84100000;chuva;Epagri;;;2;False;diaria;48ca7231acd1057b_diario_derivado;;interna;horaria_agregada;soma
2018-07-15;0.0;24;True;0;84100000;chuva;Epagri;;;2;False;diaria;48ca7231acd1057b_diario_derivado;;interna;horaria_agregada;soma
2018-07-16;26.6;24;True;0;84100000;chuva;Epagri;;;2;False;diaria;48ca7231acd1057b_diario_derivado;;interna;horaria_agregada;soma
2018-07-17;1.8;24;True;0;84100000;chuva;Epagri;;;2;False;diaria;48ca7231acd1057b_diario_derivado;;interna;horaria_agregada;soma
2018-07-18;0.0;24;True;0;84100000;chuva;Epagri;;;2;False;diaria;48ca7231acd1057b_diario_derivado;;interna;horaria_agregada;soma
2018-07-19;0.0;24;True;0;84100000;chuva;Epagri;;;2;False;diaria;48ca7231acd1057b_diario_derivado;;interna;horaria_agregada;soma
2018-07-20;0.0;24;True;0;84100000;chuva;Epagri;;;2;False;diaria;48ca7231acd1057b_diario_derivado;;interna;horaria_agregada;soma
2018-07-21;0.0;24;True;0;84100000;chuva;Epagri;;;2;False;diaria;48ca7231acd1057b_diario_derivado;;interna;horaria_agregada;soma
2018-07-22;0.0;24;True;0;84100000;chuva;Epagri;;;2;False;diaria;48ca7231acd1057b_diario_derivado;;interna;horaria_agregada;soma
2018-07-23;0.0;24;True;0;84100000;chuva;Epagri;;;2;False;diaria;48ca7231acd1057b_diario_derivado;;interna;horaria_agregada;soma
2018-07-24;0.0;24;True;0;84100000;chuva;Epagri;;;2;False;diaria;48ca7231acd1057b_diario_derivado;;interna;horaria_agregada;soma
2018-07-25;34.0;24;True;0;84100000;chuva;Epagri;;;2;False;diaria;48ca7231acd1057b_diario_derivado;;interna;horaria_agregada;soma
2018-07-26;0.2;24;True;0;84100000;chuva;Epagri;;;2;False;diaria;48ca7231acd1057b_diario_derivado;;interna;horaria_agregada;soma
2018-07-27;0.2;24;True;0;84100000;chuva;Epagri;;;2;False;diaria;48ca7231acd1057b_diario_derivado;;interna;horaria_agregada;soma
2018-07-28;0.0;24;True;0;84100000;chuva;Epagri;;;2;False;diaria;48ca7231acd1057b_diario_derivado;;interna;horaria_agregada;soma
2018-07-29;0.8;24;True;0;84100000;chuva;Epagri;;;2;False;diaria;48ca7231acd1057b_diario_derivado;;interna;horaria_agregada;soma
2018-07-30;0.2;24;True;0;84100000;chuva;Epagri;;;2;False;diaria;48ca7231acd1057b_diario_derivado;;interna;horaria_agregada;soma
2018-07-31;0.0;24;True;0;84100000;chuva;Epagri;;;2;False;diaria;48ca7231acd1057b_diario_derivado;;interna;horaria_agregada;soma
2018-08-01;0.0;24;True;0;84100000;chuva;Epagri;;;2;False;diaria;48ca7231acd1057b_diario_derivado;;interna;horaria_agregada;soma
2018-08-02;5.4;24;True;0;84100000;chuva;Epagri;;;2;False;diaria;48ca7231acd1057b_diario_derivado;;interna;horaria_agregada;soma
2018-08-03;9.6;24;True;0;84100000;chuva;Epagri;;;2;False;diaria;48ca7231acd1057b_diario_derivado;;interna;horaria_agregada;soma
2018-08-04;0.0;24;True;0;84100000;chuva;Epagri;;;2;False;diaria;48ca7231acd1057b_diario_derivado;;interna;horaria_agregada;soma
2018-08-05;0.0;24;True;0;84100000;chuva;Epagri;;;2;False;diaria;48ca7231acd1057b_diario_derivado;;interna;horaria_agregada;soma
2018-08-06;0.0;24;True;0;84100000;chuva;Epagri;;;2;False;diaria;48ca7231acd1057b_diario_derivado;;interna;horaria_agregada;soma
2018-08-07;0.0;24;True;0;84100000;chuva;Epagri;;;2;False;diaria;48ca7231acd1057b_diario_derivado;;interna;horaria_agregada;soma
2018-08-08;3.8;24;True;0;84100000;chuva;Epagri;;;2;False;diaria;48ca7231acd1057b_diario_derivado;;interna;horaria_agregada;soma
2018-08-09;0.2;24;True;0;84100000;chuva;Epagri;;;2;False;diaria;48ca7231acd1057b_diario_derivado;;interna;horaria_agregada;soma
2018-08-10;0.0;24;True;0;84100000;chuva;Epagri;;;2;False;diaria;48ca7231acd1057b_diario_derivado;;interna;horaria_agregada;soma
2018-08-11;0.0;24;True;0;84100000;chuva;Epagri;;;2;False;diaria;48ca7231acd1057b_diario_derivado;;interna;horaria_agregada;soma
2018-08-12;0.0;24;True;0;84100000;chuva;Epagri;;;2;False;diaria;48ca7231acd1057b_diario_derivado;;interna;horaria_agregada;soma
2018-08-13;0.0;24;True;0;84100000;chuva;Epagri;;;2;False;diaria;48ca7231acd1057b_diario_derivado;;interna;horaria_agregada;soma
2018-08-14;0.0;24;True;0;84100000;chuva;Epagri;;;2;False;diaria;48ca7231acd1057b_diario_derivado;;interna;horaria_agregada;soma
2018-08-15;0.0;24;True;0;84100000;chuva;Epagri;;;2;False;diaria;48ca7231acd1057b_diario_derivado;;interna;horaria_agregada;soma
2018-08-16;0.0;24;True;0;84100000;chuva;Epagri;;;2;False;diaria;48ca7231acd1057b_diario_derivado;;interna;horaria_agregada;soma
2018-08-17;0.0;24;True;0;84100000;chuva;Epagri;;;2;False;diaria;48ca7231acd1057b_diario_derivado;;interna;horaria_agregada;soma
2018-08-18;0.0;24;True;0;84100000;chuva;Epagri;;;2;False;diaria;48ca7231acd1057b_diario_derivado;;interna;horaria_agregada;soma
2018-08-19;0.0;24;True;0;84100000;chuva;Epagri;;;2;False;diaria;48ca7231acd1057b_diario_derivado;;interna;horaria_agregada;soma
2018-08-20;5.8;24;True;0;84100000;chuva;Epagri;;;2;False;diaria;48ca7231acd1057b_diario_derivado;;interna;horaria_agregada;soma
2018-08-21;22.6;24;True;0;84100000;chuva;Epagri;;;2;False;diaria;48ca7231acd1057b_diario_derivado;;interna;horaria_agregada;soma
2018-08-22;15.8;24;True;0;84100000;chuva;Epagri;;;2;False;diaria;48ca7231acd1057b_diario_derivado;;interna;horaria_agregada;soma
2018-08-23;0.2;24;True;0;84100000;chuva;Epagri;;;2;False;diaria;48ca7231acd1057b_diario_derivado;;interna;horaria_agregada;soma
2018-08-24;15.4;24;True;0;84100000;chuva;Epagri;;;2;False;diaria;48ca7231acd1057b_diario_derivado;;interna;horaria_agregada;soma
2018-08-25;0.2;24;True;0;84100000;chuva;Epagri;;;2;False;diaria;48ca7231acd1057b_diario_derivado;;interna;horaria_agregada;soma
2018-08-26;0.0;24;True;0;84100000;chuva;Epagri;;;2;False;diaria;48ca7231acd1057b_diario_derivado;;interna;horaria_agregada;soma
2018-08-27;0.0;24;True;0;84100000;chuva;Epagri;;;2;False;diaria;48ca7231acd1057b_diario_derivado;;interna;horaria_agregada;soma
2018-08-28;0.0;24;True;0;84100000;chuva;Epagri;;;2;False;diaria;48ca7231acd1057b_diario_derivado;;interna;horaria_agregada;soma
2018-08-29;0.0;24;True;0;84100000;chuva;Epagri;;;2;False;diaria;48ca7231acd1057b_diario_derivado;;interna;horaria_agregada;soma
2018-08-30;0.0;24;True;0;84100000;chuva;Epagri;;;2;False;diaria;48ca7231acd1057b_diario_derivado;;interna;horaria_agregada;soma
2018-08-31;8.600000000000001;24;True;0;84100000;chuva;Epagri;;;2;False;diaria;48ca7231acd1057b_diario_derivado;;interna;horaria_agregada;soma
2018-09-01;21.8;24;True;0;84100000;chuva;Epagri;;;2;False;diaria;48ca7231acd1057b_diario_derivado;;interna;horaria_agregada;soma
2018-09-02;15.2;24;True;0;84100000;chuva;Epagri;;;2;False;diaria;48ca7231acd1057b_diario_derivado;;interna;horaria_agregada;soma
2018-09-03;64.2;24;True;0;84100000;chuva;Epagri;;;2;False;diaria;48ca7231acd1057b_diario_derivado;;interna;horaria_agregada;soma
2018-09-04;2.6;24;True;0;84100000;chuva;Epagri;;;2;False;diaria;48ca7231acd1057b_diario_derivado;;interna;horaria_agregada;soma
2018-09-05;0.0;24;True;0;84100000;chuva;Epagri;;;2;False;diaria;48ca7231acd1057b_diario_derivado;;interna;horaria_agregada;soma
2018-09-06;0.0;24;True;0;84100000;chuva;Epagri;;;2;False;diaria;48ca7231acd1057b_diario_derivado;;interna;horaria_agregada;soma
2018-09-07;0.0;24;True;0;84100000;chuva;Epagri;;;2;False;diaria;48ca7231acd1057b_diario_derivado;;interna;horaria_agregada;soma
2018-09-08;0.0;24;True;0;84100000;chuva;Epagri;;;2;False;diaria;48ca7231acd1057b_diario_derivado;;interna;horaria_agregada;soma
2018-09-09;0.0;24;True;0;84100000;chuva;Epagri;;;2;False;diaria;48ca7231acd1057b_diario_derivado;;interna;horaria_agregada;soma
2018-09-10;7.0;24;True;0;84100000;chuva;Epagri;;;2;False;diaria;48ca7231acd1057b_diario_derivado;;interna;horaria_agregada;soma
2018-09-11;2.2;24;True;0;84100000;chuva;Epagri;;;2;False;diaria;48ca7231acd1057b_diario_derivado;;interna;horaria_agregada;soma
2018-09-12;14.2;24;True;0;84100000;chuva;Epagri;;;2;False;diaria;48ca7231acd1057b_diario_derivado;;interna;horaria_agregada;soma
2018-09-13;4.2;24;True;0;84100000;chuva;Epagri;;;2;False;diaria;48ca7231acd1057b_diario_derivado;;interna;horaria_agregada;soma
2018-09-14;9.0;24;True;0;84100000;chuva;Epagri;;;2;False;diaria;48ca7231acd1057b_diario_derivado;;interna;horaria_agregada;soma
2018-09-15;10.0;24;True;0;84100000;chuva;Epagri;;;2;False;diaria;48ca7231acd1057b_diario_derivado;;interna;horaria_agregada;soma
2018-09-16;13.0;24;True;0;84100000;chuva;Epagri;;;2;False;diaria;48ca7231acd1057b_diario_derivado;;interna;horaria_agregada;soma
2018-09-17;24.2;24;True;0;84100000;chuva;Epagri;;;2;False;diaria;48ca7231acd1057b_diario_derivado;;interna;horaria_agregada;soma
2018-09-18;1.4;24;True;0;84100000;chuva;Epagri;;;2;False;diaria;48ca7231acd1057b_diario_derivado;;interna;horaria_agregada;soma
2018-09-19;0.0;24;True;0;84100000;chuva;Epagri;;;2;False;diaria;48ca7231acd1057b_diario_derivado;;interna;horaria_agregada;soma
2018-09-20;0.0;24;True;0;84100000;chuva;Epagri;;;2;False;diaria;48ca7231acd1057b_diario_derivado;;interna;horaria_agregada;soma
2018-09-21;0.0;24;True;0;84100000;chuva;Epagri;;;2;False;diaria;48ca7231acd1057b_diario_derivado;;interna;horaria_agregada;soma
2018-09-22;0.0;24;True;0;84100000;chuva;Epagri;;;2;False;diaria;48ca7231acd1057b_diario_derivado;;interna;horaria_agregada;soma
2018-09-23;0.0;24;True;0;84100000;chuva;Epagri;;;2;False;diaria;48ca7231acd1057b_diario_derivado;;interna;horaria_agregada;soma
2018-09-24;0.0;24;True;0;84100000;chuva;Epagri;;;2;False;diaria;48ca7231acd1057b_diario_derivado;;interna;horaria_agregada;soma
2018-09-25;0.0;24;True;0;84100000;chuva;Epagri;;;2;False;diaria;48ca7231acd1057b_diario_derivado;;interna;horaria_agregada;soma
2018-09-26;0.2;24;True;0;84100000;chuva;Epagri;;;2;False;diaria;48ca7231acd1057b_diario_derivado;;interna;horaria_agregada;soma
2018-09-27;0.0;24;True;0;84100000;chuva;Epagri;;;2;False;diaria;48ca7231acd1057b_diario_derivado;;interna;horaria_agregada;soma
2018-09-28;5.0;24;True;0;84100000;chuva;Epagri;;;2;False;diaria;48ca7231acd1057b_diario_derivado;;interna;horaria_agregada;soma
2018-09-29;5.4;24;True;0;84100000;chuva;Epagri;;;2;False;diaria;48ca7231acd1057b_diario_derivado;;interna;horaria_agregada;soma
2018-09-30;0.0;24;True;0;84100000;chuva;Epagri;;;2;False;diaria;48ca7231acd1057b_diario_derivado;;interna;horaria_agregada;soma
2018-10-01;7.6;24;True;0;84100000;chuva;Epagri;;;2;False;diaria;48ca7231acd1057b_diario_derivado;;interna;horaria_agregada;soma
2018-10-02;12.4;24;True;0;84100000;chuva;Epagri;;;2;False;diaria;48ca7231acd1057b_diario_derivado;;interna;horaria_agregada;soma
2018-10-03;12.200000000000001;24;True;0;84100000;chuva;Epagri;;;2;False;diaria;48ca7231acd1057b_diario_derivado;;interna;horaria_agregada;soma
2018-10-04;0.0;24;True;0;84100000;chuva;Epagri;;;2;False;diaria;48ca7231acd1057b_diario_derivado;;interna;horaria_agregada;soma
2018-10-05;0.0;24;True;0;84100000;chuva;Epagri;;;2;False;diaria;48ca7231acd1057b_diario_derivado;;interna;horaria_agregada;soma
2018-10-06;0.0;24;True;0;84100000;chuva;Epagri;;;2;False;diaria;48ca7231acd1057b_diario_derivado;;interna;horaria_agregada;soma
2018-10-07;0.8;24;True;0;84100000;chuva;Epagri;;;2;False;diaria;48ca7231acd1057b_diario_derivado;;interna;horaria_agregada;soma
2018-10-08;3.0000000000000004;24;True;0;84100000;chuva;Epagri;;;2;False;diaria;48ca7231acd1057b_diario_derivado;;interna;horaria_agregada;soma
2018-10-09;3.4;24;True;0;84100000;chuva;Epagri;;;2;False;diaria;48ca7231acd1057b_diario_derivado;;interna;horaria_agregada;soma
2018-10-10;1.0;24;True;0;84100000;chuva;Epagri;;;2;False;diaria;48ca7231acd1057b_diario_derivado;;interna;horaria_agregada;soma
2018-10-11;0.0;24;True;0;84100000;chuva;Epagri;;;2;False;diaria;48ca7231acd1057b_diario_derivado;;interna;horaria_agregada;soma
2018-10-12;1.2;24;True;0;84100000;chuva;Epagri;;;2;False;diaria;48ca7231acd1057b_diario_derivado;;interna;horaria_agregada;soma
2018-10-13;3.0;24;True;0;84100000;chuva;Epagri;;;2;False;diaria;48ca7231acd1057b_diario_derivado;;interna;horaria_agregada;soma
2018-10-14;1.2;24;True;0;84100000;chuva;Epagri;;;2;False;diaria;48ca7231acd1057b_diario_derivado;;interna;horaria_agregada;soma
2018-10-15;0.2;24;True;0;84100000;chuva;Epagri;;;2;False;diaria;48ca7231acd1057b_diario_derivado;;interna;horaria_agregada;soma
2018-10-16;6.8;24;True;0;84100000;chuva;Epagri;;;2;False;diaria;48ca7231acd1057b_diario_derivado;;interna;horaria_agregada;soma
2018-10-17;5.8;24;True;0;84100000;chuva;Epagri;;;2;False;diaria;48ca7231acd1057b_diario_derivado;;interna;horaria_agregada;soma
2018-10-18;0.4;24;True;0;84100000;chuva;Epagri;;;2;False;diaria;48ca7231acd1057b_diario_derivado;;interna;horaria_agregada;soma
2018-10-19;0.0;24;True;0;84100000;chuva;Epagri;;;2;False;diaria;48ca7231acd1057b_diario_derivado;;interna;horaria_agregada;soma
2018-10-20;0.0;24;True;0;84100000;chuva;Epagri;;;2;False;diaria;48ca7231acd1057b_diario_derivado;;interna;horaria_agregada;soma
2018-10-21;0.0;24;True;0;84100000;chuva;Epagri;;;2;False;diaria;48ca7231acd1057b_diario_derivado;;interna;horaria_agregada;soma
2018-10-22;0.0;24;True;0;84100000;chuva;Epagri;;;2;False;diaria;48ca7231acd1057b_diario_derivado;;interna;horaria_agregada;soma
2018-10-23;0.7999999999999999;24;True;0;84100000;chuva;Epagri;;;2;False;diaria;48ca7231acd1057b_diario_derivado;;interna;horaria_agregada;soma
2018-10-24;0.6000000000000001;24;True;0;84100000;chuva;Epagri;;;2;False;diaria;48ca7231acd1057b_diario_derivado;;interna;horaria_agregada;soma
2018-10-25;17.6;24;True;0;84100000;chuva;Epagri;;;2;False;diaria;48ca7231acd1057b_diario_derivado;;interna;horaria_agregada;soma
2018-10-26;29.400000000000002;24;True;0;84100000;chuva;Epagri;;;2;False;diaria;48ca7231acd1057b_diario_derivado;;interna;horaria_agregada;soma
2018-10-27;0.4;24;True;0;84100000;chuva;Epagri;;;2;False;diaria;48ca7231acd1057b_diario_derivado;;interna;horaria_agregada;soma
2018-10-28;0.0;24;True;0;84100000;chuva;Epagri;;;2;False;diaria;48ca7231acd1057b_diario_derivado;;interna;horaria_agregada;soma
2018-10-29;0.0;24;True;0;84100000;chuva;Epagri;;;2;False;diaria;48ca7231acd1057b_diario_derivado;;interna;horaria_agregada;soma
2018-10-30;0.0;24;True;0;84100000;chuva;Epagri;;;2;False;diaria;48ca7231acd1057b_diario_derivado;;interna;horaria_agregada;soma
2018-10-31;25.6;24;True;0;84100000;chuva;Epagri;;;2;False;diaria;48ca7231acd1057b_diario_derivado;;interna;horaria_agregada;soma
2018-11-01;1.8;24;True;0;84100000;chuva;Epagri;;;2;False;diaria;48ca7231acd1057b_diario_derivado;;interna;horaria_agregada;soma
2018-11-02;0.0;24;True;0;84100000;chuva;Epagri;;;2;False;diaria;48ca7231acd1057b_diario_derivado;;interna;horaria_agregada;soma
2018-11-03;17.799999999999997;24;True;0;84100000;chuva;Epagri;;;2;False;diaria;48ca7231acd1057b_diario_derivado;;interna;horaria_agregada;soma
2018-11-04;0.4;24;True;0;84100000;chuva;Epagri;;;2;False;diaria;48ca7231acd1057b_diario_derivado;;interna;horaria_agregada;soma
2018-11-05;0.6000000000000001;24;True;0;84100000;chuva;Epagri;;;2;False;diaria;48ca7231acd1057b_diario_derivado;;interna;horaria_agregada;soma
2018-11-06;0.0;24;True;0;84100000;chuva;Epagri;;;2;False;diaria;48ca7231acd1057b_diario_derivado;;interna;horaria_agregada;soma
2018-11-07;0.2;24;True;0;84100000;chuva;Epagri;;;2;False;diaria;48ca7231acd1057b_diario_derivado;;interna;horaria_agregada;soma
2018-11-08;2.4;24;True;0;84100000;chuva;Epagri;;;2;False;diaria;48ca7231acd1057b_diario_derivado;;interna;horaria_agregada;soma
2018-11-09;12.4;24;True;0;84100000;chuva;Epagri;;;2;False;diaria;48ca7231acd1057b_diario_derivado;;interna;horaria_agregada;soma
2018-11-10;15.4;24;True;0;84100000;chuva;Epagri;;;2;False;diaria;48ca7231acd1057b_diario_derivado;;interna;horaria_agregada;soma
2018-11-11;0.6000000000000001;24;True;0;84100000;chuva;Epagri;;;2;False;diaria;48ca7231acd1057b_diario_derivado;;interna;horaria_agregada;soma
2018-11-12;0.6000000000000001;24;True;0;84100000;chuva;Epagri;;;2;False;diaria;48ca7231acd1057b_diario_derivado;;interna;horaria_agregada;soma
2018-11-13;1.2000000000000002;24;True;0;84100000;chuva;Epagri;;;2;False;diaria;48ca7231acd1057b_diario_derivado;;interna;horaria_agregada;soma
2018-11-14;0.0;24;True;0;84100000;chuva;Epagri;;;2;False;diaria;48ca7231acd1057b_diario_derivado;;interna;horaria_agregada;soma
2018-11-15;0.0;24;True;0;84100000;chuva;Epagri;;;2;False;diaria;48ca7231acd1057b_diario_derivado;;interna;horaria_agregada;soma
2018-11-16;0.0;24;True;0;84100000;chuva;Epagri;;;2;False;diaria;48ca7231acd1057b_diario_derivado;;interna;horaria_agregada;soma
2018-11-17;0.0;24;True;0;84100000;chuva;Epagri;;;2;False;diaria;48ca7231acd1057b_diario_derivado;;interna;horaria_agregada;soma
2018-11-18;21.0;24;True;0;84100000;chuva;Epagri;;;2;False;diaria;48ca7231acd1057b_diario_derivado;;interna;horaria_agregada;soma
2018-11-19;0.2;24;True;0;84100000;chuva;Epagri;;;2;False;diaria;48ca7231acd1057b_diario_derivado;;interna;horaria_agregada;soma
2018-11-20;0.0;24;True;0;84100000;chuva;Epagri;;;2;False;diaria;48ca7231acd1057b_diario_derivado;;interna;horaria_agregada;soma
2018-11-21;0.0;24;True;0;84100000;chuva;Epagri;;;2;False;diaria;48ca7231acd1057b_diario_derivado;;interna;horaria_agregada;soma
2018-11-22;0.4;24;True;0;84100000;chuva;Epagri;;;2;False;diaria;48ca7231acd1057b_diario_derivado;;interna;horaria_agregada;soma
2018-11-23;11.2;24;True;0;84100000;chuva;Epagri;;;2;False;diaria;48ca7231acd1057b_diario_derivado;;interna;horaria_agregada;soma
2018-11-24;7.6000000000000005;24;True;0;84100000;chuva;Epagri;;;2;False;diaria;48ca7231acd1057b_diario_derivado;;interna;horaria_agregada;soma
2018-11-25;0.2;24;True;0;84100000;chuva;Epagri;;;2;False;diaria;48ca7231acd1057b_diario_derivado;;interna;horaria_agregada;soma
2018-11-26;0.0;24;True;0;84100000;chuva;Epagri;;;2;False;diaria;48ca7231acd1057b_diario_derivado;;interna;horaria_agregada;soma
2018-11-27;6.0;24;True;0;84100000;chuva;Epagri;;;2;False;diaria;48ca7231acd1057b_diario_derivado;;interna;horaria_agregada;soma
2018-11-28;2.8;24;True;0;84100000;chuva;Epagri;;;2;False;diaria;48ca7231acd1057b_diario_derivado;;interna;horaria_agregada;soma
2018-11-29;9.8;24;True;0;84100000;chuva;Epagri;;;2;False;diaria;48ca7231acd1057b_diario_derivado;;interna;horaria_agregada;soma
2018-11-30;35.199999999999996;24;True;0;84100000;chuva;Epagri;;;2;False;diaria;48ca7231acd1057b_diario_derivado;;interna;horaria_agregada;soma
2018-12-01;19.0;24;True;0;84100000;chuva;Epagri;;;2;False;diaria;48ca7231acd1057b_diario_derivado;;interna;horaria_agregada;soma
2018-12-02;0.2;24;True;0;84100000;chuva;Epagri;;;2;False;diaria;48ca7231acd1057b_diario_derivado;;interna;horaria_agregada;soma
2018-12-03;0.0;24;True;0;84100000;chuva;Epagri;;;2;False;diaria;48ca7231acd1057b_diario_derivado;;interna;horaria_agregada;soma
2018-12-04;0.0;24;True;0;84100000;chuva;Epagri;;;2;False;diaria;48ca7231acd1057b_diario_derivado;;interna;horaria_agregada;soma
2018-12-05;0.0;24;True;0;84100000;chuva;Epagri;;;2;False;diaria;48ca7231acd1057b_diario_derivado;;interna;horaria_agregada;soma
2018-12-06;0.0;24;True;0;84100000;chuva;Epagri;;;2;False;diaria;48ca7231acd1057b_diario_derivado;;interna;horaria_agregada;soma
2018-12-07;0.0;24;True;0;84100000;chuva;Epagri;;;2;False;diaria;48ca7231acd1057b_diario_derivado;;interna;horaria_agregada;soma
2018-12-08;0.0;24;True;0;84100000;chuva;Epagri;;;2;False;diaria;48ca7231acd1057b_diario_derivado;;interna;horaria_agregada;soma
2018-12-09;0.0;24;True;0;84100000;chuva;Epagri;;;2;False;diaria;48ca7231acd1057b_diario_derivado;;interna;horaria_agregada;soma
2018-12-10;0.0;24;True;0;84100000;chuva;Epagri;;;2;False;diaria;48ca7231acd1057b_diario_derivado;;interna;horaria_agregada;soma
2018-12-11;0.0;24;True;0;84100000;chuva;Epagri;;;2;False;diaria;48ca7231acd1057b_diario_derivado;;interna;horaria_agregada;soma
2018-12-12;6.2;24;True;0;84100000;chuva;Epagri;;;2;False;diaria;48ca7231acd1057b_diario_derivado;;interna;horaria_agregada;soma
2018-12-13;5.6;24;True;0;84100000;chuva;Epagri;;;2;False;diaria;48ca7231acd1057b_diario_derivado;;interna;horaria_agregada;soma
2018-12-14;10.4;24;True;0;84100000;chuva;Epagri;;;2;False;diaria;48ca7231acd1057b_diario_derivado;;interna;horaria_agregada;soma
2018-12-15;9.6;24;True;0;84100000;chuva;Epagri;;;2;False;diaria;48ca7231acd1057b_diario_derivado;;interna;horaria_agregada;soma
2018-12-16;1.2000000000000002;24;True;0;84100000;chuva;Epagri;;;2;False;diaria;48ca7231acd1057b_diario_derivado;;interna;horaria_agregada;soma
2018-12-17;3.4000000000000004;24;True;0;84100000;chuva;Epagri;;;2;False;diaria;48ca7231acd1057b_diario_derivado;;interna;horaria_agregada;soma
2018-12-18;7.4;24;True;0;84100000;chuva;Epagri;;;2;False;diaria;48ca7231acd1057b_diario_derivado;;interna;horaria_agregada;soma
2018-12-19;4.0;24;True;0;84100000;chuva;Epagri;;;2;False;diaria;48ca7231acd1057b_diario_derivado;;interna;horaria_agregada;soma
2018-12-20;5.2;24;True;0;84100000;chuva;Epagri;;;2;False;diaria;48ca7231acd1057b_diario_derivado;;interna;horaria_agregada;soma
2018-12-21;19.2;24;True;0;84100000;chuva;Epagri;;;2;False;diaria;48ca7231acd1057b_diario_derivado;;interna;horaria_agregada;soma
2018-12-22;37.400000000000006;24;True;0;84100000;chuva;Epagri;;;2;False;diaria;48ca7231acd1057b_diario_derivado;;interna;horaria_agregada;soma
2018-12-23;11.4;24;True;0;84100000;chuva;Epagri;;;2;False;diaria;48ca7231acd1057b_diario_derivado;;interna;horaria_agregada;soma
2018-12-24;0.0;24;True;0;84100000;chuva;Epagri;;;2;False;diaria;48ca7231acd1057b_diario_derivado;;interna;horaria_agregada;soma
2018-12-25;0.0;24;True;0;84100000;chuva;Epagri;;;2;False;diaria;48ca7231acd1057b_diario_derivado;;interna;horaria_agregada;soma
2018-12-26;3.2;24;True;0;84100000;chuva;Epagri;;;2;False;diaria;48ca7231acd1057b_diario_derivado;;interna;horaria_agregada;soma
2018-12-27;5.8;24;True;0;84100000;chuva;Epagri;;;2;False;diaria;48ca7231acd1057b_diario_derivado;;interna;horaria_agregada;soma
2018-12-28;0.0;24;True;0;84100000;chuva;Epagri;;;2;False;diaria;48ca7231acd1057b_diario_derivado;;interna;horaria_agregada;soma
2018-12-29;0.4;24;True;0;84100000;chuva;Epagri;;;2;False;diaria;48ca7231acd1057b_diario_derivado;;interna;horaria_agregada;soma
2018-12-30;1.2;24;True;0;84100000;chuva;Epagri;;;2;False;diaria;48ca7231acd1057b_diario_derivado;;interna;horaria_agregada;soma
2018-12-31;0.0;24;True;0;84100000;chuva;Epagri;;;2;False;diaria;48ca7231acd1057b_diario_derivado;;interna;horaria_agregada;soma
2019-01-01;0.0;24;True;0;84100000;chuva;Epagri;;;2;False;diaria;48ca7231acd1057b_diario_derivado;;interna;horaria_agregada;soma
2019-01-02;0.0;24;True;0;84100000;chuva;Epagri;;;2;False;diaria;48ca7231acd1057b_diario_derivado;;interna;horaria_agregada;soma
2019-01-03;1.6;24;True;0;84100000;chuva;Epagri;;;2;False;diaria;48ca7231acd1057b_diario_derivado;;interna;horaria_agregada;soma
2019-01-04;2.8;24;True;0;84100000;chuva;Epagri;;;2;False;diaria;48ca7231acd1057b_diario_derivado;;interna;horaria_agregada;soma
2019-01-05;0.2;24;True;0;84100000;chuva;Epagri;;;2;False;diaria;48ca7231acd1057b_diario_derivado;;interna;horaria_agregada;soma
2019-01-06;0.0;24;True;0;84100000;chuva;Epagri;;;2;False;diaria;48ca7231acd1057b_diario_derivado;;interna;horaria_agregada;soma
2019-01-07;0.8;24;True;0;84100000;chuva;Epagri;;;2;False;diaria;48ca7231acd1057b_diario_derivado;;interna;horaria_agregada;soma
2019-01-08;0.4;24;True;0;84100000;chuva;Epagri;;;2;False;diaria;48ca7231acd1057b_diario_derivado;;interna;horaria_agregada;soma
2019-01-09;0.2;24;True;0;84100000;chuva;Epagri;;;2;False;diaria;48ca7231acd1057b_diario_derivado;;interna;horaria_agregada;soma
2019-01-10;5.2;24;True;0;84100000;chuva;Epagri;;;2;False;diaria;48ca7231acd1057b_diario_derivado;;interna;horaria_agregada;soma
2019-01-11;2.0;24;True;0;84100000;chuva;Epagri;;;2;False;diaria;48ca7231acd1057b_diario_derivado;;interna;horaria_agregada;soma
2019-01-12;0.2;24;True;0;84100000;chuva;Epagri;;;2;False;diaria;48ca7231acd1057b_diario_derivado;;interna;horaria_agregada;soma
2019-01-13;10.200000000000001;24;True;0;84100000;chuva;Epagri;;;2;False;diaria;48ca7231acd1057b_diario_derivado;;interna;horaria_agregada;soma
2019-01-14;23.6;24;True;0;84100000;chuva;Epagri;;;2;False;diaria;48ca7231acd1057b_diario_derivado;;interna;horaria_agregada;soma
2019-01-15;1.7999999999999998;24;True;0;84100000;chuva;Epagri;;;2;False;diaria;48ca7231acd1057b_diario_derivado;;interna;horaria_agregada;soma
2019-01-16;33.0;24;True;0;84100000;chuva;Epagri;;;2;False;diaria;48ca7231acd1057b_diario_derivado;;interna;horaria_agregada;soma
2019-01-17;26.8;24;True;0;84100000;chuva;Epagri;;;2;False;diaria;48ca7231acd1057b_diario_derivado;;interna;horaria_agregada;soma
2019-01-18;2.0;24;True;0;84100000;chuva;Epagri;;;2;False;diaria;48ca7231acd1057b_diario_derivado;;interna;horaria_agregada;soma
2019-01-19;9.6;24;True;0;84100000;chuva;Epagri;;;2;False;diaria;48ca7231acd1057b_diario_derivado;;interna;horaria_agregada;soma
2019-01-20;1.4;24;True;0;84100000;chuva;Epagri;;;2;False;diaria;48ca7231acd1057b_diario_derivado;;interna;horaria_agregada;soma
2019-01-21;0.2;24;True;0;84100000;chuva;Epagri;;;2;False;diaria;48ca7231acd1057b_diario_derivado;;interna;horaria_agregada;soma
2019-01-22;0.0;24;True;0;84100000;chuva;Epagri;;;2;False;diaria;48ca7231acd1057b_diario_derivado;;interna;horaria_agregada;soma
2019-01-23;2.8;24;True;0;84100000;chuva;Epagri;;;2;False;diaria;48ca7231acd1057b_diario_derivado;;interna;horaria_agregada;soma
2019-01-24;5.4;24;True;0;84100000;chuva;Epagri;;;2;False;diaria;48ca7231acd1057b_diario_derivado;;interna;horaria_agregada;soma
2019-01-25;0.2;24;True;0;84100000;chuva;Epagri;;;2;False;diaria;48ca7231acd1057b_diario_derivado;;interna;horaria_agregada;soma
2019-01-26;0.2;24;True;0;84100000;chuva;Epagri;;;2;False;diaria;48ca7231acd1057b_diario_derivado;;interna;horaria_agregada;soma
2019-01-27;0.4;24;True;0;84100000;chuva;Epagri;;;2;False;diaria;48ca7231acd1057b_diario_derivado;;interna;horaria_agregada;soma
2019-01-28;0.0;24;True;0;84100000;chuva;Epagri;;;2;False;diaria;48ca7231acd1057b_diario_derivado;;interna;horaria_agregada;soma
2019-01-29;3.0;24;True;0;84100000;chuva;Epagri;;;2;False;diaria;48ca7231acd1057b_diario_derivado;;interna;horaria_agregada;soma
2019-01-30;0.2;24;True;0;84100000;chuva;Epagri;;;2;False;diaria;48ca7231acd1057b_diario_derivado;;interna;horaria_agregada;soma
2019-01-31;37.6;24;True;0;84100000;chuva;Epagri;;;2;False;diaria;48ca7231acd1057b_diario_derivado;;interna;horaria_agregada;soma
2019-02-01;23.8;24;True;0;84100000;chuva;Epagri;;;2;False;diaria;48ca7231acd1057b_diario_derivado;;interna;horaria_agregada;soma
2019-02-02;32.6;24;True;0;84100000;chuva;Epagri;;;2;False;diaria;48ca7231acd1057b_diario_derivado;;interna;horaria_agregada;soma
2019-02-03;2.2;24;True;0;84100000;chuva;Epagri;;;2;False;diaria;48ca7231acd1057b_diario_derivado;;interna;horaria_agregada;soma
2019-02-04;0.2;24;True;0;84100000;chuva;Epagri;;;2;False;diaria;48ca7231acd1057b_diario_derivado;;interna;horaria_agregada;soma
2019-02-05;0.0;24;True;0;84100000;chuva;Epagri;;;2;False;diaria;48ca7231acd1057b_diario_derivado;;interna;horaria_agregada;soma
2019-02-06;0.0;24;True;0;84100000;chuva;Epagri;;;2;False;diaria;48ca7231acd1057b_diario_derivado;;interna;horaria_agregada;soma
2019-02-07;0.0;24;True;0;84100000;chuva;Epagri;;;2;False;diaria;48ca7231acd1057b_diario_derivado;;interna;horaria_agregada;soma
2019-02-08;1.0;24;True;0;84100000;chuva;Epagri;;;2;False;diaria;48ca7231acd1057b_diario_derivado;;interna;horaria_agregada;soma
2019-02-09;0.0;24;True;0;84100000;chuva;Epagri;;;2;False;diaria;48ca7231acd1057b_diario_derivado;;interna;horaria_agregada;soma
2019-02-10;0.0;24;True;0;84100000;chuva;Epagri;;;2;False;diaria;48ca7231acd1057b_diario_derivado;;interna;horaria_agregada;soma
2019-02-11;0.0;24;True;0;84100000;chuva;Epagri;;;2;False;diaria;48ca7231acd1057b_diario_derivado;;interna;horaria_agregada;soma
2019-02-12;2.4000000000000004;24;True;0;84100000;chuva;Epagri;;;2;False;diaria;48ca7231acd1057b_diario_derivado;;interna;horaria_agregada;soma
2019-02-13;0.0;24;True;0;84100000;chuva;Epagri;;;2;False;diaria;48ca7231acd1057b_diario_derivado;;interna;horaria_agregada;soma
2019-02-14;0.0;24;True;0;84100000;chuva;Epagri;;;2;False;diaria;48ca7231acd1057b_diario_derivado;;interna;horaria_agregada;soma
2019-02-15;11.2;24;True;0;84100000;chuva;Epagri;;;2;False;diaria;48ca7231acd1057b_diario_derivado;;interna;horaria_agregada;soma
2019-02-16;7.4;24;True;0;84100000;chuva;Epagri;;;2;False;diaria;48ca7231acd1057b_diario_derivado;;interna;horaria_agregada;soma
2019-02-17;110.0;24;True;0;84100000;chuva;Epagri;;;2;False;diaria;48ca7231acd1057b_diario_derivado;;interna;horaria_agregada;soma
2019-02-18;2.2;24;True;0;84100000;chuva;Epagri;;;2;False;diaria;48ca7231acd1057b_diario_derivado;;interna;horaria_agregada;soma
2019-02-19;5.4;24;True;0;84100000;chuva;Epagri;;;2;False;diaria;48ca7231acd1057b_diario_derivado;;interna;horaria_agregada;soma
2019-02-20;0.2;24;True;0;84100000;chuva;Epagri;;;2;False;diaria;48ca7231acd1057b_diario_derivado;;interna;horaria_agregada;soma
2019-02-21;0.0;24;True;0;84100000;chuva;Epagri;;;2;False;diaria;48ca7231acd1057b_diario_derivado;;interna;horaria_agregada;soma
2019-02-22;0.0;24;True;0;84100000;chuva;Epagri;;;2;False;diaria;48ca7231acd1057b_diario_derivado;;interna;horaria_agregada;soma
2019-02-23;0.0;24;True;0;84100000;chuva;Epagri;;;2;False;diaria;48ca7231acd1057b_diario_derivado;;interna;horaria_agregada;soma
2019-02-24;21.799999999999997;24;True;0;84100000;chuva;Epagri;;;2;False;diaria;48ca7231acd1057b_diario_derivado;;interna;horaria_agregada;soma
2019-02-25;19.6;24;True;0;84100000;chuva;Epagri;;;2;False;diaria;48ca7231acd1057b_diario_derivado;;interna;horaria_agregada;soma
2019-02-26;0.6000000000000001;24;True;0;84100000;chuva;Epagri;;;2;False;diaria;48ca7231acd1057b_diario_derivado;;interna;horaria_agregada;soma
2019-02-27;0.6000000000000001;24;True;0;84100000;chuva;Epagri;;;2;False;diaria;48ca7231acd1057b_diario_derivado;;interna;horaria_agregada;soma
2019-02-28;0.2;24;True;0;84100000;chuva;Epagri;;;2;False;diaria;48ca7231acd1057b_diario_derivado;;interna;horaria_agregada;soma
2019-03-01;0.2;24;True;0;84100000;chuva;Epagri;;;2;False;diaria;48ca7231acd1057b_diario_derivado;;interna;horaria_agregada;soma
2019-03-02;0.0;24;True;0;84100000;chuva;Epagri;;;2;False;diaria;48ca7231acd1057b_diario_derivado;;interna;horaria_agregada;soma
2019-03-03;0.0;24;True;0;84100000;chuva;Epagri;;;2;False;diaria;48ca7231acd1057b_diario_derivado;;interna;horaria_agregada;soma
2019-03-04;3.8000000000000003;24;True;0;84100000;chuva;Epagri;;;2;False;diaria;48ca7231acd1057b_diario_derivado;;interna;horaria_agregada;soma
2019-03-05;0.8;24;True;0;84100000;chuva;Epagri;;;2;False;diaria;48ca7231acd1057b_diario_derivado;;interna;horaria_agregada;soma
2019-03-06;2.0;24;True;0;84100000;chuva;Epagri;;;2;False;diaria;48ca7231acd1057b_diario_derivado;;interna;horaria_agregada;soma
2019-03-07;1.7999999999999998;24;True;0;84100000;chuva;Epagri;;;2;False;diaria;48ca7231acd1057b_diario_derivado;;interna;horaria_agregada;soma
2019-03-08;15.600000000000001;24;True;0;84100000;chuva;Epagri;;;2;False;diaria;48ca7231acd1057b_diario_derivado;;interna;horaria_agregada;soma
2019-03-09;14.8;24;True;0;84100000;chuva;Epagri;;;2;False;diaria;48ca7231acd1057b_diario_derivado;;interna;horaria_agregada;soma
2019-03-10;0.0;24;True;0;84100000;chuva;Epagri;;;2;False;diaria;48ca7231acd1057b_diario_derivado;;interna;horaria_agregada;soma
2019-03-11;1.4;24;True;0;84100000;chuva;Epagri;;;2;False;diaria;48ca7231acd1057b_diario_derivado;;interna;horaria_agregada;soma
2019-03-12;16.2;24;True;0;84100000;chuva;Epagri;;;2;False;diaria;48ca7231acd1057b_diario_derivado;;interna;horaria_agregada;soma
2019-03-13;1.0;24;True;0;84100000;chuva;Epagri;;;2;False;diaria;48ca7231acd1057b_diario_derivado;;interna;horaria_agregada;soma
2019-03-14;36.6;24;True;0;84100000;chuva;Epagri;;;2;False;diaria;48ca7231acd1057b_diario_derivado;;interna;horaria_agregada;soma
2019-03-15;0.2;24;True;0;84100000;chuva;Epagri;;;2;False;diaria;48ca7231acd1057b_diario_derivado;;interna;horaria_agregada;soma
2019-03-16;0.0;24;True;0;84100000;chuva;Epagri;;;2;False;diaria;48ca7231acd1057b_diario_derivado;;interna;horaria_agregada;soma
2019-03-17;0.4;24;True;0;84100000;chuva;Epagri;;;2;False;diaria;48ca7231acd1057b_diario_derivado;;interna;horaria_agregada;soma
2019-03-18;9.2;24;True;0;84100000;chuva;Epagri;;;2;False;diaria;48ca7231acd1057b_diario_derivado;;interna;horaria_agregada;soma
2019-03-19;2.4;24;True;0;84100000;chuva;Epagri;;;2;False;diaria;48ca7231acd1057b_diario_derivado;;interna;horaria_agregada;soma
2019-03-20;1.0;24;True;0;84100000;chuva;Epagri;;;2;False;diaria;48ca7231acd1057b_diario_derivado;;interna;horaria_agregada;soma
2019-03-21;0.0;24;True;0;84100000;chuva;Epagri;;;2;False;diaria;48ca7231acd1057b_diario_derivado;;interna;horaria_agregada;soma
2019-03-22;4.0;24;True;0;84100000;chuva;Epagri;;;2;False;diaria;48ca7231acd1057b_diario_derivado;;interna;horaria_agregada;soma
2019-03-23;0.6000000000000001;24;True;0;84100000;chuva;Epagri;;;2;False;diaria;48ca7231acd1057b_diario_derivado;;interna;horaria_agregada;soma
2019-03-24;0.0;24;True;0;84100000;chuva;Epagri;;;2;False;diaria;48ca7231acd1057b_diario_derivado;;interna;horaria_agregada;soma
2019-03-25;0.4;24;True;0;84100000;chuva;Epagri;;;2;False;diaria;48ca7231acd1057b_diario_derivado;;interna;horaria_agregada;soma
2019-03-26;1.2;24;True;0;84100000;chuva;Epagri;;;2;False;diaria;48ca7231acd1057b_diario_derivado;;interna;horaria_agregada;soma
2019-03-27;0.2;24;True;0;84100000;chuva;Epagri;;;2;False;diaria;48ca7231acd1057b_diario_derivado;;interna;horaria_agregada;soma
2019-03-28;0.0;24;True;0;84100000;chuva;Epagri;;;2;False;diaria;48ca7231acd1057b_diario_derivado;;interna;horaria_agregada;soma
2019-03-29;8.8;24;True;0;84100000;chuva;Epagri;;;2;False;diaria;48ca7231acd1057b_diario_derivado;;interna;horaria_agregada;soma
2019-03-30;0.2;24;True;0;84100000;chuva;Epagri;;;2;False;diaria;48ca7231acd1057b_diario_derivado;;interna;horaria_agregada;soma
2019-03-31;3.8000000000000003;24;True;0;84100000;chuva;Epagri;;;2;False;diaria;48ca7231acd1057b_diario_derivado;;interna;horaria_agregada;soma
2019-04-01;0.4;24;True;0;84100000;chuva;Epagri;;;2;False;diaria;48ca7231acd1057b_diario_derivado;;interna;horaria_agregada;soma
2019-04-02;0.0;24;True;0;84100000;chuva;Epagri;;;2;False;diaria;48ca7231acd1057b_diario_derivado;;interna;horaria_agregada;soma
2019-04-03;0.0;24;True;0;84100000;chuva;Epagri;;;2;False;diaria;48ca7231acd1057b_diario_derivado;;interna;horaria_agregada;soma
2019-04-04;0.0;24;True;0;84100000;chuva;Epagri;;;2;False;diaria;48ca7231acd1057b_diario_derivado;;interna;horaria_agregada;soma
2019-04-05;1.6;24;True;0;84100000;chuva;Epagri;;;2;False;diaria;48ca7231acd1057b_diario_derivado;;interna;horaria_agregada;soma
2019-04-06;29.0;24;True;0;84100000;chuva;Epagri;;;2;False;diaria;48ca7231acd1057b_diario_derivado;;interna;horaria_agregada;soma
2019-04-07;31.4;24;True;0;84100000;chuva;Epagri;;;2;False;diaria;48ca7231acd1057b_diario_derivado;;interna;horaria_agregada;soma
2019-04-08;0.2;24;True;0;84100000;chuva;Epagri;;;2;False;diaria;48ca7231acd1057b_diario_derivado;;interna;horaria_agregada;soma
2019-04-09;0.0;24;True;0;84100000;chuva;Epagri;;;2;False;diaria;48ca7231acd1057b_diario_derivado;;interna;horaria_agregada;soma
2019-04-10;0.0;24;True;0;84100000;chuva;Epagri;;;2;False;diaria;48ca7231acd1057b_diario_derivado;;interna;horaria_agregada;soma
2019-04-11;0.0;24;True;0;84100000;chuva;Epagri;;;2;False;diaria;48ca7231acd1057b_diario_derivado;;interna;horaria_agregada;soma
2019-04-12;0.0;24;True;0;84100000;chuva;Epagri;;;2;False;diaria;48ca7231acd1057b_diario_derivado;;interna;horaria_agregada;soma
2019-04-13;0.0;24;True;0;84100000;chuva;Epagri;;;2;False;diaria;48ca7231acd1057b_diario_derivado;;interna;horaria_agregada;soma
2019-04-14;10.8;24;True;0;84100000;chuva;Epagri;;;2;False;diaria;48ca7231acd1057b_diario_derivado;;interna;horaria_agregada;soma
2019-04-15;0.2;24;True;0;84100000;chuva;Epagri;;;2;False;diaria;48ca7231acd1057b_diario_derivado;;interna;horaria_agregada;soma
2019-04-16;13.6;24;True;0;84100000;chuva;Epagri;;;2;False;diaria;48ca7231acd1057b_diario_derivado;;interna;horaria_agregada;soma
2019-04-17;0.2;24;True;0;84100000;chuva;Epagri;;;2;False;diaria;48ca7231acd1057b_diario_derivado;;interna;horaria_agregada;soma
2019-04-18;0.0;24;True;0;84100000;chuva;Epagri;;;2;False;diaria;48ca7231acd1057b_diario_derivado;;interna;horaria_agregada;soma
2019-04-19;0.0;24;True;0;84100000;chuva;Epagri;;;2;False;diaria;48ca7231acd1057b_diario_derivado;;interna;horaria_agregada;soma
2019-04-20;0.0;24;True;0;84100000;chuva;Epagri;;;2;False;diaria;48ca7231acd1057b_diario_derivado;;interna;horaria_agregada;soma
2019-04-21;0.0;24;True;0;84100000;chuva;Epagri;;;2;False;diaria;48ca7231acd1057b_diario_derivado;;interna;horaria_agregada;soma
2019-04-22;0.8;24;True;0;84100000;chuva;Epagri;;;2;False;diaria;48ca7231acd1057b_diario_derivado;;interna;horaria_agregada;soma
2019-04-23;0.0;24;True;0;84100000;chuva;Epagri;;;2;False;diaria;48ca7231acd1057b_diario_derivado;;interna;horaria_agregada;soma
2019-04-24;0.2;24;True;0;84100000;chuva;Epagri;;;2;False;diaria;48ca7231acd1057b_diario_derivado;;interna;horaria_agregada;soma
2019-04-25;4.6;24;True;0;84100000;chuva;Epagri;;;2;False;diaria;48ca7231acd1057b_diario_derivado;;interna;horaria_agregada;soma
2019-04-26;3.2;24;True;0;84100000;chuva;Epagri;;;2;False;diaria;48ca7231acd1057b_diario_derivado;;interna;horaria_agregada;soma
2019-04-27;0.6000000000000001;24;True;0;84100000;chuva;Epagri;;;2;False;diaria;48ca7231acd1057b_diario_derivado;;interna;horaria_agregada;soma
2019-04-28;2.8000000000000003;24;True;0;84100000;chuva;Epagri;;;2;False;diaria;48ca7231acd1057b_diario_derivado;;interna;horaria_agregada;soma
2019-04-29;0.2;24;True;0;84100000;chuva;Epagri;;;2;False;diaria;48ca7231acd1057b_diario_derivado;;interna;horaria_agregada;soma
2019-04-30;0.2;24;True;0;84100000;chuva;Epagri;;;2;False;diaria;48ca7231acd1057b_diario_derivado;;interna;horaria_agregada;soma
2019-05-01;0.0;24;True;0;84100000;chuva;Epagri;;;2;False;diaria;48ca7231acd1057b_diario_derivado;;interna;horaria_agregada;soma
2019-05-02;0.0;24;True;0;84100000;chuva;Epagri;;;2;False;diaria;48ca7231acd1057b_diario_derivado;;interna;horaria_agregada;soma
2019-05-03;0.0;24;True;0;84100000;chuva;Epagri;;;2;False;diaria;48ca7231acd1057b_diario_derivado;;interna;horaria_agregada;soma
2019-05-04;0.0;24;True;0;84100000;chuva;Epagri;;;2;False;diaria;48ca7231acd1057b_diario_derivado;;interna;horaria_agregada;soma
2019-05-05;0.0;24;True;0;84100000;chuva;Epagri;;;2;False;diaria;48ca7231acd1057b_diario_derivado;;interna;horaria_agregada;soma
2019-05-06;5.2;24;True;0;84100000;chuva;Epagri;;;2;False;diaria;48ca7231acd1057b_diario_derivado;;interna;horaria_agregada;soma
2019-05-07;0.0;24;True;0;84100000;chuva;Epagri;;;2;False;diaria;48ca7231acd1057b_diario_derivado;;interna;horaria_agregada;soma
2019-05-08;0.0;24;True;0;84100000;chuva;Epagri;;;2;False;diaria;48ca7231acd1057b_diario_derivado;;interna;horaria_agregada;soma
2019-05-09;1.0;24;True;0;84100000;chuva;Epagri;;;2;False;diaria;48ca7231acd1057b_diario_derivado;;interna;horaria_agregada;soma
2019-05-10;0.0;24;True;0;84100000;chuva;Epagri;;;2;False;diaria;48ca7231acd1057b_diario_derivado;;interna;horaria_agregada;soma
2019-05-11;33.2;24;True;0;84100000;chuva;Epagri;;;2;False;diaria;48ca7231acd1057b_diario_derivado;;interna;horaria_agregada;soma
2019-05-12;0.2;24;True;0;84100000;chuva;Epagri;;;2;False;diaria;48ca7231acd1057b_diario_derivado;;interna;horaria_agregada;soma
2019-05-13;22.2;24;True;0;84100000;chuva;Epagri;;;2;False;diaria;48ca7231acd1057b_diario_derivado;;interna;horaria_agregada;soma
2019-05-14;1.4;24;True;0;84100000;chuva;Epagri;;;2;False;diaria;48ca7231acd1057b_diario_derivado;;interna;horaria_agregada;soma
2019-05-15;12.2;24;True;0;84100000;chuva;Epagri;;;2;False;diaria;48ca7231acd1057b_diario_derivado;;interna;horaria_agregada;soma
2019-05-16;3.2;24;True;0;84100000;chuva;Epagri;;;2;False;diaria;48ca7231acd1057b_diario_derivado;;interna;horaria_agregada;soma
2019-05-17;1.0;24;True;0;84100000;chuva;Epagri;;;2;False;diaria;48ca7231acd1057b_diario_derivado;;interna;horaria_agregada;soma
2019-05-18;15.2;24;True;0;84100000;chuva;Epagri;;;2;False;diaria;48ca7231acd1057b_diario_derivado;;interna;horaria_agregada;soma
2019-05-19;0.6000000000000001;24;True;0;84100000;chuva;Epagri;;;2;False;diaria;48ca7231acd1057b_diario_derivado;;interna;horaria_agregada;soma
2019-05-20;0.2;24;True;0;84100000;chuva;Epagri;;;2;False;diaria;48ca7231acd1057b_diario_derivado;;interna;horaria_agregada;soma
2019-05-21;0.0;24;True;0;84100000;chuva;Epagri;;;2;False;diaria;48ca7231acd1057b_diario_derivado;;interna;horaria_agregada;soma
2019-05-22;6.8;24;True;0;84100000;chuva;Epagri;;;2;False;diaria;48ca7231acd1057b_diario_derivado;;interna;horaria_agregada;soma
2019-05-23;5.8;24;True;0;84100000;chuva;Epagri;;;2;False;diaria;48ca7231acd1057b_diario_derivado;;interna;horaria_agregada;soma
2019-05-24;8.2;24;True;0;84100000;chuva;Epagri;;;2;False;diaria;48ca7231acd1057b_diario_derivado;;interna;horaria_agregada;soma
2019-05-25;1.4;24;True;0;84100000;chuva;Epagri;;;2;False;diaria;48ca7231acd1057b_diario_derivado;;interna;horaria_agregada;soma
2019-05-26;0.0;24;True;0;84100000;chuva;Epagri;;;2;False;diaria;48ca7231acd1057b_diario_derivado;;interna;horaria_agregada;soma
2019-05-27;0.0;24;True;0;84100000;chuva;Epagri;;;2;False;diaria;48ca7231acd1057b_diario_derivado;;interna;horaria_agregada;soma
2019-05-28;7.0;24;True;0;84100000;chuva;Epagri;;;2;False;diaria;48ca7231acd1057b_diario_derivado;;interna;horaria_agregada;soma
2019-05-29;0.0;24;True;0;84100000;chuva;Epagri;;;2;False;diaria;48ca7231acd1057b_diario_derivado;;interna;horaria_agregada;soma
2019-05-30;59.0;24;True;0;84100000;chuva;Epagri;;;2;False;diaria;48ca7231acd1057b_diario_derivado;;interna;horaria_agregada;soma
2019-05-31;8.2;24;True;0;84100000;chuva;Epagri;;;2;False;diaria;48ca7231acd1057b_diario_derivado;;interna;horaria_agregada;soma
2019-06-01;1.5999999999999999;24;True;0;84100000;chuva;Epagri;;;2;False;diaria;48ca7231acd1057b_diario_derivado;;interna;horaria_agregada;soma
2019-06-02;4.2;24;True;0;84100000;chuva;Epagri;;;2;False;diaria;48ca7231acd1057b_diario_derivado;;interna;horaria_agregada;soma
2019-06-03;3.4;24;True;0;84100000;chuva;Epagri;;;2;False;diaria;48ca7231acd1057b_diario_derivado;;interna;horaria_agregada;soma
2019-06-04;0.2;24;True;0;84100000;chuva;Epagri;;;2;False;diaria;48ca7231acd1057b_diario_derivado;;interna;horaria_agregada;soma
2019-06-05;0.0;24;True;0;84100000;chuva;Epagri;;;2;False;diaria;48ca7231acd1057b_diario_derivado;;interna;horaria_agregada;soma
2019-06-06;0.2;24;True;0;84100000;chuva;Epagri;;;2;False;diaria;48ca7231acd1057b_diario_derivado;;interna;horaria_agregada;soma
2019-06-07;0.0;24;True;0;84100000;chuva;Epagri;;;2;False;diaria;48ca7231acd1057b_diario_derivado;;interna;horaria_agregada;soma
2019-06-08;0.0;24;True;0;84100000;chuva;Epagri;;;2;False;diaria;48ca7231acd1057b_diario_derivado;;interna;horaria_agregada;soma
2019-06-09;0.0;24;True;0;84100000;chuva;Epagri;;;2;False;diaria;48ca7231acd1057b_diario_derivado;;interna;horaria_agregada;soma
2019-06-10;0.0;24;True;0;84100000;chuva;Epagri;;;2;False;diaria;48ca7231acd1057b_diario_derivado;;interna;horaria_agregada;soma
2019-06-11;0.0;24;True;0;84100000;chuva;Epagri;;;2;False;diaria;48ca7231acd1057b_diario_derivado;;interna;horaria_agregada;soma
2019-06-12;0.0;24;True;0;84100000;chuva;Epagri;;;2;False;diaria;48ca7231acd1057b_diario_derivado;;interna;horaria_agregada;soma
2019-06-13;0.0;24;True;0;84100000;chuva;Epagri;;;2;False;diaria;48ca7231acd1057b_diario_derivado;;interna;horaria_agregada;soma
2019-06-14;0.0;24;True;0;84100000;chuva;Epagri;;;2;False;diaria;48ca7231acd1057b_diario_derivado;;interna;horaria_agregada;soma
2019-06-15;0.0;24;True;0;84100000;chuva;Epagri;;;2;False;diaria;48ca7231acd1057b_diario_derivado;;interna;horaria_agregada;soma
2019-06-16;0.0;24;True;0;84100000;chuva;Epagri;;;2;False;diaria;48ca7231acd1057b_diario_derivado;;interna;horaria_agregada;soma
2019-06-17;0.0;24;True;0;84100000;chuva;Epagri;;;2;False;diaria;48ca7231acd1057b_diario_derivado;;interna;horaria_agregada;soma
2019-06-18;0.0;24;True;0;84100000;chuva;Epagri;;;2;False;diaria;48ca7231acd1057b_diario_derivado;;interna;horaria_agregada;soma
2019-06-19;0.0;24;True;0;84100000;chuva;Epagri;;;2;False;diaria;48ca7231acd1057b_diario_derivado;;interna;horaria_agregada;soma
2019-06-20;0.0;24;True;0;84100000;chuva;Epagri;;;2;False;diaria;48ca7231acd1057b_diario_derivado;;interna;horaria_agregada;soma
2019-06-21;0.0;24;True;0;84100000;chuva;Epagri;;;2;False;diaria;48ca7231acd1057b_diario_derivado;;interna;horaria_agregada;soma
2019-06-22;0.0;24;True;0;84100000;chuva;Epagri;;;2;False;diaria;48ca7231acd1057b_diario_derivado;;interna;horaria_agregada;soma
2019-06-23;0.0;24;True;0;84100000;chuva;Epagri;;;2;False;diaria;48ca7231acd1057b_diario_derivado;;interna;horaria_agregada;soma
2019-06-24;0.0;24;True;0;84100000;chuva;Epagri;;;2;False;diaria;48ca7231acd1057b_diario_derivado;;interna;horaria_agregada;soma
2019-06-25;0.0;24;True;0;84100000;chuva;Epagri;;;2;False;diaria;48ca7231acd1057b_diario_derivado;;interna;horaria_agregada;soma
2019-06-26;15.8;24;True;0;84100000;chuva;Epagri;;;2;False;diaria;48ca7231acd1057b_diario_derivado;;interna;horaria_agregada;soma
2019-06-27;0.0;24;True;0;84100000;chuva;Epagri;;;2;False;diaria;48ca7231acd1057b_diario_derivado;;interna;horaria_agregada;soma
2019-06-28;0.0;24;True;0;84100000;chuva;Epagri;;;2;False;diaria;48ca7231acd1057b_diario_derivado;;interna;horaria_agregada;soma
2019-06-29;0.0;24;True;0;84100000;chuva;Epagri;;;2;False;diaria;48ca7231acd1057b_diario_derivado;;interna;horaria_agregada;soma
2019-06-30;0.0;24;True;0;84100000;chuva;Epagri;;;2;False;diaria;48ca7231acd1057b_diario_derivado;;interna;horaria_agregada;soma
2019-07-01;8.6;24;True;0;84100000;chuva;Epagri;;;2;False;diaria;48ca7231acd1057b_diario_derivado;;interna;horaria_agregada;soma
2019-07-02;23.0;24;True;0;84100000;chuva;Epagri;;;2;False;diaria;48ca7231acd1057b_diario_derivado;;interna;horaria_agregada;soma
2019-07-03;0.6;24;True;0;84100000;chuva;Epagri;;;2;False;diaria;48ca7231acd1057b_diario_derivado;;interna;horaria_agregada;soma
2019-07-04;0.2;24;True;0;84100000;chuva;Epagri;;;2;False;diaria;48ca7231acd1057b_diario_derivado;;interna;horaria_agregada;soma
2019-07-05;0.0;24;True;0;84100000;chuva;Epagri;;;2;False;diaria;48ca7231acd1057b_diario_derivado;;interna;horaria_agregada;soma
2019-07-06;0.0;24;True;0;84100000;chuva;Epagri;;;2;False;diaria;48ca7231acd1057b_diario_derivado;;interna;horaria_agregada;soma
2019-07-07;0.0;24;True;0;84100000;chuva;Epagri;;;2;False;diaria;48ca7231acd1057b_diario_derivado;;interna;horaria_agregada;soma
2019-07-08;0.0;24;True;0;84100000;chuva;Epagri;;;2;False;diaria;48ca7231acd1057b_diario_derivado;;interna;horaria_agregada;soma
2019-07-09;0.0;24;True;0;84100000;chuva;Epagri;;;2;False;diaria;48ca7231acd1057b_diario_derivado;;interna;horaria_agregada;soma
2019-07-10;0.0;24;True;0;84100000;chuva;Epagri;;;2;False;diaria;48ca7231acd1057b_diario_derivado;;interna;horaria_agregada;soma
2019-07-11;0.0;24;True;0;84100000;chuva;Epagri;;;2;False;diaria;48ca7231acd1057b_diario_derivado;;interna;horaria_agregada;soma
2019-07-12;0.0;24;True;0;84100000;chuva;Epagri;;;2;False;diaria;48ca7231acd1057b_diario_derivado;;interna;horaria_agregada;soma
2019-07-13;0.0;24;True;0;84100000;chuva;Epagri;;;2;False;diaria;48ca7231acd1057b_diario_derivado;;interna;horaria_agregada;soma
2019-07-14;9.0;24;True;0;84100000;chuva;Epagri;;;2;False;diaria;48ca7231acd1057b_diario_derivado;;interna;horaria_agregada;soma
2019-07-15;4.0;24;True;0;84100000;chuva;Epagri;;;2;False;diaria;48ca7231acd1057b_diario_derivado;;interna;horaria_agregada;soma
2019-07-16;0.2;24;True;0;84100000;chuva;Epagri;;;2;False;diaria;48ca7231acd1057b_diario_derivado;;interna;horaria_agregada;soma
2019-07-17;0.0;24;True;0;84100000;chuva;Epagri;;;2;False;diaria;48ca7231acd1057b_diario_derivado;;interna;horaria_agregada;soma
2019-07-18;3.0;24;True;0;84100000;chuva;Epagri;;;2;False;diaria;48ca7231acd1057b_diario_derivado;;interna;horaria_agregada;soma
2019-07-19;1.0;24;True;0;84100000;chuva;Epagri;;;2;False;diaria;48ca7231acd1057b_diario_derivado;;interna;horaria_agregada;soma
2019-07-20;0.0;24;True;0;84100000;chuva;Epagri;;;2;False;diaria;48ca7231acd1057b_diario_derivado;;interna;horaria_agregada;soma
2019-07-21;0.0;24;True;0;84100000;chuva;Epagri;;;2;False;diaria;48ca7231acd1057b_diario_derivado;;interna;horaria_agregada;soma
2019-07-22;0.0;24;True;0;84100000;chuva;Epagri;;;2;False;diaria;48ca7231acd1057b_diario_derivado;;interna;horaria_agregada;soma
2019-07-23;0.0;24;True;0;84100000;chuva;Epagri;;;2;False;diaria;48ca7231acd1057b_diario_derivado;;interna;horaria_agregada;soma
2019-07-24;0.0;24;True;0;84100000;chuva;Epagri;;;2;False;diaria;48ca7231acd1057b_diario_derivado;;interna;horaria_agregada;soma
2019-07-25;0.0;24;True;0;84100000;chuva;Epagri;;;2;False;diaria;48ca7231acd1057b_diario_derivado;;interna;horaria_agregada;soma
2019-07-26;0.0;24;True;0;84100000;chuva;Epagri;;;2;False;diaria;48ca7231acd1057b_diario_derivado;;interna;horaria_agregada;soma
2019-07-27;1.8;24;True;0;84100000;chuva;Epagri;;;2;False;diaria;48ca7231acd1057b_diario_derivado;;interna;horaria_agregada;soma
2019-07-28;0.0;24;True;0;84100000;chuva;Epagri;;;2;False;diaria;48ca7231acd1057b_diario_derivado;;interna;horaria_agregada;soma
2019-07-29;;23;False;0;84100000;chuva;Epagri;;;2;False;diaria;48ca7231acd1057b_diario_derivado;;interna;horaria_agregada;soma
2019-07-30;0.0;24;True;0;84100000;chuva;Epagri;;;2;False;diaria;48ca7231acd1057b_diario_derivado;;interna;horaria_agregada;soma
2019-07-31;0.0;24;True;0;84100000;chuva;Epagri;;;2;False;diaria;48ca7231acd1057b_diario_derivado;;interna;horaria_agregada;soma
2019-08-01;0.0;24;True;0;84100000;chuva;Epagri;;;2;False;diaria;48ca7231acd1057b_diario_derivado;;interna;horaria_agregada;soma
2019-08-02;3.0;24;True;0;84100000;chuva;Epagri;;;2;False;diaria;48ca7231acd1057b_diario_derivado;;interna;horaria_agregada;soma
2019-08-03;0.2;24;True;0;84100000;chuva;Epagri;;;2;False;diaria;48ca7231acd1057b_diario_derivado;;interna;horaria_agregada;soma
2019-08-04;0.0;24;True;0;84100000;chuva;Epagri;;;2;False;diaria;48ca7231acd1057b_diario_derivado;;interna;horaria_agregada;soma
2019-08-05;0.0;24;True;0;84100000;chuva;Epagri;;;2;False;diaria;48ca7231acd1057b_diario_derivado;;interna;horaria_agregada;soma
2019-08-06;0.2;24;True;0;84100000;chuva;Epagri;;;2;False;diaria;48ca7231acd1057b_diario_derivado;;interna;horaria_agregada;soma
2019-08-07;0.2;24;True;0;84100000;chuva;Epagri;;;2;False;diaria;48ca7231acd1057b_diario_derivado;;interna;horaria_agregada;soma
2019-08-08;0.0;24;True;0;84100000;chuva;Epagri;;;2;False;diaria;48ca7231acd1057b_diario_derivado;;interna;horaria_agregada;soma
2019-08-09;0.0;24;True;0;84100000;chuva;Epagri;;;2;False;diaria;48ca7231acd1057b_diario_derivado;;interna;horaria_agregada;soma
2019-08-10;0.0;24;True;0;84100000;chuva;Epagri;;;2;False;diaria;48ca7231acd1057b_diario_derivado;;interna;horaria_agregada;soma
2019-08-11;0.0;24;True;0;84100000;chuva;Epagri;;;2;False;diaria;48ca7231acd1057b_diario_derivado;;interna;horaria_agregada;soma
2019-08-12;0.0;24;True;0;84100000;chuva;Epagri;;;2;False;diaria;48ca7231acd1057b_diario_derivado;;interna;horaria_agregada;soma
2019-08-13;1.5999999999999999;24;True;0;84100000;chuva;Epagri;;;2;False;diaria;48ca7231acd1057b_diario_derivado;;interna;horaria_agregada;soma
2019-08-14;0.0;24;True;0;84100000;chuva;Epagri;;;2;False;diaria;48ca7231acd1057b_diario_derivado;;interna;horaria_agregada;soma
2019-08-15;0.0;24;True;0;84100000;chuva;Epagri;;;2;False;diaria;48ca7231acd1057b_diario_derivado;;interna;horaria_agregada;soma
2019-08-16;0.0;24;True;0;84100000;chuva;Epagri;;;2;False;diaria;48ca7231acd1057b_diario_derivado;;interna;horaria_agregada;soma
2019-08-17;0.0;24;True;0;84100000;chuva;Epagri;;;2;False;diaria;48ca7231acd1057b_diario_derivado;;interna;horaria_agregada;soma
2019-08-18;13.2;24;True;0;84100000;chuva;Epagri;;;2;False;diaria;48ca7231acd1057b_diario_derivado;;interna;horaria_agregada;soma
2019-08-19;2.4;24;True;0;84100000;chuva;Epagri;;;2;False;diaria;48ca7231acd1057b_diario_derivado;;interna;horaria_agregada;soma
2019-08-20;0.0;24;True;0;84100000;chuva;Epagri;;;2;False;diaria;48ca7231acd1057b_diario_derivado;;interna;horaria_agregada;soma
2019-08-21;0.0;24;True;0;84100000;chuva;Epagri;;;2;False;diaria;48ca7231acd1057b_diario_derivado;;interna;horaria_agregada;soma
2019-08-22;0.0;24;True;0;84100000;chuva;Epagri;;;2;False;diaria;48ca7231acd1057b_diario_derivado;;interna;horaria_agregada;soma
2019-08-23;1.6;24;True;0;84100000;chuva;Epagri;;;2;False;diaria;48ca7231acd1057b_diario_derivado;;interna;horaria_agregada;soma
2019-08-24;0.0;24;True;0;84100000;chuva;Epagri;;;2;False;diaria;48ca7231acd1057b_diario_derivado;;interna;horaria_agregada;soma
2019-08-25;0.0;24;True;0;84100000;chuva;Epagri;;;2;False;diaria;48ca7231acd1057b_diario_derivado;;interna;horaria_agregada;soma
2019-08-26;1.2;24;True;0;84100000;chuva;Epagri;;;2;False;diaria;48ca7231acd1057b_diario_derivado;;interna;horaria_agregada;soma
2019-08-27;0.6000000000000001;24;True;0;84100000;chuva;Epagri;;;2;False;diaria;48ca7231acd1057b_diario_derivado;;interna;horaria_agregada;soma
2019-08-28;0.2;24;True;0;84100000;chuva;Epagri;;;2;False;diaria;48ca7231acd1057b_diario_derivado;;interna;horaria_agregada;soma
2019-08-29;0.0;24;True;0;84100000;chuva;Epagri;;;2;False;diaria;48ca7231acd1057b_diario_derivado;;interna;horaria_agregada;soma
2019-08-30;0.0;24;True;0;84100000;chuva;Epagri;;;2;False;diaria;48ca7231acd1057b_diario_derivado;;interna;horaria_agregada;soma
2019-08-31;1.0;24;True;0;84100000;chuva;Epagri;;;2;False;diaria;48ca7231acd1057b_diario_derivado;;interna;horaria_agregada;soma
2019-09-01;7.0;24;True;0;84100000;chuva;Epagri;;;2;False;diaria;48ca7231acd1057b_diario_derivado;;interna;horaria_agregada;soma
2019-09-02;0.0;24;True;0;84100000;chuva;Epagri;;;2;False;diaria;48ca7231acd1057b_diario_derivado;;interna;horaria_agregada;soma
2019-09-03;0.0;24;True;0;84100000;chuva;Epagri;;;2;False;diaria;48ca7231acd1057b_diario_derivado;;interna;horaria_agregada;soma
2019-09-04;0.0;24;True;0;84100000;chuva;Epagri;;;2;False;diaria;48ca7231acd1057b_diario_derivado;;interna;horaria_agregada;soma
2019-09-05;0.0;24;True;0;84100000;chuva;Epagri;;;2;False;diaria;48ca7231acd1057b_diario_derivado;;interna;horaria_agregada;soma
2019-09-06;11.6;24;True;0;84100000;chuva;Epagri;;;2;False;diaria;48ca7231acd1057b_diario_derivado;;interna;horaria_agregada;soma
2019-09-07;0.0;24;True;0;84100000;chuva;Epagri;;;2;False;diaria;48ca7231acd1057b_diario_derivado;;interna;horaria_agregada;soma
2019-09-08;0.2;24;True;0;84100000;chuva;Epagri;;;2;False;diaria;48ca7231acd1057b_diario_derivado;;interna;horaria_agregada;soma
2019-09-09;0.0;24;True;0;84100000;chuva;Epagri;;;2;False;diaria;48ca7231acd1057b_diario_derivado;;interna;horaria_agregada;soma
2019-09-10;0.0;24;True;0;84100000;chuva;Epagri;;;2;False;diaria;48ca7231acd1057b_diario_derivado;;interna;horaria_agregada;soma
2019-09-11;0.0;24;True;0;84100000;chuva;Epagri;;;2;False;diaria;48ca7231acd1057b_diario_derivado;;interna;horaria_agregada;soma
2019-09-12;0.4;24;True;0;84100000;chuva;Epagri;;;2;False;diaria;48ca7231acd1057b_diario_derivado;;interna;horaria_agregada;soma
2019-09-13;0.0;24;True;0;84100000;chuva;Epagri;;;2;False;diaria;48ca7231acd1057b_diario_derivado;;interna;horaria_agregada;soma
2019-09-14;0.8;24;True;0;84100000;chuva;Epagri;;;2;False;diaria;48ca7231acd1057b_diario_derivado;;interna;horaria_agregada;soma
2019-09-15;0.2;24;True;0;84100000;chuva;Epagri;;;2;False;diaria;48ca7231acd1057b_diario_derivado;;interna;horaria_agregada;soma
2019-09-16;0.0;24;True;0;84100000;chuva;Epagri;;;2;False;diaria;48ca7231acd1057b_diario_derivado;;interna;horaria_agregada;soma
2019-09-17;0.0;24;True;0;84100000;chuva;Epagri;;;2;False;diaria;48ca7231acd1057b_diario_derivado;;interna;horaria_agregada;soma
2019-09-18;9.8;24;True;0;84100000;chuva;Epagri;;;2;False;diaria;48ca7231acd1057b_diario_derivado;;interna;horaria_agregada;soma
2019-09-19;7.0;24;True;0;84100000;chuva;Epagri;;;2;False;diaria;48ca7231acd1057b_diario_derivado;;interna;horaria_agregada;soma
2019-09-20;5.6;24;True;0;84100000;chuva;Epagri;;;2;False;diaria;48ca7231acd1057b_diario_derivado;;interna;horaria_agregada;soma
2019-09-21;0.0;24;True;0;84100000;chuva;Epagri;;;2;False;diaria;48ca7231acd1057b_diario_derivado;;interna;horaria_agregada;soma
2019-09-22;0.0;24;True;0;84100000;chuva;Epagri;;;2;False;diaria;48ca7231acd1057b_diario_derivado;;interna;horaria_agregada;soma
2019-09-23;0.0;24;True;0;84100000;chuva;Epagri;;;2;False;diaria;48ca7231acd1057b_diario_derivado;;interna;horaria_agregada;soma
2019-09-24;0.0;24;True;0;84100000;chuva;Epagri;;;2;False;diaria;48ca7231acd1057b_diario_derivado;;interna;horaria_agregada;soma
2019-09-25;0.0;24;True;0;84100000;chuva;Epagri;;;2;False;diaria;48ca7231acd1057b_diario_derivado;;interna;horaria_agregada;soma
2019-09-26;3.6;24;True;0;84100000;chuva;Epagri;;;2;False;diaria;48ca7231acd1057b_diario_derivado;;interna;horaria_agregada;soma
2019-09-27;0.2;24;True;0;84100000;chuva;Epagri;;;2;False;diaria;48ca7231acd1057b_diario_derivado;;interna;horaria_agregada;soma
2019-09-28;0.0;24;True;0;84100000;chuva;Epagri;;;2;False;diaria;48ca7231acd1057b_diario_derivado;;interna;horaria_agregada;soma
2019-09-29;0.0;24;True;0;84100000;chuva;Epagri;;;2;False;diaria;48ca7231acd1057b_diario_derivado;;interna;horaria_agregada;soma
2019-09-30;0.4;24;True;0;84100000;chuva;Epagri;;;2;False;diaria;48ca7231acd1057b_diario_derivado;;interna;horaria_agregada;soma
2019-10-01;0.2;24;True;0;84100000;chuva;Epagri;;;2;False;diaria;48ca7231acd1057b_diario_derivado;;interna;horaria_agregada;soma
2019-10-02;0.0;24;True;0;84100000;chuva;Epagri;;;2;False;diaria;48ca7231acd1057b_diario_derivado;;interna;horaria_agregada;soma
2019-10-03;0.8;24;True;0;84100000;chuva;Epagri;;;2;False;diaria;48ca7231acd1057b_diario_derivado;;interna;horaria_agregada;soma
2019-10-04;0.0;24;True;0;84100000;chuva;Epagri;;;2;False;diaria;48ca7231acd1057b_diario_derivado;;interna;horaria_agregada;soma
2019-10-05;3.8000000000000003;24;True;0;84100000;chuva;Epagri;;;2;False;diaria;48ca7231acd1057b_diario_derivado;;interna;horaria_agregada;soma
2019-10-06;10.0;24;True;0;84100000;chuva;Epagri;;;2;False;diaria;48ca7231acd1057b_diario_derivado;;interna;horaria_agregada;soma
2019-10-07;0.6000000000000001;24;True;0;84100000;chuva;Epagri;;;2;False;diaria;48ca7231acd1057b_diario_derivado;;interna;horaria_agregada;soma
2019-10-08;0.0;24;True;0;84100000;chuva;Epagri;;;2;False;diaria;48ca7231acd1057b_diario_derivado;;interna;horaria_agregada;soma
2019-10-09;0.0;24;True;0;84100000;chuva;Epagri;;;2;False;diaria;48ca7231acd1057b_diario_derivado;;interna;horaria_agregada;soma
2019-10-10;0.0;24;True;0;84100000;chuva;Epagri;;;2;False;diaria;48ca7231acd1057b_diario_derivado;;interna;horaria_agregada;soma
2019-10-11;0.0;24;True;0;84100000;chuva;Epagri;;;2;False;diaria;48ca7231acd1057b_diario_derivado;;interna;horaria_agregada;soma
2019-10-12;0.0;24;True;0;84100000;chuva;Epagri;;;2;False;diaria;48ca7231acd1057b_diario_derivado;;interna;horaria_agregada;soma
2019-10-13;9.8;24;True;0;84100000;chuva;Epagri;;;2;False;diaria;48ca7231acd1057b_diario_derivado;;interna;horaria_agregada;soma
2019-10-14;3.0;24;True;0;84100000;chuva;Epagri;;;2;False;diaria;48ca7231acd1057b_diario_derivado;;interna;horaria_agregada;soma
2019-10-15;3.6;24;True;0;84100000;chuva;Epagri;;;2;False;diaria;48ca7231acd1057b_diario_derivado;;interna;horaria_agregada;soma
2019-10-16;8.6;24;True;0;84100000;chuva;Epagri;;;2;False;diaria;48ca7231acd1057b_diario_derivado;;interna;horaria_agregada;soma
2019-10-17;16.2;24;True;0;84100000;chuva;Epagri;;;2;False;diaria;48ca7231acd1057b_diario_derivado;;interna;horaria_agregada;soma
2019-10-18;2.2;24;True;0;84100000;chuva;Epagri;;;2;False;diaria;48ca7231acd1057b_diario_derivado;;interna;horaria_agregada;soma
2019-10-19;0.2;24;True;0;84100000;chuva;Epagri;;;2;False;diaria;48ca7231acd1057b_diario_derivado;;interna;horaria_agregada;soma
2019-10-20;0.0;24;True;0;84100000;chuva;Epagri;;;2;False;diaria;48ca7231acd1057b_diario_derivado;;interna;horaria_agregada;soma
2019-10-21;2.0;24;True;0;84100000;chuva;Epagri;;;2;False;diaria;48ca7231acd1057b_diario_derivado;;interna;horaria_agregada;soma
2019-10-22;0.2;24;True;0;84100000;chuva;Epagri;;;2;False;diaria;48ca7231acd1057b_diario_derivado;;interna;horaria_agregada;soma
2019-10-23;0.0;24;True;0;84100000;chuva;Epagri;;;2;False;diaria;48ca7231acd1057b_diario_derivado;;interna;horaria_agregada;soma
2019-10-24;8.0;24;True;0;84100000;chuva;Epagri;;;2;False;diaria;48ca7231acd1057b_diario_derivado;;interna;horaria_agregada;soma
2019-10-25;2.4;24;True;0;84100000;chuva;Epagri;;;2;False;diaria;48ca7231acd1057b_diario_derivado;;interna;horaria_agregada;soma
2019-10-26;0.4;24;True;0;84100000;chuva;Epagri;;;2;False;diaria;48ca7231acd1057b_diario_derivado;;interna;horaria_agregada;soma
2019-10-27;21.6;24;True;0;84100000;chuva;Epagri;;;2;False;diaria;48ca7231acd1057b_diario_derivado;;interna;horaria_agregada;soma
2019-10-28;5.6000000000000005;24;True;0;84100000;chuva;Epagri;;;2;False;diaria;48ca7231acd1057b_diario_derivado;;interna;horaria_agregada;soma
2019-10-29;7.6;24;True;0;84100000;chuva;Epagri;;;2;False;diaria;48ca7231acd1057b_diario_derivado;;interna;horaria_agregada;soma
2019-10-30;0.2;24;True;0;84100000;chuva;Epagri;;;2;False;diaria;48ca7231acd1057b_diario_derivado;;interna;horaria_agregada;soma
2019-10-31;11.600000000000001;24;True;0;84100000;chuva;Epagri;;;2;False;diaria;48ca7231acd1057b_diario_derivado;;interna;horaria_agregada;soma
2019-11-01;2.2;24;True;0;84100000;chuva;Epagri;;;2;False;diaria;48ca7231acd1057b_diario_derivado;;interna;horaria_agregada;soma
2019-11-02;3.0;24;True;0;84100000;chuva;Epagri;;;2;False;diaria;48ca7231acd1057b_diario_derivado;;interna;horaria_agregada;soma
2019-11-03;1.8;24;True;0;84100000;chuva;Epagri;;;2;False;diaria;48ca7231acd1057b_diario_derivado;;interna;horaria_agregada;soma
2019-11-04;22.200000000000003;24;True;0;84100000;chuva;Epagri;;;2;False;diaria;48ca7231acd1057b_diario_derivado;;interna;horaria_agregada;soma
2019-11-05;12.2;24;True;0;84100000;chuva;Epagri;;;2;False;diaria;48ca7231acd1057b_diario_derivado;;interna;horaria_agregada;soma
2019-11-06;0.0;24;True;0;84100000;chuva;Epagri;;;2;False;diaria;48ca7231acd1057b_diario_derivado;;interna;horaria_agregada;soma
2019-11-07;2.4;24;True;0;84100000;chuva;Epagri;;;2;False;diaria;48ca7231acd1057b_diario_derivado;;interna;horaria_agregada;soma
2019-11-08;0.4;24;True;0;84100000;chuva;Epagri;;;2;False;diaria;48ca7231acd1057b_diario_derivado;;interna;horaria_agregada;soma
2019-11-09;10.2;24;True;0;84100000;chuva;Epagri;;;2;False;diaria;48ca7231acd1057b_diario_derivado;;interna;horaria_agregada;soma
2019-11-10;29.599999999999998;24;True;0;84100000;chuva;Epagri;;;2;False;diaria;48ca7231acd1057b_diario_derivado;;interna;horaria_agregada;soma
2019-11-11;25.0;24;True;0;84100000;chuva;Epagri;;;2;False;diaria;48ca7231acd1057b_diario_derivado;;interna;horaria_agregada;soma
2019-11-12;34.0;24;True;0;84100000;chuva;Epagri;;;2;False;diaria;48ca7231acd1057b_diario_derivado;;interna;horaria_agregada;soma
2019-11-13;19.8;24;True;0;84100000;chuva;Epagri;;;2;False;diaria;48ca7231acd1057b_diario_derivado;;interna;horaria_agregada;soma
2019-11-14;22.6;24;True;0;84100000;chuva;Epagri;;;2;False;diaria;48ca7231acd1057b_diario_derivado;;interna;horaria_agregada;soma
2019-11-15;0.4;24;True;0;84100000;chuva;Epagri;;;2;False;diaria;48ca7231acd1057b_diario_derivado;;interna;horaria_agregada;soma
2019-11-16;0.0;24;True;0;84100000;chuva;Epagri;;;2;False;diaria;48ca7231acd1057b_diario_derivado;;interna;horaria_agregada;soma
2019-11-17;0.0;24;True;0;84100000;chuva;Epagri;;;2;False;diaria;48ca7231acd1057b_diario_derivado;;interna;horaria_agregada;soma
2019-11-18;0.0;24;True;0;84100000;chuva;Epagri;;;2;False;diaria;48ca7231acd1057b_diario_derivado;;interna;horaria_agregada;soma
2019-11-19;0.0;24;True;0;84100000;chuva;Epagri;;;2;False;diaria;48ca7231acd1057b_diario_derivado;;interna;horaria_agregada;soma
2019-11-20;0.0;24;True;0;84100000;chuva;Epagri;;;2;False;diaria;48ca7231acd1057b_diario_derivado;;interna;horaria_agregada;soma
2019-11-21;1.6;24;True;0;84100000;chuva;Epagri;;;2;False;diaria;48ca7231acd1057b_diario_derivado;;interna;horaria_agregada;soma
2019-11-22;0.0;24;True;0;84100000;chuva;Epagri;;;2;False;diaria;48ca7231acd1057b_diario_derivado;;interna;horaria_agregada;soma
2019-11-23;0.0;24;True;0;84100000;chuva;Epagri;;;2;False;diaria;48ca7231acd1057b_diario_derivado;;interna;horaria_agregada;soma
2019-11-24;0.0;24;True;0;84100000;chuva;Epagri;;;2;False;diaria;48ca7231acd1057b_diario_derivado;;interna;horaria_agregada;soma
2019-11-25;0.0;24;True;0;84100000;chuva;Epagri;;;2;False;diaria;48ca7231acd1057b_diario_derivado;;interna;horaria_agregada;soma
2019-11-26;7.6;24;True;0;84100000;chuva;Epagri;;;2;False;diaria;48ca7231acd1057b_diario_derivado;;interna;horaria_agregada;soma
2019-11-27;4.0;24;True;0;84100000;chuva;Epagri;;;2;False;diaria;48ca7231acd1057b_diario_derivado;;interna;horaria_agregada;soma
2019-11-28;0.0;24;True;0;84100000;chuva;Epagri;;;2;False;diaria;48ca7231acd1057b_diario_derivado;;interna;horaria_agregada;soma
2019-11-29;0.0;24;True;0;84100000;chuva;Epagri;;;2;False;diaria;48ca7231acd1057b_diario_derivado;;interna;horaria_agregada;soma
2019-11-30;0.0;24;True;0;84100000;chuva;Epagri;;;2;False;diaria;48ca7231acd1057b_diario_derivado;;interna;horaria_agregada;soma
2019-12-01;1.2;24;True;0;84100000;chuva;Epagri;;;2;False;diaria;48ca7231acd1057b_diario_derivado;;interna;horaria_agregada;soma
2019-12-02;0.0;24;True;0;84100000;chuva;Epagri;;;2;False;diaria;48ca7231acd1057b_diario_derivado;;interna;horaria_agregada;soma
2019-12-03;0.0;24;True;0;84100000;chuva;Epagri;;;2;False;diaria;48ca7231acd1057b_diario_derivado;;interna;horaria_agregada;soma
2019-12-04;0.0;24;True;0;84100000;chuva;Epagri;;;2;False;diaria;48ca7231acd1057b_diario_derivado;;interna;horaria_agregada;soma
2019-12-05;15.8;24;True;0;84100000;chuva;Epagri;;;2;False;diaria;48ca7231acd1057b_diario_derivado;;interna;horaria_agregada;soma
2019-12-06;0.0;24;True;0;84100000;chuva;Epagri;;;2;False;diaria;48ca7231acd1057b_diario_derivado;;interna;horaria_agregada;soma
2019-12-07;0.0;24;True;0;84100000;chuva;Epagri;;;2;False;diaria;48ca7231acd1057b_diario_derivado;;interna;horaria_agregada;soma
2019-12-08;0.0;24;True;0;84100000;chuva;Epagri;;;2;False;diaria;48ca7231acd1057b_diario_derivado;;interna;horaria_agregada;soma
2019-12-09;0.6000000000000001;24;True;0;84100000;chuva;Epagri;;;2;False;diaria;48ca7231acd1057b_diario_derivado;;interna;horaria_agregada;soma
2019-12-10;0.0;24;True;0;84100000;chuva;Epagri;;;2;False;diaria;48ca7231acd1057b_diario_derivado;;interna;horaria_agregada;soma
2019-12-11;0.0;24;True;0;84100000;chuva;Epagri;;;2;False;diaria;48ca7231acd1057b_diario_derivado;;interna;horaria_agregada;soma
2019-12-12;8.200000000000001;24;True;0;84100000;chuva;Epagri;;;2;False;diaria;48ca7231acd1057b_diario_derivado;;interna;horaria_agregada;soma
2019-12-13;0.0;24;True;0;84100000;chuva;Epagri;;;2;False;diaria;48ca7231acd1057b_diario_derivado;;interna;horaria_agregada;soma
2019-12-14;0.0;24;True;0;84100000;chuva;Epagri;;;2;False;diaria;48ca7231acd1057b_diario_derivado;;interna;horaria_agregada;soma
2019-12-15;6.8;24;True;0;84100000;chuva;Epagri;;;2;False;diaria;48ca7231acd1057b_diario_derivado;;interna;horaria_agregada;soma
2019-12-16;6.4;24;True;0;84100000;chuva;Epagri;;;2;False;diaria;48ca7231acd1057b_diario_derivado;;interna;horaria_agregada;soma
2019-12-17;14.200000000000001;24;True;0;84100000;chuva;Epagri;;;2;False;diaria;48ca7231acd1057b_diario_derivado;;interna;horaria_agregada;soma
2019-12-18;2.2;24;True;0;84100000;chuva;Epagri;;;2;False;diaria;48ca7231acd1057b_diario_derivado;;interna;horaria_agregada;soma
2019-12-19;1.8;24;True;0;84100000;chuva;Epagri;;;2;False;diaria;48ca7231acd1057b_diario_derivado;;interna;horaria_agregada;soma
2019-12-20;0.0;24;True;0;84100000;chuva;Epagri;;;2;False;diaria;48ca7231acd1057b_diario_derivado;;interna;horaria_agregada;soma
2019-12-21;3.4;24;True;0;84100000;chuva;Epagri;;;2;False;diaria;48ca7231acd1057b_diario_derivado;;interna;horaria_agregada;soma
2019-12-22;0.2;24;True;0;84100000;chuva;Epagri;;;2;False;diaria;48ca7231acd1057b_diario_derivado;;interna;horaria_agregada;soma
2019-12-23;0.0;24;True;0;84100000;chuva;Epagri;;;2;False;diaria;48ca7231acd1057b_diario_derivado;;interna;horaria_agregada;soma
2019-12-24;0.0;24;True;0;84100000;chuva;Epagri;;;2;False;diaria;48ca7231acd1057b_diario_derivado;;interna;horaria_agregada;soma
2019-12-25;0.8;24;True;0;84100000;chuva;Epagri;;;2;False;diaria;48ca7231acd1057b_diario_derivado;;interna;horaria_agregada;soma
2019-12-26;0.0;24;True;0;84100000;chuva;Epagri;;;2;False;diaria;48ca7231acd1057b_diario_derivado;;interna;horaria_agregada;soma
2019-12-27;0.2;24;True;0;84100000;chuva;Epagri;;;2;False;diaria;48ca7231acd1057b_diario_derivado;;interna;horaria_agregada;soma
2019-12-28;0.0;24;True;0;84100000;chuva;Epagri;;;2;False;diaria;48ca7231acd1057b_diario_derivado;;interna;horaria_agregada;soma
2019-12-29;0.0;24;True;0;84100000;chuva;Epagri;;;2;False;diaria;48ca7231acd1057b_diario_derivado;;interna;horaria_agregada;soma
2019-12-30;0.0;24;True;0;84100000;chuva;Epagri;;;2;False;diaria;48ca7231acd1057b_diario_derivado;;interna;horaria_agregada;soma
2019-12-31;0.0;24;True;0;84100000;chuva;Epagri;;;2;False;diaria;48ca7231acd1057b_diario_derivado;;interna;horaria_agregada;soma
2020-01-01;21.599999999999998;24;True;0;84100000;chuva;Epagri;;;2;False;diaria;48ca7231acd1057b_diario_derivado;;interna;horaria_agregada;soma
2020-01-02;1.0;24;True;0;84100000;chuva;Epagri;;;2;False;diaria;48ca7231acd1057b_diario_derivado;;interna;horaria_agregada;soma
2020-01-03;3.8;24;True;0;84100000;chuva;Epagri;;;2;False;diaria;48ca7231acd1057b_diario_derivado;;interna;horaria_agregada;soma
2020-01-04;;23;False;0;84100000;chuva;Epagri;;;2;False;diaria;48ca7231acd1057b_diario_derivado;;interna;horaria_agregada;soma
2020-01-05;;20;False;0;84100000;chuva;Epagri;;;2;False;diaria;48ca7231acd1057b_diario_derivado;;interna;horaria_agregada;soma
2020-01-06;0.0;24;True;0;84100000;chuva;Epagri;;;2;False;diaria;48ca7231acd1057b_diario_derivado;;interna;horaria_agregada;soma
2020-01-07;2.8;24;True;0;84100000;chuva;Epagri;;;2;False;diaria;48ca7231acd1057b_diario_derivado;;interna;horaria_agregada;soma
2020-01-08;2.4;24;True;0;84100000;chuva;Epagri;;;2;False;diaria;48ca7231acd1057b_diario_derivado;;interna;horaria_agregada;soma
2020-01-09;0.4;24;True;0;84100000;chuva;Epagri;;;2;False;diaria;48ca7231acd1057b_diario_derivado;;interna;horaria_agregada;soma
2020-01-10;11.2;24;True;0;84100000;chuva;Epagri;;;2;False;diaria;48ca7231acd1057b_diario_derivado;;interna;horaria_agregada;soma
2020-01-11;25.400000000000002;24;True;0;84100000;chuva;Epagri;;;2;False;diaria;48ca7231acd1057b_diario_derivado;;interna;horaria_agregada;soma
2020-01-12;0.0;24;True;0;84100000;chuva;Epagri;;;2;False;diaria;48ca7231acd1057b_diario_derivado;;interna;horaria_agregada;soma
2020-01-13;0.0;24;True;0;84100000;chuva;Epagri;;;2;False;diaria;48ca7231acd1057b_diario_derivado;;interna;horaria_agregada;soma
2020-01-14;0.2;24;True;0;84100000;chuva;Epagri;;;2;False;diaria;48ca7231acd1057b_diario_derivado;;interna;horaria_agregada;soma
2020-01-15;0.0;24;True;0;84100000;chuva;Epagri;;;2;False;diaria;48ca7231acd1057b_diario_derivado;;interna;horaria_agregada;soma
2020-01-16;2.4;24;True;0;84100000;chuva;Epagri;;;2;False;diaria;48ca7231acd1057b_diario_derivado;;interna;horaria_agregada;soma
2020-01-17;0.0;24;True;0;84100000;chuva;Epagri;;;2;False;diaria;48ca7231acd1057b_diario_derivado;;interna;horaria_agregada;soma
2020-01-18;0.0;24;True;0;84100000;chuva;Epagri;;;2;False;diaria;48ca7231acd1057b_diario_derivado;;interna;horaria_agregada;soma
2020-01-19;0.0;24;True;0;84100000;chuva;Epagri;;;2;False;diaria;48ca7231acd1057b_diario_derivado;;interna;horaria_agregada;soma
2020-01-20;0.0;24;True;0;84100000;chuva;Epagri;;;2;False;diaria;48ca7231acd1057b_diario_derivado;;interna;horaria_agregada;soma
2020-01-21;0.0;24;True;0;84100000;chuva;Epagri;;;2;False;diaria;48ca7231acd1057b_diario_derivado;;interna;horaria_agregada;soma
2020-01-22;9.0;24;True;0;84100000;chuva;Epagri;;;2;False;diaria;48ca7231acd1057b_diario_derivado;;interna;horaria_agregada;soma
2020-01-23;18.8;24;True;0;84100000;chuva;Epagri;;;2;False;diaria;48ca7231acd1057b_diario_derivado;;interna;horaria_agregada;soma
2020-01-24;11.6;24;True;0;84100000;chuva;Epagri;;;2;False;diaria;48ca7231acd1057b_diario_derivado;;interna;horaria_agregada;soma
2020-01-25;0.0;24;True;0;84100000;chuva;Epagri;;;2;False;diaria;48ca7231acd1057b_diario_derivado;;interna;horaria_agregada;soma
2020-01-26;0.0;24;True;0;84100000;chuva;Epagri;;;2;False;diaria;48ca7231acd1057b_diario_derivado;;interna;horaria_agregada;soma
2020-01-27;31.000000000000004;24;True;0;84100000;chuva;Epagri;;;2;False;diaria;48ca7231acd1057b_diario_derivado;;interna;horaria_agregada;soma
2020-01-28;0.0;24;True;0;84100000;chuva;Epagri;;;2;False;diaria;48ca7231acd1057b_diario_derivado;;interna;horaria_agregada;soma
2020-01-29;8.4;24;True;0;84100000;chuva;Epagri;;;2;False;diaria;48ca7231acd1057b_diario_derivado;;interna;horaria_agregada;soma
2020-01-30;0.2;24;True;0;84100000;chuva;Epagri;;;2;False;diaria;48ca7231acd1057b_diario_derivado;;interna;horaria_agregada;soma
2020-01-31;0.0;24;True;0;84100000;chuva;Epagri;;;2;False;diaria;48ca7231acd1057b_diario_derivado;;interna;horaria_agregada;soma
2020-02-01;0.0;24;True;0;84100000;chuva;Epagri;;;2;False;diaria;48ca7231acd1057b_diario_derivado;;interna;horaria_agregada;soma
2020-02-02;1.8;24;True;0;84100000;chuva;Epagri;;;2;False;diaria;48ca7231acd1057b_diario_derivado;;interna;horaria_agregada;soma
2020-02-03;0.2;24;True;0;84100000;chuva;Epagri;;;2;False;diaria;48ca7231acd1057b_diario_derivado;;interna;horaria_agregada;soma
2020-02-04;28.6;24;True;0;84100000;chuva;Epagri;;;2;False;diaria;48ca7231acd1057b_diario_derivado;;interna;horaria_agregada;soma
2020-02-05;3.8000000000000003;24;True;0;84100000;chuva;Epagri;;;2;False;diaria;48ca7231acd1057b_diario_derivado;;interna;horaria_agregada;soma
2020-02-06;64.4;24;True;0;84100000;chuva;Epagri;;;2;False;diaria;48ca7231acd1057b_diario_derivado;;interna;horaria_agregada;soma
2020-02-07;107.8;24;True;0;84100000;chuva;Epagri;;;2;False;diaria;48ca7231acd1057b_diario_derivado;;interna;horaria_agregada;soma
2020-02-08;23.4;24;True;0;84100000;chuva;Epagri;;;2;False;diaria;48ca7231acd1057b_diario_derivado;;interna;horaria_agregada;soma
2020-02-09;2.2;24;True;0;84100000;chuva;Epagri;;;2;False;diaria;48ca7231acd1057b_diario_derivado;;interna;horaria_agregada;soma
2020-02-10;0.2;24;True;0;84100000;chuva;Epagri;;;2;False;diaria;48ca7231acd1057b_diario_derivado;;interna;horaria_agregada;soma
2020-02-11;0.4;24;True;0;84100000;chuva;Epagri;;;2;False;diaria;48ca7231acd1057b_diario_derivado;;interna;horaria_agregada;soma
2020-02-12;12.2;24;True;0;84100000;chuva;Epagri;;;2;False;diaria;48ca7231acd1057b_diario_derivado;;interna;horaria_agregada;soma
2020-02-13;0.2;24;True;0;84100000;chuva;Epagri;;;2;False;diaria;48ca7231acd1057b_diario_derivado;;interna;horaria_agregada;soma
2020-02-14;0.0;24;True;0;84100000;chuva;Epagri;;;2;False;diaria;48ca7231acd1057b_diario_derivado;;interna;horaria_agregada;soma
2020-02-15;0.0;24;True;0;84100000;chuva;Epagri;;;2;False;diaria;48ca7231acd1057b_diario_derivado;;interna;horaria_agregada;soma
2020-02-16;0.0;24;True;0;84100000;chuva;Epagri;;;2;False;diaria;48ca7231acd1057b_diario_derivado;;interna;horaria_agregada;soma
2020-02-17;0.0;24;True;0;84100000;chuva;Epagri;;;2;False;diaria;48ca7231acd1057b_diario_derivado;;interna;horaria_agregada;soma
2020-02-18;0.0;24;True;0;84100000;chuva;Epagri;;;2;False;diaria;48ca7231acd1057b_diario_derivado;;interna;horaria_agregada;soma
2020-02-19;18.0;24;True;0;84100000;chuva;Epagri;;;2;False;diaria;48ca7231acd1057b_diario_derivado;;interna;horaria_agregada;soma
2020-02-20;1.0;24;True;0;84100000;chuva;Epagri;;;2;False;diaria;48ca7231acd1057b_diario_derivado;;interna;horaria_agregada;soma
2020-02-21;0.0;24;True;0;84100000;chuva;Epagri;;;2;False;diaria;48ca7231acd1057b_diario_derivado;;interna;horaria_agregada;soma
2020-02-22;0.0;24;True;0;84100000;chuva;Epagri;;;2;False;diaria;48ca7231acd1057b_diario_derivado;;interna;horaria_agregada;soma
2020-02-23;0.0;24;True;0;84100000;chuva;Epagri;;;2;False;diaria;48ca7231acd1057b_diario_derivado;;interna;horaria_agregada;soma
2020-02-24;0.0;24;True;0;84100000;chuva;Epagri;;;2;False;diaria;48ca7231acd1057b_diario_derivado;;interna;horaria_agregada;soma
2020-02-25;0.6000000000000001;24;True;0;84100000;chuva;Epagri;;;2;False;diaria;48ca7231acd1057b_diario_derivado;;interna;horaria_agregada;soma
2020-02-26;48.0;24;True;0;84100000;chuva;Epagri;;;2;False;diaria;48ca7231acd1057b_diario_derivado;;interna;horaria_agregada;soma
2020-02-27;0.0;24;True;0;84100000;chuva;Epagri;;;2;False;diaria;48ca7231acd1057b_diario_derivado;;interna;horaria_agregada;soma
2020-02-28;0.0;24;True;0;84100000;chuva;Epagri;;;2;False;diaria;48ca7231acd1057b_diario_derivado;;interna;horaria_agregada;soma
2020-02-29;0.0;24;True;0;84100000;chuva;Epagri;;;2;False;diaria;48ca7231acd1057b_diario_derivado;;interna;horaria_agregada;soma
2020-03-01;0.0;24;True;0;84100000;chuva;Epagri;;;2;False;diaria;48ca7231acd1057b_diario_derivado;;interna;horaria_agregada;soma
2020-03-02;15.4;24;True;0;84100000;chuva;Epagri;;;2;False;diaria;48ca7231acd1057b_diario_derivado;;interna;horaria_agregada;soma
2020-03-03;8.600000000000001;24;True;0;84100000;chuva;Epagri;;;2;False;diaria;48ca7231acd1057b_diario_derivado;;interna;horaria_agregada;soma
2020-03-04;0.2;24;True;0;84100000;chuva;Epagri;;;2;False;diaria;48ca7231acd1057b_diario_derivado;;interna;horaria_agregada;soma
2020-03-05;0.0;24;True;0;84100000;chuva;Epagri;;;2;False;diaria;48ca7231acd1057b_diario_derivado;;interna;horaria_agregada;soma
2020-03-06;0.0;24;True;0;84100000;chuva;Epagri;;;2;False;diaria;48ca7231acd1057b_diario_derivado;;interna;horaria_agregada;soma
2020-03-07;0.0;24;True;0;84100000;chuva;Epagri;;;2;False;diaria;48ca7231acd1057b_diario_derivado;;interna;horaria_agregada;soma
2020-03-08;0.0;24;True;0;84100000;chuva;Epagri;;;2;False;diaria;48ca7231acd1057b_diario_derivado;;interna;horaria_agregada;soma
2020-03-09;0.0;24;True;0;84100000;chuva;Epagri;;;2;False;diaria;48ca7231acd1057b_diario_derivado;;interna;horaria_agregada;soma
2020-03-10;0.0;24;True;0;84100000;chuva;Epagri;;;2;False;diaria;48ca7231acd1057b_diario_derivado;;interna;horaria_agregada;soma
2020-03-11;0.0;24;True;0;84100000;chuva;Epagri;;;2;False;diaria;48ca7231acd1057b_diario_derivado;;interna;horaria_agregada;soma
2020-03-12;0.0;24;True;0;84100000;chuva;Epagri;;;2;False;diaria;48ca7231acd1057b_diario_derivado;;interna;horaria_agregada;soma
2020-03-13;0.0;24;True;0;84100000;chuva;Epagri;;;2;False;diaria;48ca7231acd1057b_diario_derivado;;interna;horaria_agregada;soma
2020-03-14;0.0;24;True;0;84100000;chuva;Epagri;;;2;False;diaria;48ca7231acd1057b_diario_derivado;;interna;horaria_agregada;soma
2020-03-15;0.0;24;True;0;84100000;chuva;Epagri;;;2;False;diaria;48ca7231acd1057b_diario_derivado;;interna;horaria_agregada;soma
2020-03-16;3.8;24;True;0;84100000;chuva;Epagri;;;2;False;diaria;48ca7231acd1057b_diario_derivado;;interna;horaria_agregada;soma
2020-03-17;0.6000000000000001;24;True;0;84100000;chuva;Epagri;;;2;False;diaria;48ca7231acd1057b_diario_derivado;;interna;horaria_agregada;soma
2020-03-18;1.0;24;True;0;84100000;chuva;Epagri;;;2;False;diaria;48ca7231acd1057b_diario_derivado;;interna;horaria_agregada;soma
2020-03-19;0.2;24;True;0;84100000;chuva;Epagri;;;2;False;diaria;48ca7231acd1057b_diario_derivado;;interna;horaria_agregada;soma
2020-03-20;0.0;24;True;0;84100000;chuva;Epagri;;;2;False;diaria;48ca7231acd1057b_diario_derivado;;interna;horaria_agregada;soma
2020-03-21;0.0;24;True;0;84100000;chuva;Epagri;;;2;False;diaria;48ca7231acd1057b_diario_derivado;;interna;horaria_agregada;soma
2020-03-22;0.4;24;True;0;84100000;chuva;Epagri;;;2;False;diaria;48ca7231acd1057b_diario_derivado;;interna;horaria_agregada;soma
2020-03-23;1.2;24;True;0;84100000;chuva;Epagri;;;2;False;diaria;48ca7231acd1057b_diario_derivado;;interna;horaria_agregada;soma
2020-03-24;0.0;24;True;0;84100000;chuva;Epagri;;;2;False;diaria;48ca7231acd1057b_diario_derivado;;interna;horaria_agregada;soma
2020-03-25;0.0;24;True;0;84100000;chuva;Epagri;;;2;False;diaria;48ca7231acd1057b_diario_derivado;;interna;horaria_agregada;soma
2020-03-26;0.0;24;True;0;84100000;chuva;Epagri;;;2;False;diaria;48ca7231acd1057b_diario_derivado;;interna;horaria_agregada;soma
2020-03-27;2.4;24;True;0;84100000;chuva;Epagri;;;2;False;diaria;48ca7231acd1057b_diario_derivado;;interna;horaria_agregada;soma
2020-03-28;0.0;24;True;0;84100000;chuva;Epagri;;;2;False;diaria;48ca7231acd1057b_diario_derivado;;interna;horaria_agregada;soma
2020-03-29;0.0;24;True;0;84100000;chuva;Epagri;;;2;False;diaria;48ca7231acd1057b_diario_derivado;;interna;horaria_agregada;soma
2020-03-30;0.2;24;True;0;84100000;chuva;Epagri;;;2;False;diaria;48ca7231acd1057b_diario_derivado;;interna;horaria_agregada;soma
2020-03-31;5.4;24;True;0;84100000;chuva;Epagri;;;2;False;diaria;48ca7231acd1057b_diario_derivado;;interna;horaria_agregada;soma
2020-04-01;0.2;24;True;0;84100000;chuva;Epagri;;;2;False;diaria;48ca7231acd1057b_diario_derivado;;interna;horaria_agregada;soma
2020-04-02;0.2;24;True;0;84100000;chuva;Epagri;;;2;False;diaria;48ca7231acd1057b_diario_derivado;;interna;horaria_agregada;soma
2020-04-03;0.0;24;True;0;84100000;chuva;Epagri;;;2;False;diaria;48ca7231acd1057b_diario_derivado;;interna;horaria_agregada;soma
2020-04-04;0.0;24;True;0;84100000;chuva;Epagri;;;2;False;diaria;48ca7231acd1057b_diario_derivado;;interna;horaria_agregada;soma
2020-04-05;0.0;24;True;0;84100000;chuva;Epagri;;;2;False;diaria;48ca7231acd1057b_diario_derivado;;interna;horaria_agregada;soma
2020-04-06;9.0;24;True;0;84100000;chuva;Epagri;;;2;False;diaria;48ca7231acd1057b_diario_derivado;;interna;horaria_agregada;soma
2020-04-07;0.2;24;True;0;84100000;chuva;Epagri;;;2;False;diaria;48ca7231acd1057b_diario_derivado;;interna;horaria_agregada;soma
2020-04-08;0.0;24;True;0;84100000;chuva;Epagri;;;2;False;diaria;48ca7231acd1057b_diario_derivado;;interna;horaria_agregada;soma
2020-04-09;0.0;24;True;0;84100000;chuva;Epagri;;;2;False;diaria;48ca7231acd1057b_diario_derivado;;interna;horaria_agregada;soma
2020-04-10;0.0;24;True;0;84100000;chuva;Epagri;;;2;False;diaria;48ca7231acd1057b_diario_derivado;;interna;horaria_agregada;soma
2020-04-11;0.0;24;True;0;84100000;chuva;Epagri;;;2;False;diaria;48ca7231acd1057b_diario_derivado;;interna;horaria_agregada;soma
2020-04-12;0.0;24;True;0;84100000;chuva;Epagri;;;2;False;diaria;48ca7231acd1057b_diario_derivado;;interna;horaria_agregada;soma
2020-04-13;0.0;24;True;0;84100000;chuva;Epagri;;;2;False;diaria;48ca7231acd1057b_diario_derivado;;interna;horaria_agregada;soma
2020-04-14;3.5999999999999996;24;True;0;84100000;chuva;Epagri;;;2;False;diaria;48ca7231acd1057b_diario_derivado;;interna;horaria_agregada;soma
2020-04-15;0.0;24;True;0;84100000;chuva;Epagri;;;2;False;diaria;48ca7231acd1057b_diario_derivado;;interna;horaria_agregada;soma
2020-04-16;0.0;24;True;0;84100000;chuva;Epagri;;;2;False;diaria;48ca7231acd1057b_diario_derivado;;interna;horaria_agregada;soma
2020-04-17;0.0;24;True;0;84100000;chuva;Epagri;;;2;False;diaria;48ca7231acd1057b_diario_derivado;;interna;horaria_agregada;soma
2020-04-18;0.0;24;True;0;84100000;chuva;Epagri;;;2;False;diaria;48ca7231acd1057b_diario_derivado;;interna;horaria_agregada;soma
2020-04-19;0.0;24;True;0;84100000;chuva;Epagri;;;2;False;diaria;48ca7231acd1057b_diario_derivado;;interna;horaria_agregada;soma
2020-04-20;0.0;24;True;0;84100000;chuva;Epagri;;;2;False;diaria;48ca7231acd1057b_diario_derivado;;interna;horaria_agregada;soma
2020-04-21;0.0;24;True;0;84100000;chuva;Epagri;;;2;False;diaria;48ca7231acd1057b_diario_derivado;;interna;horaria_agregada;soma
2020-04-22;0.0;24;True;0;84100000;chuva;Epagri;;;2;False;diaria;48ca7231acd1057b_diario_derivado;;interna;horaria_agregada;soma
2020-04-23;0.0;24;True;0;84100000;chuva;Epagri;;;2;False;diaria;48ca7231acd1057b_diario_derivado;;interna;horaria_agregada;soma
2020-04-24;0.0;24;True;0;84100000;chuva;Epagri;;;2;False;diaria;48ca7231acd1057b_diario_derivado;;interna;horaria_agregada;soma
2020-04-25;0.0;24;True;0;84100000;chuva;Epagri;;;2;False;diaria;48ca7231acd1057b_diario_derivado;;interna;horaria_agregada;soma
2020-04-26;0.0;24;True;0;84100000;chuva;Epagri;;;2;False;diaria;48ca7231acd1057b_diario_derivado;;interna;horaria_agregada;soma
2020-04-27;0.0;24;True;0;84100000;chuva;Epagri;;;2;False;diaria;48ca7231acd1057b_diario_derivado;;interna;horaria_agregada;soma
2020-04-28;11.4;24;True;0;84100000;chuva;Epagri;;;2;False;diaria;48ca7231acd1057b_diario_derivado;;interna;horaria_agregada;soma
2020-04-29;0.0;24;True;0;84100000;chuva;Epagri;;;2;False;diaria;48ca7231acd1057b_diario_derivado;;interna;horaria_agregada;soma
2020-04-30;0.0;24;True;0;84100000;chuva;Epagri;;;2;False;diaria;48ca7231acd1057b_diario_derivado;;interna;horaria_agregada;soma
2020-05-01;0.0;24;True;0;84100000;chuva;Epagri;;;2;False;diaria;48ca7231acd1057b_diario_derivado;;interna;horaria_agregada;soma
2020-05-02;0.0;24;True;0;84100000;chuva;Epagri;;;2;False;diaria;48ca7231acd1057b_diario_derivado;;interna;horaria_agregada;soma
2020-05-03;0.0;24;True;0;84100000;chuva;Epagri;;;2;False;diaria;48ca7231acd1057b_diario_derivado;;interna;horaria_agregada;soma
2020-05-04;0.0;24;True;0;84100000;chuva;Epagri;;;2;False;diaria;48ca7231acd1057b_diario_derivado;;interna;horaria_agregada;soma
2020-05-05;0.2;24;True;0;84100000;chuva;Epagri;;;2;False;diaria;48ca7231acd1057b_diario_derivado;;interna;horaria_agregada;soma
2020-05-06;2.6;24;True;0;84100000;chuva;Epagri;;;2;False;diaria;48ca7231acd1057b_diario_derivado;;interna;horaria_agregada;soma
2020-05-07;0.0;24;True;0;84100000;chuva;Epagri;;;2;False;diaria;48ca7231acd1057b_diario_derivado;;interna;horaria_agregada;soma
2020-05-08;0.0;24;True;0;84100000;chuva;Epagri;;;2;False;diaria;48ca7231acd1057b_diario_derivado;;interna;horaria_agregada;soma
2020-05-09;0.0;24;True;0;84100000;chuva;Epagri;;;2;False;diaria;48ca7231acd1057b_diario_derivado;;interna;horaria_agregada;soma
2020-05-10;0.0;24;True;0;84100000;chuva;Epagri;;;2;False;diaria;48ca7231acd1057b_diario_derivado;;interna;horaria_agregada;soma
2020-05-11;0.0;24;True;0;84100000;chuva;Epagri;;;2;False;diaria;48ca7231acd1057b_diario_derivado;;interna;horaria_agregada;soma
2020-05-12;0.0;24;True;0;84100000;chuva;Epagri;;;2;False;diaria;48ca7231acd1057b_diario_derivado;;interna;horaria_agregada;soma
2020-05-13;2.8;24;True;0;84100000;chuva;Epagri;;;2;False;diaria;48ca7231acd1057b_diario_derivado;;interna;horaria_agregada;soma
2020-05-14;0.2;24;True;0;84100000;chuva;Epagri;;;2;False;diaria;48ca7231acd1057b_diario_derivado;;interna;horaria_agregada;soma
2020-05-15;0.0;24;True;0;84100000;chuva;Epagri;;;2;False;diaria;48ca7231acd1057b_diario_derivado;;interna;horaria_agregada;soma
2020-05-16;0.0;24;True;0;84100000;chuva;Epagri;;;2;False;diaria;48ca7231acd1057b_diario_derivado;;interna;horaria_agregada;soma
2020-05-17;0.0;24;True;0;84100000;chuva;Epagri;;;2;False;diaria;48ca7231acd1057b_diario_derivado;;interna;horaria_agregada;soma
2020-05-18;0.0;24;True;0;84100000;chuva;Epagri;;;2;False;diaria;48ca7231acd1057b_diario_derivado;;interna;horaria_agregada;soma
2020-05-19;0.0;24;True;0;84100000;chuva;Epagri;;;2;False;diaria;48ca7231acd1057b_diario_derivado;;interna;horaria_agregada;soma
2020-05-20;0.0;24;True;0;84100000;chuva;Epagri;;;2;False;diaria;48ca7231acd1057b_diario_derivado;;interna;horaria_agregada;soma
2020-05-21;0.0;24;True;0;84100000;chuva;Epagri;;;2;False;diaria;48ca7231acd1057b_diario_derivado;;interna;horaria_agregada;soma
2020-05-22;3.1999999999999997;24;True;0;84100000;chuva;Epagri;;;2;False;diaria;48ca7231acd1057b_diario_derivado;;interna;horaria_agregada;soma
2020-05-23;0.0;24;True;0;84100000;chuva;Epagri;;;2;False;diaria;48ca7231acd1057b_diario_derivado;;interna;horaria_agregada;soma
2020-05-24;0.0;24;True;0;84100000;chuva;Epagri;;;2;False;diaria;48ca7231acd1057b_diario_derivado;;interna;horaria_agregada;soma
2020-05-25;0.0;24;True;0;84100000;chuva;Epagri;;;2;False;diaria;48ca7231acd1057b_diario_derivado;;interna;horaria_agregada;soma
2020-05-26;0.0;24;True;0;84100000;chuva;Epagri;;;2;False;diaria;48ca7231acd1057b_diario_derivado;;interna;horaria_agregada;soma
2020-05-27;0.0;24;True;0;84100000;chuva;Epagri;;;2;False;diaria;48ca7231acd1057b_diario_derivado;;interna;horaria_agregada;soma
2020-05-28;0.0;24;True;0;84100000;chuva;Epagri;;;2;False;diaria;48ca7231acd1057b_diario_derivado;;interna;horaria_agregada;soma
2020-05-29;0.0;24;True;0;84100000;chuva;Epagri;;;2;False;diaria;48ca7231acd1057b_diario_derivado;;interna;horaria_agregada;soma
2020-05-30;;20;False;0;84100000;chuva;Epagri;;;2;False;diaria;48ca7231acd1057b_diario_derivado;;interna;horaria_agregada;soma
2020-05-31;0.0;24;True;0;84100000;chuva;Epagri;;;2;False;diaria;48ca7231acd1057b_diario_derivado;;interna;horaria_agregada;soma
2020-06-01;0.6000000000000001;24;True;0;84100000;chuva;Epagri;;;2;False;diaria;48ca7231acd1057b_diario_derivado;;interna;horaria_agregada;soma
2020-06-02;0.4;24;True;0;84100000;chuva;Epagri;;;2;False;diaria;48ca7231acd1057b_diario_derivado;;interna;horaria_agregada;soma
2020-06-03;0.0;24;True;0;84100000;chuva;Epagri;;;2;False;diaria;48ca7231acd1057b_diario_derivado;;interna;horaria_agregada;soma
2020-06-04;0.8;24;True;0;84100000;chuva;Epagri;;;2;False;diaria;48ca7231acd1057b_diario_derivado;;interna;horaria_agregada;soma
2020-06-05;45.2;24;True;0;84100000;chuva;Epagri;;;2;False;diaria;48ca7231acd1057b_diario_derivado;;interna;horaria_agregada;soma
2020-06-06;30.2;24;True;0;84100000;chuva;Epagri;;;2;False;diaria;48ca7231acd1057b_diario_derivado;;interna;horaria_agregada;soma
2020-06-07;0.0;24;True;0;84100000;chuva;Epagri;;;2;False;diaria;48ca7231acd1057b_diario_derivado;;interna;horaria_agregada;soma
2020-06-08;0.0;24;True;0;84100000;chuva;Epagri;;;2;False;diaria;48ca7231acd1057b_diario_derivado;;interna;horaria_agregada;soma
2020-06-09;16.2;24;True;0;84100000;chuva;Epagri;;;2;False;diaria;48ca7231acd1057b_diario_derivado;;interna;horaria_agregada;soma
2020-06-10;15.2;24;True;0;84100000;chuva;Epagri;;;2;False;diaria;48ca7231acd1057b_diario_derivado;;interna;horaria_agregada;soma
2020-06-11;0.4;24;True;0;84100000;chuva;Epagri;;;2;False;diaria;48ca7231acd1057b_diario_derivado;;interna;horaria_agregada;soma
2020-06-12;0.0;24;True;0;84100000;chuva;Epagri;;;2;False;diaria;48ca7231acd1057b_diario_derivado;;interna;horaria_agregada;soma
2020-06-13;0.6000000000000001;24;True;0;84100000;chuva;Epagri;;;2;False;diaria;48ca7231acd1057b_diario_derivado;;interna;horaria_agregada;soma
2020-06-14;0.0;24;True;0;84100000;chuva;Epagri;;;2;False;diaria;48ca7231acd1057b_diario_derivado;;interna;horaria_agregada;soma
2020-06-15;0.0;24;True;0;84100000;chuva;Epagri;;;2;False;diaria;48ca7231acd1057b_diario_derivado;;interna;horaria_agregada;soma
2020-06-16;1.4;24;True;0;84100000;chuva;Epagri;;;2;False;diaria;48ca7231acd1057b_diario_derivado;;interna;horaria_agregada;soma
2020-06-17;3.2;24;True;0;84100000;chuva;Epagri;;;2;False;diaria;48ca7231acd1057b_diario_derivado;;interna;horaria_agregada;soma
2020-06-18;0.0;24;True;0;84100000;chuva;Epagri;;;2;False;diaria;48ca7231acd1057b_diario_derivado;;interna;horaria_agregada;soma
2020-06-19;0.0;24;True;0;84100000;chuva;Epagri;;;2;False;diaria;48ca7231acd1057b_diario_derivado;;interna;horaria_agregada;soma
2020-06-20;0.0;24;True;0;84100000;chuva;Epagri;;;2;False;diaria;48ca7231acd1057b_diario_derivado;;interna;horaria_agregada;soma
2020-06-21;0.0;24;True;0;84100000;chuva;Epagri;;;2;False;diaria;48ca7231acd1057b_diario_derivado;;interna;horaria_agregada;soma
2020-06-22;0.0;24;True;0;84100000;chuva;Epagri;;;2;False;diaria;48ca7231acd1057b_diario_derivado;;interna;horaria_agregada;soma
2020-06-23;0.0;24;True;0;84100000;chuva;Epagri;;;2;False;diaria;48ca7231acd1057b_diario_derivado;;interna;horaria_agregada;soma
2020-06-24;0.0;24;True;0;84100000;chuva;Epagri;;;2;False;diaria;48ca7231acd1057b_diario_derivado;;interna;horaria_agregada;soma
2020-06-25;5.800000000000001;24;True;0;84100000;chuva;Epagri;;;2;False;diaria;48ca7231acd1057b_diario_derivado;;interna;horaria_agregada;soma
2020-06-26;0.0;24;True;0;84100000;chuva;Epagri;;;2;False;diaria;48ca7231acd1057b_diario_derivado;;interna;horaria_agregada;soma
2020-06-27;6.0;24;True;0;84100000;chuva;Epagri;;;2;False;diaria;48ca7231acd1057b_diario_derivado;;interna;horaria_agregada;soma
2020-06-28;0.0;24;True;0;84100000;chuva;Epagri;;;2;False;diaria;48ca7231acd1057b_diario_derivado;;interna;horaria_agregada;soma
2020-06-29;1.8;24;True;0;84100000;chuva;Epagri;;;2;False;diaria;48ca7231acd1057b_diario_derivado;;interna;horaria_agregada;soma
2020-06-30;19.4;24;True;0;84100000;chuva;Epagri;;;2;False;diaria;48ca7231acd1057b_diario_derivado;;interna;horaria_agregada;soma
2020-07-01;0.4;24;True;0;84100000;chuva;Epagri;;;2;False;diaria;48ca7231acd1057b_diario_derivado;;interna;horaria_agregada;soma
2020-07-02;0.0;24;True;0;84100000;chuva;Epagri;;;2;False;diaria;48ca7231acd1057b_diario_derivado;;interna;horaria_agregada;soma
2020-07-03;0.0;24;True;0;84100000;chuva;Epagri;;;2;False;diaria;48ca7231acd1057b_diario_derivado;;interna;horaria_agregada;soma
2020-07-04;;23;False;0;84100000;chuva;Epagri;;;2;False;diaria;48ca7231acd1057b_diario_derivado;;interna;horaria_agregada;soma
2020-07-05;;23;False;0;84100000;chuva;Epagri;;;2;False;diaria;48ca7231acd1057b_diario_derivado;;interna;horaria_agregada;soma
2020-07-06;3.2;24;True;0;84100000;chuva;Epagri;;;2;False;diaria;48ca7231acd1057b_diario_derivado;;interna;horaria_agregada;soma
2020-07-07;22.8;24;True;0;84100000;chuva;Epagri;;;2;False;diaria;48ca7231acd1057b_diario_derivado;;interna;horaria_agregada;soma
2020-07-08;7.2;24;True;0;84100000;chuva;Epagri;;;2;False;diaria;48ca7231acd1057b_diario_derivado;;interna;horaria_agregada;soma
2020-07-09;0.2;24;True;0;84100000;chuva;Epagri;;;2;False;diaria;48ca7231acd1057b_diario_derivado;;interna;horaria_agregada;soma
2020-07-10;0.0;24;True;0;84100000;chuva;Epagri;;;2;False;diaria;48ca7231acd1057b_diario_derivado;;interna;horaria_agregada;soma
2020-07-11;22.2;24;True;0;84100000;chuva;Epagri;;;2;False;diaria;48ca7231acd1057b_diario_derivado;;interna;horaria_agregada;soma
2020-07-12;0.4;24;True;0;84100000;chuva;Epagri;;;2;False;diaria;48ca7231acd1057b_diario_derivado;;interna;horaria_agregada;soma
2020-07-13;5.0;24;True;0;84100000;chuva;Epagri;;;2;False;diaria;48ca7231acd1057b_diario_derivado;;interna;horaria_agregada;soma
2020-07-14;0.0;24;True;0;84100000;chuva;Epagri;;;2;False;diaria;48ca7231acd1057b_diario_derivado;;interna;horaria_agregada;soma
2020-07-15;0.0;24;True;0;84100000;chuva;Epagri;;;2;False;diaria;48ca7231acd1057b_diario_derivado;;interna;horaria_agregada;soma
2020-07-16;13.2;24;True;0;84100000;chuva;Epagri;;;2;False;diaria;48ca7231acd1057b_diario_derivado;;interna;horaria_agregada;soma
2020-07-17;7.0;24;True;0;84100000;chuva;Epagri;;;2;False;diaria;48ca7231acd1057b_diario_derivado;;interna;horaria_agregada;soma
2020-07-18;0.0;24;True;0;84100000;chuva;Epagri;;;2;False;diaria;48ca7231acd1057b_diario_derivado;;interna;horaria_agregada;soma
2020-07-19;0.0;24;True;0;84100000;chuva;Epagri;;;2;False;diaria;48ca7231acd1057b_diario_derivado;;interna;horaria_agregada;soma
2020-07-20;0.0;24;True;0;84100000;chuva;Epagri;;;2;False;diaria;48ca7231acd1057b_diario_derivado;;interna;horaria_agregada;soma
2020-07-21;0.0;24;True;0;84100000;chuva;Epagri;;;2;False;diaria;48ca7231acd1057b_diario_derivado;;interna;horaria_agregada;soma
2020-07-22;0.0;24;True;0;84100000;chuva;Epagri;;;2;False;diaria;48ca7231acd1057b_diario_derivado;;interna;horaria_agregada;soma
2020-07-23;0.0;24;True;0;84100000;chuva;Epagri;;;2;False;diaria;48ca7231acd1057b_diario_derivado;;interna;horaria_agregada;soma
2020-07-24;0.0;24;True;0;84100000;chuva;Epagri;;;2;False;diaria;48ca7231acd1057b_diario_derivado;;interna;horaria_agregada;soma
2020-07-25;0.0;24;True;0;84100000;chuva;Epagri;;;2;False;diaria;48ca7231acd1057b_diario_derivado;;interna;horaria_agregada;soma
2020-07-26;0.0;24;True;0;84100000;chuva;Epagri;;;2;False;diaria;48ca7231acd1057b_diario_derivado;;interna;horaria_agregada;soma
2020-07-27;0.4;24;True;0;84100000;chuva;Epagri;;;2;False;diaria;48ca7231acd1057b_diario_derivado;;interna;horaria_agregada;soma
2020-07-28;10.6;24;True;0;84100000;chuva;Epagri;;;2;False;diaria;48ca7231acd1057b_diario_derivado;;interna;horaria_agregada;soma
2020-07-29;0.0;24;True;0;84100000;chuva;Epagri;;;2;False;diaria;48ca7231acd1057b_diario_derivado;;interna;horaria_agregada;soma
2020-07-30;0.0;24;True;0;84100000;chuva;Epagri;;;2;False;diaria;48ca7231acd1057b_diario_derivado;;interna;horaria_agregada;soma
2020-07-31;1.0;24;True;0;84100000;chuva;Epagri;;;2;False;diaria;48ca7231acd1057b_diario_derivado;;interna;horaria_agregada;soma
2020-08-01;0.0;24;True;0;84100000;chuva;Epagri;;;2;False;diaria;48ca7231acd1057b_diario_derivado;;interna;horaria_agregada;soma
2020-08-02;0.0;24;True;0;84100000;chuva;Epagri;;;2;False;diaria;48ca7231acd1057b_diario_derivado;;interna;horaria_agregada;soma
2020-08-03;0.0;24;True;0;84100000;chuva;Epagri;;;2;False;diaria;48ca7231acd1057b_diario_derivado;;interna;horaria_agregada;soma
2020-08-04;0.0;24;True;0;84100000;chuva;Epagri;;;2;False;diaria;48ca7231acd1057b_diario_derivado;;interna;horaria_agregada;soma
2020-08-05;0.0;24;True;0;84100000;chuva;Epagri;;;2;False;diaria;48ca7231acd1057b_diario_derivado;;interna;horaria_agregada;soma
2020-08-06;0.0;24;True;0;84100000;chuva;Epagri;;;2;False;diaria;48ca7231acd1057b_diario_derivado;;interna;horaria_agregada;soma
2020-08-07;0.0;24;True;0;84100000;chuva;Epagri;;;2;False;diaria;48ca7231acd1057b_diario_derivado;;interna;horaria_agregada;soma
2020-08-08;0.0;24;True;0;84100000;chuva;Epagri;;;2;False;diaria;48ca7231acd1057b_diario_derivado;;interna;horaria_agregada;soma
2020-08-09;0.0;24;True;0;84100000;chuva;Epagri;;;2;False;diaria;48ca7231acd1057b_diario_derivado;;interna;horaria_agregada;soma
2020-08-10;0.0;24;True;0;84100000;chuva;Epagri;;;2;False;diaria;48ca7231acd1057b_diario_derivado;;interna;horaria_agregada;soma
2020-08-11;0.0;24;True;0;84100000;chuva;Epagri;;;2;False;diaria;48ca7231acd1057b_diario_derivado;;interna;horaria_agregada;soma
2020-08-12;22.6;24;True;0;84100000;chuva;Epagri;;;2;False;diaria;48ca7231acd1057b_diario_derivado;;interna;horaria_agregada;soma
2020-08-13;21.599999999999998;24;True;0;84100000;chuva;Epagri;;;2;False;diaria;48ca7231acd1057b_diario_derivado;;interna;horaria_agregada;soma
2020-08-14;33.0;24;True;0;84100000;chuva;Epagri;;;2;False;diaria;48ca7231acd1057b_diario_derivado;;interna;horaria_agregada;soma
2020-08-15;43.6;24;True;0;84100000;chuva;Epagri;;;2;False;diaria;48ca7231acd1057b_diario_derivado;;interna;horaria_agregada;soma
2020-08-16;3.4;24;True;0;84100000;chuva;Epagri;;;2;False;diaria;48ca7231acd1057b_diario_derivado;;interna;horaria_agregada;soma
2020-08-17;6.8;24;True;0;84100000;chuva;Epagri;;;2;False;diaria;48ca7231acd1057b_diario_derivado;;interna;horaria_agregada;soma
2020-08-18;1.4000000000000001;24;True;0;84100000;chuva;Epagri;;;2;False;diaria;48ca7231acd1057b_diario_derivado;;interna;horaria_agregada;soma
2020-08-19;9.8;24;True;0;84100000;chuva;Epagri;;;2;False;diaria;48ca7231acd1057b_diario_derivado;;interna;horaria_agregada;soma
2020-08-20;1.4;24;True;0;84100000;chuva;Epagri;;;2;False;diaria;48ca7231acd1057b_diario_derivado;;interna;horaria_agregada;soma
2020-08-21;0.0;24;True;0;84100000;chuva;Epagri;;;2;False;diaria;48ca7231acd1057b_diario_derivado;;interna;horaria_agregada;soma
2020-08-22;0.0;24;True;0;84100000;chuva;Epagri;;;2;False;diaria;48ca7231acd1057b_diario_derivado;;interna;horaria_agregada;soma
2020-08-23;1.0;24;True;0;84100000;chuva;Epagri;;;2;False;diaria;48ca7231acd1057b_diario_derivado;;interna;horaria_agregada;soma
2020-08-24;0.2;24;True;0;84100000;chuva;Epagri;;;2;False;diaria;48ca7231acd1057b_diario_derivado;;interna;horaria_agregada;soma
2020-08-25;0.0;24;True;0;84100000;chuva;Epagri;;;2;False;diaria;48ca7231acd1057b_diario_derivado;;interna;horaria_agregada;soma
2020-08-26;0.0;24;True;0;84100000;chuva;Epagri;;;2;False;diaria;48ca7231acd1057b_diario_derivado;;interna;horaria_agregada;soma
2020-08-27;0.0;24;True;0;84100000;chuva;Epagri;;;2;False;diaria;48ca7231acd1057b_diario_derivado;;interna;horaria_agregada;soma
2020-08-28;0.0;24;True;0;84100000;chuva;Epagri;;;2;False;diaria;48ca7231acd1057b_diario_derivado;;interna;horaria_agregada;soma
2020-08-29;0.0;24;True;0;84100000;chuva;Epagri;;;2;False;diaria;48ca7231acd1057b_diario_derivado;;interna;horaria_agregada;soma
2020-08-30;0.0;24;True;0;84100000;chuva;Epagri;;;2;False;diaria;48ca7231acd1057b_diario_derivado;;interna;horaria_agregada;soma
2020-08-31;0.2;24;True;0;84100000;chuva;Epagri;;;2;False;diaria;48ca7231acd1057b_diario_derivado;;interna;horaria_agregada;soma
2020-09-01;3.0;24;True;0;84100000;chuva;Epagri;;;2;False;diaria;48ca7231acd1057b_diario_derivado;;interna;horaria_agregada;soma
2020-09-02;1.4000000000000001;24;True;0;84100000;chuva;Epagri;;;2;False;diaria;48ca7231acd1057b_diario_derivado;;interna;horaria_agregada;soma
2020-09-03;5.800000000000001;24;True;0;84100000;chuva;Epagri;;;2;False;diaria;48ca7231acd1057b_diario_derivado;;interna;horaria_agregada;soma
2020-09-04;1.6;24;True;0;84100000;chuva;Epagri;;;2;False;diaria;48ca7231acd1057b_diario_derivado;;interna;horaria_agregada;soma
2020-09-05;0.0;24;True;0;84100000;chuva;Epagri;;;2;False;diaria;48ca7231acd1057b_diario_derivado;;interna;horaria_agregada;soma
2020-09-06;0.0;24;True;0;84100000;chuva;Epagri;;;2;False;diaria;48ca7231acd1057b_diario_derivado;;interna;horaria_agregada;soma
2020-09-07;36.8;24;True;0;84100000;chuva;Epagri;;;2;False;diaria;48ca7231acd1057b_diario_derivado;;interna;horaria_agregada;soma
2020-09-08;19.2;24;True;0;84100000;chuva;Epagri;;;2;False;diaria;48ca7231acd1057b_diario_derivado;;interna;horaria_agregada;soma
2020-09-09;23.0;24;True;0;84100000;chuva;Epagri;;;2;False;diaria;48ca7231acd1057b_diario_derivado;;interna;horaria_agregada;soma
2020-09-10;1.4000000000000001;24;True;0;84100000;chuva;Epagri;;;2;False;diaria;48ca7231acd1057b_diario_derivado;;interna;horaria_agregada;soma
2020-09-11;;23;False;0;84100000;chuva;Epagri;;;2;False;diaria;48ca7231acd1057b_diario_derivado;;interna;horaria_agregada;soma
2020-09-12;0.0;24;True;0;84100000;chuva;Epagri;;;2;False;diaria;48ca7231acd1057b_diario_derivado;;interna;horaria_agregada;soma
2020-09-13;0.0;24;True;0;84100000;chuva;Epagri;;;2;False;diaria;48ca7231acd1057b_diario_derivado;;interna;horaria_agregada;soma
2020-09-14;0.0;24;True;0;84100000;chuva;Epagri;;;2;False;diaria;48ca7231acd1057b_diario_derivado;;interna;horaria_agregada;soma
2020-09-15;0.0;24;True;0;84100000;chuva;Epagri;;;2;False;diaria;48ca7231acd1057b_diario_derivado;;interna;horaria_agregada;soma
2020-09-16;0.0;24;True;0;84100000;chuva;Epagri;;;2;False;diaria;48ca7231acd1057b_diario_derivado;;interna;horaria_agregada;soma
2020-09-17;9.8;24;True;0;84100000;chuva;Epagri;;;2;False;diaria;48ca7231acd1057b_diario_derivado;;interna;horaria_agregada;soma
2020-09-18;0.0;24;True;0;84100000;chuva;Epagri;;;2;False;diaria;48ca7231acd1057b_diario_derivado;;interna;horaria_agregada;soma
2020-09-19;0.0;24;True;0;84100000;chuva;Epagri;;;2;False;diaria;48ca7231acd1057b_diario_derivado;;interna;horaria_agregada;soma
2020-09-20;0.0;24;True;0;84100000;chuva;Epagri;;;2;False;diaria;48ca7231acd1057b_diario_derivado;;interna;horaria_agregada;soma
2020-09-21;0.0;24;True;0;84100000;chuva;Epagri;;;2;False;diaria;48ca7231acd1057b_diario_derivado;;interna;horaria_agregada;soma
2020-09-22;0.0;24;True;0;84100000;chuva;Epagri;;;2;False;diaria;48ca7231acd1057b_diario_derivado;;interna;horaria_agregada;soma
2020-09-23;0.0;24;True;0;84100000;chuva;Epagri;;;2;False;diaria;48ca7231acd1057b_diario_derivado;;interna;horaria_agregada;soma
2020-09-24;0.0;24;True;0;84100000;chuva;Epagri;;;2;False;diaria;48ca7231acd1057b_diario_derivado;;interna;horaria_agregada;soma
2020-09-25;0.0;24;True;0;84100000;chuva;Epagri;;;2;False;diaria;48ca7231acd1057b_diario_derivado;;interna;horaria_agregada;soma
2020-09-26;0.0;24;True;0;84100000;chuva;Epagri;;;2;False;diaria;48ca7231acd1057b_diario_derivado;;interna;horaria_agregada;soma
2020-09-27;5.4;24;True;0;84100000;chuva;Epagri;;;2;False;diaria;48ca7231acd1057b_diario_derivado;;interna;horaria_agregada;soma
2020-09-28;17.0;24;True;0;84100000;chuva;Epagri;;;2;False;diaria;48ca7231acd1057b_diario_derivado;;interna;horaria_agregada;soma
2020-09-29;0.0;24;True;0;84100000;chuva;Epagri;;;2;False;diaria;48ca7231acd1057b_diario_derivado;;interna;horaria_agregada;soma
2020-09-30;13.6;24;True;0;84100000;chuva;Epagri;;;2;False;diaria;48ca7231acd1057b_diario_derivado;;interna;horaria_agregada;soma
2020-10-01;0.2;24;True;0;84100000;chuva;Epagri;;;2;False;diaria;48ca7231acd1057b_diario_derivado;;interna;horaria_agregada;soma
2020-10-02;0.0;24;True;0;84100000;chuva;Epagri;;;2;False;diaria;48ca7231acd1057b_diario_derivado;;interna;horaria_agregada;soma
2020-10-03;1.7999999999999998;24;True;0;84100000;chuva;Epagri;;;2;False;diaria;48ca7231acd1057b_diario_derivado;;interna;horaria_agregada;soma
2020-10-04;18.2;24;True;0;84100000;chuva;Epagri;;;2;False;diaria;48ca7231acd1057b_diario_derivado;;interna;horaria_agregada;soma
2020-10-05;6.4;24;True;0;84100000;chuva;Epagri;;;2;False;diaria;48ca7231acd1057b_diario_derivado;;interna;horaria_agregada;soma
2020-10-06;0.4;24;True;0;84100000;chuva;Epagri;;;2;False;diaria;48ca7231acd1057b_diario_derivado;;interna;horaria_agregada;soma
2020-10-07;9.399999999999999;24;True;0;84100000;chuva;Epagri;;;2;False;diaria;48ca7231acd1057b_diario_derivado;;interna;horaria_agregada;soma
2020-10-08;2.0;24;True;0;84100000;chuva;Epagri;;;2;False;diaria;48ca7231acd1057b_diario_derivado;;interna;horaria_agregada;soma
2020-10-09;8.4;24;True;0;84100000;chuva;Epagri;;;2;False;diaria;48ca7231acd1057b_diario_derivado;;interna;horaria_agregada;soma
2020-10-10;0.4;24;True;0;84100000;chuva;Epagri;;;2;False;diaria;48ca7231acd1057b_diario_derivado;;interna;horaria_agregada;soma
2020-10-11;0.0;24;True;0;84100000;chuva;Epagri;;;2;False;diaria;48ca7231acd1057b_diario_derivado;;interna;horaria_agregada;soma
2020-10-12;0.0;24;True;0;84100000;chuva;Epagri;;;2;False;diaria;48ca7231acd1057b_diario_derivado;;interna;horaria_agregada;soma
2020-10-13;0.0;24;True;0;84100000;chuva;Epagri;;;2;False;diaria;48ca7231acd1057b_diario_derivado;;interna;horaria_agregada;soma
2020-10-14;0.0;24;True;0;84100000;chuva;Epagri;;;2;False;diaria;48ca7231acd1057b_diario_derivado;;interna;horaria_agregada;soma
2020-10-15;0.0;24;True;0;84100000;chuva;Epagri;;;2;False;diaria;48ca7231acd1057b_diario_derivado;;interna;horaria_agregada;soma
2020-10-16;0.0;24;True;0;84100000;chuva;Epagri;;;2;False;diaria;48ca7231acd1057b_diario_derivado;;interna;horaria_agregada;soma
2020-10-17;0.0;24;True;0;84100000;chuva;Epagri;;;2;False;diaria;48ca7231acd1057b_diario_derivado;;interna;horaria_agregada;soma
2020-10-18;0.0;24;True;0;84100000;chuva;Epagri;;;2;False;diaria;48ca7231acd1057b_diario_derivado;;interna;horaria_agregada;soma
2020-10-19;1.4000000000000001;24;True;0;84100000;chuva;Epagri;;;2;False;diaria;48ca7231acd1057b_diario_derivado;;interna;horaria_agregada;soma
2020-10-20;0.2;24;True;0;84100000;chuva;Epagri;;;2;False;diaria;48ca7231acd1057b_diario_derivado;;interna;horaria_agregada;soma
2020-10-21;0.8;24;True;0;84100000;chuva;Epagri;;;2;False;diaria;48ca7231acd1057b_diario_derivado;;interna;horaria_agregada;soma
2020-10-22;23.0;24;True;0;84100000;chuva;Epagri;;;2;False;diaria;48ca7231acd1057b_diario_derivado;;interna;horaria_agregada;soma
2020-10-23;7.6000000000000005;24;True;0;84100000;chuva;Epagri;;;2;False;diaria;48ca7231acd1057b_diario_derivado;;interna;horaria_agregada;soma
2020-10-24;0.6000000000000001;24;True;0;84100000;chuva;Epagri;;;2;False;diaria;48ca7231acd1057b_diario_derivado;;interna;horaria_agregada;soma
2020-10-25;0.4;24;True;0;84100000;chuva;Epagri;;;2;False;diaria;48ca7231acd1057b_diario_derivado;;interna;horaria_agregada;soma
2020-10-26;4.800000000000001;24;True;0;84100000;chuva;Epagri;;;2;False;diaria;48ca7231acd1057b_diario_derivado;;interna;horaria_agregada;soma
2020-10-27;13.399999999999999;24;True;0;84100000;chuva;Epagri;;;2;False;diaria;48ca7231acd1057b_diario_derivado;;interna;horaria_agregada;soma
2020-10-28;0.0;24;True;0;84100000;chuva;Epagri;;;2;False;diaria;48ca7231acd1057b_diario_derivado;;interna;horaria_agregada;soma
2020-10-29;0.0;24;True;0;84100000;chuva;Epagri;;;2;False;diaria;48ca7231acd1057b_diario_derivado;;interna;horaria_agregada;soma
2020-10-30;11.6;24;True;0;84100000;chuva;Epagri;;;2;False;diaria;48ca7231acd1057b_diario_derivado;;interna;horaria_agregada;soma
2020-10-31;0.2;24;True;0;84100000;chuva;Epagri;;;2;False;diaria;48ca7231acd1057b_diario_derivado;;interna;horaria_agregada;soma
2020-11-01;0.2;24;True;0;84100000;chuva;Epagri;;;2;False;diaria;48ca7231acd1057b_diario_derivado;;interna;horaria_agregada;soma
2020-11-02;0.0;24;True;0;84100000;chuva;Epagri;;;2;False;diaria;48ca7231acd1057b_diario_derivado;;interna;horaria_agregada;soma
2020-11-03;4.0;24;True;0;84100000;chuva;Epagri;;;2;False;diaria;48ca7231acd1057b_diario_derivado;;interna;horaria_agregada;soma
2020-11-04;0.0;24;True;0;84100000;chuva;Epagri;;;2;False;diaria;48ca7231acd1057b_diario_derivado;;interna;horaria_agregada;soma
2020-11-05;0.2;24;True;0;84100000;chuva;Epagri;;;2;False;diaria;48ca7231acd1057b_diario_derivado;;interna;horaria_agregada;soma
2020-11-06;0.0;24;True;0;84100000;chuva;Epagri;;;2;False;diaria;48ca7231acd1057b_diario_derivado;;interna;horaria_agregada;soma
2020-11-07;0.0;24;True;0;84100000;chuva;Epagri;;;2;False;diaria;48ca7231acd1057b_diario_derivado;;interna;horaria_agregada;soma
2020-11-08;0.0;24;True;0;84100000;chuva;Epagri;;;2;False;diaria;48ca7231acd1057b_diario_derivado;;interna;horaria_agregada;soma
2020-11-09;21.0;24;True;0;84100000;chuva;Epagri;;;2;False;diaria;48ca7231acd1057b_diario_derivado;;interna;horaria_agregada;soma
2020-11-10;6.4;24;True;0;84100000;chuva;Epagri;;;2;False;diaria;48ca7231acd1057b_diario_derivado;;interna;horaria_agregada;soma
2020-11-11;0.0;24;True;0;84100000;chuva;Epagri;;;2;False;diaria;48ca7231acd1057b_diario_derivado;;interna;horaria_agregada;soma
2020-11-12;18.8;24;True;0;84100000;chuva;Epagri;;;2;False;diaria;48ca7231acd1057b_diario_derivado;;interna;horaria_agregada;soma
2020-11-13;2.4;24;True;0;84100000;chuva;Epagri;;;2;False;diaria;48ca7231acd1057b_diario_derivado;;interna;horaria_agregada;soma
2020-11-14;0.2;24;True;0;84100000;chuva;Epagri;;;2;False;diaria;48ca7231acd1057b_diario_derivado;;interna;horaria_agregada;soma
2020-11-15;1.0;24;True;0;84100000;chuva;Epagri;;;2;False;diaria;48ca7231acd1057b_diario_derivado;;interna;horaria_agregada;soma
2020-11-16;26.2;24;True;0;84100000;chuva;Epagri;;;2;False;diaria;48ca7231acd1057b_diario_derivado;;interna;horaria_agregada;soma
2020-11-17;0.0;24;True;0;84100000;chuva;Epagri;;;2;False;diaria;48ca7231acd1057b_diario_derivado;;interna;horaria_agregada;soma
2020-11-18;3.5999999999999996;24;True;0;84100000;chuva;Epagri;;;2;False;diaria;48ca7231acd1057b_diario_derivado;;interna;horaria_agregada;soma
2020-11-19;1.2;24;True;0;84100000;chuva;Epagri;;;2;False;diaria;48ca7231acd1057b_diario_derivado;;interna;horaria_agregada;soma
2020-11-20;11.0;24;True;0;84100000;chuva;Epagri;;;2;False;diaria;48ca7231acd1057b_diario_derivado;;interna;horaria_agregada;soma
2020-11-21;0.2;24;True;0;84100000;chuva;Epagri;;;2;False;diaria;48ca7231acd1057b_diario_derivado;;interna;horaria_agregada;soma
2020-11-22;0.0;24;True;0;84100000;chuva;Epagri;;;2;False;diaria;48ca7231acd1057b_diario_derivado;;interna;horaria_agregada;soma
2020-11-23;0.0;24;True;0;84100000;chuva;Epagri;;;2;False;diaria;48ca7231acd1057b_diario_derivado;;interna;horaria_agregada;soma
2020-11-24;0.0;24;True;0;84100000;chuva;Epagri;;;2;False;diaria;48ca7231acd1057b_diario_derivado;;interna;horaria_agregada;soma
2020-11-25;0.0;24;True;0;84100000;chuva;Epagri;;;2;False;diaria;48ca7231acd1057b_diario_derivado;;interna;horaria_agregada;soma
2020-11-26;0.0;24;True;0;84100000;chuva;Epagri;;;2;False;diaria;48ca7231acd1057b_diario_derivado;;interna;horaria_agregada;soma
2020-11-27;2.6;24;True;0;84100000;chuva;Epagri;;;2;False;diaria;48ca7231acd1057b_diario_derivado;;interna;horaria_agregada;soma
2020-11-28;3.2;24;True;0;84100000;chuva;Epagri;;;2;False;diaria;48ca7231acd1057b_diario_derivado;;interna;horaria_agregada;soma
2020-11-29;0.0;24;True;0;84100000;chuva;Epagri;;;2;False;diaria;48ca7231acd1057b_diario_derivado;;interna;horaria_agregada;soma
2020-11-30;41.8;24;True;0;84100000;chuva;Epagri;;;2;False;diaria;48ca7231acd1057b_diario_derivado;;interna;horaria_agregada;soma
2020-12-01;4.0;24;True;0;84100000;chuva;Epagri;;;2;False;diaria;48ca7231acd1057b_diario_derivado;;interna;horaria_agregada;soma
2020-12-02;1.6;24;True;0;84100000;chuva;Epagri;;;2;False;diaria;48ca7231acd1057b_diario_derivado;;interna;horaria_agregada;soma
2020-12-03;50.8;24;True;0;84100000;chuva;Epagri;;;2;False;diaria;48ca7231acd1057b_diario_derivado;;interna;horaria_agregada;soma
2020-12-04;0.0;24;True;0;84100000;chuva;Epagri;;;2;False;diaria;48ca7231acd1057b_diario_derivado;;interna;horaria_agregada;soma
2020-12-05;3.6;24;True;0;84100000;chuva;Epagri;;;2;False;diaria;48ca7231acd1057b_diario_derivado;;interna;horaria_agregada;soma
2020-12-06;40.8;24;True;0;84100000;chuva;Epagri;;;2;False;diaria;48ca7231acd1057b_diario_derivado;;interna;horaria_agregada;soma
2020-12-07;8.0;24;True;0;84100000;chuva;Epagri;;;2;False;diaria;48ca7231acd1057b_diario_derivado;;interna;horaria_agregada;soma
2020-12-08;1.4000000000000001;24;True;0;84100000;chuva;Epagri;;;2;False;diaria;48ca7231acd1057b_diario_derivado;;interna;horaria_agregada;soma
2020-12-09;0.8;24;True;0;84100000;chuva;Epagri;;;2;False;diaria;48ca7231acd1057b_diario_derivado;;interna;horaria_agregada;soma
2020-12-10;1.2000000000000002;24;True;0;84100000;chuva;Epagri;;;2;False;diaria;48ca7231acd1057b_diario_derivado;;interna;horaria_agregada;soma
2020-12-11;0.0;24;True;0;84100000;chuva;Epagri;;;2;False;diaria;48ca7231acd1057b_diario_derivado;;interna;horaria_agregada;soma
2020-12-12;13.0;24;True;0;84100000;chuva;Epagri;;;2;False;diaria;48ca7231acd1057b_diario_derivado;;interna;horaria_agregada;soma
2020-12-13;13.2;24;True;0;84100000;chuva;Epagri;;;2;False;diaria;48ca7231acd1057b_diario_derivado;;interna;horaria_agregada;soma
2020-12-14;7.2;24;True;0;84100000;chuva;Epagri;;;2;False;diaria;48ca7231acd1057b_diario_derivado;;interna;horaria_agregada;soma
2020-12-15;38.0;24;True;0;84100000;chuva;Epagri;;;2;False;diaria;48ca7231acd1057b_diario_derivado;;interna;horaria_agregada;soma
2020-12-16;0.2;24;True;0;84100000;chuva;Epagri;;;2;False;diaria;48ca7231acd1057b_diario_derivado;;interna;horaria_agregada;soma
2020-12-17;40.6;24;True;0;84100000;chuva;Epagri;;;2;False;diaria;48ca7231acd1057b_diario_derivado;;interna;horaria_agregada;soma
2020-12-18;0.2;24;True;0;84100000;chuva;Epagri;;;2;False;diaria;48ca7231acd1057b_diario_derivado;;interna;horaria_agregada;soma
2020-12-19;3.4000000000000004;24;True;0;84100000;chuva;Epagri;;;2;False;diaria;48ca7231acd1057b_diario_derivado;;interna;horaria_agregada;soma
2020-12-20;0.0;24;True;0;84100000;chuva;Epagri;;;2;False;diaria;48ca7231acd1057b_diario_derivado;;interna;horaria_agregada;soma
2020-12-21;1.5999999999999999;24;True;0;84100000;chuva;Epagri;;;2;False;diaria;48ca7231acd1057b_diario_derivado;;interna;horaria_agregada;soma
2020-12-22;0.0;24;True;0;84100000;chuva;Epagri;;;2;False;diaria;48ca7231acd1057b_diario_derivado;;interna;horaria_agregada;soma
2020-12-23;10.8;24;True;0;84100000;chuva;Epagri;;;2;False;diaria;48ca7231acd1057b_diario_derivado;;interna;horaria_agregada;soma
2020-12-24;19.4;24;True;0;84100000;chuva;Epagri;;;2;False;diaria;48ca7231acd1057b_diario_derivado;;interna;horaria_agregada;soma
2020-12-25;0.0;24;True;0;84100000;chuva;Epagri;;;2;False;diaria;48ca7231acd1057b_diario_derivado;;interna;horaria_agregada;soma
2020-12-26;2.4;24;True;0;84100000;chuva;Epagri;;;2;False;diaria;48ca7231acd1057b_diario_derivado;;interna;horaria_agregada;soma
2020-12-27;12.8;24;True;0;84100000;chuva;Epagri;;;2;False;diaria;48ca7231acd1057b_diario_derivado;;interna;horaria_agregada;soma
2020-12-28;7.6000000000000005;24;True;0;84100000;chuva;Epagri;;;2;False;diaria;48ca7231acd1057b_diario_derivado;;interna;horaria_agregada;soma
2020-12-29;4.2;24;True;0;84100000;chuva;Epagri;;;2;False;diaria;48ca7231acd1057b_diario_derivado;;interna;horaria_agregada;soma
2020-12-30;0.2;24;True;0;84100000;chuva;Epagri;;;2;False;diaria;48ca7231acd1057b_diario_derivado;;interna;horaria_agregada;soma
2020-12-31;6.6;24;True;0;84100000;chuva;Epagri;;;2;False;diaria;48ca7231acd1057b_diario_derivado;;interna;horaria_agregada;soma
2021-01-01;0.0;24;True;0;84100000;chuva;Epagri;;;2;False;diaria;48ca7231acd1057b_diario_derivado;;interna;horaria_agregada;soma
2021-01-02;0.0;24;True;0;84100000;chuva;Epagri;;;2;False;diaria;48ca7231acd1057b_diario_derivado;;interna;horaria_agregada;soma
2021-01-03;13.6;24;True;0;84100000;chuva;Epagri;;;2;False;diaria;48ca7231acd1057b_diario_derivado;;interna;horaria_agregada;soma
2021-01-04;0.6000000000000001;24;True;0;84100000;chuva;Epagri;;;2;False;diaria;48ca7231acd1057b_diario_derivado;;interna;horaria_agregada;soma
2021-01-05;0.6;24;True;0;84100000;chuva;Epagri;;;2;False;diaria;48ca7231acd1057b_diario_derivado;;interna;horaria_agregada;soma
2021-01-06;42.0;24;True;0;84100000;chuva;Epagri;;;2;False;diaria;48ca7231acd1057b_diario_derivado;;interna;horaria_agregada;soma
2021-01-07;14.799999999999999;24;True;0;84100000;chuva;Epagri;;;2;False;diaria;48ca7231acd1057b_diario_derivado;;interna;horaria_agregada;soma
2021-01-08;7.0;24;True;0;84100000;chuva;Epagri;;;2;False;diaria;48ca7231acd1057b_diario_derivado;;interna;horaria_agregada;soma
2021-01-09;0.0;24;True;0;84100000;chuva;Epagri;;;2;False;diaria;48ca7231acd1057b_diario_derivado;;interna;horaria_agregada;soma
2021-01-10;0.8;24;True;0;84100000;chuva;Epagri;;;2;False;diaria;48ca7231acd1057b_diario_derivado;;interna;horaria_agregada;soma
2021-01-11;11.0;24;True;0;84100000;chuva;Epagri;;;2;False;diaria;48ca7231acd1057b_diario_derivado;;interna;horaria_agregada;soma
2021-01-12;19.4;24;True;0;84100000;chuva;Epagri;;;2;False;diaria;48ca7231acd1057b_diario_derivado;;interna;horaria_agregada;soma
2021-01-13;0.0;24;True;0;84100000;chuva;Epagri;;;2;False;diaria;48ca7231acd1057b_diario_derivado;;interna;horaria_agregada;soma
2021-01-14;0.0;24;True;0;84100000;chuva;Epagri;;;2;False;diaria;48ca7231acd1057b_diario_derivado;;interna;horaria_agregada;soma
2021-01-15;19.0;24;True;0;84100000;chuva;Epagri;;;2;False;diaria;48ca7231acd1057b_diario_derivado;;interna;horaria_agregada;soma
2021-01-16;8.600000000000001;24;True;0;84100000;chuva;Epagri;;;2;False;diaria;48ca7231acd1057b_diario_derivado;;interna;horaria_agregada;soma
2021-01-17;40.0;24;True;0;84100000;chuva;Epagri;;;2;False;diaria;48ca7231acd1057b_diario_derivado;;interna;horaria_agregada;soma
2021-01-18;1.8;24;True;0;84100000;chuva;Epagri;;;2;False;diaria;48ca7231acd1057b_diario_derivado;;interna;horaria_agregada;soma
2021-01-19;11.2;24;True;0;84100000;chuva;Epagri;;;2;False;diaria;48ca7231acd1057b_diario_derivado;;interna;horaria_agregada;soma
2021-01-20;27.8;24;True;0;84100000;chuva;Epagri;;;2;False;diaria;48ca7231acd1057b_diario_derivado;;interna;horaria_agregada;soma
2021-01-21;22.6;24;True;0;84100000;chuva;Epagri;;;2;False;diaria;48ca7231acd1057b_diario_derivado;;interna;horaria_agregada;soma
2021-01-22;35.4;24;True;0;84100000;chuva;Epagri;;;2;False;diaria;48ca7231acd1057b_diario_derivado;;interna;horaria_agregada;soma
2021-01-23;12.799999999999999;24;True;0;84100000;chuva;Epagri;;;2;False;diaria;48ca7231acd1057b_diario_derivado;;interna;horaria_agregada;soma
2021-01-24;81.0;24;True;0;84100000;chuva;Epagri;;;2;False;diaria;48ca7231acd1057b_diario_derivado;;interna;horaria_agregada;soma
2021-01-25;5.2;24;True;0;84100000;chuva;Epagri;;;2;False;diaria;48ca7231acd1057b_diario_derivado;;interna;horaria_agregada;soma
2021-01-26;5.6000000000000005;24;True;0;84100000;chuva;Epagri;;;2;False;diaria;48ca7231acd1057b_diario_derivado;;interna;horaria_agregada;soma
2021-01-27;4.199999999999999;24;True;0;84100000;chuva;Epagri;;;2;False;diaria;48ca7231acd1057b_diario_derivado;;interna;horaria_agregada;soma
2021-01-28;38.0;24;True;0;84100000;chuva;Epagri;;;2;False;diaria;48ca7231acd1057b_diario_derivado;;interna;horaria_agregada;soma
2021-01-29;21.799999999999997;24;True;0;84100000;chuva;Epagri;;;2;False;diaria;48ca7231acd1057b_diario_derivado;;interna;horaria_agregada;soma
2021-01-30;1.0;24;True;0;84100000;chuva;Epagri;;;2;False;diaria;48ca7231acd1057b_diario_derivado;;interna;horaria_agregada;soma
2021-01-31;0.0;24;True;0;84100000;chuva;Epagri;;;2;False;diaria;48ca7231acd1057b_diario_derivado;;interna;horaria_agregada;soma
2021-02-01;28.799999999999997;24;True;0;84100000;chuva;Epagri;;;2;False;diaria;48ca7231acd1057b_diario_derivado;;interna;horaria_agregada;soma
2021-02-02;0.6000000000000001;24;True;0;84100000;chuva;Epagri;;;2;False;diaria;48ca7231acd1057b_diario_derivado;;interna;horaria_agregada;soma
2021-02-03;0.2;24;True;0;84100000;chuva;Epagri;;;2;False;diaria;48ca7231acd1057b_diario_derivado;;interna;horaria_agregada;soma
2021-02-04;3.4000000000000004;24;True;0;84100000;chuva;Epagri;;;2;False;diaria;48ca7231acd1057b_diario_derivado;;interna;horaria_agregada;soma
2021-02-05;0.0;24;True;0;84100000;chuva;Epagri;;;2;False;diaria;48ca7231acd1057b_diario_derivado;;interna;horaria_agregada;soma
2021-02-06;0.0;24;True;0;84100000;chuva;Epagri;;;2;False;diaria;48ca7231acd1057b_diario_derivado;;interna;horaria_agregada;soma
2021-02-07;0.0;24;True;0;84100000;chuva;Epagri;;;2;False;diaria;48ca7231acd1057b_diario_derivado;;interna;horaria_agregada;soma
2021-02-08;0.0;24;True;0;84100000;chuva;Epagri;;;2;False;diaria;48ca7231acd1057b_diario_derivado;;interna;horaria_agregada;soma
2021-02-09;0.0;24;True;0;84100000;chuva;Epagri;;;2;False;diaria;48ca7231acd1057b_diario_derivado;;interna;horaria_agregada;soma
2021-02-10;0.2;24;True;0;84100000;chuva;Epagri;;;2;False;diaria;48ca7231acd1057b_diario_derivado;;interna;horaria_agregada;soma
2021-02-11;12.0;24;True;0;84100000;chuva;Epagri;;;2;False;diaria;48ca7231acd1057b_diario_derivado;;interna;horaria_agregada;soma
2021-02-12;33.199999999999996;24;True;0;84100000;chuva;Epagri;;;2;False;diaria;48ca7231acd1057b_diario_derivado;;interna;horaria_agregada;soma
2021-02-13;4.2;24;True;0;84100000;chuva;Epagri;;;2;False;diaria;48ca7231acd1057b_diario_derivado;;interna;horaria_agregada;soma
2021-02-14;27.2;24;True;0;84100000;chuva;Epagri;;;2;False;diaria;48ca7231acd1057b_diario_derivado;;interna;horaria_agregada;soma
2021-02-15;22.799999999999997;24;True;0;84100000;chuva;Epagri;;;2;False;diaria;48ca7231acd1057b_diario_derivado;;interna;horaria_agregada;soma
2021-02-16;27.200000000000003;24;True;0;84100000;chuva;Epagri;;;2;False;diaria;48ca7231acd1057b_diario_derivado;;interna;horaria_agregada;soma
2021-02-17;3.2;24;True;0;84100000;chuva;Epagri;;;2;False;diaria;48ca7231acd1057b_diario_derivado;;interna;horaria_agregada;soma
2021-02-18;0.2;24;True;0;84100000;chuva;Epagri;;;2;False;diaria;48ca7231acd1057b_diario_derivado;;interna;horaria_agregada;soma
2021-02-19;0.6;24;True;0;84100000;chuva;Epagri;;;2;False;diaria;48ca7231acd1057b_diario_derivado;;interna;horaria_agregada;soma
2021-02-20;0.0;24;True;0;84100000;chuva;Epagri;;;2;False;diaria;48ca7231acd1057b_diario_derivado;;interna;horaria_agregada;soma
2021-02-21;0.0;24;True;0;84100000;chuva;Epagri;;;2;False;diaria;48ca7231acd1057b_diario_derivado;;interna;horaria_agregada;soma
2021-02-22;0.0;24;True;0;84100000;chuva;Epagri;;;2;False;diaria;48ca7231acd1057b_diario_derivado;;interna;horaria_agregada;soma
2021-02-23;5.6;24;True;0;84100000;chuva;Epagri;;;2;False;diaria;48ca7231acd1057b_diario_derivado;;interna;horaria_agregada;soma
2021-02-24;30.000000000000004;24;True;0;84100000;chuva;Epagri;;;2;False;diaria;48ca7231acd1057b_diario_derivado;;interna;horaria_agregada;soma
2021-02-25;33.4;24;True;0;84100000;chuva;Epagri;;;2;False;diaria;48ca7231acd1057b_diario_derivado;;interna;horaria_agregada;soma
2021-02-26;11.6;24;True;0;84100000;chuva;Epagri;;;2;False;diaria;48ca7231acd1057b_diario_derivado;;interna;horaria_agregada;soma
2021-02-27;18.0;24;True;0;84100000;chuva;Epagri;;;2;False;diaria;48ca7231acd1057b_diario_derivado;;interna;horaria_agregada;soma
2021-02-28;38.8;24;True;0;84100000;chuva;Epagri;;;2;False;diaria;48ca7231acd1057b_diario_derivado;;interna;horaria_agregada;soma
2021-03-01;27.6;24;True;0;84100000;chuva;Epagri;;;2;False;diaria;48ca7231acd1057b_diario_derivado;;interna;horaria_agregada;soma
2021-03-02;58.8;24;True;0;84100000;chuva;Epagri;;;2;False;diaria;48ca7231acd1057b_diario_derivado;;interna;horaria_agregada;soma
2021-03-03;39.4;24;True;0;84100000;chuva;Epagri;;;2;False;diaria;48ca7231acd1057b_diario_derivado;;interna;horaria_agregada;soma
2021-03-04;9.4;24;True;0;84100000;chuva;Epagri;;;2;False;diaria;48ca7231acd1057b_diario_derivado;;interna;horaria_agregada;soma
2021-03-05;20.4;24;True;0;84100000;chuva;Epagri;;;2;False;diaria;48ca7231acd1057b_diario_derivado;;interna;horaria_agregada;soma
2021-03-06;7.0;24;True;0;84100000;chuva;Epagri;;;2;False;diaria;48ca7231acd1057b_diario_derivado;;interna;horaria_agregada;soma
2021-03-07;0.2;24;True;0;84100000;chuva;Epagri;;;2;False;diaria;48ca7231acd1057b_diario_derivado;;interna;horaria_agregada;soma
2021-03-08;16.0;24;True;0;84100000;chuva;Epagri;;;2;False;diaria;48ca7231acd1057b_diario_derivado;;interna;horaria_agregada;soma
2021-03-09;12.399999999999999;24;True;0;84100000;chuva;Epagri;;;2;False;diaria;48ca7231acd1057b_diario_derivado;;interna;horaria_agregada;soma
2021-03-10;0.0;24;True;0;84100000;chuva;Epagri;;;2;False;diaria;48ca7231acd1057b_diario_derivado;;interna;horaria_agregada;soma
2021-03-11;0.0;24;True;0;84100000;chuva;Epagri;;;2;False;diaria;48ca7231acd1057b_diario_derivado;;interna;horaria_agregada;soma
2021-03-12;0.4;24;True;0;84100000;chuva;Epagri;;;2;False;diaria;48ca7231acd1057b_diario_derivado;;interna;horaria_agregada;soma
2021-03-13;0.2;24;True;0;84100000;chuva;Epagri;;;2;False;diaria;48ca7231acd1057b_diario_derivado;;interna;horaria_agregada;soma
2021-03-14;12.8;24;True;0;84100000;chuva;Epagri;;;2;False;diaria;48ca7231acd1057b_diario_derivado;;interna;horaria_agregada;soma
2021-03-15;0.0;24;True;0;84100000;chuva;Epagri;;;2;False;diaria;48ca7231acd1057b_diario_derivado;;interna;horaria_agregada;soma
2021-03-16;0.0;24;True;0;84100000;chuva;Epagri;;;2;False;diaria;48ca7231acd1057b_diario_derivado;;interna;horaria_agregada;soma
2021-03-17;0.0;24;True;0;84100000;chuva;Epagri;;;2;False;diaria;48ca7231acd1057b_diario_derivado;;interna;horaria_agregada;soma
2021-03-18;5.0;24;True;0;84100000;chuva;Epagri;;;2;False;diaria;48ca7231acd1057b_diario_derivado;;interna;horaria_agregada;soma
2021-03-19;0.0;24;True;0;84100000;chuva;Epagri;;;2;False;diaria;48ca7231acd1057b_diario_derivado;;interna;horaria_agregada;soma
2021-03-20;0.0;24;True;0;84100000;chuva;Epagri;;;2;False;diaria;48ca7231acd1057b_diario_derivado;;interna;horaria_agregada;soma
2021-03-21;0.0;24;True;0;84100000;chuva;Epagri;;;2;False;diaria;48ca7231acd1057b_diario_derivado;;interna;horaria_agregada;soma
2021-03-22;3.0;24;True;0;84100000;chuva;Epagri;;;2;False;diaria;48ca7231acd1057b_diario_derivado;;interna;horaria_agregada;soma
2021-03-23;11.6;24;True;0;84100000;chuva;Epagri;;;2;False;diaria;48ca7231acd1057b_diario_derivado;;interna;horaria_agregada;soma
2021-03-24;0.0;24;True;0;84100000;chuva;Epagri;;;2;False;diaria;48ca7231acd1057b_diario_derivado;;interna;horaria_agregada;soma
2021-03-25;0.0;24;True;0;84100000;chuva;Epagri;;;2;False;diaria;48ca7231acd1057b_diario_derivado;;interna;horaria_agregada;soma
2021-03-26;0.0;24;True;0;84100000;chuva;Epagri;;;2;False;diaria;48ca7231acd1057b_diario_derivado;;interna;horaria_agregada;soma
2021-03-27;;18;False;0;84100000;chuva;Epagri;;;2;False;diaria;48ca7231acd1057b_diario_derivado;;interna;horaria_agregada;soma
2021-03-28;13.399999999999999;24;True;0;84100000;chuva;Epagri;;;2;False;diaria;48ca7231acd1057b_diario_derivado;;interna;horaria_agregada;soma
2021-03-29;9.200000000000001;24;True;0;84100000;chuva;Epagri;;;2;False;diaria;48ca7231acd1057b_diario_derivado;;interna;horaria_agregada;soma
2021-03-30;0.0;24;True;0;84100000;chuva;Epagri;;;2;False;diaria;48ca7231acd1057b_diario_derivado;;interna;horaria_agregada;soma
2021-03-31;0.0;24;True;0;84100000;chuva;Epagri;;;2;False;diaria;48ca7231acd1057b_diario_derivado;;interna;horaria_agregada;soma
2021-04-01;0.0;24;True;0;84100000;chuva;Epagri;;;2;False;diaria;48ca7231acd1057b_diario_derivado;;interna;horaria_agregada;soma
2021-04-02;0.0;24;True;0;84100000;chuva;Epagri;;;2;False;diaria;48ca7231acd1057b_diario_derivado;;interna;horaria_agregada;soma
2021-04-03;6.6;24;True;0;84100000;chuva;Epagri;;;2;False;diaria;48ca7231acd1057b_diario_derivado;;interna;horaria_agregada;soma
2021-04-04;0.2;24;True;0;84100000;chuva;Epagri;;;2;False;diaria;48ca7231acd1057b_diario_derivado;;interna;horaria_agregada;soma
2021-04-05;4.6;24;True;0;84100000;chuva;Epagri;;;2;False;diaria;48ca7231acd1057b_diario_derivado;;interna;horaria_agregada;soma
2021-04-06;8.0;24;True;0;84100000;chuva;Epagri;;;2;False;diaria;48ca7231acd1057b_diario_derivado;;interna;horaria_agregada;soma
2021-04-07;31.8;24;True;0;84100000;chuva;Epagri;;;2;False;diaria;48ca7231acd1057b_diario_derivado;;interna;horaria_agregada;soma
2021-04-08;16.400000000000002;24;True;0;84100000;chuva;Epagri;;;2;False;diaria;48ca7231acd1057b_diario_derivado;;interna;horaria_agregada;soma
2021-04-09;0.2;24;True;0;84100000;chuva;Epagri;;;2;False;diaria;48ca7231acd1057b_diario_derivado;;interna;horaria_agregada;soma
2021-04-10;0.0;24;True;0;84100000;chuva;Epagri;;;2;False;diaria;48ca7231acd1057b_diario_derivado;;interna;horaria_agregada;soma
2021-04-11;0.0;24;True;0;84100000;chuva;Epagri;;;2;False;diaria;48ca7231acd1057b_diario_derivado;;interna;horaria_agregada;soma
2021-04-12;0.0;24;True;0;84100000;chuva;Epagri;;;2;False;diaria;48ca7231acd1057b_diario_derivado;;interna;horaria_agregada;soma
2021-04-13;0.0;24;True;0;84100000;chuva;Epagri;;;2;False;diaria;48ca7231acd1057b_diario_derivado;;interna;horaria_agregada;soma
2021-04-14;0.0;24;True;0;84100000;chuva;Epagri;;;2;False;diaria;48ca7231acd1057b_diario_derivado;;interna;horaria_agregada;soma
2021-04-15;0.0;24;True;0;84100000;chuva;Epagri;;;2;False;diaria;48ca7231acd1057b_diario_derivado;;interna;horaria_agregada;soma
2021-04-16;0.0;24;True;0;84100000;chuva;Epagri;;;2;False;diaria;48ca7231acd1057b_diario_derivado;;interna;horaria_agregada;soma
2021-04-17;2.8;24;True;0;84100000;chuva;Epagri;;;2;False;diaria;48ca7231acd1057b_diario_derivado;;interna;horaria_agregada;soma
2021-04-18;0.4;24;True;0;84100000;chuva;Epagri;;;2;False;diaria;48ca7231acd1057b_diario_derivado;;interna;horaria_agregada;soma
2021-04-19;2.8000000000000003;24;True;0;84100000;chuva;Epagri;;;2;False;diaria;48ca7231acd1057b_diario_derivado;;interna;horaria_agregada;soma
2021-04-20;0.2;24;True;0;84100000;chuva;Epagri;;;2;False;diaria;48ca7231acd1057b_diario_derivado;;interna;horaria_agregada;soma
2021-04-21;62.0;24;True;0;84100000;chuva;Epagri;;;2;False;diaria;48ca7231acd1057b_diario_derivado;;interna;horaria_agregada;soma
2021-04-22;0.2;24;True;0;84100000;chuva;Epagri;;;2;False;diaria;48ca7231acd1057b_diario_derivado;;interna;horaria_agregada;soma
2021-04-23;0.0;24;True;0;84100000;chuva;Epagri;;;2;False;diaria;48ca7231acd1057b_diario_derivado;;interna;horaria_agregada;soma
2021-04-24;0.0;24;True;0;84100000;chuva;Epagri;;;2;False;diaria;48ca7231acd1057b_diario_derivado;;interna;horaria_agregada;soma
2021-04-25;0.0;24;True;0;84100000;chuva;Epagri;;;2;False;diaria;48ca7231acd1057b_diario_derivado;;interna;horaria_agregada;soma
2021-04-26;0.0;24;True;0;84100000;chuva;Epagri;;;2;False;diaria;48ca7231acd1057b_diario_derivado;;interna;horaria_agregada;soma
2021-04-27;0.0;24;True;0;84100000;chuva;Epagri;;;2;False;diaria;48ca7231acd1057b_diario_derivado;;interna;horaria_agregada;soma
2021-04-28;0.0;24;True;0;84100000;chuva;Epagri;;;2;False;diaria;48ca7231acd1057b_diario_derivado;;interna;horaria_agregada;soma
2021-04-29;0.0;24;True;0;84100000;chuva;Epagri;;;2;False;diaria;48ca7231acd1057b_diario_derivado;;interna;horaria_agregada;soma
2021-04-30;0.0;24;True;0;84100000;chuva;Epagri;;;2;False;diaria;48ca7231acd1057b_diario_derivado;;interna;horaria_agregada;soma
2021-05-01;0.0;24;True;0;84100000;chuva;Epagri;;;2;False;diaria;48ca7231acd1057b_diario_derivado;;interna;horaria_agregada;soma
2021-05-02;0.0;24;True;0;84100000;chuva;Epagri;;;2;False;diaria;48ca7231acd1057b_diario_derivado;;interna;horaria_agregada;soma
2021-05-03;0.0;24;True;0;84100000;chuva;Epagri;;;2;False;diaria;48ca7231acd1057b_diario_derivado;;interna;horaria_agregada;soma
2021-05-04;0.0;24;True;0;84100000;chuva;Epagri;;;2;False;diaria;48ca7231acd1057b_diario_derivado;;interna;horaria_agregada;soma
2021-05-05;7.0;24;True;0;84100000;chuva;Epagri;;;2;False;diaria;48ca7231acd1057b_diario_derivado;;interna;horaria_agregada;soma
2021-05-06;29.8;24;True;0;84100000;chuva;Epagri;;;2;False;diaria;48ca7231acd1057b_diario_derivado;;interna;horaria_agregada;soma
2021-05-07;0.0;24;True;0;84100000;chuva;Epagri;;;2;False;diaria;48ca7231acd1057b_diario_derivado;;interna;horaria_agregada;soma
2021-05-08;0.0;24;True;0;84100000;chuva;Epagri;;;2;False;diaria;48ca7231acd1057b_diario_derivado;;interna;horaria_agregada;soma
2021-05-09;1.6;24;True;0;84100000;chuva;Epagri;;;2;False;diaria;48ca7231acd1057b_diario_derivado;;interna;horaria_agregada;soma
2021-05-10;10.0;24;True;0;84100000;chuva;Epagri;;;2;False;diaria;48ca7231acd1057b_diario_derivado;;interna;horaria_agregada;soma
2021-05-11;1.8;24;True;0;84100000;chuva;Epagri;;;2;False;diaria;48ca7231acd1057b_diario_derivado;;interna;horaria_agregada;soma
2021-05-12;13.4;24;True;0;84100000;chuva;Epagri;;;2;False;diaria;48ca7231acd1057b_diario_derivado;;interna;horaria_agregada;soma
2021-05-13;0.2;24;True;0;84100000;chuva;Epagri;;;2;False;diaria;48ca7231acd1057b_diario_derivado;;interna;horaria_agregada;soma
2021-05-14;0.0;24;True;0;84100000;chuva;Epagri;;;2;False;diaria;48ca7231acd1057b_diario_derivado;;interna;horaria_agregada;soma
2021-05-15;0.0;24;True;0;84100000;chuva;Epagri;;;2;False;diaria;48ca7231acd1057b_diario_derivado;;interna;horaria_agregada;soma
2021-05-16;0.0;24;True;0;84100000;chuva;Epagri;;;2;False;diaria;48ca7231acd1057b_diario_derivado;;interna;horaria_agregada;soma
2021-05-17;0.0;24;True;0;84100000;chuva;Epagri;;;2;False;diaria;48ca7231acd1057b_diario_derivado;;interna;horaria_agregada;soma
2021-05-18;0.0;24;True;0;84100000;chuva;Epagri;;;2;False;diaria;48ca7231acd1057b_diario_derivado;;interna;horaria_agregada;soma
2021-05-19;0.0;24;True;0;84100000;chuva;Epagri;;;2;False;diaria;48ca7231acd1057b_diario_derivado;;interna;horaria_agregada;soma
2021-05-20;0.0;24;True;0;84100000;chuva;Epagri;;;2;False;diaria;48ca7231acd1057b_diario_derivado;;interna;horaria_agregada;soma
2021-05-21;0.8;24;True;0;84100000;chuva;Epagri;;;2;False;diaria;48ca7231acd1057b_diario_derivado;;interna;horaria_agregada;soma
2021-05-22;17.6;24;True;0;84100000;chuva;Epagri;;;2;False;diaria;48ca7231acd1057b_diario_derivado;;interna;horaria_agregada;soma
2021-05-23;0.0;24;True;0;84100000;chuva;Epagri;;;2;False;diaria;48ca7231acd1057b_diario_derivado;;interna;horaria_agregada;soma
2021-05-24;0.0;24;True;0;84100000;chuva;Epagri;;;2;False;diaria;48ca7231acd1057b_diario_derivado;;interna;horaria_agregada;soma
2021-05-25;0.0;24;True;0;84100000;chuva;Epagri;;;2;False;diaria;48ca7231acd1057b_diario_derivado;;interna;horaria_agregada;soma
2021-05-26;0.0;24;True;0;84100000;chuva;Epagri;;;2;False;diaria;48ca7231acd1057b_diario_derivado;;interna;horaria_agregada;soma
2021-05-27;0.0;24;True;0;84100000;chuva;Epagri;;;2;False;diaria;48ca7231acd1057b_diario_derivado;;interna;horaria_agregada;soma
2021-05-28;0.0;24;True;0;84100000;chuva;Epagri;;;2;False;diaria;48ca7231acd1057b_diario_derivado;;interna;horaria_agregada;soma
2021-05-29;29.0;24;True;0;84100000;chuva;Epagri;;;2;False;diaria;48ca7231acd1057b_diario_derivado;;interna;horaria_agregada;soma
2021-05-30;0.0;24;True;0;84100000;chuva;Epagri;;;2;False;diaria;48ca7231acd1057b_diario_derivado;;interna;horaria_agregada;soma
2021-05-31;0.0;24;True;0;84100000;chuva;Epagri;;;2;False;diaria;48ca7231acd1057b_diario_derivado;;interna;horaria_agregada;soma
2021-06-01;0.0;24;True;0;84100000;chuva;Epagri;;;2;False;diaria;48ca7231acd1057b_diario_derivado;;interna;horaria_agregada;soma
2021-06-02;0.0;24;True;0;84100000;chuva;Epagri;;;2;False;diaria;48ca7231acd1057b_diario_derivado;;interna;horaria_agregada;soma
2021-06-03;0.0;24;True;0;84100000;chuva;Epagri;;;2;False;diaria;48ca7231acd1057b_diario_derivado;;interna;horaria_agregada;soma
2021-06-04;0.0;24;True;0;84100000;chuva;Epagri;;;2;False;diaria;48ca7231acd1057b_diario_derivado;;interna;horaria_agregada;soma
2021-06-05;0.0;24;True;0;84100000;chuva;Epagri;;;2;False;diaria;48ca7231acd1057b_diario_derivado;;interna;horaria_agregada;soma
2021-06-06;7.8;24;True;0;84100000;chuva;Epagri;;;2;False;diaria;48ca7231acd1057b_diario_derivado;;interna;horaria_agregada;soma
2021-06-07;10.0;24;True;0;84100000;chuva;Epagri;;;2;False;diaria;48ca7231acd1057b_diario_derivado;;interna;horaria_agregada;soma
2021-06-08;24.0;24;True;0;84100000;chuva;Epagri;;;2;False;diaria;48ca7231acd1057b_diario_derivado;;interna;horaria_agregada;soma
2021-06-09;61.8;24;True;0;84100000;chuva;Epagri;;;2;False;diaria;48ca7231acd1057b_diario_derivado;;interna;horaria_agregada;soma
2021-06-10;6.8;24;True;0;84100000;chuva;Epagri;;;2;False;diaria;48ca7231acd1057b_diario_derivado;;interna;horaria_agregada;soma
2021-06-11;0.0;24;True;0;84100000;chuva;Epagri;;;2;False;diaria;48ca7231acd1057b_diario_derivado;;interna;horaria_agregada;soma
2021-06-12;0.0;24;True;0;84100000;chuva;Epagri;;;2;False;diaria;48ca7231acd1057b_diario_derivado;;interna;horaria_agregada;soma
2021-06-13;0.0;24;True;0;84100000;chuva;Epagri;;;2;False;diaria;48ca7231acd1057b_diario_derivado;;interna;horaria_agregada;soma
2021-06-14;0.0;24;True;0;84100000;chuva;Epagri;;;2;False;diaria;48ca7231acd1057b_diario_derivado;;interna;horaria_agregada;soma
2021-06-15;0.0;24;True;0;84100000;chuva;Epagri;;;2;False;diaria;48ca7231acd1057b_diario_derivado;;interna;horaria_agregada;soma
2021-06-16;0.0;24;True;0;84100000;chuva;Epagri;;;2;False;diaria;48ca7231acd1057b_diario_derivado;;interna;horaria_agregada;soma
2021-06-17;0.0;24;True;0;84100000;chuva;Epagri;;;2;False;diaria;48ca7231acd1057b_diario_derivado;;interna;horaria_agregada;soma
2021-06-18;0.0;24;True;0;84100000;chuva;Epagri;;;2;False;diaria;48ca7231acd1057b_diario_derivado;;interna;horaria_agregada;soma
2021-06-19;91.4;24;True;0;84100000;chuva;Epagri;;;2;False;diaria;48ca7231acd1057b_diario_derivado;;interna;horaria_agregada;soma
2021-06-20;5.4;24;True;0;84100000;chuva;Epagri;;;2;False;diaria;48ca7231acd1057b_diario_derivado;;interna;horaria_agregada;soma
2021-06-21;0.8;24;True;0;84100000;chuva;Epagri;;;2;False;diaria;48ca7231acd1057b_diario_derivado;;interna;horaria_agregada;soma
2021-06-22;0.6000000000000001;24;True;0;84100000;chuva;Epagri;;;2;False;diaria;48ca7231acd1057b_diario_derivado;;interna;horaria_agregada;soma
2021-06-23;0.4;24;True;0;84100000;chuva;Epagri;;;2;False;diaria;48ca7231acd1057b_diario_derivado;;interna;horaria_agregada;soma
2021-06-24;1.0;24;True;0;84100000;chuva;Epagri;;;2;False;diaria;48ca7231acd1057b_diario_derivado;;interna;horaria_agregada;soma
2021-06-25;0.2;24;True;0;84100000;chuva;Epagri;;;2;False;diaria;48ca7231acd1057b_diario_derivado;;interna;horaria_agregada;soma
2021-06-26;16.4;24;True;0;84100000;chuva;Epagri;;;2;False;diaria;48ca7231acd1057b_diario_derivado;;interna;horaria_agregada;soma
2021-06-27;7.2;24;True;0;84100000;chuva;Epagri;;;2;False;diaria;48ca7231acd1057b_diario_derivado;;interna;horaria_agregada;soma
2021-06-28;53.8;24;True;0;84100000;chuva;Epagri;;;2;False;diaria;48ca7231acd1057b_diario_derivado;;interna;horaria_agregada;soma
2021-06-29;2.6;24;True;0;84100000;chuva;Epagri;;;2;False;diaria;48ca7231acd1057b_diario_derivado;;interna;horaria_agregada;soma
2021-06-30;0.2;24;True;0;84100000;chuva;Epagri;;;2;False;diaria;48ca7231acd1057b_diario_derivado;;interna;horaria_agregada;soma
2021-07-01;0.0;24;True;0;84100000;chuva;Epagri;;;2;False;diaria;48ca7231acd1057b_diario_derivado;;interna;horaria_agregada;soma
2021-07-02;0.0;24;True;0;84100000;chuva;Epagri;;;2;False;diaria;48ca7231acd1057b_diario_derivado;;interna;horaria_agregada;soma
2021-07-03;0.0;24;True;0;84100000;chuva;Epagri;;;2;False;diaria;48ca7231acd1057b_diario_derivado;;interna;horaria_agregada;soma
2021-07-04;0.0;24;True;0;84100000;chuva;Epagri;;;2;False;diaria;48ca7231acd1057b_diario_derivado;;interna;horaria_agregada;soma
2021-07-05;0.0;24;True;0;84100000;chuva;Epagri;;;2;False;diaria;48ca7231acd1057b_diario_derivado;;interna;horaria_agregada;soma
2021-07-06;4.2;24;True;0;84100000;chuva;Epagri;;;2;False;diaria;48ca7231acd1057b_diario_derivado;;interna;horaria_agregada;soma
2021-07-07;0.4;24;True;0;84100000;chuva;Epagri;;;2;False;diaria;48ca7231acd1057b_diario_derivado;;interna;horaria_agregada;soma
2021-07-08;0.0;24;True;0;84100000;chuva;Epagri;;;2;False;diaria;48ca7231acd1057b_diario_derivado;;interna;horaria_agregada;soma
2021-07-09;0.0;24;True;0;84100000;chuva;Epagri;;;2;False;diaria;48ca7231acd1057b_diario_derivado;;interna;horaria_agregada;soma
2021-07-10;0.0;24;True;0;84100000;chuva;Epagri;;;2;False;diaria;48ca7231acd1057b_diario_derivado;;interna;horaria_agregada;soma
2021-07-11;0.0;24;True;0;84100000;chuva;Epagri;;;2;False;diaria;48ca7231acd1057b_diario_derivado;;interna;horaria_agregada;soma
2021-07-12;0.0;24;True;0;84100000;chuva;Epagri;;;2;False;diaria;48ca7231acd1057b_diario_derivado;;interna;horaria_agregada;soma
2021-07-13;0.0;24;True;0;84100000;chuva;Epagri;;;2;False;diaria;48ca7231acd1057b_diario_derivado;;interna;horaria_agregada;soma
2021-07-14;0.0;24;True;0;84100000;chuva;Epagri;;;2;False;diaria;48ca7231acd1057b_diario_derivado;;interna;horaria_agregada;soma
2021-07-15;4.2;24;True;0;84100000;chuva;Epagri;;;2;False;diaria;48ca7231acd1057b_diario_derivado;;interna;horaria_agregada;soma
2021-07-16;0.0;24;True;0;84100000;chuva;Epagri;;;2;False;diaria;48ca7231acd1057b_diario_derivado;;interna;horaria_agregada;soma
2021-07-17;1.8;24;True;0;84100000;chuva;Epagri;;;2;False;diaria;48ca7231acd1057b_diario_derivado;;interna;horaria_agregada;soma
2021-07-18;0.0;24;True;0;84100000;chuva;Epagri;;;2;False;diaria;48ca7231acd1057b_diario_derivado;;interna;horaria_agregada;soma
2021-07-19;0.0;24;True;0;84100000;chuva;Epagri;;;2;False;diaria;48ca7231acd1057b_diario_derivado;;interna;horaria_agregada;soma
2021-07-20;0.0;24;True;0;84100000;chuva;Epagri;;;2;False;diaria;48ca7231acd1057b_diario_derivado;;interna;horaria_agregada;soma
2021-07-21;;22;False;0;84100000;chuva;Epagri;;;2;False;diaria;48ca7231acd1057b_diario_derivado;;interna;horaria_agregada;soma
2021-07-22;0.0;24;True;0;84100000;chuva;Epagri;;;2;False;diaria;48ca7231acd1057b_diario_derivado;;interna;horaria_agregada;soma
2021-07-23;0.0;24;True;0;84100000;chuva;Epagri;;;2;False;diaria;48ca7231acd1057b_diario_derivado;;interna;horaria_agregada;soma
2021-07-24;0.0;24;True;0;84100000;chuva;Epagri;;;2;False;diaria;48ca7231acd1057b_diario_derivado;;interna;horaria_agregada;soma
2021-07-25;0.0;24;True;0;84100000;chuva;Epagri;;;2;False;diaria;48ca7231acd1057b_diario_derivado;;interna;horaria_agregada;soma
2021-07-26;0.0;24;True;0;84100000;chuva;Epagri;;;2;False;diaria;48ca7231acd1057b_diario_derivado;;interna;horaria_agregada;soma
2021-07-27;12.6;24;True;0;84100000;chuva;Epagri;;;2;False;diaria;48ca7231acd1057b_diario_derivado;;interna;horaria_agregada;soma
2021-07-28;0.0;24;True;0;84100000;chuva;Epagri;;;2;False;diaria;48ca7231acd1057b_diario_derivado;;interna;horaria_agregada;soma
2021-07-29;0.0;24;True;0;84100000;chuva;Epagri;;;2;False;diaria;48ca7231acd1057b_diario_derivado;;interna;horaria_agregada;soma
2021-07-30;0.0;24;True;0;84100000;chuva;Epagri;;;2;False;diaria;48ca7231acd1057b_diario_derivado;;interna;horaria_agregada;soma
2021-07-31;;23;False;0;84100000;chuva;Epagri;;;2;False;diaria;48ca7231acd1057b_diario_derivado;;interna;horaria_agregada;soma
2021-08-01;;16;False;0;84100000;chuva;Epagri;;;2;False;diaria;48ca7231acd1057b_diario_derivado;;interna;horaria_agregada;soma
2021-08-02;0.0;24;True;0;84100000;chuva;Epagri;;;2;False;diaria;48ca7231acd1057b_diario_derivado;;interna;horaria_agregada;soma
2021-08-03;0.0;24;True;0;84100000;chuva;Epagri;;;2;False;diaria;48ca7231acd1057b_diario_derivado;;interna;horaria_agregada;soma
2021-08-04;0.0;24;True;0;84100000;chuva;Epagri;;;2;False;diaria;48ca7231acd1057b_diario_derivado;;interna;horaria_agregada;soma
2021-08-05;10.6;24;True;0;84100000;chuva;Epagri;;;2;False;diaria;48ca7231acd1057b_diario_derivado;;interna;horaria_agregada;soma
2021-08-06;0.2;24;True;0;84100000;chuva;Epagri;;;2;False;diaria;48ca7231acd1057b_diario_derivado;;interna;horaria_agregada;soma
2021-08-07;3.6;24;True;0;84100000;chuva;Epagri;;;2;False;diaria;48ca7231acd1057b_diario_derivado;;interna;horaria_agregada;soma
2021-08-08;0.0;24;True;0;84100000;chuva;Epagri;;;2;False;diaria;48ca7231acd1057b_diario_derivado;;interna;horaria_agregada;soma
2021-08-09;0.0;24;True;0;84100000;chuva;Epagri;;;2;False;diaria;48ca7231acd1057b_diario_derivado;;interna;horaria_agregada;soma
2021-08-10;3.6;24;True;0;84100000;chuva;Epagri;;;2;False;diaria;48ca7231acd1057b_diario_derivado;;interna;horaria_agregada;soma
2021-08-11;12.4;24;True;0;84100000;chuva;Epagri;;;2;False;diaria;48ca7231acd1057b_diario_derivado;;interna;horaria_agregada;soma
2021-08-12;0.0;24;True;0;84100000;chuva;Epagri;;;2;False;diaria;48ca7231acd1057b_diario_derivado;;interna;horaria_agregada;soma
2021-08-13;2.4;24;True;0;84100000;chuva;Epagri;;;2;False;diaria;48ca7231acd1057b_diario_derivado;;interna;horaria_agregada;soma
2021-08-14;7.2;24;True;0;84100000;chuva;Epagri;;;2;False;diaria;48ca7231acd1057b_diario_derivado;;interna;horaria_agregada;soma
2021-08-15;0.0;24;True;0;84100000;chuva;Epagri;;;2;False;diaria;48ca7231acd1057b_diario_derivado;;interna;horaria_agregada;soma
2021-08-16;;23;False;0;84100000;chuva;Epagri;;;2;False;diaria;48ca7231acd1057b_diario_derivado;;interna;horaria_agregada;soma
2021-08-17;0.0;24;True;0;84100000;chuva;Epagri;;;2;False;diaria;48ca7231acd1057b_diario_derivado;;interna;horaria_agregada;soma
2021-08-18;0.0;24;True;0;84100000;chuva;Epagri;;;2;False;diaria;48ca7231acd1057b_diario_derivado;;interna;horaria_agregada;soma
2021-08-19;0.0;24;True;0;84100000;chuva;Epagri;;;2;False;diaria;48ca7231acd1057b_diario_derivado;;interna;horaria_agregada;soma
2021-08-20;0.0;24;True;0;84100000;chuva;Epagri;;;2;False;diaria;48ca7231acd1057b_diario_derivado;;interna;horaria_agregada;soma
2021-08-21;0.0;24;True;0;84100000;chuva;Epagri;;;2;False;diaria;48ca7231acd1057b_diario_derivado;;interna;horaria_agregada;soma
2021-08-22;0.0;24;True;0;84100000;chuva;Epagri;;;2;False;diaria;48ca7231acd1057b_diario_derivado;;interna;horaria_agregada;soma
2021-08-23;0.0;24;True;0;84100000;chuva;Epagri;;;2;False;diaria;48ca7231acd1057b_diario_derivado;;interna;horaria_agregada;soma
2021-08-24;0.2;24;True;0;84100000;chuva;Epagri;;;2;False;diaria;48ca7231acd1057b_diario_derivado;;interna;horaria_agregada;soma
2021-08-25;2.8000000000000003;24;True;0;84100000;chuva;Epagri;;;2;False;diaria;48ca7231acd1057b_diario_derivado;;interna;horaria_agregada;soma
2021-08-26;2.0;24;True;0;84100000;chuva;Epagri;;;2;False;diaria;48ca7231acd1057b_diario_derivado;;interna;horaria_agregada;soma
2021-08-27;0.0;24;True;0;84100000;chuva;Epagri;;;2;False;diaria;48ca7231acd1057b_diario_derivado;;interna;horaria_agregada;soma
2021-08-28;0.0;24;True;0;84100000;chuva;Epagri;;;2;False;diaria;48ca7231acd1057b_diario_derivado;;interna;horaria_agregada;soma
2021-08-29;1.4;24;True;0;84100000;chuva;Epagri;;;2;False;diaria;48ca7231acd1057b_diario_derivado;;interna;horaria_agregada;soma
2021-08-30;6.4;24;True;0;84100000;chuva;Epagri;;;2;False;diaria;48ca7231acd1057b_diario_derivado;;interna;horaria_agregada;soma
2021-08-31;0.2;24;True;0;84100000;chuva;Epagri;;;2;False;diaria;48ca7231acd1057b_diario_derivado;;interna;horaria_agregada;soma
2021-09-01;0.2;24;True;0;84100000;chuva;Epagri;;;2;False;diaria;48ca7231acd1057b_diario_derivado;;interna;horaria_agregada;soma
2021-09-02;0.0;24;True;0;84100000;chuva;Epagri;;;2;False;diaria;48ca7231acd1057b_diario_derivado;;interna;horaria_agregada;soma
2021-09-03;2.4;24;True;0;84100000;chuva;Epagri;;;2;False;diaria;48ca7231acd1057b_diario_derivado;;interna;horaria_agregada;soma
2021-09-04;1.2;24;True;0;84100000;chuva;Epagri;;;2;False;diaria;48ca7231acd1057b_diario_derivado;;interna;horaria_agregada;soma
2021-09-05;5.8;24;True;0;84100000;chuva;Epagri;;;2;False;diaria;48ca7231acd1057b_diario_derivado;;interna;horaria_agregada;soma
2021-09-06;1.6;24;True;0;84100000;chuva;Epagri;;;2;False;diaria;48ca7231acd1057b_diario_derivado;;interna;horaria_agregada;soma
2021-09-07;50.8;24;True;0;84100000;chuva;Epagri;;;2;False;diaria;48ca7231acd1057b_diario_derivado;;interna;horaria_agregada;soma
2021-09-08;22.8;24;True;0;84100000;chuva;Epagri;;;2;False;diaria;48ca7231acd1057b_diario_derivado;;interna;horaria_agregada;soma
2021-09-09;0.2;24;True;0;84100000;chuva;Epagri;;;2;False;diaria;48ca7231acd1057b_diario_derivado;;interna;horaria_agregada;soma
2021-09-10;0.0;24;True;0;84100000;chuva;Epagri;;;2;False;diaria;48ca7231acd1057b_diario_derivado;;interna;horaria_agregada;soma
2021-09-11;0.0;24;True;0;84100000;chuva;Epagri;;;2;False;diaria;48ca7231acd1057b_diario_derivado;;interna;horaria_agregada;soma
2021-09-12;0.0;24;True;0;84100000;chuva;Epagri;;;2;False;diaria;48ca7231acd1057b_diario_derivado;;interna;horaria_agregada;soma
2021-09-13;0.0;24;True;0;84100000;chuva;Epagri;;;2;False;diaria;48ca7231acd1057b_diario_derivado;;interna;horaria_agregada;soma
2021-09-14;17.2;24;True;0;84100000;chuva;Epagri;;;2;False;diaria;48ca7231acd1057b_diario_derivado;;interna;horaria_agregada;soma
2021-09-15;0.0;24;True;0;84100000;chuva;Epagri;;;2;False;diaria;48ca7231acd1057b_diario_derivado;;interna;horaria_agregada;soma
2021-09-16;4.2;24;True;0;84100000;chuva;Epagri;;;2;False;diaria;48ca7231acd1057b_diario_derivado;;interna;horaria_agregada;soma
2021-09-17;41.2;24;True;0;84100000;chuva;Epagri;;;2;False;diaria;48ca7231acd1057b_diario_derivado;;interna;horaria_agregada;soma
2021-09-18;0.6000000000000001;24;True;0;84100000;chuva;Epagri;;;2;False;diaria;48ca7231acd1057b_diario_derivado;;interna;horaria_agregada;soma
2021-09-19;0.0;24;True;0;84100000;chuva;Epagri;;;2;False;diaria;48ca7231acd1057b_diario_derivado;;interna;horaria_agregada;soma
2021-09-20;1.2000000000000002;24;True;0;84100000;chuva;Epagri;;;2;False;diaria;48ca7231acd1057b_diario_derivado;;interna;horaria_agregada;soma
2021-09-21;0.2;24;True;0;84100000;chuva;Epagri;;;2;False;diaria;48ca7231acd1057b_diario_derivado;;interna;horaria_agregada;soma
2021-09-22;0.0;24;True;0;84100000;chuva;Epagri;;;2;False;diaria;48ca7231acd1057b_diario_derivado;;interna;horaria_agregada;soma
2021-09-23;0.0;24;True;0;84100000;chuva;Epagri;;;2;False;diaria;48ca7231acd1057b_diario_derivado;;interna;horaria_agregada;soma
2021-09-24;1.6;24;True;0;84100000;chuva;Epagri;;;2;False;diaria;48ca7231acd1057b_diario_derivado;;interna;horaria_agregada;soma
2021-09-25;0.2;24;True;0;84100000;chuva;Epagri;;;2;False;diaria;48ca7231acd1057b_diario_derivado;;interna;horaria_agregada;soma
2021-09-26;0.0;24;True;0;84100000;chuva;Epagri;;;2;False;diaria;48ca7231acd1057b_diario_derivado;;interna;horaria_agregada;soma
2021-09-27;0.0;24;True;0;84100000;chuva;Epagri;;;2;False;diaria;48ca7231acd1057b_diario_derivado;;interna;horaria_agregada;soma
2021-09-28;24.200000000000003;24;True;0;84100000;chuva;Epagri;;;2;False;diaria;48ca7231acd1057b_diario_derivado;;interna;horaria_agregada;soma
2021-09-29;7.8;24;True;0;84100000;chuva;Epagri;;;2;False;diaria;48ca7231acd1057b_diario_derivado;;interna;horaria_agregada;soma
2021-09-30;10.6;24;True;0;84100000;chuva;Epagri;;;2;False;diaria;48ca7231acd1057b_diario_derivado;;interna;horaria_agregada;soma
2021-10-01;28.0;24;True;0;84100000;chuva;Epagri;;;2;False;diaria;48ca7231acd1057b_diario_derivado;;interna;horaria_agregada;soma
2021-10-02;0.0;24;True;0;84100000;chuva;Epagri;;;2;False;diaria;48ca7231acd1057b_diario_derivado;;interna;horaria_agregada;soma
2021-10-03;0.4;24;True;0;84100000;chuva;Epagri;;;2;False;diaria;48ca7231acd1057b_diario_derivado;;interna;horaria_agregada;soma
2021-10-04;1.4000000000000001;24;True;0;84100000;chuva;Epagri;;;2;False;diaria;48ca7231acd1057b_diario_derivado;;interna;horaria_agregada;soma
2021-10-05;0.0;24;True;0;84100000;chuva;Epagri;;;2;False;diaria;48ca7231acd1057b_diario_derivado;;interna;horaria_agregada;soma
2021-10-06;20.2;24;True;0;84100000;chuva;Epagri;;;2;False;diaria;48ca7231acd1057b_diario_derivado;;interna;horaria_agregada;soma
2021-10-07;2.2;24;True;0;84100000;chuva;Epagri;;;2;False;diaria;48ca7231acd1057b_diario_derivado;;interna;horaria_agregada;soma
2021-10-08;11.0;24;True;0;84100000;chuva;Epagri;;;2;False;diaria;48ca7231acd1057b_diario_derivado;;interna;horaria_agregada;soma
2021-10-09;24.8;24;True;0;84100000;chuva;Epagri;;;2;False;diaria;48ca7231acd1057b_diario_derivado;;interna;horaria_agregada;soma
2021-10-10;3.6;24;True;0;84100000;chuva;Epagri;;;2;False;diaria;48ca7231acd1057b_diario_derivado;;interna;horaria_agregada;soma
2021-10-11;14.6;24;True;0;84100000;chuva;Epagri;;;2;False;diaria;48ca7231acd1057b_diario_derivado;;interna;horaria_agregada;soma
2021-10-12;133.6;24;True;0;84100000;chuva;Epagri;;;2;False;diaria;48ca7231acd1057b_diario_derivado;;interna;horaria_agregada;soma
2021-10-13;6.4;24;True;0;84100000;chuva;Epagri;;;2;False;diaria;48ca7231acd1057b_diario_derivado;;interna;horaria_agregada;soma
2021-10-14;0.8;24;True;0;84100000;chuva;Epagri;;;2;False;diaria;48ca7231acd1057b_diario_derivado;;interna;horaria_agregada;soma
2021-10-15;9.0;24;True;0;84100000;chuva;Epagri;;;2;False;diaria;48ca7231acd1057b_diario_derivado;;interna;horaria_agregada;soma
2021-10-16;0.4;24;True;0;84100000;chuva;Epagri;;;2;False;diaria;48ca7231acd1057b_diario_derivado;;interna;horaria_agregada;soma
2021-10-17;10.200000000000001;24;True;0;84100000;chuva;Epagri;;;2;False;diaria;48ca7231acd1057b_diario_derivado;;interna;horaria_agregada;soma
2021-10-18;1.2000000000000002;24;True;0;84100000;chuva;Epagri;;;2;False;diaria;48ca7231acd1057b_diario_derivado;;interna;horaria_agregada;soma
2021-10-19;0.2;24;True;0;84100000;chuva;Epagri;;;2;False;diaria;48ca7231acd1057b_diario_derivado;;interna;horaria_agregada;soma
2021-10-20;0.4;24;True;0;84100000;chuva;Epagri;;;2;False;diaria;48ca7231acd1057b_diario_derivado;;interna;horaria_agregada;soma
2021-10-21;5.2;24;True;0;84100000;chuva;Epagri;;;2;False;diaria;48ca7231acd1057b_diario_derivado;;interna;horaria_agregada;soma
2021-10-22;0.0;24;True;0;84100000;chuva;Epagri;;;2;False;diaria;48ca7231acd1057b_diario_derivado;;interna;horaria_agregada;soma
2021-10-23;2.4;24;True;0;84100000;chuva;Epagri;;;2;False;diaria;48ca7231acd1057b_diario_derivado;;interna;horaria_agregada;soma
2021-10-24;0.2;24;True;0;84100000;chuva;Epagri;;;2;False;diaria;48ca7231acd1057b_diario_derivado;;interna;horaria_agregada;soma
2021-10-25;0.0;24;True;0;84100000;chuva;Epagri;;;2;False;diaria;48ca7231acd1057b_diario_derivado;;interna;horaria_agregada;soma
2021-10-26;0.0;24;True;0;84100000;chuva;Epagri;;;2;False;diaria;48ca7231acd1057b_diario_derivado;;interna;horaria_agregada;soma
2021-10-27;0.0;24;True;0;84100000;chuva;Epagri;;;2;False;diaria;48ca7231acd1057b_diario_derivado;;interna;horaria_agregada;soma
2021-10-28;0.0;24;True;0;84100000;chuva;Epagri;;;2;False;diaria;48ca7231acd1057b_diario_derivado;;interna;horaria_agregada;soma
2021-10-29;11.6;24;True;0;84100000;chuva;Epagri;;;2;False;diaria;48ca7231acd1057b_diario_derivado;;interna;horaria_agregada;soma
2021-10-30;20.8;24;True;0;84100000;chuva;Epagri;;;2;False;diaria;48ca7231acd1057b_diario_derivado;;interna;horaria_agregada;soma
2021-10-31;42.2;24;True;0;84100000;chuva;Epagri;;;2;False;diaria;48ca7231acd1057b_diario_derivado;;interna;horaria_agregada;soma
2021-11-01;18.8;24;True;0;84100000;chuva;Epagri;;;2;False;diaria;48ca7231acd1057b_diario_derivado;;interna;horaria_agregada;soma
2021-11-02;1.8;24;True;0;84100000;chuva;Epagri;;;2;False;diaria;48ca7231acd1057b_diario_derivado;;interna;horaria_agregada;soma
2021-11-03;1.8;24;True;0;84100000;chuva;Epagri;;;2;False;diaria;48ca7231acd1057b_diario_derivado;;interna;horaria_agregada;soma
2021-11-04;0.6000000000000001;24;True;0;84100000;chuva;Epagri;;;2;False;diaria;48ca7231acd1057b_diario_derivado;;interna;horaria_agregada;soma
2021-11-05;1.8;24;True;0;84100000;chuva;Epagri;;;2;False;diaria;48ca7231acd1057b_diario_derivado;;interna;horaria_agregada;soma
2021-11-06;13.799999999999999;24;True;0;84100000;chuva;Epagri;;;2;False;diaria;48ca7231acd1057b_diario_derivado;;interna;horaria_agregada;soma
2021-11-07;0.0;24;True;0;84100000;chuva;Epagri;;;2;False;diaria;48ca7231acd1057b_diario_derivado;;interna;horaria_agregada;soma
2021-11-08;0.7999999999999999;24;True;0;84100000;chuva;Epagri;;;2;False;diaria;48ca7231acd1057b_diario_derivado;;interna;horaria_agregada;soma
2021-11-09;0.4;24;True;0;84100000;chuva;Epagri;;;2;False;diaria;48ca7231acd1057b_diario_derivado;;interna;horaria_agregada;soma
2021-11-10;0.2;24;True;0;84100000;chuva;Epagri;;;2;False;diaria;48ca7231acd1057b_diario_derivado;;interna;horaria_agregada;soma
2021-11-11;0.0;24;True;0;84100000;chuva;Epagri;;;2;False;diaria;48ca7231acd1057b_diario_derivado;;interna;horaria_agregada;soma
2021-11-12;0.8;24;True;0;84100000;chuva;Epagri;;;2;False;diaria;48ca7231acd1057b_diario_derivado;;interna;horaria_agregada;soma
2021-11-13;5.0;24;True;0;84100000;chuva;Epagri;;;2;False;diaria;48ca7231acd1057b_diario_derivado;;interna;horaria_agregada;soma
2021-11-14;0.0;24;True;0;84100000;chuva;Epagri;;;2;False;diaria;48ca7231acd1057b_diario_derivado;;interna;horaria_agregada;soma
2021-11-15;0.4;24;True;0;84100000;chuva;Epagri;;;2;False;diaria;48ca7231acd1057b_diario_derivado;;interna;horaria_agregada;soma
2021-11-16;0.0;24;True;0;84100000;chuva;Epagri;;;2;False;diaria;48ca7231acd1057b_diario_derivado;;interna;horaria_agregada;soma
2021-11-17;0.0;24;True;0;84100000;chuva;Epagri;;;2;False;diaria;48ca7231acd1057b_diario_derivado;;interna;horaria_agregada;soma
2021-11-18;59.4;24;True;0;84100000;chuva;Epagri;;;2;False;diaria;48ca7231acd1057b_diario_derivado;;interna;horaria_agregada;soma
2021-11-19;0.2;24;True;0;84100000;chuva;Epagri;;;2;False;diaria;48ca7231acd1057b_diario_derivado;;interna;horaria_agregada;soma
2021-11-20;0.0;24;True;0;84100000;chuva;Epagri;;;2;False;diaria;48ca7231acd1057b_diario_derivado;;interna;horaria_agregada;soma
2021-11-21;0.0;24;True;0;84100000;chuva;Epagri;;;2;False;diaria;48ca7231acd1057b_diario_derivado;;interna;horaria_agregada;soma
2021-11-22;0.0;24;True;0;84100000;chuva;Epagri;;;2;False;diaria;48ca7231acd1057b_diario_derivado;;interna;horaria_agregada;soma
2021-11-23;0.0;24;True;0;84100000;chuva;Epagri;;;2;False;diaria;48ca7231acd1057b_diario_derivado;;interna;horaria_agregada;soma
2021-11-24;0.0;24;True;0;84100000;chuva;Epagri;;;2;False;diaria;48ca7231acd1057b_diario_derivado;;interna;horaria_agregada;soma
2021-11-25;0.0;24;True;0;84100000;chuva;Epagri;;;2;False;diaria;48ca7231acd1057b_diario_derivado;;interna;horaria_agregada;soma
2021-11-26;10.2;24;True;0;84100000;chuva;Epagri;;;2;False;diaria;48ca7231acd1057b_diario_derivado;;interna;horaria_agregada;soma
2021-11-27;0.0;24;True;0;84100000;chuva;Epagri;;;2;False;diaria;48ca7231acd1057b_diario_derivado;;interna;horaria_agregada;soma
2021-11-28;0.0;24;True;0;84100000;chuva;Epagri;;;2;False;diaria;48ca7231acd1057b_diario_derivado;;interna;horaria_agregada;soma
2021-11-29;0.0;24;True;0;84100000;chuva;Epagri;;;2;False;diaria;48ca7231acd1057b_diario_derivado;;interna;horaria_agregada;soma
2021-11-30;0.0;24;True;0;84100000;chuva;Epagri;;;2;False;diaria;48ca7231acd1057b_diario_derivado;;interna;horaria_agregada;soma
2021-12-01;0.0;24;True;0;84100000;chuva;Epagri;;;2;False;diaria;48ca7231acd1057b_diario_derivado;;interna;horaria_agregada;soma
2021-12-02;0.0;24;True;0;84100000;chuva;Epagri;;;2;False;diaria;48ca7231acd1057b_diario_derivado;;interna;horaria_agregada;soma
2021-12-03;0.0;24;True;0;84100000;chuva;Epagri;;;2;False;diaria;48ca7231acd1057b_diario_derivado;;interna;horaria_agregada;soma
2021-12-04;6.8;24;True;0;84100000;chuva;Epagri;;;2;False;diaria;48ca7231acd1057b_diario_derivado;;interna;horaria_agregada;soma
2021-12-05;62.8;24;True;0;84100000;chuva;Epagri;;;2;False;diaria;48ca7231acd1057b_diario_derivado;;interna;horaria_agregada;soma
2021-12-06;34.2;24;True;0;84100000;chuva;Epagri;;;2;False;diaria;48ca7231acd1057b_diario_derivado;;interna;horaria_agregada;soma
2021-12-07;5.800000000000001;24;True;0;84100000;chuva;Epagri;;;2;False;diaria;48ca7231acd1057b_diario_derivado;;interna;horaria_agregada;soma
2021-12-08;0.0;24;True;0;84100000;chuva;Epagri;;;2;False;diaria;48ca7231acd1057b_diario_derivado;;interna;horaria_agregada;soma
2021-12-09;0.0;24;True;0;84100000;chuva;Epagri;;;2;False;diaria;48ca7231acd1057b_diario_derivado;;interna;horaria_agregada;soma
2021-12-10;0.0;24;True;0;84100000;chuva;Epagri;;;2;False;diaria;48ca7231acd1057b_diario_derivado;;interna;horaria_agregada;soma
2021-12-11;2.4;24;True;0;84100000;chuva;Epagri;;;2;False;diaria;48ca7231acd1057b_diario_derivado;;interna;horaria_agregada;soma
2021-12-12;15.600000000000001;24;True;0;84100000;chuva;Epagri;;;2;False;diaria;48ca7231acd1057b_diario_derivado;;interna;horaria_agregada;soma
2021-12-13;0.6000000000000001;24;True;0;84100000;chuva;Epagri;;;2;False;diaria;48ca7231acd1057b_diario_derivado;;interna;horaria_agregada;soma
2021-12-14;7.8;24;True;0;84100000;chuva;Epagri;;;2;False;diaria;48ca7231acd1057b_diario_derivado;;interna;horaria_agregada;soma
2021-12-15;7.8;24;True;0;84100000;chuva;Epagri;;;2;False;diaria;48ca7231acd1057b_diario_derivado;;interna;horaria_agregada;soma
2021-12-16;0.0;24;True;0;84100000;chuva;Epagri;;;2;False;diaria;48ca7231acd1057b_diario_derivado;;interna;horaria_agregada;soma
2021-12-17;1.4;24;True;0;84100000;chuva;Epagri;;;2;False;diaria;48ca7231acd1057b_diario_derivado;;interna;horaria_agregada;soma
2021-12-18;3.6;24;True;0;84100000;chuva;Epagri;;;2;False;diaria;48ca7231acd1057b_diario_derivado;;interna;horaria_agregada;soma
2021-12-19;0.0;24;True;0;84100000;chuva;Epagri;;;2;False;diaria;48ca7231acd1057b_diario_derivado;;interna;horaria_agregada;soma
2021-12-20;0.0;24;True;0;84100000;chuva;Epagri;;;2;False;diaria;48ca7231acd1057b_diario_derivado;;interna;horaria_agregada;soma
2021-12-21;3.4000000000000004;24;True;0;84100000;chuva;Epagri;;;2;False;diaria;48ca7231acd1057b_diario_derivado;;interna;horaria_agregada;soma
2021-12-22;0.4;24;True;0;84100000;chuva;Epagri;;;2;False;diaria;48ca7231acd1057b_diario_derivado;;interna;horaria_agregada;soma
2021-12-23;0.0;24;True;0;84100000;chuva;Epagri;;;2;False;diaria;48ca7231acd1057b_diario_derivado;;interna;horaria_agregada;soma
2021-12-24;0.0;24;True;0;84100000;chuva;Epagri;;;2;False;diaria;48ca7231acd1057b_diario_derivado;;interna;horaria_agregada;soma
2021-12-25;0.0;24;True;0;84100000;chuva;Epagri;;;2;False;diaria;48ca7231acd1057b_diario_derivado;;interna;horaria_agregada;soma
2021-12-26;5.6;24;True;0;84100000;chuva;Epagri;;;2;False;diaria;48ca7231acd1057b_diario_derivado;;interna;horaria_agregada;soma
2021-12-27;0.2;24;True;0;84100000;chuva;Epagri;;;2;False;diaria;48ca7231acd1057b_diario_derivado;;interna;horaria_agregada;soma
2021-12-28;0.0;24;True;0;84100000;chuva;Epagri;;;2;False;diaria;48ca7231acd1057b_diario_derivado;;interna;horaria_agregada;soma
2021-12-29;1.0;24;True;0;84100000;chuva;Epagri;;;2;False;diaria;48ca7231acd1057b_diario_derivado;;interna;horaria_agregada;soma
2021-12-30;0.8;24;True;0;84100000;chuva;Epagri;;;2;False;diaria;48ca7231acd1057b_diario_derivado;;interna;horaria_agregada;soma
2021-12-31;0.2;24;True;0;84100000;chuva;Epagri;;;2;False;diaria;48ca7231acd1057b_diario_derivado;;interna;horaria_agregada;soma
2022-01-01;0.0;24;True;0;84100000;chuva;Epagri;;;2;False;diaria;48ca7231acd1057b_diario_derivado;;interna;horaria_agregada;soma
2022-01-02;0.0;24;True;0;84100000;chuva;Epagri;;;2;False;diaria;48ca7231acd1057b_diario_derivado;;interna;horaria_agregada;soma
2022-01-03;0.0;24;True;0;84100000;chuva;Epagri;;;2;False;diaria;48ca7231acd1057b_diario_derivado;;interna;horaria_agregada;soma
2022-01-04;11.8;24;True;0;84100000;chuva;Epagri;;;2;False;diaria;48ca7231acd1057b_diario_derivado;;interna;horaria_agregada;soma
2022-01-05;34.4;24;True;0;84100000;chuva;Epagri;;;2;False;diaria;48ca7231acd1057b_diario_derivado;;interna;horaria_agregada;soma
2022-01-06;8.200000000000001;24;True;0;84100000;chuva;Epagri;;;2;False;diaria;48ca7231acd1057b_diario_derivado;;interna;horaria_agregada;soma
2022-01-07;0.0;24;True;0;84100000;chuva;Epagri;;;2;False;diaria;48ca7231acd1057b_diario_derivado;;interna;horaria_agregada;soma
2022-01-08;1.0;24;True;0;84100000;chuva;Epagri;;;2;False;diaria;48ca7231acd1057b_diario_derivado;;interna;horaria_agregada;soma
2022-01-09;0.8;24;True;0;84100000;chuva;Epagri;;;2;False;diaria;48ca7231acd1057b_diario_derivado;;interna;horaria_agregada;soma
2022-01-10;0.2;24;True;0;84100000;chuva;Epagri;;;2;False;diaria;48ca7231acd1057b_diario_derivado;;interna;horaria_agregada;soma
2022-01-11;0.0;24;True;0;84100000;chuva;Epagri;;;2;False;diaria;48ca7231acd1057b_diario_derivado;;interna;horaria_agregada;soma
2022-01-12;;23;False;0;84100000;chuva;Epagri;;;2;False;diaria;48ca7231acd1057b_diario_derivado;;interna;horaria_agregada;soma
2022-01-13;;22;False;0;84100000;chuva;Epagri;;;2;False;diaria;48ca7231acd1057b_diario_derivado;;interna;horaria_agregada;soma
2022-01-14;0.0;24;True;0;84100000;chuva;Epagri;;;2;False;diaria;48ca7231acd1057b_diario_derivado;;interna;horaria_agregada;soma
2022-01-15;4.6;24;True;0;84100000;chuva;Epagri;;;2;False;diaria;48ca7231acd1057b_diario_derivado;;interna;horaria_agregada;soma
2022-01-16;;21;False;0;84100000;chuva;Epagri;;;2;False;diaria;48ca7231acd1057b_diario_derivado;;interna;horaria_agregada;soma
2022-01-17;0.2;24;True;0;84100000;chuva;Epagri;;;2;False;diaria;48ca7231acd1057b_diario_derivado;;interna;horaria_agregada;soma
2022-01-18;0.0;24;True;0;84100000;chuva;Epagri;;;2;False;diaria;48ca7231acd1057b_diario_derivado;;interna;horaria_agregada;soma
2022-01-19;0.0;24;True;0;84100000;chuva;Epagri;;;2;False;diaria;48ca7231acd1057b_diario_derivado;;interna;horaria_agregada;soma
2022-01-20;0.0;24;True;0;84100000;chuva;Epagri;;;2;False;diaria;48ca7231acd1057b_diario_derivado;;interna;horaria_agregada;soma
2022-01-21;0.0;24;True;0;84100000;chuva;Epagri;;;2;False;diaria;48ca7231acd1057b_diario_derivado;;interna;horaria_agregada;soma
2022-01-22;0.0;24;True;0;84100000;chuva;Epagri;;;2;False;diaria;48ca7231acd1057b_diario_derivado;;interna;horaria_agregada;soma
2022-01-23;0.0;24;True;0;84100000;chuva;Epagri;;;2;False;diaria;48ca7231acd1057b_diario_derivado;;interna;horaria_agregada;soma
2022-01-24;0.0;24;True;0;84100000;chuva;Epagri;;;2;False;diaria;48ca7231acd1057b_diario_derivado;;interna;horaria_agregada;soma
2022-01-25;0.0;24;True;0;84100000;chuva;Epagri;;;2;False;diaria;48ca7231acd1057b_diario_derivado;;interna;horaria_agregada;soma
2022-01-26;1.4;24;True;0;84100000;chuva;Epagri;;;2;False;diaria;48ca7231acd1057b_diario_derivado;;interna;horaria_agregada;soma
2022-01-27;1.0;24;True;0;84100000;chuva;Epagri;;;2;False;diaria;48ca7231acd1057b_diario_derivado;;interna;horaria_agregada;soma
2022-01-28;13.6;24;True;0;84100000;chuva;Epagri;;;2;False;diaria;48ca7231acd1057b_diario_derivado;;interna;horaria_agregada;soma
2022-01-29;0.0;24;True;0;84100000;chuva;Epagri;;;2;False;diaria;48ca7231acd1057b_diario_derivado;;interna;horaria_agregada;soma
2022-01-30;0.0;24;True;0;84100000;chuva;Epagri;;;2;False;diaria;48ca7231acd1057b_diario_derivado;;interna;horaria_agregada;soma
2022-01-31;6.8;24;True;0;84100000;chuva;Epagri;;;2;False;diaria;48ca7231acd1057b_diario_derivado;;interna;horaria_agregada;soma
2022-02-01;0.2;24;True;0;84100000;chuva;Epagri;;;2;False;diaria;48ca7231acd1057b_diario_derivado;;interna;horaria_agregada;soma
2022-02-02;16.6;24;True;0;84100000;chuva;Epagri;;;2;False;diaria;48ca7231acd1057b_diario_derivado;;interna;horaria_agregada;soma
2022-02-03;0.0;24;True;0;84100000;chuva;Epagri;;;2;False;diaria;48ca7231acd1057b_diario_derivado;;interna;horaria_agregada;soma
2022-02-04;5.8;24;True;0;84100000;chuva;Epagri;;;2;False;diaria;48ca7231acd1057b_diario_derivado;;interna;horaria_agregada;soma
2022-02-05;4.6;24;True;0;84100000;chuva;Epagri;;;2;False;diaria;48ca7231acd1057b_diario_derivado;;interna;horaria_agregada;soma
2022-02-06;7.8;24;True;0;84100000;chuva;Epagri;;;2;False;diaria;48ca7231acd1057b_diario_derivado;;interna;horaria_agregada;soma
2022-02-07;0.0;24;True;0;84100000;chuva;Epagri;;;2;False;diaria;48ca7231acd1057b_diario_derivado;;interna;horaria_agregada;soma
2022-02-08;0.0;24;True;0;84100000;chuva;Epagri;;;2;False;diaria;48ca7231acd1057b_diario_derivado;;interna;horaria_agregada;soma
2022-02-09;0.0;24;True;0;84100000;chuva;Epagri;;;2;False;diaria;48ca7231acd1057b_diario_derivado;;interna;horaria_agregada;soma
2022-02-10;1.2000000000000002;24;True;0;84100000;chuva;Epagri;;;2;False;diaria;48ca7231acd1057b_diario_derivado;;interna;horaria_agregada;soma
2022-02-11;1.0;24;True;0;84100000;chuva;Epagri;;;2;False;diaria;48ca7231acd1057b_diario_derivado;;interna;horaria_agregada;soma
2022-02-12;0.2;24;True;0;84100000;chuva;Epagri;;;2;False;diaria;48ca7231acd1057b_diario_derivado;;interna;horaria_agregada;soma
2022-02-13;18.599999999999998;24;True;0;84100000;chuva;Epagri;;;2;False;diaria;48ca7231acd1057b_diario_derivado;;interna;horaria_agregada;soma
2022-02-14;0.2;24;True;0;84100000;chuva;Epagri;;;2;False;diaria;48ca7231acd1057b_diario_derivado;;interna;horaria_agregada;soma
2022-02-15;0.0;24;True;0;84100000;chuva;Epagri;;;2;False;diaria;48ca7231acd1057b_diario_derivado;;interna;horaria_agregada;soma
2022-02-16;0.0;24;True;0;84100000;chuva;Epagri;;;2;False;diaria;48ca7231acd1057b_diario_derivado;;interna;horaria_agregada;soma
2022-02-17;1.0;24;True;0;84100000;chuva;Epagri;;;2;False;diaria;48ca7231acd1057b_diario_derivado;;interna;horaria_agregada;soma
2022-02-18;2.4;24;True;0;84100000;chuva;Epagri;;;2;False;diaria;48ca7231acd1057b_diario_derivado;;interna;horaria_agregada;soma
2022-02-19;0.2;24;True;0;84100000;chuva;Epagri;;;2;False;diaria;48ca7231acd1057b_diario_derivado;;interna;horaria_agregada;soma
2022-02-20;0.0;24;True;0;84100000;chuva;Epagri;;;2;False;diaria;48ca7231acd1057b_diario_derivado;;interna;horaria_agregada;soma
2022-02-21;6.0;24;True;0;84100000;chuva;Epagri;;;2;False;diaria;48ca7231acd1057b_diario_derivado;;interna;horaria_agregada;soma
2022-02-22;15.0;24;True;0;84100000;chuva;Epagri;;;2;False;diaria;48ca7231acd1057b_diario_derivado;;interna;horaria_agregada;soma
2022-02-23;2.6;24;True;0;84100000;chuva;Epagri;;;2;False;diaria;48ca7231acd1057b_diario_derivado;;interna;horaria_agregada;soma
2022-02-24;0.0;24;True;0;84100000;chuva;Epagri;;;2;False;diaria;48ca7231acd1057b_diario_derivado;;interna;horaria_agregada;soma
2022-02-25;0.2;24;True;0;84100000;chuva;Epagri;;;2;False;diaria;48ca7231acd1057b_diario_derivado;;interna;horaria_agregada;soma
2022-02-26;;22;False;0;84100000;chuva;Epagri;;;2;False;diaria;48ca7231acd1057b_diario_derivado;;interna;horaria_agregada;soma
2022-02-27;0.0;24;True;0;84100000;chuva;Epagri;;;2;False;diaria;48ca7231acd1057b_diario_derivado;;interna;horaria_agregada;soma
2022-02-28;0.0;24;True;0;84100000;chuva;Epagri;;;2;False;diaria;48ca7231acd1057b_diario_derivado;;interna;horaria_agregada;soma
2022-03-01;19.400000000000002;24;True;0;84100000;chuva;Epagri;;;2;False;diaria;48ca7231acd1057b_diario_derivado;;interna;horaria_agregada;soma
2022-03-02;26.400000000000002;24;True;0;84100000;chuva;Epagri;;;2;False;diaria;48ca7231acd1057b_diario_derivado;;interna;horaria_agregada;soma
2022-03-03;1.8;24;True;0;84100000;chuva;Epagri;;;2;False;diaria;48ca7231acd1057b_diario_derivado;;interna;horaria_agregada;soma
2022-03-04;0.0;24;True;0;84100000;chuva;Epagri;;;2;False;diaria;48ca7231acd1057b_diario_derivado;;interna;horaria_agregada;soma
2022-03-05;0.0;24;True;0;84100000;chuva;Epagri;;;2;False;diaria;48ca7231acd1057b_diario_derivado;;interna;horaria_agregada;soma
2022-03-06;10.4;24;True;0;84100000;chuva;Epagri;;;2;False;diaria;48ca7231acd1057b_diario_derivado;;interna;horaria_agregada;soma
2022-03-07;15.2;24;True;0;84100000;chuva;Epagri;;;2;False;diaria;48ca7231acd1057b_diario_derivado;;interna;horaria_agregada;soma
2022-03-08;4.0;24;True;0;84100000;chuva;Epagri;;;2;False;diaria;48ca7231acd1057b_diario_derivado;;interna;horaria_agregada;soma
2022-03-09;0.0;24;True;0;84100000;chuva;Epagri;;;2;False;diaria;48ca7231acd1057b_diario_derivado;;interna;horaria_agregada;soma
2022-03-10;34.2;24;True;0;84100000;chuva;Epagri;;;2;False;diaria;48ca7231acd1057b_diario_derivado;;interna;horaria_agregada;soma
2022-03-11;4.6000000000000005;24;True;0;84100000;chuva;Epagri;;;2;False;diaria;48ca7231acd1057b_diario_derivado;;interna;horaria_agregada;soma
2022-03-12;8.4;24;True;0;84100000;chuva;Epagri;;;2;False;diaria;48ca7231acd1057b_diario_derivado;;interna;horaria_agregada;soma
2022-03-13;8.8;24;True;0;84100000;chuva;Epagri;;;2;False;diaria;48ca7231acd1057b_diario_derivado;;interna;horaria_agregada;soma
2022-03-14;0.0;24;True;0;84100000;chuva;Epagri;;;2;False;diaria;48ca7231acd1057b_diario_derivado;;interna;horaria_agregada;soma
2022-03-15;15.6;24;True;0;84100000;chuva;Epagri;;;2;False;diaria;48ca7231acd1057b_diario_derivado;;interna;horaria_agregada;soma
2022-03-16;7.2;24;True;0;84100000;chuva;Epagri;;;2;False;diaria;48ca7231acd1057b_diario_derivado;;interna;horaria_agregada;soma
2022-03-17;0.0;24;True;0;84100000;chuva;Epagri;;;2;False;diaria;48ca7231acd1057b_diario_derivado;;interna;horaria_agregada;soma
2022-03-18;35.8;24;True;0;84100000;chuva;Epagri;;;2;False;diaria;48ca7231acd1057b_diario_derivado;;interna;horaria_agregada;soma
2022-03-19;2.8000000000000003;24;True;0;84100000;chuva;Epagri;;;2;False;diaria;48ca7231acd1057b_diario_derivado;;interna;horaria_agregada;soma
2022-03-20;0.0;24;True;0;84100000;chuva;Epagri;;;2;False;diaria;48ca7231acd1057b_diario_derivado;;interna;horaria_agregada;soma
2022-03-21;3.0;24;True;0;84100000;chuva;Epagri;;;2;False;diaria;48ca7231acd1057b_diario_derivado;;interna;horaria_agregada;soma
2022-03-22;2.4000000000000004;24;True;0;84100000;chuva;Epagri;;;2;False;diaria;48ca7231acd1057b_diario_derivado;;interna;horaria_agregada;soma
2022-03-23;1.8;24;True;0;84100000;chuva;Epagri;;;2;False;diaria;48ca7231acd1057b_diario_derivado;;interna;horaria_agregada;soma
2022-03-24;2.4;24;True;0;84100000;chuva;Epagri;;;2;False;diaria;48ca7231acd1057b_diario_derivado;;interna;horaria_agregada;soma
2022-03-25;0.0;24;True;0;84100000;chuva;Epagri;;;2;False;diaria;48ca7231acd1057b_diario_derivado;;interna;horaria_agregada;soma
2022-03-26;0.2;24;True;0;84100000;chuva;Epagri;;;2;False;diaria;48ca7231acd1057b_diario_derivado;;interna;horaria_agregada;soma
2022-03-27;0.0;24;True;0;84100000;chuva;Epagri;;;2;False;diaria;48ca7231acd1057b_diario_derivado;;interna;horaria_agregada;soma
2022-03-28;0.0;24;True;0;84100000;chuva;Epagri;;;2;False;diaria;48ca7231acd1057b_diario_derivado;;interna;horaria_agregada;soma
2022-03-29;0.0;24;True;0;84100000;chuva;Epagri;;;2;False;diaria;48ca7231acd1057b_diario_derivado;;interna;horaria_agregada;soma
2022-03-30;16.4;24;True;0;84100000;chuva;Epagri;;;2;False;diaria;48ca7231acd1057b_diario_derivado;;interna;horaria_agregada;soma
2022-03-31;5.2;24;True;0;84100000;chuva;Epagri;;;2;False;diaria;48ca7231acd1057b_diario_derivado;;interna;horaria_agregada;soma
2022-04-01;0.0;24;True;0;84100000;chuva;Epagri;;;2;False;diaria;48ca7231acd1057b_diario_derivado;;interna;horaria_agregada;soma
2022-04-02;0.8;24;True;0;84100000;chuva;Epagri;;;2;False;diaria;48ca7231acd1057b_diario_derivado;;interna;horaria_agregada;soma
2022-04-03;8.0;24;True;0;84100000;chuva;Epagri;;;2;False;diaria;48ca7231acd1057b_diario_derivado;;interna;horaria_agregada;soma
2022-04-04;4.8;24;True;0;84100000;chuva;Epagri;;;2;False;diaria;48ca7231acd1057b_diario_derivado;;interna;horaria_agregada;soma
2022-04-05;0.2;24;True;0;84100000;chuva;Epagri;;;2;False;diaria;48ca7231acd1057b_diario_derivado;;interna;horaria_agregada;soma
2022-04-06;0.0;24;True;0;84100000;chuva;Epagri;;;2;False;diaria;48ca7231acd1057b_diario_derivado;;interna;horaria_agregada;soma
2022-04-07;0.0;24;True;0;84100000;chuva;Epagri;;;2;False;diaria;48ca7231acd1057b_diario_derivado;;interna;horaria_agregada;soma
2022-04-08;4.6;24;True;0;84100000;chuva;Epagri;;;2;False;diaria;48ca7231acd1057b_diario_derivado;;interna;horaria_agregada;soma
2022-04-09;0.2;24;True;0;84100000;chuva;Epagri;;;2;False;diaria;48ca7231acd1057b_diario_derivado;;interna;horaria_agregada;soma
2022-04-10;7.199999999999999;24;True;0;84100000;chuva;Epagri;;;2;False;diaria;48ca7231acd1057b_diario_derivado;;interna;horaria_agregada;soma
2022-04-11;18.0;24;True;0;84100000;chuva;Epagri;;;2;False;diaria;48ca7231acd1057b_diario_derivado;;interna;horaria_agregada;soma
2022-04-12;7.2;24;True;0;84100000;chuva;Epagri;;;2;False;diaria;48ca7231acd1057b_diario_derivado;;interna;horaria_agregada;soma
2022-04-13;1.0;24;True;0;84100000;chuva;Epagri;;;2;False;diaria;48ca7231acd1057b_diario_derivado;;interna;horaria_agregada;soma
2022-04-14;0.2;24;True;0;84100000;chuva;Epagri;;;2;False;diaria;48ca7231acd1057b_diario_derivado;;interna;horaria_agregada;soma
2022-04-15;0.0;24;True;0;84100000;chuva;Epagri;;;2;False;diaria;48ca7231acd1057b_diario_derivado;;interna;horaria_agregada;soma
2022-04-16;0.0;24;True;0;84100000;chuva;Epagri;;;2;False;diaria;48ca7231acd1057b_diario_derivado;;interna;horaria_agregada;soma
2022-04-17;0.0;24;True;0;84100000;chuva;Epagri;;;2;False;diaria;48ca7231acd1057b_diario_derivado;;interna;horaria_agregada;soma
2022-04-18;0.0;24;True;0;84100000;chuva;Epagri;;;2;False;diaria;48ca7231acd1057b_diario_derivado;;interna;horaria_agregada;soma
2022-04-19;0.0;24;True;0;84100000;chuva;Epagri;;;2;False;diaria;48ca7231acd1057b_diario_derivado;;interna;horaria_agregada;soma
2022-04-20;0.0;24;True;0;84100000;chuva;Epagri;;;2;False;diaria;48ca7231acd1057b_diario_derivado;;interna;horaria_agregada;soma
2022-04-21;;21;False;0;84100000;chuva;Epagri;;;2;False;diaria;48ca7231acd1057b_diario_derivado;;interna;horaria_agregada;soma
2022-04-22;0.8;24;True;0;84100000;chuva;Epagri;;;2;False;diaria;48ca7231acd1057b_diario_derivado;;interna;horaria_agregada;soma
2022-04-23;0.6000000000000001;24;True;0;84100000;chuva;Epagri;;;2;False;diaria;48ca7231acd1057b_diario_derivado;;interna;horaria_agregada;soma
2022-04-24;0.0;24;True;0;84100000;chuva;Epagri;;;2;False;diaria;48ca7231acd1057b_diario_derivado;;interna;horaria_agregada;soma
2022-04-25;0.0;24;True;0;84100000;chuva;Epagri;;;2;False;diaria;48ca7231acd1057b_diario_derivado;;interna;horaria_agregada;soma
2022-04-26;0.0;24;True;0;84100000;chuva;Epagri;;;2;False;diaria;48ca7231acd1057b_diario_derivado;;interna;horaria_agregada;soma
2022-04-27;0.0;24;True;0;84100000;chuva;Epagri;;;2;False;diaria;48ca7231acd1057b_diario_derivado;;interna;horaria_agregada;soma
2022-04-28;12.6;24;True;0;84100000;chuva;Epagri;;;2;False;diaria;48ca7231acd1057b_diario_derivado;;interna;horaria_agregada;soma
2022-04-29;0.2;24;True;0;84100000;chuva;Epagri;;;2;False;diaria;48ca7231acd1057b_diario_derivado;;interna;horaria_agregada;soma
2022-04-30;0.2;24;True;0;84100000;chuva;Epagri;;;2;False;diaria;48ca7231acd1057b_diario_derivado;;interna;horaria_agregada;soma
2022-05-01;21.4;24;True;0;84100000;chuva;Epagri;;;2;False;diaria;48ca7231acd1057b_diario_derivado;;interna;horaria_agregada;soma
2022-05-02;40.2;24;True;0;84100000;chuva;Epagri;;;2;False;diaria;48ca7231acd1057b_diario_derivado;;interna;horaria_agregada;soma
2022-05-03;107.4;24;True;0;84100000;chuva;Epagri;;;2;False;diaria;48ca7231acd1057b_diario_derivado;;interna;horaria_agregada;soma
2022-05-04;51.8;24;True;0;84100000;chuva;Epagri;;;2;False;diaria;48ca7231acd1057b_diario_derivado;;interna;horaria_agregada;soma
2022-05-05;2.4;24;True;0;84100000;chuva;Epagri;;;2;False;diaria;48ca7231acd1057b_diario_derivado;;interna;horaria_agregada;soma
2022-05-06;0.2;24;True;0;84100000;chuva;Epagri;;;2;False;diaria;48ca7231acd1057b_diario_derivado;;interna;horaria_agregada;soma
2022-05-07;0.0;24;True;0;84100000;chuva;Epagri;;;2;False;diaria;48ca7231acd1057b_diario_derivado;;interna;horaria_agregada;soma
2022-05-08;0.0;24;True;0;84100000;chuva;Epagri;;;2;False;diaria;48ca7231acd1057b_diario_derivado;;interna;horaria_agregada;soma
2022-05-09;0.0;24;True;0;84100000;chuva;Epagri;;;2;False;diaria;48ca7231acd1057b_diario_derivado;;interna;horaria_agregada;soma
2022-05-10;2.8;24;True;0;84100000;chuva;Epagri;;;2;False;diaria;48ca7231acd1057b_diario_derivado;;interna;horaria_agregada;soma
2022-05-11;2.4;24;True;0;84100000;chuva;Epagri;;;2;False;diaria;48ca7231acd1057b_diario_derivado;;interna;horaria_agregada;soma
2022-05-12;0.0;24;True;0;84100000;chuva;Epagri;;;2;False;diaria;48ca7231acd1057b_diario_derivado;;interna;horaria_agregada;soma
2022-05-13;0.0;24;True;0;84100000;chuva;Epagri;;;2;False;diaria;48ca7231acd1057b_diario_derivado;;interna;horaria_agregada;soma
2022-05-14;0.0;24;True;0;84100000;chuva;Epagri;;;2;False;diaria;48ca7231acd1057b_diario_derivado;;interna;horaria_agregada;soma
2022-05-15;5.6;24;True;0;84100000;chuva;Epagri;;;2;False;diaria;48ca7231acd1057b_diario_derivado;;interna;horaria_agregada;soma
2022-05-16;0.0;24;True;0;84100000;chuva;Epagri;;;2;False;diaria;48ca7231acd1057b_diario_derivado;;interna;horaria_agregada;soma
2022-05-17;0.0;24;True;0;84100000;chuva;Epagri;;;2;False;diaria;48ca7231acd1057b_diario_derivado;;interna;horaria_agregada;soma
2022-05-18;0.0;24;True;0;84100000;chuva;Epagri;;;2;False;diaria;48ca7231acd1057b_diario_derivado;;interna;horaria_agregada;soma
2022-05-19;0.0;24;True;0;84100000;chuva;Epagri;;;2;False;diaria;48ca7231acd1057b_diario_derivado;;interna;horaria_agregada;soma
2022-05-20;0.0;24;True;0;84100000;chuva;Epagri;;;2;False;diaria;48ca7231acd1057b_diario_derivado;;interna;horaria_agregada;soma
2022-05-21;0.0;24;True;0;84100000;chuva;Epagri;;;2;False;diaria;48ca7231acd1057b_diario_derivado;;interna;horaria_agregada;soma
2022-05-22;0.0;24;True;0;84100000;chuva;Epagri;;;2;False;diaria;48ca7231acd1057b_diario_derivado;;interna;horaria_agregada;soma
2022-05-23;0.0;24;True;0;84100000;chuva;Epagri;;;2;False;diaria;48ca7231acd1057b_diario_derivado;;interna;horaria_agregada;soma
2022-05-24;0.0;24;True;0;84100000;chuva;Epagri;;;2;False;diaria;48ca7231acd1057b_diario_derivado;;interna;horaria_agregada;soma
2022-05-25;0.0;24;True;0;84100000;chuva;Epagri;;;2;False;diaria;48ca7231acd1057b_diario_derivado;;interna;horaria_agregada;soma
2022-05-26;0.0;24;True;0;84100000;chuva;Epagri;;;2;False;diaria;48ca7231acd1057b_diario_derivado;;interna;horaria_agregada;soma
2022-05-27;0.4;24;True;0;84100000;chuva;Epagri;;;2;False;diaria;48ca7231acd1057b_diario_derivado;;interna;horaria_agregada;soma
2022-05-28;1.6;24;True;0;84100000;chuva;Epagri;;;2;False;diaria;48ca7231acd1057b_diario_derivado;;interna;horaria_agregada;soma
2022-05-29;28.0;24;True;0;84100000;chuva;Epagri;;;2;False;diaria;48ca7231acd1057b_diario_derivado;;interna;horaria_agregada;soma
2022-05-30;0.2;24;True;0;84100000;chuva;Epagri;;;2;False;diaria;48ca7231acd1057b_diario_derivado;;interna;horaria_agregada;soma
2022-05-31;;22;False;0;84100000;chuva;Epagri;;;2;False;diaria;48ca7231acd1057b_diario_derivado;;interna;horaria_agregada;soma
2022-06-01;17.8;24;True;0;84100000;chuva;Epagri;;;2;False;diaria;48ca7231acd1057b_diario_derivado;;interna;horaria_agregada;soma
2022-06-02;2.6;24;True;0;84100000;chuva;Epagri;;;2;False;diaria;48ca7231acd1057b_diario_derivado;;interna;horaria_agregada;soma
2022-06-03;0.2;24;True;0;84100000;chuva;Epagri;;;2;False;diaria;48ca7231acd1057b_diario_derivado;;interna;horaria_agregada;soma
2022-06-04;0.0;24;True;0;84100000;chuva;Epagri;;;2;False;diaria;48ca7231acd1057b_diario_derivado;;interna;horaria_agregada;soma
2022-06-05;20.8;24;True;0;84100000;chuva;Epagri;;;2;False;diaria;48ca7231acd1057b_diario_derivado;;interna;horaria_agregada;soma
2022-06-06;17.4;24;True;0;84100000;chuva;Epagri;;;2;False;diaria;48ca7231acd1057b_diario_derivado;;interna;horaria_agregada;soma
2022-06-07;4.8;24;True;0;84100000;chuva;Epagri;;;2;False;diaria;48ca7231acd1057b_diario_derivado;;interna;horaria_agregada;soma
2022-06-08;0.0;24;True;0;84100000;chuva;Epagri;;;2;False;diaria;48ca7231acd1057b_diario_derivado;;interna;horaria_agregada;soma
2022-06-09;0.2;24;True;0;84100000;chuva;Epagri;;;2;False;diaria;48ca7231acd1057b_diario_derivado;;interna;horaria_agregada;soma
2022-06-10;0.4;24;True;0;84100000;chuva;Epagri;;;2;False;diaria;48ca7231acd1057b_diario_derivado;;interna;horaria_agregada;soma
2022-06-11;0.0;24;True;0;84100000;chuva;Epagri;;;2;False;diaria;48ca7231acd1057b_diario_derivado;;interna;horaria_agregada;soma
2022-06-12;0.0;24;True;0;84100000;chuva;Epagri;;;2;False;diaria;48ca7231acd1057b_diario_derivado;;interna;horaria_agregada;soma
2022-06-13;0.0;24;True;0;84100000;chuva;Epagri;;;2;False;diaria;48ca7231acd1057b_diario_derivado;;interna;horaria_agregada;soma
2022-06-14;0.0;24;True;0;84100000;chuva;Epagri;;;2;False;diaria;48ca7231acd1057b_diario_derivado;;interna;horaria_agregada;soma
2022-06-15;0.0;24;True;0;84100000;chuva;Epagri;;;2;False;diaria;48ca7231acd1057b_diario_derivado;;interna;horaria_agregada;soma
2022-06-16;0.0;24;True;0;84100000;chuva;Epagri;;;2;False;diaria;48ca7231acd1057b_diario_derivado;;interna;horaria_agregada;soma
2022-06-17;7.8;24;True;0;84100000;chuva;Epagri;;;2;False;diaria;48ca7231acd1057b_diario_derivado;;interna;horaria_agregada;soma
2022-06-18;0.0;24;True;0;84100000;chuva;Epagri;;;2;False;diaria;48ca7231acd1057b_diario_derivado;;interna;horaria_agregada;soma
2022-06-19;0.0;24;True;0;84100000;chuva;Epagri;;;2;False;diaria;48ca7231acd1057b_diario_derivado;;interna;horaria_agregada;soma
2022-06-20;0.0;24;True;0;84100000;chuva;Epagri;;;2;False;diaria;48ca7231acd1057b_diario_derivado;;interna;horaria_agregada;soma
2022-06-21;7.4;24;True;0;84100000;chuva;Epagri;;;2;False;diaria;48ca7231acd1057b_diario_derivado;;interna;horaria_agregada;soma
2022-06-22;27.2;24;True;0;84100000;chuva;Epagri;;;2;False;diaria;48ca7231acd1057b_diario_derivado;;interna;horaria_agregada;soma
2022-06-23;9.4;24;True;0;84100000;chuva;Epagri;;;2;False;diaria;48ca7231acd1057b_diario_derivado;;interna;horaria_agregada;soma
2022-06-24;8.8;24;True;0;84100000;chuva;Epagri;;;2;False;diaria;48ca7231acd1057b_diario_derivado;;interna;horaria_agregada;soma
2022-06-25;0.4;24;True;0;84100000;chuva;Epagri;;;2;False;diaria;48ca7231acd1057b_diario_derivado;;interna;horaria_agregada;soma
2022-06-26;0.0;24;True;0;84100000;chuva;Epagri;;;2;False;diaria;48ca7231acd1057b_diario_derivado;;interna;horaria_agregada;soma
2022-06-27;0.0;24;True;0;84100000;chuva;Epagri;;;2;False;diaria;48ca7231acd1057b_diario_derivado;;interna;horaria_agregada;soma
2022-06-28;0.0;24;True;0;84100000;chuva;Epagri;;;2;False;diaria;48ca7231acd1057b_diario_derivado;;interna;horaria_agregada;soma
2022-06-29;0.0;24;True;0;84100000;chuva;Epagri;;;2;False;diaria;48ca7231acd1057b_diario_derivado;;interna;horaria_agregada;soma
2022-06-30;0.0;24;True;0;84100000;chuva;Epagri;;;2;False;diaria;48ca7231acd1057b_diario_derivado;;interna;horaria_agregada;soma
2022-07-01;0.0;24;True;0;84100000;chuva;Epagri;;;2;False;diaria;48ca7231acd1057b_diario_derivado;;interna;horaria_agregada;soma
2022-07-02;0.0;24;True;0;84100000;chuva;Epagri;;;2;False;diaria;48ca7231acd1057b_diario_derivado;;interna;horaria_agregada;soma
2022-07-03;0.0;24;True;0;84100000;chuva;Epagri;;;2;False;diaria;48ca7231acd1057b_diario_derivado;;interna;horaria_agregada;soma
2022-07-04;0.0;24;True;0;84100000;chuva;Epagri;;;2;False;diaria;48ca7231acd1057b_diario_derivado;;interna;horaria_agregada;soma
2022-07-05;0.0;24;True;0;84100000;chuva;Epagri;;;2;False;diaria;48ca7231acd1057b_diario_derivado;;interna;horaria_agregada;soma
2022-07-06;0.0;24;True;0;84100000;chuva;Epagri;;;2;False;diaria;48ca7231acd1057b_diario_derivado;;interna;horaria_agregada;soma
2022-07-07;0.0;24;True;0;84100000;chuva;Epagri;;;2;False;diaria;48ca7231acd1057b_diario_derivado;;interna;horaria_agregada;soma
2022-07-08;0.0;24;True;0;84100000;chuva;Epagri;;;2;False;diaria;48ca7231acd1057b_diario_derivado;;interna;horaria_agregada;soma
2022-07-09;0.0;24;True;0;84100000;chuva;Epagri;;;2;False;diaria;48ca7231acd1057b_diario_derivado;;interna;horaria_agregada;soma
2022-07-10;0.0;24;True;0;84100000;chuva;Epagri;;;2;False;diaria;48ca7231acd1057b_diario_derivado;;interna;horaria_agregada;soma
2022-07-11;0.0;24;True;0;84100000;chuva;Epagri;;;2;False;diaria;48ca7231acd1057b_diario_derivado;;interna;horaria_agregada;soma
2022-07-12;2.4;24;True;0;84100000;chuva;Epagri;;;2;False;diaria;48ca7231acd1057b_diario_derivado;;interna;horaria_agregada;soma
2022-07-13;0.0;24;True;0;84100000;chuva;Epagri;;;2;False;diaria;48ca7231acd1057b_diario_derivado;;interna;horaria_agregada;soma
2022-07-14;15.6;24;True;0;84100000;chuva;Epagri;;;2;False;diaria;48ca7231acd1057b_diario_derivado;;interna;horaria_agregada;soma
2022-07-15;;19;False;0;84100000;chuva;Epagri;;;2;False;diaria;48ca7231acd1057b_diario_derivado;;interna;horaria_agregada;soma
2022-07-16;;3;False;0;84100000;chuva;Epagri;;;2;False;diaria;48ca7231acd1057b_diario_derivado;;interna;horaria_agregada;soma
2022-07-17;0.0;24;True;0;84100000;chuva;Epagri;;;2;False;diaria;48ca7231acd1057b_diario_derivado;;interna;horaria_agregada;soma
2022-07-18;0.0;24;True;0;84100000;chuva;Epagri;;;2;False;diaria;48ca7231acd1057b_diario_derivado;;interna;horaria_agregada;soma
2022-07-19;0.0;24;True;0;84100000;chuva;Epagri;;;2;False;diaria;48ca7231acd1057b_diario_derivado;;interna;horaria_agregada;soma
2022-07-20;0.0;24;True;0;84100000;chuva;Epagri;;;2;False;diaria;48ca7231acd1057b_diario_derivado;;interna;horaria_agregada;soma
2022-07-21;0.0;24;True;0;84100000;chuva;Epagri;;;2;False;diaria;48ca7231acd1057b_diario_derivado;;interna;horaria_agregada;soma
2022-07-22;0.0;24;True;0;84100000;chuva;Epagri;;;2;False;diaria;48ca7231acd1057b_diario_derivado;;interna;horaria_agregada;soma
2022-07-23;0.0;24;True;0;84100000;chuva;Epagri;;;2;False;diaria;48ca7231acd1057b_diario_derivado;;interna;horaria_agregada;soma
2022-07-24;0.0;24;True;0;84100000;chuva;Epagri;;;2;False;diaria;48ca7231acd1057b_diario_derivado;;interna;horaria_agregada;soma
2022-07-25;0.0;24;True;0;84100000;chuva;Epagri;;;2;False;diaria;48ca7231acd1057b_diario_derivado;;interna;horaria_agregada;soma
2022-07-26;;23;False;0;84100000;chuva;Epagri;;;2;False;diaria;48ca7231acd1057b_diario_derivado;;interna;horaria_agregada;soma
2022-07-27;0.0;24;True;0;84100000;chuva;Epagri;;;2;False;diaria;48ca7231acd1057b_diario_derivado;;interna;horaria_agregada;soma
2022-07-28;3.4;24;True;0;84100000;chuva;Epagri;;;2;False;diaria;48ca7231acd1057b_diario_derivado;;interna;horaria_agregada;soma
2022-07-29;2.8;24;True;0;84100000;chuva;Epagri;;;2;False;diaria;48ca7231acd1057b_diario_derivado;;interna;horaria_agregada;soma
2022-07-30;0.0;24;True;0;84100000;chuva;Epagri;;;2;False;diaria;48ca7231acd1057b_diario_derivado;;interna;horaria_agregada;soma
2022-07-31;0.0;24;True;0;84100000;chuva;Epagri;;;2;False;diaria;48ca7231acd1057b_diario_derivado;;interna;horaria_agregada;soma
2022-08-01;0.0;24;True;0;84100000;chuva;Epagri;;;2;False;diaria;48ca7231acd1057b_diario_derivado;;interna;horaria_agregada;soma
2022-08-02;0.0;24;True;0;84100000;chuva;Epagri;;;2;False;diaria;48ca7231acd1057b_diario_derivado;;interna;horaria_agregada;soma
2022-08-03;0.0;24;True;0;84100000;chuva;Epagri;;;2;False;diaria;48ca7231acd1057b_diario_derivado;;interna;horaria_agregada;soma
2022-08-04;0.2;24;True;0;84100000;chuva;Epagri;;;2;False;diaria;48ca7231acd1057b_diario_derivado;;interna;horaria_agregada;soma
2022-08-05;0.0;24;True;0;84100000;chuva;Epagri;;;2;False;diaria;48ca7231acd1057b_diario_derivado;;interna;horaria_agregada;soma
2022-08-06;18.599999999999998;24;True;0;84100000;chuva;Epagri;;;2;False;diaria;48ca7231acd1057b_diario_derivado;;interna;horaria_agregada;soma
2022-08-07;18.6;24;True;0;84100000;chuva;Epagri;;;2;False;diaria;48ca7231acd1057b_diario_derivado;;interna;horaria_agregada;soma
2022-08-08;5.4;24;True;0;84100000;chuva;Epagri;;;2;False;diaria;48ca7231acd1057b_diario_derivado;;interna;horaria_agregada;soma
2022-08-09;44.2;24;True;0;84100000;chuva;Epagri;;;2;False;diaria;48ca7231acd1057b_diario_derivado;;interna;horaria_agregada;soma
2022-08-10;38.6;24;True;0;84100000;chuva;Epagri;;;2;False;diaria;48ca7231acd1057b_diario_derivado;;interna;horaria_agregada;soma
2022-08-11;0.4;24;True;0;84100000;chuva;Epagri;;;2;False;diaria;48ca7231acd1057b_diario_derivado;;interna;horaria_agregada;soma
2022-08-12;2.6;24;True;0;84100000;chuva;Epagri;;;2;False;diaria;48ca7231acd1057b_diario_derivado;;interna;horaria_agregada;soma
2022-08-13;0.0;24;True;0;84100000;chuva;Epagri;;;2;False;diaria;48ca7231acd1057b_diario_derivado;;interna;horaria_agregada;soma
2022-08-14;0.2;24;True;0;84100000;chuva;Epagri;;;2;False;diaria;48ca7231acd1057b_diario_derivado;;interna;horaria_agregada;soma
2022-08-15;0.0;24;True;0;84100000;chuva;Epagri;;;2;False;diaria;48ca7231acd1057b_diario_derivado;;interna;horaria_agregada;soma
2022-08-16;0.0;24;True;0;84100000;chuva;Epagri;;;2;False;diaria;48ca7231acd1057b_diario_derivado;;interna;horaria_agregada;soma
2022-08-17;0.4;24;True;0;84100000;chuva;Epagri;;;2;False;diaria;48ca7231acd1057b_diario_derivado;;interna;horaria_agregada;soma
2022-08-18;41.6;24;True;0;84100000;chuva;Epagri;;;2;False;diaria;48ca7231acd1057b_diario_derivado;;interna;horaria_agregada;soma
2022-08-19;0.0;24;True;0;84100000;chuva;Epagri;;;2;False;diaria;48ca7231acd1057b_diario_derivado;;interna;horaria_agregada;soma
2022-08-20;0.0;24;True;0;84100000;chuva;Epagri;;;2;False;diaria;48ca7231acd1057b_diario_derivado;;interna;horaria_agregada;soma
2022-08-21;0.0;24;True;0;84100000;chuva;Epagri;;;2;False;diaria;48ca7231acd1057b_diario_derivado;;interna;horaria_agregada;soma
2022-08-22;1.0;24;True;0;84100000;chuva;Epagri;;;2;False;diaria;48ca7231acd1057b_diario_derivado;;interna;horaria_agregada;soma
2022-08-23;3.4;24;True;0;84100000;chuva;Epagri;;;2;False;diaria;48ca7231acd1057b_diario_derivado;;interna;horaria_agregada;soma
2022-08-24;1.0;24;True;0;84100000;chuva;Epagri;;;2;False;diaria;48ca7231acd1057b_diario_derivado;;interna;horaria_agregada;soma
2022-08-25;0.0;24;True;0;84100000;chuva;Epagri;;;2;False;diaria;48ca7231acd1057b_diario_derivado;;interna;horaria_agregada;soma
2022-08-26;0.0;24;True;0;84100000;chuva;Epagri;;;2;False;diaria;48ca7231acd1057b_diario_derivado;;interna;horaria_agregada;soma
2022-08-27;0.0;24;True;0;84100000;chuva;Epagri;;;2;False;diaria;48ca7231acd1057b_diario_derivado;;interna;horaria_agregada;soma
2022-08-28;1.0;24;True;0;84100000;chuva;Epagri;;;2;False;diaria;48ca7231acd1057b_diario_derivado;;interna;horaria_agregada;soma
2022-08-29;0.0;24;True;0;84100000;chuva;Epagri;;;2;False;diaria;48ca7231acd1057b_diario_derivado;;interna;horaria_agregada;soma
2022-08-30;0.0;24;True;0;84100000;chuva;Epagri;;;2;False;diaria;48ca7231acd1057b_diario_derivado;;interna;horaria_agregada;soma
2022-08-31;0.0;24;True;0;84100000;chuva;Epagri;;;2;False;diaria;48ca7231acd1057b_diario_derivado;;interna;horaria_agregada;soma
2022-09-01;0.0;24;True;0;84100000;chuva;Epagri;;;2;False;diaria;48ca7231acd1057b_diario_derivado;;interna;horaria_agregada;soma
2022-09-02;0.2;24;True;0;84100000;chuva;Epagri;;;2;False;diaria;48ca7231acd1057b_diario_derivado;;interna;horaria_agregada;soma
2022-09-03;0.2;24;True;0;84100000;chuva;Epagri;;;2;False;diaria;48ca7231acd1057b_diario_derivado;;interna;horaria_agregada;soma
2022-09-04;0.0;24;True;0;84100000;chuva;Epagri;;;2;False;diaria;48ca7231acd1057b_diario_derivado;;interna;horaria_agregada;soma
2022-09-05;1.2000000000000002;24;True;0;84100000;chuva;Epagri;;;2;False;diaria;48ca7231acd1057b_diario_derivado;;interna;horaria_agregada;soma
2022-09-06;18.2;24;True;0;84100000;chuva;Epagri;;;2;False;diaria;48ca7231acd1057b_diario_derivado;;interna;horaria_agregada;soma
2022-09-07;6.0;24;True;0;84100000;chuva;Epagri;;;2;False;diaria;48ca7231acd1057b_diario_derivado;;interna;horaria_agregada;soma
2022-09-08;0.0;24;True;0;84100000;chuva;Epagri;;;2;False;diaria;48ca7231acd1057b_diario_derivado;;interna;horaria_agregada;soma
2022-09-09;2.8;24;True;0;84100000;chuva;Epagri;;;2;False;diaria;48ca7231acd1057b_diario_derivado;;interna;horaria_agregada;soma
2022-09-10;0.0;24;True;0;84100000;chuva;Epagri;;;2;False;diaria;48ca7231acd1057b_diario_derivado;;interna;horaria_agregada;soma
2022-09-11;0.0;24;True;0;84100000;chuva;Epagri;;;2;False;diaria;48ca7231acd1057b_diario_derivado;;interna;horaria_agregada;soma
2022-09-12;34.6;24;True;0;84100000;chuva;Epagri;;;2;False;diaria;48ca7231acd1057b_diario_derivado;;interna;horaria_agregada;soma
2022-09-13;0.8;24;True;0;84100000;chuva;Epagri;;;2;False;diaria;48ca7231acd1057b_diario_derivado;;interna;horaria_agregada;soma
2022-09-14;0.0;24;True;0;84100000;chuva;Epagri;;;2;False;diaria;48ca7231acd1057b_diario_derivado;;interna;horaria_agregada;soma
2022-09-15;6.199999999999999;24;True;0;84100000;chuva;Epagri;;;2;False;diaria;48ca7231acd1057b_diario_derivado;;interna;horaria_agregada;soma
2022-09-16;11.4;24;True;0;84100000;chuva;Epagri;;;2;False;diaria;48ca7231acd1057b_diario_derivado;;interna;horaria_agregada;soma
2022-09-17;0.7999999999999999;24;True;0;84100000;chuva;Epagri;;;2;False;diaria;48ca7231acd1057b_diario_derivado;;interna;horaria_agregada;soma
2022-09-18;1.2;24;True;0;84100000;chuva;Epagri;;;2;False;diaria;48ca7231acd1057b_diario_derivado;;interna;horaria_agregada;soma
2022-09-19;7.2;24;True;0;84100000;chuva;Epagri;;;2;False;diaria;48ca7231acd1057b_diario_derivado;;interna;horaria_agregada;soma
2022-09-20;0.2;24;True;0;84100000;chuva;Epagri;;;2;False;diaria;48ca7231acd1057b_diario_derivado;;interna;horaria_agregada;soma
2022-09-21;4.2;24;True;0;84100000;chuva;Epagri;;;2;False;diaria;48ca7231acd1057b_diario_derivado;;interna;horaria_agregada;soma
2022-09-22;0.0;24;True;0;84100000;chuva;Epagri;;;2;False;diaria;48ca7231acd1057b_diario_derivado;;interna;horaria_agregada;soma
2022-09-23;0.0;24;True;0;84100000;chuva;Epagri;;;2;False;diaria;48ca7231acd1057b_diario_derivado;;interna;horaria_agregada;soma
2022-09-24;0.0;24;True;0;84100000;chuva;Epagri;;;2;False;diaria;48ca7231acd1057b_diario_derivado;;interna;horaria_agregada;soma
2022-09-25;10.4;24;True;0;84100000;chuva;Epagri;;;2;False;diaria;48ca7231acd1057b_diario_derivado;;interna;horaria_agregada;soma
2022-09-26;0.4;24;True;0;84100000;chuva;Epagri;;;2;False;diaria;48ca7231acd1057b_diario_derivado;;interna;horaria_agregada;soma
2022-09-27;0.0;24;True;0;84100000;chuva;Epagri;;;2;False;diaria;48ca7231acd1057b_diario_derivado;;interna;horaria_agregada;soma
2022-09-28;0.0;24;True;0;84100000;chuva;Epagri;;;2;False;diaria;48ca7231acd1057b_diario_derivado;;interna;horaria_agregada;soma
2022-09-29;0.0;24;True;0;84100000;chuva;Epagri;;;2;False;diaria;48ca7231acd1057b_diario_derivado;;interna;horaria_agregada;soma
2022-09-30;1.8;24;True;0;84100000;chuva;Epagri;;;2;False;diaria;48ca7231acd1057b_diario_derivado;;interna;horaria_agregada;soma
2022-10-01;3.4;24;True;0;84100000;chuva;Epagri;;;2;False;diaria;48ca7231acd1057b_diario_derivado;;interna;horaria_agregada;soma
2022-10-02;0.2;24;True;0;84100000;chuva;Epagri;;;2;False;diaria;48ca7231acd1057b_diario_derivado;;interna;horaria_agregada;soma
2022-10-03;0.0;24;True;0;84100000;chuva;Epagri;;;2;False;diaria;48ca7231acd1057b_diario_derivado;;interna;horaria_agregada;soma
2022-10-04;0.0;24;True;0;84100000;chuva;Epagri;;;2;False;diaria;48ca7231acd1057b_diario_derivado;;interna;horaria_agregada;soma
2022-10-05;0.0;24;True;0;84100000;chuva;Epagri;;;2;False;diaria;48ca7231acd1057b_diario_derivado;;interna;horaria_agregada;soma
2022-10-06;29.0;24;True;0;84100000;chuva;Epagri;;;2;False;diaria;48ca7231acd1057b_diario_derivado;;interna;horaria_agregada;soma
2022-10-07;0.2;24;True;0;84100000;chuva;Epagri;;;2;False;diaria;48ca7231acd1057b_diario_derivado;;interna;horaria_agregada;soma
2022-10-08;0.0;24;True;0;84100000;chuva;Epagri;;;2;False;diaria;48ca7231acd1057b_diario_derivado;;interna;horaria_agregada;soma
2022-10-09;1.2;24;True;0;84100000;chuva;Epagri;;;2;False;diaria;48ca7231acd1057b_diario_derivado;;interna;horaria_agregada;soma
2022-10-10;50.6;24;True;0;84100000;chuva;Epagri;;;2;False;diaria;48ca7231acd1057b_diario_derivado;;interna;horaria_agregada;soma
2022-10-11;16.8;24;True;0;84100000;chuva;Epagri;;;2;False;diaria;48ca7231acd1057b_diario_derivado;;interna;horaria_agregada;soma
2022-10-12;0.2;24;True;0;84100000;chuva;Epagri;;;2;False;diaria;48ca7231acd1057b_diario_derivado;;interna;horaria_agregada;soma
2022-10-13;0.0;24;True;0;84100000;chuva;Epagri;;;2;False;diaria;48ca7231acd1057b_diario_derivado;;interna;horaria_agregada;soma
2022-10-14;16.0;24;True;0;84100000;chuva;Epagri;;;2;False;diaria;48ca7231acd1057b_diario_derivado;;interna;horaria_agregada;soma
2022-10-15;12.8;24;True;0;84100000;chuva;Epagri;;;2;False;diaria;48ca7231acd1057b_diario_derivado;;interna;horaria_agregada;soma
2022-10-16;17.2;24;True;0;84100000;chuva;Epagri;;;2;False;diaria;48ca7231acd1057b_diario_derivado;;interna;horaria_agregada;soma
2022-10-17;0.0;24;True;0;84100000;chuva;Epagri;;;2;False;diaria;48ca7231acd1057b_diario_derivado;;interna;horaria_agregada;soma
2022-10-18;1.2000000000000002;24;True;0;84100000;chuva;Epagri;;;2;False;diaria;48ca7231acd1057b_diario_derivado;;interna;horaria_agregada;soma
2022-10-19;0.0;24;True;0;84100000;chuva;Epagri;;;2;False;diaria;48ca7231acd1057b_diario_derivado;;interna;horaria_agregada;soma
2022-10-20;0.4;24;True;0;84100000;chuva;Epagri;;;2;False;diaria;48ca7231acd1057b_diario_derivado;;interna;horaria_agregada;soma
2022-10-21;18.6;24;True;0;84100000;chuva;Epagri;;;2;False;diaria;48ca7231acd1057b_diario_derivado;;interna;horaria_agregada;soma
2022-10-22;0.2;24;True;0;84100000;chuva;Epagri;;;2;False;diaria;48ca7231acd1057b_diario_derivado;;interna;horaria_agregada;soma
2022-10-23;8.4;24;True;0;84100000;chuva;Epagri;;;2;False;diaria;48ca7231acd1057b_diario_derivado;;interna;horaria_agregada;soma
2022-10-24;0.2;24;True;0;84100000;chuva;Epagri;;;2;False;diaria;48ca7231acd1057b_diario_derivado;;interna;horaria_agregada;soma
2022-10-25;0.0;24;True;0;84100000;chuva;Epagri;;;2;False;diaria;48ca7231acd1057b_diario_derivado;;interna;horaria_agregada;soma
2022-10-26;;19;False;0;84100000;chuva;Epagri;;;2;False;diaria;48ca7231acd1057b_diario_derivado;;interna;horaria_agregada;soma
2022-10-27;;18;False;0;84100000;chuva;Epagri;;;2;False;diaria;48ca7231acd1057b_diario_derivado;;interna;horaria_agregada;soma
2022-10-28;0.0;24;True;0;84100000;chuva;Epagri;;;2;False;diaria;48ca7231acd1057b_diario_derivado;;interna;horaria_agregada;soma
2022-10-29;;21;False;0;84100000;chuva;Epagri;;;2;False;diaria;48ca7231acd1057b_diario_derivado;;interna;horaria_agregada;soma
2022-10-30;1.2;24;True;0;84100000;chuva;Epagri;;;2;False;diaria;48ca7231acd1057b_diario_derivado;;interna;horaria_agregada;soma
2022-10-31;0.4;24;True;0;84100000;chuva;Epagri;;;2;False;diaria;48ca7231acd1057b_diario_derivado;;interna;horaria_agregada;soma
2022-11-01;0.6;24;True;0;84100000;chuva;Epagri;;;2;False;diaria;48ca7231acd1057b_diario_derivado;;interna;horaria_agregada;soma
2022-11-02;0.0;24;True;0;84100000;chuva;Epagri;;;2;False;diaria;48ca7231acd1057b_diario_derivado;;interna;horaria_agregada;soma
2022-11-03;0.0;24;True;0;84100000;chuva;Epagri;;;2;False;diaria;48ca7231acd1057b_diario_derivado;;interna;horaria_agregada;soma
2022-11-04;0.0;24;True;0;84100000;chuva;Epagri;;;2;False;diaria;48ca7231acd1057b_diario_derivado;;interna;horaria_agregada;soma
2022-11-05;0.6000000000000001;24;True;0;84100000;chuva;Epagri;;;2;False;diaria;48ca7231acd1057b_diario_derivado;;interna;horaria_agregada;soma
2022-11-06;0.0;24;True;0;84100000;chuva;Epagri;;;2;False;diaria;48ca7231acd1057b_diario_derivado;;interna;horaria_agregada;soma
2022-11-07;0.2;24;True;0;84100000;chuva;Epagri;;;2;False;diaria;48ca7231acd1057b_diario_derivado;;interna;horaria_agregada;soma
2022-11-08;0.6;24;True;0;84100000;chuva;Epagri;;;2;False;diaria;48ca7231acd1057b_diario_derivado;;interna;horaria_agregada;soma
2022-11-09;0.6;24;True;0;84100000;chuva;Epagri;;;2;False;diaria;48ca7231acd1057b_diario_derivado;;interna;horaria_agregada;soma
2022-11-10;0.0;24;True;0;84100000;chuva;Epagri;;;2;False;diaria;48ca7231acd1057b_diario_derivado;;interna;horaria_agregada;soma
2022-11-11;0.0;24;True;0;84100000;chuva;Epagri;;;2;False;diaria;48ca7231acd1057b_diario_derivado;;interna;horaria_agregada;soma
2022-11-12;;22;False;0;84100000;chuva;Epagri;;;2;False;diaria;48ca7231acd1057b_diario_derivado;;interna;horaria_agregada;soma
2022-11-13;4.6;24;True;0;84100000;chuva;Epagri;;;2;False;diaria;48ca7231acd1057b_diario_derivado;;interna;horaria_agregada;soma
2022-11-14;3.4;24;True;0;84100000;chuva;Epagri;;;2;False;diaria;48ca7231acd1057b_diario_derivado;;interna;horaria_agregada;soma
2022-11-15;0.0;24;True;0;84100000;chuva;Epagri;;;2;False;diaria;48ca7231acd1057b_diario_derivado;;interna;horaria_agregada;soma
2022-11-16;0.0;24;True;0;84100000;chuva;Epagri;;;2;False;diaria;48ca7231acd1057b_diario_derivado;;interna;horaria_agregada;soma
2022-11-17;0.0;24;True;0;84100000;chuva;Epagri;;;2;False;diaria;48ca7231acd1057b_diario_derivado;;interna;horaria_agregada;soma
2022-11-18;0.0;24;True;0;84100000;chuva;Epagri;;;2;False;diaria;48ca7231acd1057b_diario_derivado;;interna;horaria_agregada;soma
2022-11-19;0.0;24;True;0;84100000;chuva;Epagri;;;2;False;diaria;48ca7231acd1057b_diario_derivado;;interna;horaria_agregada;soma
2022-11-20;0.2;24;True;0;84100000;chuva;Epagri;;;2;False;diaria;48ca7231acd1057b_diario_derivado;;interna;horaria_agregada;soma
2022-11-21;0.0;24;True;0;84100000;chuva;Epagri;;;2;False;diaria;48ca7231acd1057b_diario_derivado;;interna;horaria_agregada;soma
2022-11-22;;18;False;0;84100000;chuva;Epagri;;;2;False;diaria;48ca7231acd1057b_diario_derivado;;interna;horaria_agregada;soma
2022-11-23;;17;False;0;84100000;chuva;Epagri;;;2;False;diaria;48ca7231acd1057b_diario_derivado;;interna;horaria_agregada;soma
2022-11-24;0.0;24;True;0;84100000;chuva;Epagri;;;2;False;diaria;48ca7231acd1057b_diario_derivado;;interna;horaria_agregada;soma
2022-11-25;0.0;24;True;0;84100000;chuva;Epagri;;;2;False;diaria;48ca7231acd1057b_diario_derivado;;interna;horaria_agregada;soma
2022-11-26;74.60000000000001;24;True;0;84100000;chuva;Epagri;;;2;False;diaria;48ca7231acd1057b_diario_derivado;;interna;horaria_agregada;soma
2022-11-27;72.2;24;True;0;84100000;chuva;Epagri;;;2;False;diaria;48ca7231acd1057b_diario_derivado;;interna;horaria_agregada;soma
2022-11-28;;21;False;0;84100000;chuva;Epagri;;;2;False;diaria;48ca7231acd1057b_diario_derivado;;interna;horaria_agregada;soma
2022-11-29;;23;False;0;84100000;chuva;Epagri;;;2;False;diaria;48ca7231acd1057b_diario_derivado;;interna;horaria_agregada;soma
2022-11-30;197.0;24;True;0;84100000;chuva;Epagri;;;2;False;diaria;48ca7231acd1057b_diario_derivado;;interna;horaria_agregada;soma
2022-12-01;209.0;24;True;0;84100000;chuva;Epagri;;;2;False;diaria;48ca7231acd1057b_diario_derivado;;interna;horaria_agregada;soma
2022-12-02;1.6;24;True;0;84100000;chuva;Epagri;;;2;False;diaria;48ca7231acd1057b_diario_derivado;;interna;horaria_agregada;soma
2022-12-03;6.800000000000001;24;True;0;84100000;chuva;Epagri;;;2;False;diaria;48ca7231acd1057b_diario_derivado;;interna;horaria_agregada;soma
2022-12-04;37.2;24;True;0;84100000;chuva;Epagri;;;2;False;diaria;48ca7231acd1057b_diario_derivado;;interna;horaria_agregada;soma
2022-12-05;17.2;24;True;0;84100000;chuva;Epagri;;;2;False;diaria;48ca7231acd1057b_diario_derivado;;interna;horaria_agregada;soma
2022-12-06;0.0;24;True;0;84100000;chuva;Epagri;;;2;False;diaria;48ca7231acd1057b_diario_derivado;;interna;horaria_agregada;soma
2022-12-07;0.0;24;True;0;84100000;chuva;Epagri;;;2;False;diaria;48ca7231acd1057b_diario_derivado;;interna;horaria_agregada;soma
2022-12-08;0.0;24;True;0;84100000;chuva;Epagri;;;2;False;diaria;48ca7231acd1057b_diario_derivado;;interna;horaria_agregada;soma
2022-12-09;0.2;24;True;0;84100000;chuva;Epagri;;;2;False;diaria;48ca7231acd1057b_diario_derivado;;interna;horaria_agregada;soma
2022-12-10;0.0;24;True;0;84100000;chuva;Epagri;;;2;False;diaria;48ca7231acd1057b_diario_derivado;;interna;horaria_agregada;soma
2022-12-11;0.0;24;True;0;84100000;chuva;Epagri;;;2;False;diaria;48ca7231acd1057b_diario_derivado;;interna;horaria_agregada;soma
2022-12-12;34.6;24;True;0;84100000;chuva;Epagri;;;2;False;diaria;48ca7231acd1057b_diario_derivado;;interna;horaria_agregada;soma
2022-12-13;0.8;24;True;0;84100000;chuva;Epagri;;;2;False;diaria;48ca7231acd1057b_diario_derivado;;interna;horaria_agregada;soma
2022-12-14;0.0;24;True;0;84100000;chuva;Epagri;;;2;False;diaria;48ca7231acd1057b_diario_derivado;;interna;horaria_agregada;soma
2022-12-15;0.0;24;True;0;84100000;chuva;Epagri;;;2;False;diaria;48ca7231acd1057b_diario_derivado;;interna;horaria_agregada;soma
2022-12-16;27.599999999999998;24;True;0;84100000;chuva;Epagri;;;2;False;diaria;48ca7231acd1057b_diario_derivado;;interna;horaria_agregada;soma
2022-12-17;0.0;24;True;0;84100000;chuva;Epagri;;;2;False;diaria;48ca7231acd1057b_diario_derivado;;interna;horaria_agregada;soma
2022-12-18;29.8;24;True;0;84100000;chuva;Epagri;;;2;False;diaria;48ca7231acd1057b_diario_derivado;;interna;horaria_agregada;soma
2022-12-19;96.8;24;True;0;84100000;chuva;Epagri;;;2;False;diaria;48ca7231acd1057b_diario_derivado;;interna;horaria_agregada;soma
2022-12-20;83.6;24;True;0;84100000;chuva;Epagri;;;2;False;diaria;48ca7231acd1057b_diario_derivado;;interna;horaria_agregada;soma
2022-12-21;5.0;24;True;0;84100000;chuva;Epagri;;;2;False;diaria;48ca7231acd1057b_diario_derivado;;interna;horaria_agregada;soma
2022-12-22;0.4;24;True;0;84100000;chuva;Epagri;;;2;False;diaria;48ca7231acd1057b_diario_derivado;;interna;horaria_agregada;soma
2022-12-23;1.2;24;True;0;84100000;chuva;Epagri;;;2;False;diaria;48ca7231acd1057b_diario_derivado;;interna;horaria_agregada;soma
2022-12-24;0.6000000000000001;24;True;0;84100000;chuva;Epagri;;;2;False;diaria;48ca7231acd1057b_diario_derivado;;interna;horaria_agregada;soma
2022-12-25;1.2000000000000002;24;True;0;84100000;chuva;Epagri;;;2;False;diaria;48ca7231acd1057b_diario_derivado;;interna;horaria_agregada;soma
2022-12-26;7.800000000000001;24;True;0;84100000;chuva;Epagri;;;2;False;diaria;48ca7231acd1057b_diario_derivado;;interna;horaria_agregada;soma
2022-12-27;2.4;24;True;0;84100000;chuva;Epagri;;;2;False;diaria;48ca7231acd1057b_diario_derivado;;interna;horaria_agregada;soma
2022-12-28;24.8;24;True;0;84100000;chuva;Epagri;;;2;False;diaria;48ca7231acd1057b_diario_derivado;;interna;horaria_agregada;soma
2022-12-29;0.2;24;True;0;84100000;chuva;Epagri;;;2;False;diaria;48ca7231acd1057b_diario_derivado;;interna;horaria_agregada;soma
2022-12-30;0.0;24;True;0;84100000;chuva;Epagri;;;2;False;diaria;48ca7231acd1057b_diario_derivado;;interna;horaria_agregada;soma
2022-12-31;0.0;24;True;0;84100000;chuva;Epagri;;;2;False;diaria;48ca7231acd1057b_diario_derivado;;interna;horaria_agregada;soma
2023-01-01;0.0;24;True;0;84100000;chuva;Epagri;;;2;False;diaria;48ca7231acd1057b_diario_derivado;;interna;horaria_agregada;soma
2023-01-02;0.0;24;True;0;84100000;chuva;Epagri;;;2;False;diaria;48ca7231acd1057b_diario_derivado;;interna;horaria_agregada;soma
2023-01-03;4.8;24;True;0;84100000;chuva;Epagri;;;2;False;diaria;48ca7231acd1057b_diario_derivado;;interna;horaria_agregada;soma
2023-01-04;1.8;24;True;0;84100000;chuva;Epagri;;;2;False;diaria;48ca7231acd1057b_diario_derivado;;interna;horaria_agregada;soma
2023-01-05;0.2;24;True;0;84100000;chuva;Epagri;;;2;False;diaria;48ca7231acd1057b_diario_derivado;;interna;horaria_agregada;soma
2023-01-06;0.0;24;True;0;84100000;chuva;Epagri;;;2;False;diaria;48ca7231acd1057b_diario_derivado;;interna;horaria_agregada;soma
2023-01-07;2.2;24;True;0;84100000;chuva;Epagri;;;2;False;diaria;48ca7231acd1057b_diario_derivado;;interna;horaria_agregada;soma
2023-01-08;1.2;24;True;0;84100000;chuva;Epagri;;;2;False;diaria;48ca7231acd1057b_diario_derivado;;interna;horaria_agregada;soma
2023-01-09;0.2;24;True;0;84100000;chuva;Epagri;;;2;False;diaria;48ca7231acd1057b_diario_derivado;;interna;horaria_agregada;soma
2023-01-10;24.0;24;True;0;84100000;chuva;Epagri;;;2;False;diaria;48ca7231acd1057b_diario_derivado;;interna;horaria_agregada;soma
2023-01-11;10.2;24;True;0;84100000;chuva;Epagri;;;2;False;diaria;48ca7231acd1057b_diario_derivado;;interna;horaria_agregada;soma
2023-01-12;0.0;24;True;0;84100000;chuva;Epagri;;;2;False;diaria;48ca7231acd1057b_diario_derivado;;interna;horaria_agregada;soma
2023-01-13;2.2;24;True;0;84100000;chuva;Epagri;;;2;False;diaria;48ca7231acd1057b_diario_derivado;;interna;horaria_agregada;soma
2023-01-14;6.6;24;True;0;84100000;chuva;Epagri;;;2;False;diaria;48ca7231acd1057b_diario_derivado;;interna;horaria_agregada;soma
2023-01-15;68.2;24;True;0;84100000;chuva;Epagri;;;2;False;diaria;48ca7231acd1057b_diario_derivado;;interna;horaria_agregada;soma
2023-01-16;0.4;24;True;0;84100000;chuva;Epagri;;;2;False;diaria;48ca7231acd1057b_diario_derivado;;interna;horaria_agregada;soma
2023-01-17;3.2;24;True;0;84100000;chuva;Epagri;;;2;False;diaria;48ca7231acd1057b_diario_derivado;;interna;horaria_agregada;soma
2023-01-18;10.600000000000001;24;True;0;84100000;chuva;Epagri;;;2;False;diaria;48ca7231acd1057b_diario_derivado;;interna;horaria_agregada;soma
2023-01-19;21.6;24;True;0;84100000;chuva;Epagri;;;2;False;diaria;48ca7231acd1057b_diario_derivado;;interna;horaria_agregada;soma
2023-01-20;31.0;24;True;0;84100000;chuva;Epagri;;;2;False;diaria;48ca7231acd1057b_diario_derivado;;interna;horaria_agregada;soma
2023-01-21;0.0;24;True;0;84100000;chuva;Epagri;;;2;False;diaria;48ca7231acd1057b_diario_derivado;;interna;horaria_agregada;soma
2023-01-22;3.0;24;True;0;84100000;chuva;Epagri;;;2;False;diaria;48ca7231acd1057b_diario_derivado;;interna;horaria_agregada;soma
2023-01-23;0.8;24;True;0;84100000;chuva;Epagri;;;2;False;diaria;48ca7231acd1057b_diario_derivado;;interna;horaria_agregada;soma
2023-01-24;0.2;24;True;0;84100000;chuva;Epagri;;;2;False;diaria;48ca7231acd1057b_diario_derivado;;interna;horaria_agregada;soma
2023-01-25;0.0;24;True;0;84100000;chuva;Epagri;;;2;False;diaria;48ca7231acd1057b_diario_derivado;;interna;horaria_agregada;soma
2023-01-26;0.0;24;True;0;84100000;chuva;Epagri;;;2;False;diaria;48ca7231acd1057b_diario_derivado;;interna;horaria_agregada;soma
2023-01-27;0.0;24;True;0;84100000;chuva;Epagri;;;2;False;diaria;48ca7231acd1057b_diario_derivado;;interna;horaria_agregada;soma
2023-01-28;0.0;24;True;0;84100000;chuva;Epagri;;;2;False;diaria;48ca7231acd1057b_diario_derivado;;interna;horaria_agregada;soma
2023-01-29;83.2;24;True;0;84100000;chuva;Epagri;;;2;False;diaria;48ca7231acd1057b_diario_derivado;;interna;horaria_agregada;soma
2023-01-30;23.4;24;True;0;84100000;chuva;Epagri;;;2;False;diaria;48ca7231acd1057b_diario_derivado;;interna;horaria_agregada;soma
2023-01-31;16.999999999999996;24;True;0;84100000;chuva;Epagri;;;2;False;diaria;48ca7231acd1057b_diario_derivado;;interna;horaria_agregada;soma
2023-02-01;10.8;24;True;0;84100000;chuva;Epagri;;;2;False;diaria;48ca7231acd1057b_diario_derivado;;interna;horaria_agregada;soma
2023-02-02;149.2;24;True;0;84100000;chuva;Epagri;;;2;False;diaria;48ca7231acd1057b_diario_derivado;;interna;horaria_agregada;soma
2023-02-03;68.4;24;True;0;84100000;chuva;Epagri;;;2;False;diaria;48ca7231acd1057b_diario_derivado;;interna;horaria_agregada;soma
2023-02-04;11.0;24;True;0;84100000;chuva;Epagri;;;2;False;diaria;48ca7231acd1057b_diario_derivado;;interna;horaria_agregada;soma
2023-02-05;1.7999999999999998;24;True;0;84100000;chuva;Epagri;;;2;False;diaria;48ca7231acd1057b_diario_derivado;;interna;horaria_agregada;soma
2023-02-06;0.6;24;True;0;84100000;chuva;Epagri;;;2;False;diaria;48ca7231acd1057b_diario_derivado;;interna;horaria_agregada;soma
2023-02-07;9.200000000000001;24;True;0;84100000;chuva;Epagri;;;2;False;diaria;48ca7231acd1057b_diario_derivado;;interna;horaria_agregada;soma
2023-02-08;6.8;24;True;0;84100000;chuva;Epagri;;;2;False;diaria;48ca7231acd1057b_diario_derivado;;interna;horaria_agregada;soma
2023-02-09;2.8;24;True;0;84100000;chuva;Epagri;;;2;False;diaria;48ca7231acd1057b_diario_derivado;;interna;horaria_agregada;soma
2023-02-10;1.2000000000000002;24;True;0;84100000;chuva;Epagri;;;2;False;diaria;48ca7231acd1057b_diario_derivado;;interna;horaria_agregada;soma
2023-02-11;0.0;24;True;0;84100000;chuva;Epagri;;;2;False;diaria;48ca7231acd1057b_diario_derivado;;interna;horaria_agregada;soma
2023-02-12;0.0;24;True;0;84100000;chuva;Epagri;;;2;False;diaria;48ca7231acd1057b_diario_derivado;;interna;horaria_agregada;soma
2023-02-13;0.0;24;True;0;84100000;chuva;Epagri;;;2;False;diaria;48ca7231acd1057b_diario_derivado;;interna;horaria_agregada;soma
2023-02-14;26.6;24;True;0;84100000;chuva;Epagri;;;2;False;diaria;48ca7231acd1057b_diario_derivado;;interna;horaria_agregada;soma
2023-02-15;25.799999999999997;24;True;0;84100000;chuva;Epagri;;;2;False;diaria;48ca7231acd1057b_diario_derivado;;interna;horaria_agregada;soma
2023-02-16;7.3999999999999995;24;True;0;84100000;chuva;Epagri;;;2;False;diaria;48ca7231acd1057b_diario_derivado;;interna;horaria_agregada;soma
2023-02-17;15.799999999999999;24;True;0;84100000;chuva;Epagri;;;2;False;diaria;48ca7231acd1057b_diario_derivado;;interna;horaria_agregada;soma
2023-02-18;0.2;24;True;0;84100000;chuva;Epagri;;;2;False;diaria;48ca7231acd1057b_diario_derivado;;interna;horaria_agregada;soma
2023-02-19;0.2;24;True;0;84100000;chuva;Epagri;;;2;False;diaria;48ca7231acd1057b_diario_derivado;;interna;horaria_agregada;soma
2023-02-20;87.4;24;True;0;84100000;chuva;Epagri;;;2;False;diaria;48ca7231acd1057b_diario_derivado;;interna;horaria_agregada;soma
2023-02-21;1.6;24;True;0;84100000;chuva;Epagri;;;2;False;diaria;48ca7231acd1057b_diario_derivado;;interna;horaria_agregada;soma
2023-02-22;0.0;24;True;0;84100000;chuva;Epagri;;;2;False;diaria;48ca7231acd1057b_diario_derivado;;interna;horaria_agregada;soma
2023-02-23;10.8;24;True;0;84100000;chuva;Epagri;;;2;False;diaria;48ca7231acd1057b_diario_derivado;;interna;horaria_agregada;soma
2023-02-24;1.6;24;True;0;84100000;chuva;Epagri;;;2;False;diaria;48ca7231acd1057b_diario_derivado;;interna;horaria_agregada;soma
2023-02-25;0.2;24;True;0;84100000;chuva;Epagri;;;2;False;diaria;48ca7231acd1057b_diario_derivado;;interna;horaria_agregada;soma
2023-02-26;5.6;24;True;0;84100000;chuva;Epagri;;;2;False;diaria;48ca7231acd1057b_diario_derivado;;interna;horaria_agregada;soma
2023-02-27;0.0;24;True;0;84100000;chuva;Epagri;;;2;False;diaria;48ca7231acd1057b_diario_derivado;;interna;horaria_agregada;soma
2023-02-28;0.0;24;True;0;84100000;chuva;Epagri;;;2;False;diaria;48ca7231acd1057b_diario_derivado;;interna;horaria_agregada;soma
2023-03-01;0.6;24;True;0;84100000;chuva;Epagri;;;2;False;diaria;48ca7231acd1057b_diario_derivado;;interna;horaria_agregada;soma
2023-03-02;0.8;24;True;0;84100000;chuva;Epagri;;;2;False;diaria;48ca7231acd1057b_diario_derivado;;interna;horaria_agregada;soma
2023-03-03;1.4000000000000001;24;True;0;84100000;chuva;Epagri;;;2;False;diaria;48ca7231acd1057b_diario_derivado;;interna;horaria_agregada;soma
2023-03-04;39.8;24;True;0;84100000;chuva;Epagri;;;2;False;diaria;48ca7231acd1057b_diario_derivado;;interna;horaria_agregada;soma
2023-03-05;4.0;24;True;0;84100000;chuva;Epagri;;;2;False;diaria;48ca7231acd1057b_diario_derivado;;interna;horaria_agregada;soma
2023-03-06;7.199999999999999;24;True;0;84100000;chuva;Epagri;;;2;False;diaria;48ca7231acd1057b_diario_derivado;;interna;horaria_agregada;soma
2023-03-07;14.200000000000001;24;True;0;84100000;chuva;Epagri;;;2;False;diaria;48ca7231acd1057b_diario_derivado;;interna;horaria_agregada;soma
2023-03-08;5.0;24;True;0;84100000;chuva;Epagri;;;2;False;diaria;48ca7231acd1057b_diario_derivado;;interna;horaria_agregada;soma
2023-03-09;0.0;24;True;0;84100000;chuva;Epagri;;;2;False;diaria;48ca7231acd1057b_diario_derivado;;interna;horaria_agregada;soma
2023-03-10;0.0;24;True;0;84100000;chuva;Epagri;;;2;False;diaria;48ca7231acd1057b_diario_derivado;;interna;horaria_agregada;soma
2023-03-11;2.2;24;True;0;84100000;chuva;Epagri;;;2;False;diaria;48ca7231acd1057b_diario_derivado;;interna;horaria_agregada;soma
2023-03-12;4.2;24;True;0;84100000;chuva;Epagri;;;2;False;diaria;48ca7231acd1057b_diario_derivado;;interna;horaria_agregada;soma
2023-03-13;40.8;24;True;0;84100000;chuva;Epagri;;;2;False;diaria;48ca7231acd1057b_diario_derivado;;interna;horaria_agregada;soma
2023-03-14;6.2;24;True;0;84100000;chuva;Epagri;;;2;False;diaria;48ca7231acd1057b_diario_derivado;;interna;horaria_agregada;soma
2023-03-15;31.8;24;True;0;84100000;chuva;Epagri;;;2;False;diaria;48ca7231acd1057b_diario_derivado;;interna;horaria_agregada;soma
2023-03-16;1.8;24;True;0;84100000;chuva;Epagri;;;2;False;diaria;48ca7231acd1057b_diario_derivado;;interna;horaria_agregada;soma
2023-03-17;0.8;24;True;0;84100000;chuva;Epagri;;;2;False;diaria;48ca7231acd1057b_diario_derivado;;interna;horaria_agregada;soma
2023-03-18;0.0;24;True;0;84100000;chuva;Epagri;;;2;False;diaria;48ca7231acd1057b_diario_derivado;;interna;horaria_agregada;soma
2023-03-19;0.0;24;True;0;84100000;chuva;Epagri;;;2;False;diaria;48ca7231acd1057b_diario_derivado;;interna;horaria_agregada;soma
2023-03-20;0.0;24;True;0;84100000;chuva;Epagri;;;2;False;diaria;48ca7231acd1057b_diario_derivado;;interna;horaria_agregada;soma
2023-03-21;0.0;24;True;0;84100000;chuva;Epagri;;;2;False;diaria;48ca7231acd1057b_diario_derivado;;interna;horaria_agregada;soma
2023-03-22;53.800000000000004;24;True;0;84100000;chuva;Epagri;;;2;False;diaria;48ca7231acd1057b_diario_derivado;;interna;horaria_agregada;soma
2023-03-23;49.0;24;True;0;84100000;chuva;Epagri;;;2;False;diaria;48ca7231acd1057b_diario_derivado;;interna;horaria_agregada;soma
2023-03-24;0.0;24;True;0;84100000;chuva;Epagri;;;2;False;diaria;48ca7231acd1057b_diario_derivado;;interna;horaria_agregada;soma
2023-03-25;0.2;24;True;0;84100000;chuva;Epagri;;;2;False;diaria;48ca7231acd1057b_diario_derivado;;interna;horaria_agregada;soma
2023-03-26;0.6000000000000001;24;True;0;84100000;chuva;Epagri;;;2;False;diaria;48ca7231acd1057b_diario_derivado;;interna;horaria_agregada;soma
2023-03-27;0.0;24;True;0;84100000;chuva;Epagri;;;2;False;diaria;48ca7231acd1057b_diario_derivado;;interna;horaria_agregada;soma
2023-03-28;0.0;24;True;0;84100000;chuva;Epagri;;;2;False;diaria;48ca7231acd1057b_diario_derivado;;interna;horaria_agregada;soma
2023-03-29;25.0;24;True;0;84100000;chuva;Epagri;;;2;False;diaria;48ca7231acd1057b_diario_derivado;;interna;horaria_agregada;soma
2023-03-30;0.2;24;True;0;84100000;chuva;Epagri;;;2;False;diaria;48ca7231acd1057b_diario_derivado;;interna;horaria_agregada;soma
2023-03-31;0.0;24;True;0;84100000;chuva;Epagri;;;2;False;diaria;48ca7231acd1057b_diario_derivado;;interna;horaria_agregada;soma
2023-04-01;;21;False;0;84100000;chuva;Epagri;;;2;False;diaria;48ca7231acd1057b_diario_derivado;;interna;horaria_agregada;soma
2023-04-02;0.0;24;True;0;84100000;chuva;Epagri;;;2;False;diaria;48ca7231acd1057b_diario_derivado;;interna;horaria_agregada;soma
2023-04-03;0.0;24;True;0;84100000;chuva;Epagri;;;2;False;diaria;48ca7231acd1057b_diario_derivado;;interna;horaria_agregada;soma
2023-04-04;0.0;24;True;0;84100000;chuva;Epagri;;;2;False;diaria;48ca7231acd1057b_diario_derivado;;interna;horaria_agregada;soma
2023-04-05;3.0;24;True;0;84100000;chuva;Epagri;;;2;False;diaria;48ca7231acd1057b_diario_derivado;;interna;horaria_agregada;soma
2023-04-06;4.4;24;True;0;84100000;chuva;Epagri;;;2;False;diaria;48ca7231acd1057b_diario_derivado;;interna;horaria_agregada;soma
2023-04-07;35.0;24;True;0;84100000;chuva;Epagri;;;2;False;diaria;48ca7231acd1057b_diario_derivado;;interna;horaria_agregada;soma
2023-04-08;2.2;24;True;0;84100000;chuva;Epagri;;;2;False;diaria;48ca7231acd1057b_diario_derivado;;interna;horaria_agregada;soma
2023-04-09;1.8;24;True;0;84100000;chuva;Epagri;;;2;False;diaria;48ca7231acd1057b_diario_derivado;;interna;horaria_agregada;soma
2023-04-10;1.8;24;True;0;84100000;chuva;Epagri;;;2;False;diaria;48ca7231acd1057b_diario_derivado;;interna;horaria_agregada;soma
2023-04-11;0.0;24;True;0;84100000;chuva;Epagri;;;2;False;diaria;48ca7231acd1057b_diario_derivado;;interna;horaria_agregada;soma
2023-04-12;0.0;24;True;0;84100000;chuva;Epagri;;;2;False;diaria;48ca7231acd1057b_diario_derivado;;interna;horaria_agregada;soma
2023-04-13;0.2;24;True;0;84100000;chuva;Epagri;;;2;False;diaria;48ca7231acd1057b_diario_derivado;;interna;horaria_agregada;soma
2023-04-14;11.2;24;True;0;84100000;chuva;Epagri;;;2;False;diaria;48ca7231acd1057b_diario_derivado;;interna;horaria_agregada;soma
2023-04-15;0.2;24;True;0;84100000;chuva;Epagri;;;2;False;diaria;48ca7231acd1057b_diario_derivado;;interna;horaria_agregada;soma
2023-04-16;0.0;24;True;0;84100000;chuva;Epagri;;;2;False;diaria;48ca7231acd1057b_diario_derivado;;interna;horaria_agregada;soma
2023-04-17;27.0;24;True;0;84100000;chuva;Epagri;;;2;False;diaria;48ca7231acd1057b_diario_derivado;;interna;horaria_agregada;soma
2023-04-18;6.4;24;True;0;84100000;chuva;Epagri;;;2;False;diaria;48ca7231acd1057b_diario_derivado;;interna;horaria_agregada;soma
2023-04-19;0.0;24;True;0;84100000;chuva;Epagri;;;2;False;diaria;48ca7231acd1057b_diario_derivado;;interna;horaria_agregada;soma
2023-04-20;0.0;24;True;0;84100000;chuva;Epagri;;;2;False;diaria;48ca7231acd1057b_diario_derivado;;interna;horaria_agregada;soma
2023-04-21;0.0;24;True;0;84100000;chuva;Epagri;;;2;False;diaria;48ca7231acd1057b_diario_derivado;;interna;horaria_agregada;soma
2023-04-22;1.0;24;True;0;84100000;chuva;Epagri;;;2;False;diaria;48ca7231acd1057b_diario_derivado;;interna;horaria_agregada;soma
2023-04-23;9.4;24;True;0;84100000;chuva;Epagri;;;2;False;diaria;48ca7231acd1057b_diario_derivado;;interna;horaria_agregada;soma
2023-04-24;5.4;24;True;0;84100000;chuva;Epagri;;;2;False;diaria;48ca7231acd1057b_diario_derivado;;interna;horaria_agregada;soma
2023-04-25;0.8;24;True;0;84100000;chuva;Epagri;;;2;False;diaria;48ca7231acd1057b_diario_derivado;;interna;horaria_agregada;soma
2023-04-26;0.0;24;True;0;84100000;chuva;Epagri;;;2;False;diaria;48ca7231acd1057b_diario_derivado;;interna;horaria_agregada;soma
2023-04-27;0.0;24;True;0;84100000;chuva;Epagri;;;2;False;diaria;48ca7231acd1057b_diario_derivado;;interna;horaria_agregada;soma
2023-04-28;0.0;24;True;0;84100000;chuva;Epagri;;;2;False;diaria;48ca7231acd1057b_diario_derivado;;interna;horaria_agregada;soma
2023-04-29;0.0;24;True;0;84100000;chuva;Epagri;;;2;False;diaria;48ca7231acd1057b_diario_derivado;;interna;horaria_agregada;soma
2023-04-30;0.0;24;True;0;84100000;chuva;Epagri;;;2;False;diaria;48ca7231acd1057b_diario_derivado;;interna;horaria_agregada;soma
2023-05-01;0.0;24;True;0;84100000;chuva;Epagri;;;2;False;diaria;48ca7231acd1057b_diario_derivado;;interna;horaria_agregada;soma
2023-05-02;0.0;24;True;0;84100000;chuva;Epagri;;;2;False;diaria;48ca7231acd1057b_diario_derivado;;interna;horaria_agregada;soma
2023-05-03;1.2000000000000002;24;True;0;84100000;chuva;Epagri;;;2;False;diaria;48ca7231acd1057b_diario_derivado;;interna;horaria_agregada;soma
2023-05-04;27.6;24;True;0;84100000;chuva;Epagri;;;2;False;diaria;48ca7231acd1057b_diario_derivado;;interna;horaria_agregada;soma
2023-05-05;;23;False;0;84100000;chuva;Epagri;;;2;False;diaria;48ca7231acd1057b_diario_derivado;;interna;horaria_agregada;soma
2023-05-06;;23;False;0;84100000;chuva;Epagri;;;2;False;diaria;48ca7231acd1057b_diario_derivado;;interna;horaria_agregada;soma
2023-05-07;0.0;24;True;0;84100000;chuva;Epagri;;;2;False;diaria;48ca7231acd1057b_diario_derivado;;interna;horaria_agregada;soma
2023-05-08;0.0;24;True;0;84100000;chuva;Epagri;;;2;False;diaria;48ca7231acd1057b_diario_derivado;;interna;horaria_agregada;soma
2023-05-09;0.8;24;True;0;84100000;chuva;Epagri;;;2;False;diaria;48ca7231acd1057b_diario_derivado;;interna;horaria_agregada;soma
2023-05-10;0.0;24;True;0;84100000;chuva;Epagri;;;2;False;diaria;48ca7231acd1057b_diario_derivado;;interna;horaria_agregada;soma
2023-05-11;0.0;24;True;0;84100000;chuva;Epagri;;;2;False;diaria;48ca7231acd1057b_diario_derivado;;interna;horaria_agregada;soma
2023-05-12;0.0;24;True;0;84100000;chuva;Epagri;;;2;False;diaria;48ca7231acd1057b_diario_derivado;;interna;horaria_agregada;soma
2023-05-13;;22;False;0;84100000;chuva;Epagri;;;2;False;diaria;48ca7231acd1057b_diario_derivado;;interna;horaria_agregada;soma
2023-05-14;0.0;24;True;0;84100000;chuva;Epagri;;;2;False;diaria;48ca7231acd1057b_diario_derivado;;interna;horaria_agregada;soma
2023-05-15;0.0;24;True;0;84100000;chuva;Epagri;;;2;False;diaria;48ca7231acd1057b_diario_derivado;;interna;horaria_agregada;soma
2023-05-16;0.0;24;True;0;84100000;chuva;Epagri;;;2;False;diaria;48ca7231acd1057b_diario_derivado;;interna;horaria_agregada;soma
2023-05-17;0.0;24;True;0;84100000;chuva;Epagri;;;2;False;diaria;48ca7231acd1057b_diario_derivado;;interna;horaria_agregada;soma
2023-05-18;0.0;24;True;0;84100000;chuva;Epagri;;;2;False;diaria;48ca7231acd1057b_diario_derivado;;interna;horaria_agregada;soma
2023-05-19;0.0;24;True;0;84100000;chuva;Epagri;;;2;False;diaria;48ca7231acd1057b_diario_derivado;;interna;horaria_agregada;soma
2023-05-20;0.0;24;True;0;84100000;chuva;Epagri;;;2;False;diaria;48ca7231acd1057b_diario_derivado;;interna;horaria_agregada;soma
2023-05-21;0.0;24;True;0;84100000;chuva;Epagri;;;2;False;diaria;48ca7231acd1057b_diario_derivado;;interna;horaria_agregada;soma
2023-05-22;0.0;24;True;0;84100000;chuva;Epagri;;;2;False;diaria;48ca7231acd1057b_diario_derivado;;interna;horaria_agregada;soma
2023-05-23;0.0;24;True;0;84100000;chuva;Epagri;;;2;False;diaria;48ca7231acd1057b_diario_derivado;;interna;horaria_agregada;soma
2023-05-24;0.0;24;True;0;84100000;chuva;Epagri;;;2;False;diaria;48ca7231acd1057b_diario_derivado;;interna;horaria_agregada;soma
2023-05-25;0.0;24;True;0;84100000;chuva;Epagri;;;2;False;diaria;48ca7231acd1057b_diario_derivado;;interna;horaria_agregada;soma
2023-05-26;0.0;24;True;0;84100000;chuva;Epagri;;;2;False;diaria;48ca7231acd1057b_diario_derivado;;interna;horaria_agregada;soma
2023-05-27;1.7999999999999998;24;True;0;84100000;chuva;Epagri;;;2;False;diaria;48ca7231acd1057b_diario_derivado;;interna;horaria_agregada;soma
2023-05-28;6.6000000000000005;24;True;0;84100000;chuva;Epagri;;;2;False;diaria;48ca7231acd1057b_diario_derivado;;interna;horaria_agregada;soma
2023-05-29;0.0;24;True;0;84100000;chuva;Epagri;;;2;False;diaria;48ca7231acd1057b_diario_derivado;;interna;horaria_agregada;soma
2023-05-30;0.0;24;True;0;84100000;chuva;Epagri;;;2;False;diaria;48ca7231acd1057b_diario_derivado;;interna;horaria_agregada;soma
2023-05-31;0.0;24;True;0;84100000;chuva;Epagri;;;2;False;diaria;48ca7231acd1057b_diario_derivado;;interna;horaria_agregada;soma
2023-06-01;0.0;24;True;0;84100000;chuva;Epagri;;;2;False;diaria;48ca7231acd1057b_diario_derivado;;interna;horaria_agregada;soma
2023-06-02;0.0;24;True;0;84100000;chuva;Epagri;;;2;False;diaria;48ca7231acd1057b_diario_derivado;;interna;horaria_agregada;soma
2023-06-03;0.0;24;True;0;84100000;chuva;Epagri;;;2;False;diaria;48ca7231acd1057b_diario_derivado;;interna;horaria_agregada;soma
2023-06-04;0.0;24;True;0;84100000;chuva;Epagri;;;2;False;diaria;48ca7231acd1057b_diario_derivado;;interna;horaria_agregada;soma
2023-06-05;0.0;24;True;0;84100000;chuva;Epagri;;;2;False;diaria;48ca7231acd1057b_diario_derivado;;interna;horaria_agregada;soma
2023-06-06;0.0;24;True;0;84100000;chuva;Epagri;;;2;False;diaria;48ca7231acd1057b_diario_derivado;;interna;horaria_agregada;soma
2023-06-07;0.0;24;True;0;84100000;chuva;Epagri;;;2;False;diaria;48ca7231acd1057b_diario_derivado;;interna;horaria_agregada;soma
2023-06-08;;23;False;0;84100000;chuva;Epagri;;;2;False;diaria;48ca7231acd1057b_diario_derivado;;interna;horaria_agregada;soma
2023-06-09;0.0;24;True;0;84100000;chuva;Epagri;;;2;False;diaria;48ca7231acd1057b_diario_derivado;;interna;horaria_agregada;soma
2023-06-10;0.0;24;True;0;84100000;chuva;Epagri;;;2;False;diaria;48ca7231acd1057b_diario_derivado;;interna;horaria_agregada;soma
2023-06-11;7.8;24;True;0;84100000;chuva;Epagri;;;2;False;diaria;48ca7231acd1057b_diario_derivado;;interna;horaria_agregada;soma
2023-06-12;13.4;24;True;0;84100000;chuva;Epagri;;;2;False;diaria;48ca7231acd1057b_diario_derivado;;interna;horaria_agregada;soma
2023-06-13;3.4;24;True;0;84100000;chuva;Epagri;;;2;False;diaria;48ca7231acd1057b_diario_derivado;;interna;horaria_agregada;soma
2023-06-14;18.2;24;True;0;84100000;chuva;Epagri;;;2;False;diaria;48ca7231acd1057b_diario_derivado;;interna;horaria_agregada;soma
2023-06-15;22.8;24;True;0;84100000;chuva;Epagri;;;2;False;diaria;48ca7231acd1057b_diario_derivado;;interna;horaria_agregada;soma
2023-06-16;0.0;24;True;0;84100000;chuva;Epagri;;;2;False;diaria;48ca7231acd1057b_diario_derivado;;interna;horaria_agregada;soma
2023-06-17;0.0;24;True;0;84100000;chuva;Epagri;;;2;False;diaria;48ca7231acd1057b_diario_derivado;;interna;horaria_agregada;soma
2023-06-18;0.0;24;True;0;84100000;chuva;Epagri;;;2;False;diaria;48ca7231acd1057b_diario_derivado;;interna;horaria_agregada;soma
2023-06-19;0.0;24;True;0;84100000;chuva;Epagri;;;2;False;diaria;48ca7231acd1057b_diario_derivado;;interna;horaria_agregada;soma
2023-06-20;0.0;24;True;0;84100000;chuva;Epagri;;;2;False;diaria;48ca7231acd1057b_diario_derivado;;interna;horaria_agregada;soma
2023-06-21;0.0;24;True;0;84100000;chuva;Epagri;;;2;False;diaria;48ca7231acd1057b_diario_derivado;;interna;horaria_agregada;soma
2023-06-22;1.0;24;True;0;84100000;chuva;Epagri;;;2;False;diaria;48ca7231acd1057b_diario_derivado;;interna;horaria_agregada;soma
2023-06-23;9.6;24;True;0;84100000;chuva;Epagri;;;2;False;diaria;48ca7231acd1057b_diario_derivado;;interna;horaria_agregada;soma
2023-06-24;0.0;24;True;0;84100000;chuva;Epagri;;;2;False;diaria;48ca7231acd1057b_diario_derivado;;interna;horaria_agregada;soma
2023-06-25;0.0;24;True;0;84100000;chuva;Epagri;;;2;False;diaria;48ca7231acd1057b_diario_derivado;;interna;horaria_agregada;soma
2023-06-26;0.0;24;True;0;84100000;chuva;Epagri;;;2;False;diaria;48ca7231acd1057b_diario_derivado;;interna;horaria_agregada;soma
2023-06-27;0.0;24;True;0;84100000;chuva;Epagri;;;2;False;diaria;48ca7231acd1057b_diario_derivado;;interna;horaria_agregada;soma
2023-06-28;0.0;24;True;0;84100000;chuva;Epagri;;;2;False;diaria;48ca7231acd1057b_diario_derivado;;interna;horaria_agregada;soma
2023-06-29;0.0;24;True;0;84100000;chuva;Epagri;;;2;False;diaria;48ca7231acd1057b_diario_derivado;;interna;horaria_agregada;soma
2023-06-30;0.2;24;True;0;84100000;chuva;Epagri;;;2;False;diaria;48ca7231acd1057b_diario_derivado;;interna;horaria_agregada;soma
2023-07-01;;5;False;0;84100000;chuva;Epagri;;;2;False;diaria;48ca7231acd1057b_diario_derivado;;interna;horaria_agregada;soma
2023-07-02;;9;False;0;84100000;chuva;Epagri;;;2;False;diaria;48ca7231acd1057b_diario_derivado;;interna;horaria_agregada;soma
2023-07-03;;22;False;0;84100000;chuva;Epagri;;;2;False;diaria;48ca7231acd1057b_diario_derivado;;interna;horaria_agregada;soma
2023-07-04;0.0;24;True;0;84100000;chuva;Epagri;;;2;False;diaria;48ca7231acd1057b_diario_derivado;;interna;horaria_agregada;soma
2023-07-05;0.0;24;True;0;84100000;chuva;Epagri;;;2;False;diaria;48ca7231acd1057b_diario_derivado;;interna;horaria_agregada;soma
2023-07-06;;17;False;0;84100000;chuva;Epagri;;;2;False;diaria;48ca7231acd1057b_diario_derivado;;interna;horaria_agregada;soma
2023-07-07;;3;False;0;84100000;chuva;Epagri;;;2;False;diaria;48ca7231acd1057b_diario_derivado;;interna;horaria_agregada;soma
2023-07-08;;6;False;0;84100000;chuva;Epagri;;;2;False;diaria;48ca7231acd1057b_diario_derivado;;interna;horaria_agregada;soma
2023-07-09;;5;False;0;84100000;chuva;Epagri;;;2;False;diaria;48ca7231acd1057b_diario_derivado;;interna;horaria_agregada;soma
2023-07-10;;0;False;0;84100000;chuva;Epagri;;;2;False;diaria;48ca7231acd1057b_diario_derivado;;interna;horaria_agregada;soma
2023-07-11;;0;False;0;84100000;chuva;Epagri;;;2;False;diaria;48ca7231acd1057b_diario_derivado;;interna;horaria_agregada;soma
2023-07-12;;0;False;0;84100000;chuva;Epagri;;;2;False;diaria;48ca7231acd1057b_diario_derivado;;interna;horaria_agregada;soma
2023-07-13;;14;False;0;84100000;chuva;Epagri;;;2;False;diaria;48ca7231acd1057b_diario_derivado;;interna;horaria_agregada;soma
2023-07-14;0.0;24;True;0;84100000;chuva;Epagri;;;2;False;diaria;48ca7231acd1057b_diario_derivado;;interna;horaria_agregada;soma
2023-07-15;0.0;24;True;0;84100000;chuva;Epagri;;;2;False;diaria;48ca7231acd1057b_diario_derivado;;interna;horaria_agregada;soma
2023-07-16;0.0;24;True;0;84100000;chuva;Epagri;;;2;False;diaria;48ca7231acd1057b_diario_derivado;;interna;horaria_agregada;soma
2023-07-17;2.0;24;True;0;84100000;chuva;Epagri;;;2;False;diaria;48ca7231acd1057b_diario_derivado;;interna;horaria_agregada;soma
2023-07-18;0.4;24;True;0;84100000;chuva;Epagri;;;2;False;diaria;48ca7231acd1057b_diario_derivado;;interna;horaria_agregada;soma
2023-07-19;0.0;24;True;0;84100000;chuva;Epagri;;;2;False;diaria;48ca7231acd1057b_diario_derivado;;interna;horaria_agregada;soma
2023-07-20;3.8000000000000003;24;True;0;84100000;chuva;Epagri;;;2;False;diaria;48ca7231acd1057b_diario_derivado;;interna;horaria_agregada;soma
2023-07-21;1.2;24;True;0;84100000;chuva;Epagri;;;2;False;diaria;48ca7231acd1057b_diario_derivado;;interna;horaria_agregada;soma
2023-07-22;0.2;24;True;0;84100000;chuva;Epagri;;;2;False;diaria;48ca7231acd1057b_diario_derivado;;interna;horaria_agregada;soma
2023-07-23;0.2;24;True;0;84100000;chuva;Epagri;;;2;False;diaria;48ca7231acd1057b_diario_derivado;;interna;horaria_agregada;soma
2023-07-24;0.0;24;True;0;84100000;chuva;Epagri;;;2;False;diaria;48ca7231acd1057b_diario_derivado;;interna;horaria_agregada;soma
2023-07-25;0.0;24;True;0;84100000;chuva;Epagri;;;2;False;diaria;48ca7231acd1057b_diario_derivado;;interna;horaria_agregada;soma
2023-07-26;0.0;24;True;0;84100000;chuva;Epagri;;;2;False;diaria;48ca7231acd1057b_diario_derivado;;interna;horaria_agregada;soma
2023-07-27;0.2;24;True;0;84100000;chuva;Epagri;;;2;False;diaria;48ca7231acd1057b_diario_derivado;;interna;horaria_agregada;soma
2023-07-28;0.4;24;True;0;84100000;chuva;Epagri;;;2;False;diaria;48ca7231acd1057b_diario_derivado;;interna;horaria_agregada;soma
2023-07-29;0.0;24;True;0;84100000;chuva;Epagri;;;2;False;diaria;48ca7231acd1057b_diario_derivado;;interna;horaria_agregada;soma
2023-07-30;0.0;24;True;0;84100000;chuva;Epagri;;;2;False;diaria;48ca7231acd1057b_diario_derivado;;interna;horaria_agregada;soma
2023-07-31;0.0;24;True;0;84100000;chuva;Epagri;;;2;False;diaria;48ca7231acd1057b_diario_derivado;;interna;horaria_agregada;soma
2023-08-01;0.0;24;True;0;84100000;chuva;Epagri;;;2;False;diaria;48ca7231acd1057b_diario_derivado;;interna;horaria_agregada;soma
2023-08-02;0.0;24;True;0;84100000;chuva;Epagri;;;2;False;diaria;48ca7231acd1057b_diario_derivado;;interna;horaria_agregada;soma
2023-08-03;0.0;24;True;0;84100000;chuva;Epagri;;;2;False;diaria;48ca7231acd1057b_diario_derivado;;interna;horaria_agregada;soma
2023-08-04;0.0;24;True;0;84100000;chuva;Epagri;;;2;False;diaria;48ca7231acd1057b_diario_derivado;;interna;horaria_agregada;soma
2023-08-05;0.0;24;True;0;84100000;chuva;Epagri;;;2;False;diaria;48ca7231acd1057b_diario_derivado;;interna;horaria_agregada;soma
2023-08-06;0.0;24;True;0;84100000;chuva;Epagri;;;2;False;diaria;48ca7231acd1057b_diario_derivado;;interna;horaria_agregada;soma
2023-08-07;4.4;24;True;0;84100000;chuva;Epagri;;;2;False;diaria;48ca7231acd1057b_diario_derivado;;interna;horaria_agregada;soma
2023-08-08;0.8;24;True;0;84100000;chuva;Epagri;;;2;False;diaria;48ca7231acd1057b_diario_derivado;;interna;horaria_agregada;soma
2023-08-09;;22;False;0;84100000;chuva;Epagri;;;2;False;diaria;48ca7231acd1057b_diario_derivado;;interna;horaria_agregada;soma
2023-08-10;8.200000000000001;24;True;0;84100000;chuva;Epagri;;;2;False;diaria;48ca7231acd1057b_diario_derivado;;interna;horaria_agregada;soma
2023-08-11;5.2;24;True;0;84100000;chuva;Epagri;;;2;False;diaria;48ca7231acd1057b_diario_derivado;;interna;horaria_agregada;soma
2023-08-12;16.4;24;True;0;84100000;chuva;Epagri;;;2;False;diaria;48ca7231acd1057b_diario_derivado;;interna;horaria_agregada;soma
2023-08-13;0.0;24;True;0;84100000;chuva;Epagri;;;2;False;diaria;48ca7231acd1057b_diario_derivado;;interna;horaria_agregada;soma
2023-08-14;0.0;24;True;0;84100000;chuva;Epagri;;;2;False;diaria;48ca7231acd1057b_diario_derivado;;interna;horaria_agregada;soma
2023-08-15;0.0;24;True;0;84100000;chuva;Epagri;;;2;False;diaria;48ca7231acd1057b_diario_derivado;;interna;horaria_agregada;soma
2023-08-16;0.0;24;True;0;84100000;chuva;Epagri;;;2;False;diaria;48ca7231acd1057b_diario_derivado;;interna;horaria_agregada;soma
2023-08-17;0.0;24;True;0;84100000;chuva;Epagri;;;2;False;diaria;48ca7231acd1057b_diario_derivado;;interna;horaria_agregada;soma
2023-08-18;42.2;24;True;0;84100000;chuva;Epagri;;;2;False;diaria;48ca7231acd1057b_diario_derivado;;interna;horaria_agregada;soma
2023-08-19;1.4;24;True;0;84100000;chuva;Epagri;;;2;False;diaria;48ca7231acd1057b_diario_derivado;;interna;horaria_agregada;soma
2023-08-20;0.6000000000000001;24;True;0;84100000;chuva;Epagri;;;2;False;diaria;48ca7231acd1057b_diario_derivado;;interna;horaria_agregada;soma
2023-08-21;0.2;24;True;0;84100000;chuva;Epagri;;;2;False;diaria;48ca7231acd1057b_diario_derivado;;interna;horaria_agregada;soma
2023-08-22;0.0;24;True;0;84100000;chuva;Epagri;;;2;False;diaria;48ca7231acd1057b_diario_derivado;;interna;horaria_agregada;soma
2023-08-23;0.0;24;True;0;84100000;chuva;Epagri;;;2;False;diaria;48ca7231acd1057b_diario_derivado;;interna;horaria_agregada;soma
2023-08-24;23.8;24;True;0;84100000;chuva;Epagri;;;2;False;diaria;48ca7231acd1057b_diario_derivado;;interna;horaria_agregada;soma
2023-08-25;1.0;24;True;0;84100000;chuva;Epagri;;;2;False;diaria;48ca7231acd1057b_diario_derivado;;interna;horaria_agregada;soma
2023-08-26;0.0;24;True;0;84100000;chuva;Epagri;;;2;False;diaria;48ca7231acd1057b_diario_derivado;;interna;horaria_agregada;soma
2023-08-27;0.0;24;True;0;84100000;chuva;Epagri;;;2;False;diaria;48ca7231acd1057b_diario_derivado;;interna;horaria_agregada;soma
2023-08-28;0.0;24;True;0;84100000;chuva;Epagri;;;2;False;diaria;48ca7231acd1057b_diario_derivado;;interna;horaria_agregada;soma
2023-08-29;;22;False;0;84100000;chuva;Epagri;;;2;False;diaria;48ca7231acd1057b_diario_derivado;;interna;horaria_agregada;soma
2023-08-30;1.4;24;True;0;84100000;chuva;Epagri;;;2;False;diaria;48ca7231acd1057b_diario_derivado;;interna;horaria_agregada;soma
2023-08-31;0.0;24;True;0;84100000;chuva;Epagri;;;2;False;diaria;48ca7231acd1057b_diario_derivado;;interna;horaria_agregada;soma
2023-09-01;0.0;24;True;0;84100000;chuva;Epagri;;;2;False;diaria;48ca7231acd1057b_diario_derivado;;interna;horaria_agregada;soma
2023-09-02;1.4000000000000001;24;True;0;84100000;chuva;Epagri;;;2;False;diaria;48ca7231acd1057b_diario_derivado;;interna;horaria_agregada;soma
2023-09-03;31.4;24;True;0;84100000;chuva;Epagri;;;2;False;diaria;48ca7231acd1057b_diario_derivado;;interna;horaria_agregada;soma
2023-09-04;11.200000000000001;24;True;0;84100000;chuva;Epagri;;;2;False;diaria;48ca7231acd1057b_diario_derivado;;interna;horaria_agregada;soma
2023-09-05;0.2;24;True;0;84100000;chuva;Epagri;;;2;False;diaria;48ca7231acd1057b_diario_derivado;;interna;horaria_agregada;soma
2023-09-06;0.0;24;True;0;84100000;chuva;Epagri;;;2;False;diaria;48ca7231acd1057b_diario_derivado;;interna;horaria_agregada;soma
2023-09-07;;22;False;0;84100000;chuva;Epagri;;;2;False;diaria;48ca7231acd1057b_diario_derivado;;interna;horaria_agregada;soma
2023-09-08;0.8;24;True;0;84100000;chuva;Epagri;;;2;False;diaria;48ca7231acd1057b_diario_derivado;;interna;horaria_agregada;soma
2023-09-09;2.4;24;True;0;84100000;chuva;Epagri;;;2;False;diaria;48ca7231acd1057b_diario_derivado;;interna;horaria_agregada;soma
2023-09-10;0.4;24;True;0;84100000;chuva;Epagri;;;2;False;diaria;48ca7231acd1057b_diario_derivado;;interna;horaria_agregada;soma
2023-09-11;0.0;24;True;0;84100000;chuva;Epagri;;;2;False;diaria;48ca7231acd1057b_diario_derivado;;interna;horaria_agregada;soma
2023-09-12;0.0;24;True;0;84100000;chuva;Epagri;;;2;False;diaria;48ca7231acd1057b_diario_derivado;;interna;horaria_agregada;soma
2023-09-13;1.0;24;True;0;84100000;chuva;Epagri;;;2;False;diaria;48ca7231acd1057b_diario_derivado;;interna;horaria_agregada;soma
2023-09-14;0.2;24;True;0;84100000;chuva;Epagri;;;2;False;diaria;48ca7231acd1057b_diario_derivado;;interna;horaria_agregada;soma
2023-09-15;0.0;24;True;0;84100000;chuva;Epagri;;;2;False;diaria;48ca7231acd1057b_diario_derivado;;interna;horaria_agregada;soma
2023-09-16;0.0;24;True;0;84100000;chuva;Epagri;;;2;False;diaria;48ca7231acd1057b_diario_derivado;;interna;horaria_agregada;soma
2023-09-17;0.0;24;True;0;84100000;chuva;Epagri;;;2;False;diaria;48ca7231acd1057b_diario_derivado;;interna;horaria_agregada;soma
2023-09-18;14.600000000000001;24;True;0;84100000;chuva;Epagri;;;2;False;diaria;48ca7231acd1057b_diario_derivado;;interna;horaria_agregada;soma
2023-09-19;13.2;24;True;0;84100000;chuva;Epagri;;;2;False;diaria;48ca7231acd1057b_diario_derivado;;interna;horaria_agregada;soma
2023-09-20;0.2;24;True;0;84100000;chuva;Epagri;;;2;False;diaria;48ca7231acd1057b_diario_derivado;;interna;horaria_agregada;soma
2023-09-21;0.2;24;True;0;84100000;chuva;Epagri;;;2;False;diaria;48ca7231acd1057b_diario_derivado;;interna;horaria_agregada;soma
2023-09-22;2.4;24;True;0;84100000;chuva;Epagri;;;2;False;diaria;48ca7231acd1057b_diario_derivado;;interna;horaria_agregada;soma
2023-09-23;0.2;24;True;0;84100000;chuva;Epagri;;;2;False;diaria;48ca7231acd1057b_diario_derivado;;interna;horaria_agregada;soma
2023-09-24;1.4;24;True;0;84100000;chuva;Epagri;;;2;False;diaria;48ca7231acd1057b_diario_derivado;;interna;horaria_agregada;soma
2023-09-25;;21;False;0;84100000;chuva;Epagri;;;2;False;diaria;48ca7231acd1057b_diario_derivado;;interna;horaria_agregada;soma
2023-09-26;31.999999999999996;24;True;0;84100000;chuva;Epagri;;;2;False;diaria;48ca7231acd1057b_diario_derivado;;interna;horaria_agregada;soma
2023-09-27;13.200000000000001;24;True;0;84100000;chuva;Epagri;;;2;False;diaria;48ca7231acd1057b_diario_derivado;;interna;horaria_agregada;soma
2023-09-28;1.2;24;True;0;84100000;chuva;Epagri;;;2;False;diaria;48ca7231acd1057b_diario_derivado;;interna;horaria_agregada;soma
2023-09-29;8.0;24;True;0;84100000;chuva;Epagri;;;2;False;diaria;48ca7231acd1057b_diario_derivado;;interna;horaria_agregada;soma
2023-09-30;3.4;24;True;0;84100000;chuva;Epagri;;;2;False;diaria;48ca7231acd1057b_diario_derivado;;interna;horaria_agregada;soma
2023-10-01;0.4;24;True;0;84100000;chuva;Epagri;;;2;False;diaria;48ca7231acd1057b_diario_derivado;;interna;horaria_agregada;soma
2023-10-02;0.0;24;True;0;84100000;chuva;Epagri;;;2;False;diaria;48ca7231acd1057b_diario_derivado;;interna;horaria_agregada;soma
2023-10-03;0.0;24;True;0;84100000;chuva;Epagri;;;2;False;diaria;48ca7231acd1057b_diario_derivado;;interna;horaria_agregada;soma
2023-10-04;67.6;24;True;0;84100000;chuva;Epagri;;;2;False;diaria;48ca7231acd1057b_diario_derivado;;interna;horaria_agregada;soma
2023-10-05;0.6;24;True;0;84100000;chuva;Epagri;;;2;False;diaria;48ca7231acd1057b_diario_derivado;;interna;horaria_agregada;soma
2023-10-06;14.2;24;True;0;84100000;chuva;Epagri;;;2;False;diaria;48ca7231acd1057b_diario_derivado;;interna;horaria_agregada;soma
2023-10-07;95.0;24;True;0;84100000;chuva;Epagri;;;2;False;diaria;48ca7231acd1057b_diario_derivado;;interna;horaria_agregada;soma
2023-10-08;59.2;24;True;0;84100000;chuva;Epagri;;;2;False;diaria;48ca7231acd1057b_diario_derivado;;interna;horaria_agregada;soma
2023-10-09;0.4;24;True;0;84100000;chuva;Epagri;;;2;False;diaria;48ca7231acd1057b_diario_derivado;;interna;horaria_agregada;soma
2023-10-10;0.0;24;True;0;84100000;chuva;Epagri;;;2;False;diaria;48ca7231acd1057b_diario_derivado;;interna;horaria_agregada;soma
2023-10-11;18.4;24;True;0;84100000;chuva;Epagri;;;2;False;diaria;48ca7231acd1057b_diario_derivado;;interna;horaria_agregada;soma
2023-10-12;50.0;24;True;0;84100000;chuva;Epagri;;;2;False;diaria;48ca7231acd1057b_diario_derivado;;interna;horaria_agregada;soma
2023-10-13;0.2;24;True;0;84100000;chuva;Epagri;;;2;False;diaria;48ca7231acd1057b_diario_derivado;;interna;horaria_agregada;soma
2023-10-14;1.6;24;True;0;84100000;chuva;Epagri;;;2;False;diaria;48ca7231acd1057b_diario_derivado;;interna;horaria_agregada;soma
2023-10-15;2.8;24;True;0;84100000;chuva;Epagri;;;2;False;diaria;48ca7231acd1057b_diario_derivado;;interna;horaria_agregada;soma
2023-10-16;19.6;24;True;0;84100000;chuva;Epagri;;;2;False;diaria;48ca7231acd1057b_diario_derivado;;interna;horaria_agregada;soma
2023-10-17;1.4000000000000001;24;True;0;84100000;chuva;Epagri;;;2;False;diaria;48ca7231acd1057b_diario_derivado;;interna;horaria_agregada;soma
2023-10-18;1.0;24;True;0;84100000;chuva;Epagri;;;2;False;diaria;48ca7231acd1057b_diario_derivado;;interna;horaria_agregada;soma
2023-10-19;0.0;24;True;0;84100000;chuva;Epagri;;;2;False;diaria;48ca7231acd1057b_diario_derivado;;interna;horaria_agregada;soma
2023-10-20;0.0;24;True;0;84100000;chuva;Epagri;;;2;False;diaria;48ca7231acd1057b_diario_derivado;;interna;horaria_agregada;soma
2023-10-21;0.0;24;True;0;84100000;chuva;Epagri;;;2;False;diaria;48ca7231acd1057b_diario_derivado;;interna;horaria_agregada;soma
2023-10-22;0.0;24;True;0;84100000;chuva;Epagri;;;2;False;diaria;48ca7231acd1057b_diario_derivado;;interna;horaria_agregada;soma
2023-10-23;0.0;24;True;0;84100000;chuva;Epagri;;;2;False;diaria;48ca7231acd1057b_diario_derivado;;interna;horaria_agregada;soma
2023-10-24;0.0;24;True;0;84100000;chuva;Epagri;;;2;False;diaria;48ca7231acd1057b_diario_derivado;;interna;horaria_agregada;soma
2023-10-25;0.0;24;True;0;84100000;chuva;Epagri;;;2;False;diaria;48ca7231acd1057b_diario_derivado;;interna;horaria_agregada;soma
2023-10-26;0.0;24;True;0;84100000;chuva;Epagri;;;2;False;diaria;48ca7231acd1057b_diario_derivado;;interna;horaria_agregada;soma
2023-10-27;4.0;24;True;0;84100000;chuva;Epagri;;;2;False;diaria;48ca7231acd1057b_diario_derivado;;interna;horaria_agregada;soma
2023-10-28;57.0;24;True;0;84100000;chuva;Epagri;;;2;False;diaria;48ca7231acd1057b_diario_derivado;;interna;horaria_agregada;soma
2023-10-29;13.2;24;True;0;84100000;chuva;Epagri;;;2;False;diaria;48ca7231acd1057b_diario_derivado;;interna;horaria_agregada;soma
2023-10-30;24.200000000000003;24;True;0;84100000;chuva;Epagri;;;2;False;diaria;48ca7231acd1057b_diario_derivado;;interna;horaria_agregada;soma
2023-10-31;0.7999999999999999;24;True;0;84100000;chuva;Epagri;;;2;False;diaria;48ca7231acd1057b_diario_derivado;;interna;horaria_agregada;soma
2023-11-01;0.0;24;True;0;84100000;chuva;Epagri;;;2;False;diaria;48ca7231acd1057b_diario_derivado;;interna;horaria_agregada;soma
2023-11-02;12.2;24;True;0;84100000;chuva;Epagri;;;2;False;diaria;48ca7231acd1057b_diario_derivado;;interna;horaria_agregada;soma
2023-11-03;53.4;24;True;0;84100000;chuva;Epagri;;;2;False;diaria;48ca7231acd1057b_diario_derivado;;interna;horaria_agregada;soma
2023-11-04;0.0;24;True;0;84100000;chuva;Epagri;;;2;False;diaria;48ca7231acd1057b_diario_derivado;;interna;horaria_agregada;soma
2023-11-05;0.0;24;True;0;84100000;chuva;Epagri;;;2;False;diaria;48ca7231acd1057b_diario_derivado;;interna;horaria_agregada;soma
2023-11-06;0.0;24;True;0;84100000;chuva;Epagri;;;2;False;diaria;48ca7231acd1057b_diario_derivado;;interna;horaria_agregada;soma
2023-11-07;0.0;24;True;0;84100000;chuva;Epagri;;;2;False;diaria;48ca7231acd1057b_diario_derivado;;interna;horaria_agregada;soma
2023-11-08;0.0;24;True;0;84100000;chuva;Epagri;;;2;False;diaria;48ca7231acd1057b_diario_derivado;;interna;horaria_agregada;soma
2023-11-09;0.0;24;True;0;84100000;chuva;Epagri;;;2;False;diaria;48ca7231acd1057b_diario_derivado;;interna;horaria_agregada;soma
2023-11-10;0.0;24;True;0;84100000;chuva;Epagri;;;2;False;diaria;48ca7231acd1057b_diario_derivado;;interna;horaria_agregada;soma
2023-11-11;10.2;24;True;0;84100000;chuva;Epagri;;;2;False;diaria;48ca7231acd1057b_diario_derivado;;interna;horaria_agregada;soma
2023-11-12;0.2;24;True;0;84100000;chuva;Epagri;;;2;False;diaria;48ca7231acd1057b_diario_derivado;;interna;horaria_agregada;soma
2023-11-13;29.799999999999997;24;True;0;84100000;chuva;Epagri;;;2;False;diaria;48ca7231acd1057b_diario_derivado;;interna;horaria_agregada;soma
2023-11-14;12.6;24;True;0;84100000;chuva;Epagri;;;2;False;diaria;48ca7231acd1057b_diario_derivado;;interna;horaria_agregada;soma
2023-11-15;3.4;24;True;0;84100000;chuva;Epagri;;;2;False;diaria;48ca7231acd1057b_diario_derivado;;interna;horaria_agregada;soma
2023-11-16;35.2;24;True;0;84100000;chuva;Epagri;;;2;False;diaria;48ca7231acd1057b_diario_derivado;;interna;horaria_agregada;soma
2023-11-17;69.39999999999999;24;True;0;84100000;chuva;Epagri;;;2;False;diaria;48ca7231acd1057b_diario_derivado;;interna;horaria_agregada;soma
2023-11-18;;22;False;0;84100000;chuva;Epagri;;;2;False;diaria;48ca7231acd1057b_diario_derivado;;interna;horaria_agregada;soma
2023-11-19;0.0;24;True;0;84100000;chuva;Epagri;;;2;False;diaria;48ca7231acd1057b_diario_derivado;;interna;horaria_agregada;soma
2023-11-20;0.0;24;True;0;84100000;chuva;Epagri;;;2;False;diaria;48ca7231acd1057b_diario_derivado;;interna;horaria_agregada;soma
2023-11-21;0.0;24;True;0;84100000;chuva;Epagri;;;2;False;diaria;48ca7231acd1057b_diario_derivado;;interna;horaria_agregada;soma
2023-11-22;11.2;24;True;0;84100000;chuva;Epagri;;;2;False;diaria;48ca7231acd1057b_diario_derivado;;interna;horaria_agregada;soma
2023-11-23;0.0;24;True;0;84100000;chuva;Epagri;;;2;False;diaria;48ca7231acd1057b_diario_derivado;;interna;horaria_agregada;soma
2023-11-24;0.0;24;True;0;84100000;chuva;Epagri;;;2;False;diaria;48ca7231acd1057b_diario_derivado;;interna;horaria_agregada;soma
2023-11-25;0.0;24;True;0;84100000;chuva;Epagri;;;2;False;diaria;48ca7231acd1057b_diario_derivado;;interna;horaria_agregada;soma
2023-11-26;0.0;24;True;0;84100000;chuva;Epagri;;;2;False;diaria;48ca7231acd1057b_diario_derivado;;interna;horaria_agregada;soma
2023-11-27;;23;False;0;84100000;chuva;Epagri;;;2;False;diaria;48ca7231acd1057b_diario_derivado;;interna;horaria_agregada;soma
2023-11-28;90.6;24;True;0;84100000;chuva;Epagri;;;2;False;diaria;48ca7231acd1057b_diario_derivado;;interna;horaria_agregada;soma
2023-11-29;5.2;24;True;0;84100000;chuva;Epagri;;;2;False;diaria;48ca7231acd1057b_diario_derivado;;interna;horaria_agregada;soma
2023-11-30;0.0;24;True;0;84100000;chuva;Epagri;;;2;False;diaria;48ca7231acd1057b_diario_derivado;;interna;horaria_agregada;soma
2023-12-01;0.6000000000000001;24;True;0;84100000;chuva;Epagri;;;2;False;diaria;48ca7231acd1057b_diario_derivado;;interna;horaria_agregada;soma
2023-12-02;0.0;24;True;0;84100000;chuva;Epagri;;;2;False;diaria;48ca7231acd1057b_diario_derivado;;interna;horaria_agregada;soma
2023-12-03;1.0;24;True;0;84100000;chuva;Epagri;;;2;False;diaria;48ca7231acd1057b_diario_derivado;;interna;horaria_agregada;soma
2023-12-04;0.2;24;True;0;84100000;chuva;Epagri;;;2;False;diaria;48ca7231acd1057b_diario_derivado;;interna;horaria_agregada;soma
2023-12-05;2.6;24;True;0;84100000;chuva;Epagri;;;2;False;diaria;48ca7231acd1057b_diario_derivado;;interna;horaria_agregada;soma
2023-12-06;3.6;24;True;0;84100000;chuva;Epagri;;;2;False;diaria;48ca7231acd1057b_diario_derivado;;interna;horaria_agregada;soma
2023-12-07;13.399999999999999;24;True;0;84100000;chuva;Epagri;;;2;False;diaria;48ca7231acd1057b_diario_derivado;;interna;horaria_agregada;soma
2023-12-08;0.6;24;True;0;84100000;chuva;Epagri;;;2;False;diaria;48ca7231acd1057b_diario_derivado;;interna;horaria_agregada;soma
2023-12-09;2.6;24;True;0;84100000;chuva;Epagri;;;2;False;diaria;48ca7231acd1057b_diario_derivado;;interna;horaria_agregada;soma
2023-12-10;6.4;24;True;0;84100000;chuva;Epagri;;;2;False;diaria;48ca7231acd1057b_diario_derivado;;interna;horaria_agregada;soma
2023-12-11;4.6;24;True;0;84100000;chuva;Epagri;;;2;False;diaria;48ca7231acd1057b_diario_derivado;;interna;horaria_agregada;soma
2023-12-12;0.8;24;True;0;84100000;chuva;Epagri;;;2;False;diaria;48ca7231acd1057b_diario_derivado;;interna;horaria_agregada;soma
2023-12-13;0.0;24;True;0;84100000;chuva;Epagri;;;2;False;diaria;48ca7231acd1057b_diario_derivado;;interna;horaria_agregada;soma
2023-12-14;0.0;24;True;0;84100000;chuva;Epagri;;;2;False;diaria;48ca7231acd1057b_diario_derivado;;interna;horaria_agregada;soma
2023-12-15;0.0;24;True;0;84100000;chuva;Epagri;;;2;False;diaria;48ca7231acd1057b_diario_derivado;;interna;horaria_agregada;soma
2023-12-16;0.0;24;True;0;84100000;chuva;Epagri;;;2;False;diaria;48ca7231acd1057b_diario_derivado;;interna;horaria_agregada;soma
2023-12-17;0.0;24;True;0;84100000;chuva;Epagri;;;2;False;diaria;48ca7231acd1057b_diario_derivado;;interna;horaria_agregada;soma
2023-12-18;0.4;24;True;0;84100000;chuva;Epagri;;;2;False;diaria;48ca7231acd1057b_diario_derivado;;interna;horaria_agregada;soma
2023-12-19;0.0;24;True;0;84100000;chuva;Epagri;;;2;False;diaria;48ca7231acd1057b_diario_derivado;;interna;horaria_agregada;soma
2023-12-20;0.0;24;True;0;84100000;chuva;Epagri;;;2;False;diaria;48ca7231acd1057b_diario_derivado;;interna;horaria_agregada;soma
2023-12-21;0.4;24;True;0;84100000;chuva;Epagri;;;2;False;diaria;48ca7231acd1057b_diario_derivado;;interna;horaria_agregada;soma
2023-12-22;0.8;24;True;0;84100000;chuva;Epagri;;;2;False;diaria;48ca7231acd1057b_diario_derivado;;interna;horaria_agregada;soma
2023-12-23;19.0;24;True;0;84100000;chuva;Epagri;;;2;False;diaria;48ca7231acd1057b_diario_derivado;;interna;horaria_agregada;soma
2023-12-24;;19;False;0;84100000;chuva;Epagri;;;2;False;diaria;48ca7231acd1057b_diario_derivado;;interna;horaria_agregada;soma
2023-12-25;;21;False;0;84100000;chuva;Epagri;;;2;False;diaria;48ca7231acd1057b_diario_derivado;;interna;horaria_agregada;soma
2023-12-26;;21;False;0;84100000;chuva;Epagri;;;2;False;diaria;48ca7231acd1057b_diario_derivado;;interna;horaria_agregada;soma
2023-12-27;0.0;24;True;0;84100000;chuva;Epagri;;;2;False;diaria;48ca7231acd1057b_diario_derivado;;interna;horaria_agregada;soma
2023-12-28;0.0;24;True;0;84100000;chuva;Epagri;;;2;False;diaria;48ca7231acd1057b_diario_derivado;;interna;horaria_agregada;soma
2023-12-29;0.0;24;True;0;84100000;chuva;Epagri;;;2;False;diaria;48ca7231acd1057b_diario_derivado;;interna;horaria_agregada;soma
2023-12-30;0.0;24;True;0;84100000;chuva;Epagri;;;2;False;diaria;48ca7231acd1057b_diario_derivado;;interna;horaria_agregada;soma
2023-12-31;0.0;24;True;0;84100000;chuva;Epagri;;;2;False;diaria;48ca7231acd1057b_diario_derivado;;interna;horaria_agregada;soma
2024-01-01;3.5999999999999996;24;True;0;84100000;chuva;Epagri;;;2;False;diaria;48ca7231acd1057b_diario_derivado;;interna;horaria_agregada;soma
2024-01-02;;23;False;0;84100000;chuva;Epagri;;;2;False;diaria;48ca7231acd1057b_diario_derivado;;interna;horaria_agregada;soma
2024-01-03;12.4;24;True;0;84100000;chuva;Epagri;;;2;False;diaria;48ca7231acd1057b_diario_derivado;;interna;horaria_agregada;soma
2024-01-04;3.6;24;True;0;84100000;chuva;Epagri;;;2;False;diaria;48ca7231acd1057b_diario_derivado;;interna;horaria_agregada;soma
2024-01-05;3.6;24;True;0;84100000;chuva;Epagri;;;2;False;diaria;48ca7231acd1057b_diario_derivado;;interna;horaria_agregada;soma
2024-01-06;11.0;24;True;0;84100000;chuva;Epagri;;;2;False;diaria;48ca7231acd1057b_diario_derivado;;interna;horaria_agregada;soma
2024-01-07;6.0;24;True;0;84100000;chuva;Epagri;;;2;False;diaria;48ca7231acd1057b_diario_derivado;;interna;horaria_agregada;soma
2024-01-08;0.6000000000000001;24;True;0;84100000;chuva;Epagri;;;2;False;diaria;48ca7231acd1057b_diario_derivado;;interna;horaria_agregada;soma
2024-01-09;29.8;24;True;0;84100000;chuva;Epagri;;;2;False;diaria;48ca7231acd1057b_diario_derivado;;interna;horaria_agregada;soma
2024-01-10;20.2;24;True;0;84100000;chuva;Epagri;;;2;False;diaria;48ca7231acd1057b_diario_derivado;;interna;horaria_agregada;soma
2024-01-11;22.8;24;True;0;84100000;chuva;Epagri;;;2;False;diaria;48ca7231acd1057b_diario_derivado;;interna;horaria_agregada;soma
2024-01-12;;23;False;0;84100000;chuva;Epagri;;;2;False;diaria;48ca7231acd1057b_diario_derivado;;interna;horaria_agregada;soma
2024-01-13;0.0;24;True;0;84100000;chuva;Epagri;;;2;False;diaria;48ca7231acd1057b_diario_derivado;;interna;horaria_agregada;soma
2024-01-14;0.0;24;True;0;84100000;chuva;Epagri;;;2;False;diaria;48ca7231acd1057b_diario_derivado;;interna;horaria_agregada;soma
2024-01-15;12.8;24;True;0;84100000;chuva;Epagri;;;2;False;diaria;48ca7231acd1057b_diario_derivado;;interna;horaria_agregada;soma
2024-01-16;0.4;24;True;0;84100000;chuva;Epagri;;;2;False;diaria;48ca7231acd1057b_diario_derivado;;interna;horaria_agregada;soma
2024-01-17;43.6;24;True;0;84100000;chuva;Epagri;;;2;False;diaria;48ca7231acd1057b_diario_derivado;;interna;horaria_agregada;soma
2024-01-18;24.8;24;True;0;84100000;chuva;Epagri;;;2;False;diaria;48ca7231acd1057b_diario_derivado;;interna;horaria_agregada;soma
2024-01-19;0.2;24;True;0;84100000;chuva;Epagri;;;2;False;diaria;48ca7231acd1057b_diario_derivado;;interna;horaria_agregada;soma
2024-01-20;33.4;24;True;0;84100000;chuva;Epagri;;;2;False;diaria;48ca7231acd1057b_diario_derivado;;interna;horaria_agregada;soma
2024-01-21;0.8;24;True;0;84100000;chuva;Epagri;;;2;False;diaria;48ca7231acd1057b_diario_derivado;;interna;horaria_agregada;soma
2024-01-22;2.4;24;True;0;84100000;chuva;Epagri;;;2;False;diaria;48ca7231acd1057b_diario_derivado;;interna;horaria_agregada;soma
2024-01-23;13.4;24;True;0;84100000;chuva;Epagri;;;2;False;diaria;48ca7231acd1057b_diario_derivado;;interna;horaria_agregada;soma
2024-01-24;39.800000000000004;24;True;0;84100000;chuva;Epagri;;;2;False;diaria;48ca7231acd1057b_diario_derivado;;interna;horaria_agregada;soma
2024-01-25;8.6;24;True;0;84100000;chuva;Epagri;;;2;False;diaria;48ca7231acd1057b_diario_derivado;;interna;horaria_agregada;soma
2024-01-26;;23;False;0;84100000;chuva;Epagri;;;2;False;diaria;48ca7231acd1057b_diario_derivado;;interna;horaria_agregada;soma
2024-01-27;3.2;24;True;0;84100000;chuva;Epagri;;;2;False;diaria;48ca7231acd1057b_diario_derivado;;interna;horaria_agregada;soma
2024-01-28;31.4;24;True;0;84100000;chuva;Epagri;;;2;False;diaria;48ca7231acd1057b_diario_derivado;;interna;horaria_agregada;soma
2024-01-29;40.6;24;True;0;84100000;chuva;Epagri;;;2;False;diaria;48ca7231acd1057b_diario_derivado;;interna;horaria_agregada;soma
2024-01-30;0.0;24;True;0;84100000;chuva;Epagri;;;2;False;diaria;48ca7231acd1057b_diario_derivado;;interna;horaria_agregada;soma
2024-01-31;0.0;24;True;0;84100000;chuva;Epagri;;;2;False;diaria;48ca7231acd1057b_diario_derivado;;interna;horaria_agregada;soma
2024-02-01;0.0;24;True;0;84100000;chuva;Epagri;;;2;False;diaria;48ca7231acd1057b_diario_derivado;;interna;horaria_agregada;soma
2024-02-02;0.0;24;True;0;84100000;chuva;Epagri;;;2;False;diaria;48ca7231acd1057b_diario_derivado;;interna;horaria_agregada;soma
2024-02-03;0.0;24;True;0;84100000;chuva;Epagri;;;2;False;diaria;48ca7231acd1057b_diario_derivado;;interna;horaria_agregada;soma
2024-02-04;0.0;24;True;0;84100000;chuva;Epagri;;;2;False;diaria;48ca7231acd1057b_diario_derivado;;interna;horaria_agregada;soma
2024-02-05;0.0;24;True;0;84100000;chuva;Epagri;;;2;False;diaria;48ca7231acd1057b_diario_derivado;;interna;horaria_agregada;soma
2024-02-06;0.0;24;True;0;84100000;chuva;Epagri;;;2;False;diaria;48ca7231acd1057b_diario_derivado;;interna;horaria_agregada;soma
2024-02-07;9.4;24;True;0;84100000;chuva;Epagri;;;2;False;diaria;48ca7231acd1057b_diario_derivado;;interna;horaria_agregada;soma
2024-02-08;0.2;24;True;0;84100000;chuva;Epagri;;;2;False;diaria;48ca7231acd1057b_diario_derivado;;interna;horaria_agregada;soma
2024-02-09;0.6000000000000001;24;True;0;84100000;chuva;Epagri;;;2;False;diaria;48ca7231acd1057b_diario_derivado;;interna;horaria_agregada;soma
2024-02-10;0.2;24;True;0;84100000;chuva;Epagri;;;2;False;diaria;48ca7231acd1057b_diario_derivado;;interna;horaria_agregada;soma
2024-02-11;0.0;24;True;0;84100000;chuva;Epagri;;;2;False;diaria;48ca7231acd1057b_diario_derivado;;interna;horaria_agregada;soma
2024-02-12;;23;False;0;84100000;chuva;Epagri;;;2;False;diaria;48ca7231acd1057b_diario_derivado;;interna;horaria_agregada;soma
2024-02-13;0.0;24;True;0;84100000;chuva;Epagri;;;2;False;diaria;48ca7231acd1057b_diario_derivado;;interna;horaria_agregada;soma
2024-02-14;23.2;24;True;0;84100000;chuva;Epagri;;;2;False;diaria;48ca7231acd1057b_diario_derivado;;interna;horaria_agregada;soma
2024-02-15;0.0;24;True;0;84100000;chuva;Epagri;;;2;False;diaria;48ca7231acd1057b_diario_derivado;;interna;horaria_agregada;soma
2024-02-16;13.799999999999999;24;True;0;84100000;chuva;Epagri;;;2;False;diaria;48ca7231acd1057b_diario_derivado;;interna;horaria_agregada;soma
2024-02-17;;23;False;0;84100000;chuva;Epagri;;;2;False;diaria;48ca7231acd1057b_diario_derivado;;interna;horaria_agregada;soma
2024-02-18;19.8;24;True;0;84100000;chuva;Epagri;;;2;False;diaria;48ca7231acd1057b_diario_derivado;;interna;horaria_agregada;soma
2024-02-19;2.0;24;True;0;84100000;chuva;Epagri;;;2;False;diaria;48ca7231acd1057b_diario_derivado;;interna;horaria_agregada;soma
2024-02-20;0.2;24;True;0;84100000;chuva;Epagri;;;2;False;diaria;48ca7231acd1057b_diario_derivado;;interna;horaria_agregada;soma
2024-02-21;0.0;24;True;0;84100000;chuva;Epagri;;;2;False;diaria;48ca7231acd1057b_diario_derivado;;interna;horaria_agregada;soma
2024-02-22;;21;False;0;84100000;chuva;Epagri;;;2;False;diaria;48ca7231acd1057b_diario_derivado;;interna;horaria_agregada;soma
2024-02-23;;19;False;0;84100000;chuva;Epagri;;;2;False;diaria;48ca7231acd1057b_diario_derivado;;interna;horaria_agregada;soma
2024-02-24;0.0;24;True;0;84100000;chuva;Epagri;;;2;False;diaria;48ca7231acd1057b_diario_derivado;;interna;horaria_agregada;soma
2024-02-25;1.6;24;True;0;84100000;chuva;Epagri;;;2;False;diaria;48ca7231acd1057b_diario_derivado;;interna;horaria_agregada;soma
2024-02-26;32.4;24;True;0;84100000;chuva;Epagri;;;2;False;diaria;48ca7231acd1057b_diario_derivado;;interna;horaria_agregada;soma
2024-02-27;21.400000000000002;24;True;0;84100000;chuva;Epagri;;;2;False;diaria;48ca7231acd1057b_diario_derivado;;interna;horaria_agregada;soma
2024-02-28;0.2;24;True;0;84100000;chuva;Epagri;;;2;False;diaria;48ca7231acd1057b_diario_derivado;;interna;horaria_agregada;soma
2024-02-29;10.6;24;True;0;84100000;chuva;Epagri;;;2;False;diaria;48ca7231acd1057b_diario_derivado;;interna;horaria_agregada;soma
2024-03-01;3.2;24;True;0;84100000;chuva;Epagri;;;2;False;diaria;48ca7231acd1057b_diario_derivado;;interna;horaria_agregada;soma
2024-03-02;0.4;24;True;0;84100000;chuva;Epagri;;;2;False;diaria;48ca7231acd1057b_diario_derivado;;interna;horaria_agregada;soma
2024-03-03;3.8;24;True;0;84100000;chuva;Epagri;;;2;False;diaria;48ca7231acd1057b_diario_derivado;;interna;horaria_agregada;soma
2024-03-04;12.0;24;True;0;84100000;chuva;Epagri;;;2;False;diaria;48ca7231acd1057b_diario_derivado;;interna;horaria_agregada;soma
2024-03-05;6.3999999999999995;24;True;0;84100000;chuva;Epagri;;;2;False;diaria;48ca7231acd1057b_diario_derivado;;interna;horaria_agregada;soma
2024-03-06;0.0;24;True;0;84100000;chuva;Epagri;;;2;False;diaria;48ca7231acd1057b_diario_derivado;;interna;horaria_agregada;soma
2024-03-07;0.2;24;True;0;84100000;chuva;Epagri;;;2;False;diaria;48ca7231acd1057b_diario_derivado;;interna;horaria_agregada;soma
2024-03-08;76.4;24;True;0;84100000;chuva;Epagri;;;2;False;diaria;48ca7231acd1057b_diario_derivado;;interna;horaria_agregada;soma
2024-03-09;12.0;24;True;0;84100000;chuva;Epagri;;;2;False;diaria;48ca7231acd1057b_diario_derivado;;interna;horaria_agregada;soma
2024-03-10;0.0;24;True;0;84100000;chuva;Epagri;;;2;False;diaria;48ca7231acd1057b_diario_derivado;;interna;horaria_agregada;soma
2024-03-11;0.0;24;True;0;84100000;chuva;Epagri;;;2;False;diaria;48ca7231acd1057b_diario_derivado;;interna;horaria_agregada;soma
2024-03-12;0.0;24;True;0;84100000;chuva;Epagri;;;2;False;diaria;48ca7231acd1057b_diario_derivado;;interna;horaria_agregada;soma
2024-03-13;0.0;24;True;0;84100000;chuva;Epagri;;;2;False;diaria;48ca7231acd1057b_diario_derivado;;interna;horaria_agregada;soma
2024-03-14;;22;False;0;84100000;chuva;Epagri;;;2;False;diaria;48ca7231acd1057b_diario_derivado;;interna;horaria_agregada;soma
2024-03-15;0.0;24;True;0;84100000;chuva;Epagri;;;2;False;diaria;48ca7231acd1057b_diario_derivado;;interna;horaria_agregada;soma
2024-03-16;10.200000000000001;24;True;0;84100000;chuva;Epagri;;;2;False;diaria;48ca7231acd1057b_diario_derivado;;interna;horaria_agregada;soma
2024-03-17;1.8;24;True;0;84100000;chuva;Epagri;;;2;False;diaria;48ca7231acd1057b_diario_derivado;;interna;horaria_agregada;soma
2024-03-18;0.0;24;True;0;84100000;chuva;Epagri;;;2;False;diaria;48ca7231acd1057b_diario_derivado;;interna;horaria_agregada;soma
2024-03-19;0.2;24;True;0;84100000;chuva;Epagri;;;2;False;diaria;48ca7231acd1057b_diario_derivado;;interna;horaria_agregada;soma
2024-03-20;0.4;24;True;0;84100000;chuva;Epagri;;;2;False;diaria;48ca7231acd1057b_diario_derivado;;interna;horaria_agregada;soma
2024-03-21;;23;False;0;84100000;chuva;Epagri;;;2;False;diaria;48ca7231acd1057b_diario_derivado;;interna;horaria_agregada;soma
2024-03-22;0.0;24;True;0;84100000;chuva;Epagri;;;2;False;diaria;48ca7231acd1057b_diario_derivado;;interna;horaria_agregada;soma
2024-03-23;0.6;24;True;0;84100000;chuva;Epagri;;;2;False;diaria;48ca7231acd1057b_diario_derivado;;interna;horaria_agregada;soma
2024-03-24;3.4000000000000004;24;True;0;84100000;chuva;Epagri;;;2;False;diaria;48ca7231acd1057b_diario_derivado;;interna;horaria_agregada;soma
2024-03-25;0.0;24;True;0;84100000;chuva;Epagri;;;2;False;diaria;48ca7231acd1057b_diario_derivado;;interna;horaria_agregada;soma
2024-03-26;0.0;24;True;0;84100000;chuva;Epagri;;;2;False;diaria;48ca7231acd1057b_diario_derivado;;interna;horaria_agregada;soma
2024-03-27;0.0;24;True;0;84100000;chuva;Epagri;;;2;False;diaria;48ca7231acd1057b_diario_derivado;;interna;horaria_agregada;soma
2024-03-28;0.0;24;True;0;84100000;chuva;Epagri;;;2;False;diaria;48ca7231acd1057b_diario_derivado;;interna;horaria_agregada;soma
2024-03-29;0.2;24;True;0;84100000;chuva;Epagri;;;2;False;diaria;48ca7231acd1057b_diario_derivado;;interna;horaria_agregada;soma
2024-03-30;0.2;24;True;0;84100000;chuva;Epagri;;;2;False;diaria;48ca7231acd1057b_diario_derivado;;interna;horaria_agregada;soma
2024-03-31;0.0;24;True;0;84100000;chuva;Epagri;;;2;False;diaria;48ca7231acd1057b_diario_derivado;;interna;horaria_agregada;soma
2024-04-01;0.0;24;True;0;84100000;chuva;Epagri;;;2;False;diaria;48ca7231acd1057b_diario_derivado;;interna;horaria_agregada;soma
2024-04-02;0.0;24;True;0;84100000;chuva;Epagri;;;2;False;diaria;48ca7231acd1057b_diario_derivado;;interna;horaria_agregada;soma
2024-04-03;1.0;24;True;0;84100000;chuva;Epagri;;;2;False;diaria;48ca7231acd1057b_diario_derivado;;interna;horaria_agregada;soma
2024-04-04;0.2;24;True;0;84100000;chuva;Epagri;;;2;False;diaria;48ca7231acd1057b_diario_derivado;;interna;horaria_agregada;soma
2024-04-05;3.8;24;True;0;84100000;chuva;Epagri;;;2;False;diaria;48ca7231acd1057b_diario_derivado;;interna;horaria_agregada;soma
2024-04-06;0.6000000000000001;24;True;0;84100000;chuva;Epagri;;;2;False;diaria;48ca7231acd1057b_diario_derivado;;interna;horaria_agregada;soma
2024-04-07;;22;False;0;84100000;chuva;Epagri;;;2;False;diaria;48ca7231acd1057b_diario_derivado;;interna;horaria_agregada;soma
2024-04-08;;22;False;0;84100000;chuva;Epagri;;;2;False;diaria;48ca7231acd1057b_diario_derivado;;interna;horaria_agregada;soma
2024-04-09;0.8;24;True;0;84100000;chuva;Epagri;;;2;False;diaria;48ca7231acd1057b_diario_derivado;;interna;horaria_agregada;soma
2024-04-10;0.0;24;True;0;84100000;chuva;Epagri;;;2;False;diaria;48ca7231acd1057b_diario_derivado;;interna;horaria_agregada;soma
2024-04-11;;22;False;0;84100000;chuva;Epagri;;;2;False;diaria;48ca7231acd1057b_diario_derivado;;interna;horaria_agregada;soma
2024-04-12;33.0;24;True;0;84100000;chuva;Epagri;;;2;False;diaria;48ca7231acd1057b_diario_derivado;;interna;horaria_agregada;soma
2024-04-13;84.2;24;True;0;84100000;chuva;Epagri;;;2;False;diaria;48ca7231acd1057b_diario_derivado;;interna;horaria_agregada;soma
2024-04-14;200.0;24;True;0;84100000;chuva;Epagri;;;2;False;diaria;48ca7231acd1057b_diario_derivado;;interna;horaria_agregada;soma
2024-04-15;152.8;24;True;0;84100000;chuva;Epagri;;;2;False;diaria;48ca7231acd1057b_diario_derivado;;interna;horaria_agregada;soma
2024-04-16;35.0;24;True;0;84100000;chuva;Epagri;;;2;False;diaria;48ca7231acd1057b_diario_derivado;;interna;horaria_agregada;soma
2024-04-17;5.4;24;True;0;84100000;chuva;Epagri;;;2;False;diaria;48ca7231acd1057b_diario_derivado;;interna;horaria_agregada;soma
2024-04-18;0.0;24;True;0;84100000;chuva;Epagri;;;2;False;diaria;48ca7231acd1057b_diario_derivado;;interna;horaria_agregada;soma
2024-04-19;0.0;24;True;0;84100000;chuva;Epagri;;;2;False;diaria;48ca7231acd1057b_diario_derivado;;interna;horaria_agregada;soma
2024-04-20;0.0;24;True;0;84100000;chuva;Epagri;;;2;False;diaria;48ca7231acd1057b_diario_derivado;;interna;horaria_agregada;soma
2024-04-21;0.0;24;True;0;84100000;chuva;Epagri;;;2;False;diaria;48ca7231acd1057b_diario_derivado;;interna;horaria_agregada;soma
2024-04-22;0.0;24;True;0;84100000;chuva;Epagri;;;2;False;diaria;48ca7231acd1057b_diario_derivado;;interna;horaria_agregada;soma
2024-04-23;0.0;24;True;0;84100000;chuva;Epagri;;;2;False;diaria;48ca7231acd1057b_diario_derivado;;interna;horaria_agregada;soma
2024-04-24;0.0;24;True;0;84100000;chuva;Epagri;;;2;False;diaria;48ca7231acd1057b_diario_derivado;;interna;horaria_agregada;soma
2024-04-25;21.0;24;True;0;84100000;chuva;Epagri;;;2;False;diaria;48ca7231acd1057b_diario_derivado;;interna;horaria_agregada;soma
2024-04-26;;19;False;0;84100000;chuva;Epagri;;;2;False;diaria;48ca7231acd1057b_diario_derivado;;interna;horaria_agregada;soma
2024-04-27;0.0;24;True;0;84100000;chuva;Epagri;;;2;False;diaria;48ca7231acd1057b_diario_derivado;;interna;horaria_agregada;soma
2024-04-28;5.6000000000000005;24;True;0;84100000;chuva;Epagri;;;2;False;diaria;48ca7231acd1057b_diario_derivado;;interna;horaria_agregada;soma
2024-04-29;3.6;24;True;0;84100000;chuva;Epagri;;;2;False;diaria;48ca7231acd1057b_diario_derivado;;interna;horaria_agregada;soma
2024-04-30;0.4;24;True;0;84100000;chuva;Epagri;;;2;False;diaria;48ca7231acd1057b_diario_derivado;;interna;horaria_agregada;soma
2024-05-01;0.0;24;True;0;84100000;chuva;Epagri;;;2;False;diaria;48ca7231acd1057b_diario_derivado;;interna;horaria_agregada;soma
2024-05-02;;19;False;0;84100000;chuva;Epagri;;;2;False;diaria;48ca7231acd1057b_diario_derivado;;interna;horaria_agregada;soma
2024-05-03;0.8;24;True;0;84100000;chuva;Epagri;;;2;False;diaria;48ca7231acd1057b_diario_derivado;;interna;horaria_agregada;soma
2024-05-04;9.0;24;True;0;84100000;chuva;Epagri;;;2;False;diaria;48ca7231acd1057b_diario_derivado;;interna;horaria_agregada;soma
2024-05-05;0.0;24;True;0;84100000;chuva;Epagri;;;2;False;diaria;48ca7231acd1057b_diario_derivado;;interna;horaria_agregada;soma
2024-05-06;0.0;24;True;0;84100000;chuva;Epagri;;;2;False;diaria;48ca7231acd1057b_diario_derivado;;interna;horaria_agregada;soma
2024-05-07;0.0;24;True;0;84100000;chuva;Epagri;;;2;False;diaria;48ca7231acd1057b_diario_derivado;;interna;horaria_agregada;soma
2024-05-08;0.0;24;True;0;84100000;chuva;Epagri;;;2;False;diaria;48ca7231acd1057b_diario_derivado;;interna;horaria_agregada;soma
2024-05-09;7.3999999999999995;24;True;0;84100000;chuva;Epagri;;;2;False;diaria;48ca7231acd1057b_diario_derivado;;interna;horaria_agregada;soma
2024-05-10;0.4;24;True;0;84100000;chuva;Epagri;;;2;False;diaria;48ca7231acd1057b_diario_derivado;;interna;horaria_agregada;soma
2024-05-11;3.6;24;True;0;84100000;chuva;Epagri;;;2;False;diaria;48ca7231acd1057b_diario_derivado;;interna;horaria_agregada;soma
2024-05-12;0.8;24;True;0;84100000;chuva;Epagri;;;2;False;diaria;48ca7231acd1057b_diario_derivado;;interna;horaria_agregada;soma
2024-05-13;16.0;24;True;0;84100000;chuva;Epagri;;;2;False;diaria;48ca7231acd1057b_diario_derivado;;interna;horaria_agregada;soma
2024-05-14;2.0;24;True;0;84100000;chuva;Epagri;;;2;False;diaria;48ca7231acd1057b_diario_derivado;;interna;horaria_agregada;soma
2024-05-15;0.0;24;True;0;84100000;chuva;Epagri;;;2;False;diaria;48ca7231acd1057b_diario_derivado;;interna;horaria_agregada;soma
2024-05-16;0.0;24;True;0;84100000;chuva;Epagri;;;2;False;diaria;48ca7231acd1057b_diario_derivado;;interna;horaria_agregada;soma
2024-05-17;21.4;24;True;0;84100000;chuva;Epagri;;;2;False;diaria;48ca7231acd1057b_diario_derivado;;interna;horaria_agregada;soma
2024-05-18;72.2;24;True;0;84100000;chuva;Epagri;;;2;False;diaria;48ca7231acd1057b_diario_derivado;;interna;horaria_agregada;soma
2024-05-19;11.8;24;True;0;84100000;chuva;Epagri;;;2;False;diaria;48ca7231acd1057b_diario_derivado;;interna;horaria_agregada;soma
2024-05-20;0.2;24;True;0;84100000;chuva;Epagri;;;2;False;diaria;48ca7231acd1057b_diario_derivado;;interna;horaria_agregada;soma
2024-05-21;0.0;24;True;0;84100000;chuva;Epagri;;;2;False;diaria;48ca7231acd1057b_diario_derivado;;interna;horaria_agregada;soma
2024-05-22;0.0;24;True;0;84100000;chuva;Epagri;;;2;False;diaria;48ca7231acd1057b_diario_derivado;;interna;horaria_agregada;soma
2024-05-23;0.0;24;True;0;84100000;chuva;Epagri;;;2;False;diaria;48ca7231acd1057b_diario_derivado;;interna;horaria_agregada;soma
2024-05-24;;22;False;0;84100000;chuva;Epagri;;;2;False;diaria;48ca7231acd1057b_diario_derivado;;interna;horaria_agregada;soma
2024-05-25;0.2;24;True;0;84100000;chuva;Epagri;;;2;False;diaria;48ca7231acd1057b_diario_derivado;;interna;horaria_agregada;soma
2024-05-26;0.0;24;True;0;84100000;chuva;Epagri;;;2;False;diaria;48ca7231acd1057b_diario_derivado;;interna;horaria_agregada;soma
2024-05-27;40.6;24;True;0;84100000;chuva;Epagri;;;2;False;diaria;48ca7231acd1057b_diario_derivado;;interna;horaria_agregada;soma
2024-05-28;0.0;24;True;0;84100000;chuva;Epagri;;;2;False;diaria;48ca7231acd1057b_diario_derivado;;interna;horaria_agregada;soma
2024-05-29;0.0;24;True;0;84100000;chuva;Epagri;;;2;False;diaria;48ca7231acd1057b_diario_derivado;;interna;horaria_agregada;soma
2024-05-30;0.0;24;True;0;84100000;chuva;Epagri;;;2;False;diaria;48ca7231acd1057b_diario_derivado;;interna;horaria_agregada;soma
2024-05-31;0.0;24;True;0;84100000;chuva;Epagri;;;2;False;diaria;48ca7231acd1057b_diario_derivado;;interna;horaria_agregada;soma
2024-06-01;0.0;24;True;0;84100000;chuva;Epagri;;;2;False;diaria;48ca7231acd1057b_diario_derivado;;interna;horaria_agregada;soma
2024-06-02;0.0;24;True;0;84100000;chuva;Epagri;;;2;False;diaria;48ca7231acd1057b_diario_derivado;;interna;horaria_agregada;soma
2024-06-03;0.2;24;True;0;84100000;chuva;Epagri;;;2;False;diaria;48ca7231acd1057b_diario_derivado;;interna;horaria_agregada;soma
2024-06-04;0.0;24;True;0;84100000;chuva;Epagri;;;2;False;diaria;48ca7231acd1057b_diario_derivado;;interna;horaria_agregada;soma
2024-06-05;0.0;24;True;0;84100000;chuva;Epagri;;;2;False;diaria;48ca7231acd1057b_diario_derivado;;interna;horaria_agregada;soma
2024-06-06;0.0;24;True;0;84100000;chuva;Epagri;;;2;False;diaria;48ca7231acd1057b_diario_derivado;;interna;horaria_agregada;soma
2024-06-07;0.0;24;True;0;84100000;chuva;Epagri;;;2;False;diaria;48ca7231acd1057b_diario_derivado;;interna;horaria_agregada;soma
2024-06-08;0.0;24;True;0;84100000;chuva;Epagri;;;2;False;diaria;48ca7231acd1057b_diario_derivado;;interna;horaria_agregada;soma
2024-06-09;0.0;24;True;0;84100000;chuva;Epagri;;;2;False;diaria;48ca7231acd1057b_diario_derivado;;interna;horaria_agregada;soma
2024-06-10;0.0;24;True;0;84100000;chuva;Epagri;;;2;False;diaria;48ca7231acd1057b_diario_derivado;;interna;horaria_agregada;soma
2024-06-11;0.0;24;True;0;84100000;chuva;Epagri;;;2;False;diaria;48ca7231acd1057b_diario_derivado;;interna;horaria_agregada;soma
2024-06-12;0.0;24;True;0;84100000;chuva;Epagri;;;2;False;diaria;48ca7231acd1057b_diario_derivado;;interna;horaria_agregada;soma
2024-06-13;0.0;24;True;0;84100000;chuva;Epagri;;;2;False;diaria;48ca7231acd1057b_diario_derivado;;interna;horaria_agregada;soma
2024-06-14;0.0;24;True;0;84100000;chuva;Epagri;;;2;False;diaria;48ca7231acd1057b_diario_derivado;;interna;horaria_agregada;soma
2024-06-15;0.0;24;True;0;84100000;chuva;Epagri;;;2;False;diaria;48ca7231acd1057b_diario_derivado;;interna;horaria_agregada;soma
2024-06-16;2.2;24;True;0;84100000;chuva;Epagri;;;2;False;diaria;48ca7231acd1057b_diario_derivado;;interna;horaria_agregada;soma
2024-06-17;9.4;24;True;0;84100000;chuva;Epagri;;;2;False;diaria;48ca7231acd1057b_diario_derivado;;interna;horaria_agregada;soma
2024-06-18;9.8;24;True;0;84100000;chuva;Epagri;;;2;False;diaria;48ca7231acd1057b_diario_derivado;;interna;horaria_agregada;soma
2024-06-19;0.0;24;True;0;84100000;chuva;Epagri;;;2;False;diaria;48ca7231acd1057b_diario_derivado;;interna;horaria_agregada;soma
2024-06-20;3.8;24;True;0;84100000;chuva;Epagri;;;2;False;diaria;48ca7231acd1057b_diario_derivado;;interna;horaria_agregada;soma
2024-06-21;0.0;24;True;0;84100000;chuva;Epagri;;;2;False;diaria;48ca7231acd1057b_diario_derivado;;interna;horaria_agregada;soma
2024-06-22;0.0;24;True;0;84100000;chuva;Epagri;;;2;False;diaria;48ca7231acd1057b_diario_derivado;;interna;horaria_agregada;soma
2024-06-23;0.0;24;True;0;84100000;chuva;Epagri;;;2;False;diaria;48ca7231acd1057b_diario_derivado;;interna;horaria_agregada;soma
2024-06-24;50.6;24;True;0;84100000;chuva;Epagri;;;2;False;diaria;48ca7231acd1057b_diario_derivado;;interna;horaria_agregada;soma
2024-06-25;8.2;24;True;0;84100000;chuva;Epagri;;;2;False;diaria;48ca7231acd1057b_diario_derivado;;interna;horaria_agregada;soma
2024-06-26;30.0;24;True;0;84100000;chuva;Epagri;;;2;False;diaria;48ca7231acd1057b_diario_derivado;;interna;horaria_agregada;soma
2024-06-27;0.2;24;True;0;84100000;chuva;Epagri;;;2;False;diaria;48ca7231acd1057b_diario_derivado;;interna;horaria_agregada;soma
2024-06-28;0.0;24;True;0;84100000;chuva;Epagri;;;2;False;diaria;48ca7231acd1057b_diario_derivado;;interna;horaria_agregada;soma
2024-06-29;0.0;24;True;0;84100000;chuva;Epagri;;;2;False;diaria;48ca7231acd1057b_diario_derivado;;interna;horaria_agregada;soma
2024-06-30;0.0;24;True;0;84100000;chuva;Epagri;;;2;False;diaria;48ca7231acd1057b_diario_derivado;;interna;horaria_agregada;soma
2024-07-01;0.0;24;True;0;84100000;chuva;Epagri;;;2;False;diaria;48ca7231acd1057b_diario_derivado;;interna;horaria_agregada;soma
2024-07-02;0.0;24;True;0;84100000;chuva;Epagri;;;2;False;diaria;48ca7231acd1057b_diario_derivado;;interna;horaria_agregada;soma
2024-07-03;0.0;24;True;0;84100000;chuva;Epagri;;;2;False;diaria;48ca7231acd1057b_diario_derivado;;interna;horaria_agregada;soma
2024-07-04;0.0;24;True;0;84100000;chuva;Epagri;;;2;False;diaria;48ca7231acd1057b_diario_derivado;;interna;horaria_agregada;soma
2024-07-05;0.0;24;True;0;84100000;chuva;Epagri;;;2;False;diaria;48ca7231acd1057b_diario_derivado;;interna;horaria_agregada;soma
2024-07-06;29.0;24;True;0;84100000;chuva;Epagri;;;2;False;diaria;48ca7231acd1057b_diario_derivado;;interna;horaria_agregada;soma
2024-07-07;68.2;24;True;0;84100000;chuva;Epagri;;;2;False;diaria;48ca7231acd1057b_diario_derivado;;interna;horaria_agregada;soma
2024-07-08;0.4;24;True;0;84100000;chuva;Epagri;;;2;False;diaria;48ca7231acd1057b_diario_derivado;;interna;horaria_agregada;soma
2024-07-09;11.6;24;True;0;84100000;chuva;Epagri;;;2;False;diaria;48ca7231acd1057b_diario_derivado;;interna;horaria_agregada;soma
2024-07-10;10.0;24;True;0;84100000;chuva;Epagri;;;2;False;diaria;48ca7231acd1057b_diario_derivado;;interna;horaria_agregada;soma
2024-07-11;38.0;24;True;0;84100000;chuva;Epagri;;;2;False;diaria;48ca7231acd1057b_diario_derivado;;interna;horaria_agregada;soma
2024-07-12;4.4;24;True;0;84100000;chuva;Epagri;;;2;False;diaria;48ca7231acd1057b_diario_derivado;;interna;horaria_agregada;soma
2024-07-13;15.0;24;True;0;84100000;chuva;Epagri;;;2;False;diaria;48ca7231acd1057b_diario_derivado;;interna;horaria_agregada;soma
2024-07-14;29.2;24;True;0;84100000;chuva;Epagri;;;2;False;diaria;48ca7231acd1057b_diario_derivado;;interna;horaria_agregada;soma
2024-07-15;3.6;24;True;0;84100000;chuva;Epagri;;;2;False;diaria;48ca7231acd1057b_diario_derivado;;interna;horaria_agregada;soma
2024-07-16;3.6;24;True;0;84100000;chuva;Epagri;;;2;False;diaria;48ca7231acd1057b_diario_derivado;;interna;horaria_agregada;soma
2024-07-17;1.2000000000000002;24;True;0;84100000;chuva;Epagri;;;2;False;diaria;48ca7231acd1057b_diario_derivado;;interna;horaria_agregada;soma
2024-07-18;0.0;24;True;0;84100000;chuva;Epagri;;;2;False;diaria;48ca7231acd1057b_diario_derivado;;interna;horaria_agregada;soma
2024-07-19;0.0;24;True;0;84100000;chuva;Epagri;;;2;False;diaria;48ca7231acd1057b_diario_derivado;;interna;horaria_agregada;soma
2024-07-20;0.0;24;True;0;84100000;chuva;Epagri;;;2;False;diaria;48ca7231acd1057b_diario_derivado;;interna;horaria_agregada;soma
2024-07-21;0.0;24;True;0;84100000;chuva;Epagri;;;2;False;diaria;48ca7231acd1057b_diario_derivado;;interna;horaria_agregada;soma
2024-07-22;0.0;24;True;0;84100000;chuva;Epagri;;;2;False;diaria;48ca7231acd1057b_diario_derivado;;interna;horaria_agregada;soma
2024-07-23;;23;False;0;84100000;chuva;Epagri;;;2;False;diaria;48ca7231acd1057b_diario_derivado;;interna;horaria_agregada;soma
2024-07-24;;22;False;0;84100000;chuva;Epagri;;;2;False;diaria;48ca7231acd1057b_diario_derivado;;interna;horaria_agregada;soma
2024-07-25;0.0;24;True;0;84100000;chuva;Epagri;;;2;False;diaria;48ca7231acd1057b_diario_derivado;;interna;horaria_agregada;soma
2024-07-26;0.0;24;True;0;84100000;chuva;Epagri;;;2;False;diaria;48ca7231acd1057b_diario_derivado;;interna;horaria_agregada;soma
2024-07-27;0.0;24;True;0;84100000;chuva;Epagri;;;2;False;diaria;48ca7231acd1057b_diario_derivado;;interna;horaria_agregada;soma
2024-07-28;0.2;24;True;0;84100000;chuva;Epagri;;;2;False;diaria;48ca7231acd1057b_diario_derivado;;interna;horaria_agregada;soma
2024-07-29;8.8;24;True;0;84100000;chuva;Epagri;;;2;False;diaria;48ca7231acd1057b_diario_derivado;;interna;horaria_agregada;soma
2024-07-30;0.0;24;True;0;84100000;chuva;Epagri;;;2;False;diaria;48ca7231acd1057b_diario_derivado;;interna;horaria_agregada;soma
2024-07-31;0.6000000000000001;24;True;0;84100000;chuva;Epagri;;;2;False;diaria;48ca7231acd1057b_diario_derivado;;interna;horaria_agregada;soma
2024-08-01;0.8;24;True;0;84100000;chuva;Epagri;;;2;False;diaria;48ca7231acd1057b_diario_derivado;;interna;horaria_agregada;soma
2024-08-02;0.4;24;True;0;84100000;chuva;Epagri;;;2;False;diaria;48ca7231acd1057b_diario_derivado;;interna;horaria_agregada;soma
2024-08-03;0.0;24;True;0;84100000;chuva;Epagri;;;2;False;diaria;48ca7231acd1057b_diario_derivado;;interna;horaria_agregada;soma
2024-08-04;0.0;24;True;0;84100000;chuva;Epagri;;;2;False;diaria;48ca7231acd1057b_diario_derivado;;interna;horaria_agregada;soma
2024-08-05;0.2;24;True;0;84100000;chuva;Epagri;;;2;False;diaria;48ca7231acd1057b_diario_derivado;;interna;horaria_agregada;soma
2024-08-06;0.0;24;True;0;84100000;chuva;Epagri;;;2;False;diaria;48ca7231acd1057b_diario_derivado;;interna;horaria_agregada;soma
2024-08-07;7.2;24;True;0;84100000;chuva;Epagri;;;2;False;diaria;48ca7231acd1057b_diario_derivado;;interna;horaria_agregada;soma
2024-08-08;2.0;24;True;0;84100000;chuva;Epagri;;;2;False;diaria;48ca7231acd1057b_diario_derivado;;interna;horaria_agregada;soma
2024-08-09;0.2;24;True;0;84100000;chuva;Epagri;;;2;False;diaria;48ca7231acd1057b_diario_derivado;;interna;horaria_agregada;soma
2024-08-10;0.0;24;True;0;84100000;chuva;Epagri;;;2;False;diaria;48ca7231acd1057b_diario_derivado;;interna;horaria_agregada;soma
2024-08-11;0.0;24;True;0;84100000;chuva;Epagri;;;2;False;diaria;48ca7231acd1057b_diario_derivado;;interna;horaria_agregada;soma
2024-08-12;0.0;24;True;0;84100000;chuva;Epagri;;;2;False;diaria;48ca7231acd1057b_diario_derivado;;interna;horaria_agregada;soma
2024-08-13;0.0;24;True;0;84100000;chuva;Epagri;;;2;False;diaria;48ca7231acd1057b_diario_derivado;;interna;horaria_agregada;soma
2024-08-14;0.0;24;True;0;84100000;chuva;Epagri;;;2;False;diaria;48ca7231acd1057b_diario_derivado;;interna;horaria_agregada;soma
2024-08-15;0.0;24;True;0;84100000;chuva;Epagri;;;2;False;diaria;48ca7231acd1057b_diario_derivado;;interna;horaria_agregada;soma
2024-08-16;0.0;24;True;0;84100000;chuva;Epagri;;;2;False;diaria;48ca7231acd1057b_diario_derivado;;interna;horaria_agregada;soma
2024-08-17;0.0;24;True;0;84100000;chuva;Epagri;;;2;False;diaria;48ca7231acd1057b_diario_derivado;;interna;horaria_agregada;soma
2024-08-18;0.0;24;True;0;84100000;chuva;Epagri;;;2;False;diaria;48ca7231acd1057b_diario_derivado;;interna;horaria_agregada;soma
2024-08-19;0.0;24;True;0;84100000;chuva;Epagri;;;2;False;diaria;48ca7231acd1057b_diario_derivado;;interna;horaria_agregada;soma
2024-08-20;1.4;24;True;0;84100000;chuva;Epagri;;;2;False;diaria;48ca7231acd1057b_diario_derivado;;interna;horaria_agregada;soma
2024-08-21;3.8;24;True;0;84100000;chuva;Epagri;;;2;False;diaria;48ca7231acd1057b_diario_derivado;;interna;horaria_agregada;soma
2024-08-22;0.0;24;True;0;84100000;chuva;Epagri;;;2;False;diaria;48ca7231acd1057b_diario_derivado;;interna;horaria_agregada;soma
2024-08-23;9.0;24;True;0;84100000;chuva;Epagri;;;2;False;diaria;48ca7231acd1057b_diario_derivado;;interna;horaria_agregada;soma
2024-08-24;4.8;24;True;0;84100000;chuva;Epagri;;;2;False;diaria;48ca7231acd1057b_diario_derivado;;interna;horaria_agregada;soma
2024-08-25;0.2;24;True;0;84100000;chuva;Epagri;;;2;False;diaria;48ca7231acd1057b_diario_derivado;;interna;horaria_agregada;soma
2024-08-26;0.0;24;True;0;84100000;chuva;Epagri;;;2;False;diaria;48ca7231acd1057b_diario_derivado;;interna;horaria_agregada;soma
2024-08-27;0.0;24;True;0;84100000;chuva;Epagri;;;2;False;diaria;48ca7231acd1057b_diario_derivado;;interna;horaria_agregada;soma
2024-08-28;0.0;24;True;0;84100000;chuva;Epagri;;;2;False;diaria;48ca7231acd1057b_diario_derivado;;interna;horaria_agregada;soma
2024-08-29;0.0;24;True;0;84100000;chuva;Epagri;;;2;False;diaria;48ca7231acd1057b_diario_derivado;;interna;horaria_agregada;soma
2024-08-30;0.0;24;True;0;84100000;chuva;Epagri;;;2;False;diaria;48ca7231acd1057b_diario_derivado;;interna;horaria_agregada;soma
2024-08-31;0.0;24;True;0;84100000;chuva;Epagri;;;2;False;diaria;48ca7231acd1057b_diario_derivado;;interna;horaria_agregada;soma
2024-09-01;0.0;24;True;0;84100000;chuva;Epagri;;;2;False;diaria;48ca7231acd1057b_diario_derivado;;interna;horaria_agregada;soma
2024-09-02;0.0;24;True;0;84100000;chuva;Epagri;;;2;False;diaria;48ca7231acd1057b_diario_derivado;;interna;horaria_agregada;soma
2024-09-03;0.0;24;True;0;84100000;chuva;Epagri;;;2;False;diaria;48ca7231acd1057b_diario_derivado;;interna;horaria_agregada;soma
2024-09-04;0.0;24;True;0;84100000;chuva;Epagri;;;2;False;diaria;48ca7231acd1057b_diario_derivado;;interna;horaria_agregada;soma
2024-09-05;12.799999999999999;24;True;0;84100000;chuva;Epagri;;;2;False;diaria;48ca7231acd1057b_diario_derivado;;interna;horaria_agregada;soma
2024-09-06;0.0;24;True;0;84100000;chuva;Epagri;;;2;False;diaria;48ca7231acd1057b_diario_derivado;;interna;horaria_agregada;soma
2024-09-07;0.0;24;True;0;84100000;chuva;Epagri;;;2;False;diaria;48ca7231acd1057b_diario_derivado;;interna;horaria_agregada;soma
2024-09-08;0.0;24;True;0;84100000;chuva;Epagri;;;2;False;diaria;48ca7231acd1057b_diario_derivado;;interna;horaria_agregada;soma
2024-09-09;0.0;24;True;0;84100000;chuva;Epagri;;;2;False;diaria;48ca7231acd1057b_diario_derivado;;interna;horaria_agregada;soma
2024-09-10;0.0;24;True;0;84100000;chuva;Epagri;;;2;False;diaria;48ca7231acd1057b_diario_derivado;;interna;horaria_agregada;soma
2024-09-11;0.0;24;True;0;84100000;chuva;Epagri;;;2;False;diaria;48ca7231acd1057b_diario_derivado;;interna;horaria_agregada;soma
2024-09-12;0.0;24;True;0;84100000;chuva;Epagri;;;2;False;diaria;48ca7231acd1057b_diario_derivado;;interna;horaria_agregada;soma
2024-09-13;10.2;24;True;0;84100000;chuva;Epagri;;;2;False;diaria;48ca7231acd1057b_diario_derivado;;interna;horaria_agregada;soma
2024-09-14;10.0;24;True;0;84100000;chuva;Epagri;;;2;False;diaria;48ca7231acd1057b_diario_derivado;;interna;horaria_agregada;soma
2024-09-15;17.0;24;True;0;84100000;chuva;Epagri;;;2;False;diaria;48ca7231acd1057b_diario_derivado;;interna;horaria_agregada;soma
2024-09-16;5.6;24;True;0;84100000;chuva;Epagri;;;2;False;diaria;48ca7231acd1057b_diario_derivado;;interna;horaria_agregada;soma
2024-09-17;0.2;24;True;0;84100000;chuva;Epagri;;;2;False;diaria;48ca7231acd1057b_diario_derivado;;interna;horaria_agregada;soma
2024-09-18;0.0;24;True;0;84100000;chuva;Epagri;;;2;False;diaria;48ca7231acd1057b_diario_derivado;;interna;horaria_agregada;soma
2024-09-19;3.0;24;True;0;84100000;chuva;Epagri;;;2;False;diaria;48ca7231acd1057b_diario_derivado;;interna;horaria_agregada;soma
2024-09-20;34.8;24;True;0;84100000;chuva;Epagri;;;2;False;diaria;48ca7231acd1057b_diario_derivado;;interna;horaria_agregada;soma
2024-09-21;0.0;24;True;0;84100000;chuva;Epagri;;;2;False;diaria;48ca7231acd1057b_diario_derivado;;interna;horaria_agregada;soma
2024-09-22;0.0;24;True;0;84100000;chuva;Epagri;;;2;False;diaria;48ca7231acd1057b_diario_derivado;;interna;horaria_agregada;soma
2024-09-23;0.0;24;True;0;84100000;chuva;Epagri;;;2;False;diaria;48ca7231acd1057b_diario_derivado;;interna;horaria_agregada;soma
2024-09-24;0.4;24;True;0;84100000;chuva;Epagri;;;2;False;diaria;48ca7231acd1057b_diario_derivado;;interna;horaria_agregada;soma
2024-09-25;0.0;24;True;0;84100000;chuva;Epagri;;;2;False;diaria;48ca7231acd1057b_diario_derivado;;interna;horaria_agregada;soma
2024-09-26;2.0;24;True;0;84100000;chuva;Epagri;;;2;False;diaria;48ca7231acd1057b_diario_derivado;;interna;horaria_agregada;soma
2024-09-27;1.7999999999999998;24;True;0;84100000;chuva;Epagri;;;2;False;diaria;48ca7231acd1057b_diario_derivado;;interna;horaria_agregada;soma
2024-09-28;0.0;24;True;0;84100000;chuva;Epagri;;;2;False;diaria;48ca7231acd1057b_diario_derivado;;interna;horaria_agregada;soma
2024-09-29;0.0;24;True;0;84100000;chuva;Epagri;;;2;False;diaria;48ca7231acd1057b_diario_derivado;;interna;horaria_agregada;soma
2024-09-30;0.0;24;True;0;84100000;chuva;Epagri;;;2;False;diaria;48ca7231acd1057b_diario_derivado;;interna;horaria_agregada;soma
2024-10-01;0.0;24;True;0;84100000;chuva;Epagri;;;2;False;diaria;48ca7231acd1057b_diario_derivado;;interna;horaria_agregada;soma
2024-10-02;58.2;24;True;0;84100000;chuva;Epagri;;;2;False;diaria;48ca7231acd1057b_diario_derivado;;interna;horaria_agregada;soma
2024-10-03;0.0;24;True;0;84100000;chuva;Epagri;;;2;False;diaria;48ca7231acd1057b_diario_derivado;;interna;horaria_agregada;soma
2024-10-04;0.0;24;True;0;84100000;chuva;Epagri;;;2;False;diaria;48ca7231acd1057b_diario_derivado;;interna;horaria_agregada;soma
2024-10-05;0.0;24;True;0;84100000;chuva;Epagri;;;2;False;diaria;48ca7231acd1057b_diario_derivado;;interna;horaria_agregada;soma
2024-10-06;0.0;24;True;0;84100000;chuva;Epagri;;;2;False;diaria;48ca7231acd1057b_diario_derivado;;interna;horaria_agregada;soma
2024-10-07;0.4;24;True;0;84100000;chuva;Epagri;;;2;False;diaria;48ca7231acd1057b_diario_derivado;;interna;horaria_agregada;soma
2024-10-08;17.0;24;True;0;84100000;chuva;Epagri;;;2;False;diaria;48ca7231acd1057b_diario_derivado;;interna;horaria_agregada;soma
2024-10-09;19.0;24;True;0;84100000;chuva;Epagri;;;2;False;diaria;48ca7231acd1057b_diario_derivado;;interna;horaria_agregada;soma
2024-10-10;30.400000000000002;24;True;0;84100000;chuva;Epagri;;;2;False;diaria;48ca7231acd1057b_diario_derivado;;interna;horaria_agregada;soma
2024-10-11;39.6;24;True;0;84100000;chuva;Epagri;;;2;False;diaria;48ca7231acd1057b_diario_derivado;;interna;horaria_agregada;soma
2024-10-12;0.2;24;True;0;84100000;chuva;Epagri;;;2;False;diaria;48ca7231acd1057b_diario_derivado;;interna;horaria_agregada;soma
2024-10-13;0.0;24;True;0;84100000;chuva;Epagri;;;2;False;diaria;48ca7231acd1057b_diario_derivado;;interna;horaria_agregada;soma
2024-10-14;3.2;24;True;0;84100000;chuva;Epagri;;;2;False;diaria;48ca7231acd1057b_diario_derivado;;interna;horaria_agregada;soma
2024-10-15;4.2;24;True;0;84100000;chuva;Epagri;;;2;False;diaria;48ca7231acd1057b_diario_derivado;;interna;horaria_agregada;soma
2024-10-16;0.0;24;True;0;84100000;chuva;Epagri;;;2;False;diaria;48ca7231acd1057b_diario_derivado;;interna;horaria_agregada;soma
2024-10-17;0.0;24;True;0;84100000;chuva;Epagri;;;2;False;diaria;48ca7231acd1057b_diario_derivado;;interna;horaria_agregada;soma
2024-10-18;0.0;24;True;0;84100000;chuva;Epagri;;;2;False;diaria;48ca7231acd1057b_diario_derivado;;interna;horaria_agregada;soma
2024-10-19;2.1999999999999997;24;True;0;84100000;chuva;Epagri;;;2;False;diaria;48ca7231acd1057b_diario_derivado;;interna;horaria_agregada;soma
2024-10-20;0.2;24;True;0;84100000;chuva;Epagri;;;2;False;diaria;48ca7231acd1057b_diario_derivado;;interna;horaria_agregada;soma
2024-10-21;9.2;24;True;0;84100000;chuva;Epagri;;;2;False;diaria;48ca7231acd1057b_diario_derivado;;interna;horaria_agregada;soma
2024-10-22;0.2;24;True;0;84100000;chuva;Epagri;;;2;False;diaria;48ca7231acd1057b_diario_derivado;;interna;horaria_agregada;soma
2024-10-23;0.0;24;True;0;84100000;chuva;Epagri;;;2;False;diaria;48ca7231acd1057b_diario_derivado;;interna;horaria_agregada;soma
2024-10-24;6.6000000000000005;24;True;0;84100000;chuva;Epagri;;;2;False;diaria;48ca7231acd1057b_diario_derivado;;interna;horaria_agregada;soma
2024-10-25;0.2;24;True;0;84100000;chuva;Epagri;;;2;False;diaria;48ca7231acd1057b_diario_derivado;;interna;horaria_agregada;soma
2024-10-26;0.0;24;True;0;84100000;chuva;Epagri;;;2;False;diaria;48ca7231acd1057b_diario_derivado;;interna;horaria_agregada;soma
2024-10-27;0.0;24;True;0;84100000;chuva;Epagri;;;2;False;diaria;48ca7231acd1057b_diario_derivado;;interna;horaria_agregada;soma
2024-10-28;0.0;24;True;0;84100000;chuva;Epagri;;;2;False;diaria;48ca7231acd1057b_diario_derivado;;interna;horaria_agregada;soma
2024-10-29;3.4;24;True;0;84100000;chuva;Epagri;;;2;False;diaria;48ca7231acd1057b_diario_derivado;;interna;horaria_agregada;soma
2024-10-30;38.4;24;True;0;84100000;chuva;Epagri;;;2;False;diaria;48ca7231acd1057b_diario_derivado;;interna;horaria_agregada;soma
2024-10-31;1.6;24;True;0;84100000;chuva;Epagri;;;2;False;diaria;48ca7231acd1057b_diario_derivado;;interna;horaria_agregada;soma
2024-11-01;1.4;24;True;0;84100000;chuva;Epagri;;;2;False;diaria;48ca7231acd1057b_diario_derivado;;interna;horaria_agregada;soma
2024-11-02;9.2;24;True;0;84100000;chuva;Epagri;;;2;False;diaria;48ca7231acd1057b_diario_derivado;;interna;horaria_agregada;soma
2024-11-03;28.4;24;True;0;84100000;chuva;Epagri;;;2;False;diaria;48ca7231acd1057b_diario_derivado;;interna;horaria_agregada;soma
2024-11-04;94.2;24;True;0;84100000;chuva;Epagri;;;2;False;diaria;48ca7231acd1057b_diario_derivado;;interna;horaria_agregada;soma
2024-11-05;22.8;24;True;0;84100000;chuva;Epagri;;;2;False;diaria;48ca7231acd1057b_diario_derivado;;interna;horaria_agregada;soma
2024-11-06;13.0;24;True;0;84100000;chuva;Epagri;;;2;False;diaria;48ca7231acd1057b_diario_derivado;;interna;horaria_agregada;soma
2024-11-07;13.4;24;True;0;84100000;chuva;Epagri;;;2;False;diaria;48ca7231acd1057b_diario_derivado;;interna;horaria_agregada;soma
2024-11-08;0.0;24;True;0;84100000;chuva;Epagri;;;2;False;diaria;48ca7231acd1057b_diario_derivado;;interna;horaria_agregada;soma
2024-11-09;0.0;24;True;0;84100000;chuva;Epagri;;;2;False;diaria;48ca7231acd1057b_diario_derivado;;interna;horaria_agregada;soma
2024-11-10;0.0;24;True;0;84100000;chuva;Epagri;;;2;False;diaria;48ca7231acd1057b_diario_derivado;;interna;horaria_agregada;soma
2024-11-11;0.0;24;True;0;84100000;chuva;Epagri;;;2;False;diaria;48ca7231acd1057b_diario_derivado;;interna;horaria_agregada;soma
2024-11-12;3.4000000000000004;24;True;0;84100000;chuva;Epagri;;;2;False;diaria;48ca7231acd1057b_diario_derivado;;interna;horaria_agregada;soma
2024-11-13;0.0;24;True;0;84100000;chuva;Epagri;;;2;False;diaria;48ca7231acd1057b_diario_derivado;;interna;horaria_agregada;soma
2024-11-14;0.0;24;True;0;84100000;chuva;Epagri;;;2;False;diaria;48ca7231acd1057b_diario_derivado;;interna;horaria_agregada;soma
2024-11-15;1.8;24;True;0;84100000;chuva;Epagri;;;2;False;diaria;48ca7231acd1057b_diario_derivado;;interna;horaria_agregada;soma
2024-11-16;17.2;24;True;0;84100000;chuva;Epagri;;;2;False;diaria;48ca7231acd1057b_diario_derivado;;interna;horaria_agregada;soma
2024-11-17;0.4;24;True;0;84100000;chuva;Epagri;;;2;False;diaria;48ca7231acd1057b_diario_derivado;;interna;horaria_agregada;soma
2024-11-18;10.8;24;True;0;84100000;chuva;Epagri;;;2;False;diaria;48ca7231acd1057b_diario_derivado;;interna;horaria_agregada;soma
2024-11-19;7.6;24;True;0;84100000;chuva;Epagri;;;2;False;diaria;48ca7231acd1057b_diario_derivado;;interna;horaria_agregada;soma
2024-11-20;23.2;24;True;0;84100000;chuva;Epagri;;;2;False;diaria;48ca7231acd1057b_diario_derivado;;interna;horaria_agregada;soma
2024-11-21;3.8000000000000003;24;True;0;84100000;chuva;Epagri;;;2;False;diaria;48ca7231acd1057b_diario_derivado;;interna;horaria_agregada;soma
2024-11-22;21.2;24;True;0;84100000;chuva;Epagri;;;2;False;diaria;48ca7231acd1057b_diario_derivado;;interna;horaria_agregada;soma
2024-11-23;3.6;24;True;0;84100000;chuva;Epagri;;;2;False;diaria;48ca7231acd1057b_diario_derivado;;interna;horaria_agregada;soma
2024-11-24;2.5999999999999996;24;True;0;84100000;chuva;Epagri;;;2;False;diaria;48ca7231acd1057b_diario_derivado;;interna;horaria_agregada;soma
2024-11-25;0.6000000000000001;24;True;0;84100000;chuva;Epagri;;;2;False;diaria;48ca7231acd1057b_diario_derivado;;interna;horaria_agregada;soma
2024-11-26;0.0;24;True;0;84100000;chuva;Epagri;;;2;False;diaria;48ca7231acd1057b_diario_derivado;;interna;horaria_agregada;soma
2024-11-27;7.2;24;True;0;84100000;chuva;Epagri;;;2;False;diaria;48ca7231acd1057b_diario_derivado;;interna;horaria_agregada;soma
2024-11-28;1.5999999999999999;24;True;0;84100000;chuva;Epagri;;;2;False;diaria;48ca7231acd1057b_diario_derivado;;interna;horaria_agregada;soma
2024-11-29;0.6000000000000001;24;True;0;84100000;chuva;Epagri;;;2;False;diaria;48ca7231acd1057b_diario_derivado;;interna;horaria_agregada;soma
2024-11-30;0.2;24;True;0;84100000;chuva;Epagri;;;2;False;diaria;48ca7231acd1057b_diario_derivado;;interna;horaria_agregada;soma
2024-12-01;0.0;24;True;0;84100000;chuva;Epagri;;;2;False;diaria;48ca7231acd1057b_diario_derivado;;interna;horaria_agregada;soma
2024-12-02;6.2;24;True;0;84100000;chuva;Epagri;;;2;False;diaria;48ca7231acd1057b_diario_derivado;;interna;horaria_agregada;soma
2024-12-03;0.0;24;True;0;84100000;chuva;Epagri;;;2;False;diaria;48ca7231acd1057b_diario_derivado;;interna;horaria_agregada;soma
2024-12-04;0.8;24;True;0;84100000;chuva;Epagri;;;2;False;diaria;48ca7231acd1057b_diario_derivado;;interna;horaria_agregada;soma
2024-12-05;0.0;24;True;0;84100000;chuva;Epagri;;;2;False;diaria;48ca7231acd1057b_diario_derivado;;interna;horaria_agregada;soma
2024-12-06;0.0;24;True;0;84100000;chuva;Epagri;;;2;False;diaria;48ca7231acd1057b_diario_derivado;;interna;horaria_agregada;soma
2024-12-07;14.0;24;True;0;84100000;chuva;Epagri;;;2;False;diaria;48ca7231acd1057b_diario_derivado;;interna;horaria_agregada;soma
2024-12-08;13.0;24;True;0;84100000;chuva;Epagri;;;2;False;diaria;48ca7231acd1057b_diario_derivado;;interna;horaria_agregada;soma
2024-12-09;24.2;24;True;0;84100000;chuva;Epagri;;;2;False;diaria;48ca7231acd1057b_diario_derivado;;interna;horaria_agregada;soma
2024-12-10;;23;False;0;84100000;chuva;Epagri;;;2;False;diaria;48ca7231acd1057b_diario_derivado;;interna;horaria_agregada;soma
2024-12-11;;21;False;0;84100000;chuva;Epagri;;;2;False;diaria;48ca7231acd1057b_diario_derivado;;interna;horaria_agregada;soma
2024-12-12;;23;False;0;84100000;chuva;Epagri;;;2;False;diaria;48ca7231acd1057b_diario_derivado;;interna;horaria_agregada;soma
2024-12-13;0.4;24;True;0;84100000;chuva;Epagri;;;2;False;diaria;48ca7231acd1057b_diario_derivado;;interna;horaria_agregada;soma
2024-12-14;46.0;24;True;0;84100000;chuva;Epagri;;;2;False;diaria;48ca7231acd1057b_diario_derivado;;interna;horaria_agregada;soma
2024-12-15;0.0;24;True;0;84100000;chuva;Epagri;;;2;False;diaria;48ca7231acd1057b_diario_derivado;;interna;horaria_agregada;soma
2024-12-16;;23;False;0;84100000;chuva;Epagri;;;2;False;diaria;48ca7231acd1057b_diario_derivado;;interna;horaria_agregada;soma
2024-12-17;0.2;24;True;0;84100000;chuva;Epagri;;;2;False;diaria;48ca7231acd1057b_diario_derivado;;interna;horaria_agregada;soma
2024-12-18;0.2;24;True;0;84100000;chuva;Epagri;;;2;False;diaria;48ca7231acd1057b_diario_derivado;;interna;horaria_agregada;soma
2024-12-19;10.8;24;True;0;84100000;chuva;Epagri;;;2;False;diaria;48ca7231acd1057b_diario_derivado;;interna;horaria_agregada;soma
2024-12-20;5.8;24;True;0;84100000;chuva;Epagri;;;2;False;diaria;48ca7231acd1057b_diario_derivado;;interna;horaria_agregada;soma
2024-12-21;0.0;24;True;0;84100000;chuva;Epagri;;;2;False;diaria;48ca7231acd1057b_diario_derivado;;interna;horaria_agregada;soma
2024-12-22;19.6;24;True;0;84100000;chuva;Epagri;;;2;False;diaria;48ca7231acd1057b_diario_derivado;;interna;horaria_agregada;soma
2024-12-23;0.2;24;True;0;84100000;chuva;Epagri;;;2;False;diaria;48ca7231acd1057b_diario_derivado;;interna;horaria_agregada;soma
2024-12-24;3.4000000000000004;24;True;0;84100000;chuva;Epagri;;;2;False;diaria;48ca7231acd1057b_diario_derivado;;interna;horaria_agregada;soma
2024-12-25;19.200000000000003;24;True;0;84100000;chuva;Epagri;;;2;False;diaria;48ca7231acd1057b_diario_derivado;;interna;horaria_agregada;soma
2024-12-26;0.4;24;True;0;84100000;chuva;Epagri;;;2;False;diaria;48ca7231acd1057b_diario_derivado;;interna;horaria_agregada;soma
2024-12-27;0.0;24;True;0;84100000;chuva;Epagri;;;2;False;diaria;48ca7231acd1057b_diario_derivado;;interna;horaria_agregada;soma
2024-12-28;0.0;24;True;0;84100000;chuva;Epagri;;;2;False;diaria;48ca7231acd1057b_diario_derivado;;interna;horaria_agregada;soma
2024-12-29;2.4;24;True;0;84100000;chuva;Epagri;;;2;False;diaria;48ca7231acd1057b_diario_derivado;;interna;horaria_agregada;soma
2024-12-30;5.6;24;True;0;84100000;chuva;Epagri;;;2;False;diaria;48ca7231acd1057b_diario_derivado;;interna;horaria_agregada;soma
2024-12-31;2.8;24;True;0;84100000;chuva;Epagri;;;2;False;diaria;48ca7231acd1057b_diario_derivado;;interna;horaria_agregada;soma
2025-01-01;23.000000000000004;24;True;0;84100000;chuva;Epagri;;;2;False;diaria;48ca7231acd1057b_diario_derivado;;interna;horaria_agregada;soma
2025-01-02;3.2;24;True;0;84100000;chuva;Epagri;;;2;False;diaria;48ca7231acd1057b_diario_derivado;;interna;horaria_agregada;soma
2025-01-03;;23;False;0;84100000;chuva;Epagri;;;2;False;diaria;48ca7231acd1057b_diario_derivado;;interna;horaria_agregada;soma
2025-01-04;0.0;24;True;0;84100000;chuva;Epagri;;;2;False;diaria;48ca7231acd1057b_diario_derivado;;interna;horaria_agregada;soma
2025-01-05;3.6;24;True;0;84100000;chuva;Epagri;;;2;False;diaria;48ca7231acd1057b_diario_derivado;;interna;horaria_agregada;soma
2025-01-06;0.4;24;True;0;84100000;chuva;Epagri;;;2;False;diaria;48ca7231acd1057b_diario_derivado;;interna;horaria_agregada;soma
2025-01-07;0.2;24;True;0;84100000;chuva;Epagri;;;2;False;diaria;48ca7231acd1057b_diario_derivado;;interna;horaria_agregada;soma
2025-01-08;0.8;24;True;0;84100000;chuva;Epagri;;;2;False;diaria;48ca7231acd1057b_diario_derivado;;interna;horaria_agregada;soma
2025-01-09;2.2;24;True;0;84100000;chuva;Epagri;;;2;False;diaria;48ca7231acd1057b_diario_derivado;;interna;horaria_agregada;soma
2025-01-10;0.0;24;True;0;84100000;chuva;Epagri;;;2;False;diaria;48ca7231acd1057b_diario_derivado;;interna;horaria_agregada;soma
2025-01-11;6.6000000000000005;24;True;0;84100000;chuva;Epagri;;;2;False;diaria;48ca7231acd1057b_diario_derivado;;interna;horaria_agregada;soma
2025-01-12;0.0;24;True;0;84100000;chuva;Epagri;;;2;False;diaria;48ca7231acd1057b_diario_derivado;;interna;horaria_agregada;soma
2025-01-13;0.2;24;True;0;84100000;chuva;Epagri;;;2;False;diaria;48ca7231acd1057b_diario_derivado;;interna;horaria_agregada;soma
2025-01-14;0.0;24;True;0;84100000;chuva;Epagri;;;2;False;diaria;48ca7231acd1057b_diario_derivado;;interna;horaria_agregada;soma
2025-01-15;0.0;24;True;0;84100000;chuva;Epagri;;;2;False;diaria;48ca7231acd1057b_diario_derivado;;interna;horaria_agregada;soma
2025-01-16;38.0;24;True;0;84100000;chuva;Epagri;;;2;False;diaria;48ca7231acd1057b_diario_derivado;;interna;horaria_agregada;soma
2025-01-17;125.8;24;True;0;84100000;chuva;Epagri;;;2;False;diaria;48ca7231acd1057b_diario_derivado;;interna;horaria_agregada;soma
2025-01-18;17.599999999999998;24;True;0;84100000;chuva;Epagri;;;2;False;diaria;48ca7231acd1057b_diario_derivado;;interna;horaria_agregada;soma
2025-01-19;2.8;24;True;0;84100000;chuva;Epagri;;;2;False;diaria;48ca7231acd1057b_diario_derivado;;interna;horaria_agregada;soma
2025-01-20;4.800000000000001;24;True;0;84100000;chuva;Epagri;;;2;False;diaria;48ca7231acd1057b_diario_derivado;;interna;horaria_agregada;soma
2025-01-21;0.2;24;True;0;84100000;chuva;Epagri;;;2;False;diaria;48ca7231acd1057b_diario_derivado;;interna;horaria_agregada;soma
2025-01-22;0.0;24;True;0;84100000;chuva;Epagri;;;2;False;diaria;48ca7231acd1057b_diario_derivado;;interna;horaria_agregada;soma
2025-01-23;1.8;24;True;0;84100000;chuva;Epagri;;;2;False;diaria;48ca7231acd1057b_diario_derivado;;interna;horaria_agregada;soma
2025-01-24;87.80000000000001;24;True;0;84100000;chuva;Epagri;;;2;False;diaria;48ca7231acd1057b_diario_derivado;;interna;horaria_agregada;soma
2025-01-25;23.0;24;True;0;84100000;chuva;Epagri;;;2;False;diaria;48ca7231acd1057b_diario_derivado;;interna;horaria_agregada;soma
2025-01-26;0.4;24;True;0;84100000;chuva;Epagri;;;2;False;diaria;48ca7231acd1057b_diario_derivado;;interna;horaria_agregada;soma
2025-01-27;0.6;24;True;0;84100000;chuva;Epagri;;;2;False;diaria;48ca7231acd1057b_diario_derivado;;interna;horaria_agregada;soma
2025-01-28;9.0;24;True;0;84100000;chuva;Epagri;;;2;False;diaria;48ca7231acd1057b_diario_derivado;;interna;horaria_agregada;soma
2025-01-29;0.8;24;True;0;84100000;chuva;Epagri;;;2;False;diaria;48ca7231acd1057b_diario_derivado;;interna;horaria_agregada;soma
2025-01-30;1.0;24;True;0;84100000;chuva;Epagri;;;2;False;diaria;48ca7231acd1057b_diario_derivado;;interna;horaria_agregada;soma
2025-01-31;1.0;24;True;0;84100000;chuva;Epagri;;;2;False;diaria;48ca7231acd1057b_diario_derivado;;interna;horaria_agregada;soma
2025-02-01;0.2;24;True;0;84100000;chuva;Epagri;;;2;False;diaria;48ca7231acd1057b_diario_derivado;;interna;horaria_agregada;soma
2025-02-02;7.0;24;True;0;84100000;chuva;Epagri;;;2;False;diaria;48ca7231acd1057b_diario_derivado;;interna;horaria_agregada;soma
2025-02-03;4.4;24;True;0;84100000;chuva;Epagri;;;2;False;diaria;48ca7231acd1057b_diario_derivado;;interna;horaria_agregada;soma
2025-02-04;11.4;24;True;0;84100000;chuva;Epagri;;;2;False;diaria;48ca7231acd1057b_diario_derivado;;interna;horaria_agregada;soma
2025-02-05;0.2;24;True;0;84100000;chuva;Epagri;;;2;False;diaria;48ca7231acd1057b_diario_derivado;;interna;horaria_agregada;soma
2025-02-06;19.8;24;True;0;84100000;chuva;Epagri;;;2;False;diaria;48ca7231acd1057b_diario_derivado;;interna;horaria_agregada;soma
2025-02-07;0.04;24;True;0;84100000;chuva;Epagri;;;2;False;diaria;48ca7231acd1057b_diario_derivado;;interna;horaria_agregada;soma
2025-02-08;0.0;24;True;0;84100000;chuva;Epagri;;;2;False;diaria;48ca7231acd1057b_diario_derivado;;interna;horaria_agregada;soma
2025-02-09;0.0;24;True;0;84100000;chuva;Epagri;;;2;False;diaria;48ca7231acd1057b_diario_derivado;;interna;horaria_agregada;soma
2025-02-10;0.0;24;True;0;84100000;chuva;Epagri;;;2;False;diaria;48ca7231acd1057b_diario_derivado;;interna;horaria_agregada;soma
2025-02-11;0.0;24;True;0;84100000;chuva;Epagri;;;2;False;diaria;48ca7231acd1057b_diario_derivado;;interna;horaria_agregada;soma
2025-02-12;;23;False;0;84100000;chuva;Epagri;;;2;False;diaria;48ca7231acd1057b_diario_derivado;;interna;horaria_agregada;soma
2025-02-13;6.199999999999999;24;True;0;84100000;chuva;Epagri;;;2;False;diaria;48ca7231acd1057b_diario_derivado;;interna;horaria_agregada;soma
2025-02-14;1.4000000000000001;24;True;0;84100000;chuva;Epagri;;;2;False;diaria;48ca7231acd1057b_diario_derivado;;interna;horaria_agregada;soma
2025-02-15;16.6;24;True;0;84100000;chuva;Epagri;;;2;False;diaria;48ca7231acd1057b_diario_derivado;;interna;horaria_agregada;soma
2025-02-16;6.4;24;True;0;84100000;chuva;Epagri;;;2;False;diaria;48ca7231acd1057b_diario_derivado;;interna;horaria_agregada;soma
2025-02-17;28.4;24;True;0;84100000;chuva;Epagri;;;2;False;diaria;48ca7231acd1057b_diario_derivado;;interna;horaria_agregada;soma
2025-02-18;0.8;24;True;0;84100000;chuva;Epagri;;;2;False;diaria;48ca7231acd1057b_diario_derivado;;interna;horaria_agregada;soma
2025-02-19;9.6;24;True;0;84100000;chuva;Epagri;;;2;False;diaria;48ca7231acd1057b_diario_derivado;;interna;horaria_agregada;soma
2025-02-20;4.4;24;True;0;84100000;chuva;Epagri;;;2;False;diaria;48ca7231acd1057b_diario_derivado;;interna;horaria_agregada;soma
2025-02-21;0.2;24;True;0;84100000;chuva;Epagri;;;2;False;diaria;48ca7231acd1057b_diario_derivado;;interna;horaria_agregada;soma
2025-02-22;0.0;24;True;0;84100000;chuva;Epagri;;;2;False;diaria;48ca7231acd1057b_diario_derivado;;interna;horaria_agregada;soma
2025-02-23;0.0;24;True;0;84100000;chuva;Epagri;;;2;False;diaria;48ca7231acd1057b_diario_derivado;;interna;horaria_agregada;soma
2025-02-24;0.0;24;True;0;84100000;chuva;Epagri;;;2;False;diaria;48ca7231acd1057b_diario_derivado;;interna;horaria_agregada;soma
2025-02-25;4.8;24;True;0;84100000;chuva;Epagri;;;2;False;diaria;48ca7231acd1057b_diario_derivado;;interna;horaria_agregada;soma
2025-02-26;0.2;24;True;0;84100000;chuva;Epagri;;;2;False;diaria;48ca7231acd1057b_diario_derivado;;interna;horaria_agregada;soma
2025-02-27;0.8;24;True;0;84100000;chuva;Epagri;;;2;False;diaria;48ca7231acd1057b_diario_derivado;;interna;horaria_agregada;soma
2025-02-28;0.0;24;True;0;84100000;chuva;Epagri;;;2;False;diaria;48ca7231acd1057b_diario_derivado;;interna;horaria_agregada;soma
2025-03-01;0.0;24;True;0;84100000;chuva;Epagri;;;2;False;diaria;48ca7231acd1057b_diario_derivado;;interna;horaria_agregada;soma
2025-03-02;0.0;24;True;0;84100000;chuva;Epagri;;;2;False;diaria;48ca7231acd1057b_diario_derivado;;interna;horaria_agregada;soma
2025-03-03;0.0;24;True;0;84100000;chuva;Epagri;;;2;False;diaria;48ca7231acd1057b_diario_derivado;;interna;horaria_agregada;soma
2025-03-04;0.0;24;True;0;84100000;chuva;Epagri;;;2;False;diaria;48ca7231acd1057b_diario_derivado;;interna;horaria_agregada;soma
2025-03-05;0.0;24;True;0;84100000;chuva;Epagri;;;2;False;diaria;48ca7231acd1057b_diario_derivado;;interna;horaria_agregada;soma
2025-03-06;0.2;24;True;0;84100000;chuva;Epagri;;;2;False;diaria;48ca7231acd1057b_diario_derivado;;interna;horaria_agregada;soma
2025-03-07;1.4;24;True;0;84100000;chuva;Epagri;;;2;False;diaria;48ca7231acd1057b_diario_derivado;;interna;horaria_agregada;soma
2025-03-08;5.6;24;True;0;84100000;chuva;Epagri;;;2;False;diaria;48ca7231acd1057b_diario_derivado;;interna;horaria_agregada;soma
2025-03-09;4.6;24;True;0;84100000;chuva;Epagri;;;2;False;diaria;48ca7231acd1057b_diario_derivado;;interna;horaria_agregada;soma
2025-03-10;0.2;24;True;0;84100000;chuva;Epagri;;;2;False;diaria;48ca7231acd1057b_diario_derivado;;interna;horaria_agregada;soma
2025-03-11;15.6;24;True;0;84100000;chuva;Epagri;;;2;False;diaria;48ca7231acd1057b_diario_derivado;;interna;horaria_agregada;soma
2025-03-12;14.4;24;True;0;84100000;chuva;Epagri;;;2;False;diaria;48ca7231acd1057b_diario_derivado;;interna;horaria_agregada;soma
2025-03-13;6.3999999999999995;24;True;0;84100000;chuva;Epagri;;;2;False;diaria;48ca7231acd1057b_diario_derivado;;interna;horaria_agregada;soma
2025-03-14;1.4000000000000001;24;True;0;84100000;chuva;Epagri;;;2;False;diaria;48ca7231acd1057b_diario_derivado;;interna;horaria_agregada;soma
2025-03-15;0.0;24;True;0;84100000;chuva;Epagri;;;2;False;diaria;48ca7231acd1057b_diario_derivado;;interna;horaria_agregada;soma
2025-03-16;0.0;24;True;0;84100000;chuva;Epagri;;;2;False;diaria;48ca7231acd1057b_diario_derivado;;interna;horaria_agregada;soma
2025-03-17;0.0;24;True;0;84100000;chuva;Epagri;;;2;False;diaria;48ca7231acd1057b_diario_derivado;;interna;horaria_agregada;soma
2025-03-18;8.4;24;True;0;84100000;chuva;Epagri;;;2;False;diaria;48ca7231acd1057b_diario_derivado;;interna;horaria_agregada;soma
2025-03-19;0.2;24;True;0;84100000;chuva;Epagri;;;2;False;diaria;48ca7231acd1057b_diario_derivado;;interna;horaria_agregada;soma
2025-03-20;0.0;24;True;0;84100000;chuva;Epagri;;;2;False;diaria;48ca7231acd1057b_diario_derivado;;interna;horaria_agregada;soma
2025-03-21;0.0;24;True;0;84100000;chuva;Epagri;;;2;False;diaria;48ca7231acd1057b_diario_derivado;;interna;horaria_agregada;soma
2025-03-22;0.0;24;True;0;84100000;chuva;Epagri;;;2;False;diaria;48ca7231acd1057b_diario_derivado;;interna;horaria_agregada;soma
2025-03-23;5.2;24;True;0;84100000;chuva;Epagri;;;2;False;diaria;48ca7231acd1057b_diario_derivado;;interna;horaria_agregada;soma
2025-03-24;1.0;24;True;0;84100000;chuva;Epagri;;;2;False;diaria;48ca7231acd1057b_diario_derivado;;interna;horaria_agregada;soma
2025-03-25;9.8;24;True;0;84100000;chuva;Epagri;;;2;False;diaria;48ca7231acd1057b_diario_derivado;;interna;horaria_agregada;soma
2025-03-26;0.8;24;True;0;84100000;chuva;Epagri;;;2;False;diaria;48ca7231acd1057b_diario_derivado;;interna;horaria_agregada;soma
2025-03-27;0.0;24;True;0;84100000;chuva;Epagri;;;2;False;diaria;48ca7231acd1057b_diario_derivado;;interna;horaria_agregada;soma
2025-03-28;0.0;24;True;0;84100000;chuva;Epagri;;;2;False;diaria;48ca7231acd1057b_diario_derivado;;interna;horaria_agregada;soma
2025-03-29;0.0;24;True;0;84100000;chuva;Epagri;;;2;False;diaria;48ca7231acd1057b_diario_derivado;;interna;horaria_agregada;soma
2025-03-30;0.6000000000000001;24;True;0;84100000;chuva;Epagri;;;2;False;diaria;48ca7231acd1057b_diario_derivado;;interna;horaria_agregada;soma
2025-03-31;0.0;24;True;0;84100000;chuva;Epagri;;;2;False;diaria;48ca7231acd1057b_diario_derivado;;interna;horaria_agregada;soma
2025-04-01;0.0;24;True;0;84100000;chuva;Epagri;;;2;False;diaria;48ca7231acd1057b_diario_derivado;;interna;horaria_agregada;soma
2025-04-02;3.4000000000000004;24;True;0;84100000;chuva;Epagri;;;2;False;diaria;48ca7231acd1057b_diario_derivado;;interna;horaria_agregada;soma
2025-04-03;9.0;24;True;0;84100000;chuva;Epagri;;;2;False;diaria;48ca7231acd1057b_diario_derivado;;interna;horaria_agregada;soma
2025-04-04;0.2;24;True;0;84100000;chuva;Epagri;;;2;False;diaria;48ca7231acd1057b_diario_derivado;;interna;horaria_agregada;soma
2025-04-05;0.0;24;True;0;84100000;chuva;Epagri;;;2;False;diaria;48ca7231acd1057b_diario_derivado;;interna;horaria_agregada;soma
2025-04-06;0.0;24;True;0;84100000;chuva;Epagri;;;2;False;diaria;48ca7231acd1057b_diario_derivado;;interna;horaria_agregada;soma
2025-04-07;14.2;24;True;0;84100000;chuva;Epagri;;;2;False;diaria;48ca7231acd1057b_diario_derivado;;interna;horaria_agregada;soma
2025-04-08;28.6;24;True;0;84100000;chuva;Epagri;;;2;False;diaria;48ca7231acd1057b_diario_derivado;;interna;horaria_agregada;soma
2025-04-09;1.6;24;True;0;84100000;chuva;Epagri;;;2;False;diaria;48ca7231acd1057b_diario_derivado;;interna;horaria_agregada;soma
2025-04-10;48.2;24;True;0;84100000;chuva;Epagri;;;2;False;diaria;48ca7231acd1057b_diario_derivado;;interna;horaria_agregada;soma
2025-04-11;3.6;24;True;0;84100000;chuva;Epagri;;;2;False;diaria;48ca7231acd1057b_diario_derivado;;interna;horaria_agregada;soma
2025-04-12;2.0;24;True;0;84100000;chuva;Epagri;;;2;False;diaria;48ca7231acd1057b_diario_derivado;;interna;horaria_agregada;soma
2025-04-13;3.6;24;True;0;84100000;chuva;Epagri;;;2;False;diaria;48ca7231acd1057b_diario_derivado;;interna;horaria_agregada;soma
2025-04-14;0.2;24;True;0;84100000;chuva;Epagri;;;2;False;diaria;48ca7231acd1057b_diario_derivado;;interna;horaria_agregada;soma
2025-04-15;0.0;24;True;0;84100000;chuva;Epagri;;;2;False;diaria;48ca7231acd1057b_diario_derivado;;interna;horaria_agregada;soma
2025-04-16;0.0;24;True;0;84100000;chuva;Epagri;;;2;False;diaria;48ca7231acd1057b_diario_derivado;;interna;horaria_agregada;soma
2025-04-17;0.2;24;True;0;84100000;chuva;Epagri;;;2;False;diaria;48ca7231acd1057b_diario_derivado;;interna;horaria_agregada;soma
2025-04-18;0.0;24;True;0;84100000;chuva;Epagri;;;2;False;diaria;48ca7231acd1057b_diario_derivado;;interna;horaria_agregada;soma
2025-04-19;0.0;24;True;0;84100000;chuva;Epagri;;;2;False;diaria;48ca7231acd1057b_diario_derivado;;interna;horaria_agregada;soma
2025-04-20;0.0;24;True;0;84100000;chuva;Epagri;;;2;False;diaria;48ca7231acd1057b_diario_derivado;;interna;horaria_agregada;soma
2025-04-21;0.0;24;True;0;84100000;chuva;Epagri;;;2;False;diaria;48ca7231acd1057b_diario_derivado;;interna;horaria_agregada;soma
2025-04-22;0.0;24;True;0;84100000;chuva;Epagri;;;2;False;diaria;48ca7231acd1057b_diario_derivado;;interna;horaria_agregada;soma
2025-04-23;0.0;24;True;0;84100000;chuva;Epagri;;;2;False;diaria;48ca7231acd1057b_diario_derivado;;interna;horaria_agregada;soma
2025-04-24;0.0;24;True;0;84100000;chuva;Epagri;;;2;False;diaria;48ca7231acd1057b_diario_derivado;;interna;horaria_agregada;soma
2025-04-25;0.0;24;True;0;84100000;chuva;Epagri;;;2;False;diaria;48ca7231acd1057b_diario_derivado;;interna;horaria_agregada;soma
2025-04-26;0.0;24;True;0;84100000;chuva;Epagri;;;2;False;diaria;48ca7231acd1057b_diario_derivado;;interna;horaria_agregada;soma
2025-04-27;0.7999999999999999;24;True;0;84100000;chuva;Epagri;;;2;False;diaria;48ca7231acd1057b_diario_derivado;;interna;horaria_agregada;soma
2025-04-28;2.6;24;True;0;84100000;chuva;Epagri;;;2;False;diaria;48ca7231acd1057b_diario_derivado;;interna;horaria_agregada;soma
2025-04-29;0.0;24;True;0;84100000;chuva;Epagri;;;2;False;diaria;48ca7231acd1057b_diario_derivado;;interna;horaria_agregada;soma
2025-04-30;0.0;24;True;0;84100000;chuva;Epagri;;;2;False;diaria;48ca7231acd1057b_diario_derivado;;interna;horaria_agregada;soma
2025-05-01;0.0;24;True;0;84100000;chuva;Epagri;;;2;False;diaria;48ca7231acd1057b_diario_derivado;;interna;horaria_agregada;soma
2025-05-02;0.0;24;True;0;84100000;chuva;Epagri;;;2;False;diaria;48ca7231acd1057b_diario_derivado;;interna;horaria_agregada;soma
2025-05-03;0.0;24;True;0;84100000;chuva;Epagri;;;2;False;diaria;48ca7231acd1057b_diario_derivado;;interna;horaria_agregada;soma
2025-05-04;0.0;24;True;0;84100000;chuva;Epagri;;;2;False;diaria;48ca7231acd1057b_diario_derivado;;interna;horaria_agregada;soma
2025-05-05;0.0;24;True;0;84100000;chuva;Epagri;;;2;False;diaria;48ca7231acd1057b_diario_derivado;;interna;horaria_agregada;soma
2025-05-06;0.0;24;True;0;84100000;chuva;Epagri;;;2;False;diaria;48ca7231acd1057b_diario_derivado;;interna;horaria_agregada;soma
2025-05-07;0.0;24;True;0;84100000;chuva;Epagri;;;2;False;diaria;48ca7231acd1057b_diario_derivado;;interna;horaria_agregada;soma
2025-05-08;0.0;24;True;0;84100000;chuva;Epagri;;;2;False;diaria;48ca7231acd1057b_diario_derivado;;interna;horaria_agregada;soma
2025-05-09;16.4;24;True;0;84100000;chuva;Epagri;;;2;False;diaria;48ca7231acd1057b_diario_derivado;;interna;horaria_agregada;soma
2025-05-10;1.4;24;True;0;84100000;chuva;Epagri;;;2;False;diaria;48ca7231acd1057b_diario_derivado;;interna;horaria_agregada;soma
2025-05-11;0.0;24;True;0;84100000;chuva;Epagri;;;2;False;diaria;48ca7231acd1057b_diario_derivado;;interna;horaria_agregada;soma
2025-05-12;0.0;24;True;0;84100000;chuva;Epagri;;;2;False;diaria;48ca7231acd1057b_diario_derivado;;interna;horaria_agregada;soma
2025-05-13;12.8;24;True;0;84100000;chuva;Epagri;;;2;False;diaria;48ca7231acd1057b_diario_derivado;;interna;horaria_agregada;soma
2025-05-14;7.8;24;True;0;84100000;chuva;Epagri;;;2;False;diaria;48ca7231acd1057b_diario_derivado;;interna;horaria_agregada;soma
2025-05-15;0.0;24;True;0;84100000;chuva;Epagri;;;2;False;diaria;48ca7231acd1057b_diario_derivado;;interna;horaria_agregada;soma
2025-05-16;0.2;24;True;0;84100000;chuva;Epagri;;;2;False;diaria;48ca7231acd1057b_diario_derivado;;interna;horaria_agregada;soma
2025-05-17;0.0;24;True;0;84100000;chuva;Epagri;;;2;False;diaria;48ca7231acd1057b_diario_derivado;;interna;horaria_agregada;soma
2025-05-18;1.0;24;True;0;84100000;chuva;Epagri;;;2;False;diaria;48ca7231acd1057b_diario_derivado;;interna;horaria_agregada;soma
2025-05-19;0.0;24;True;0;84100000;chuva;Epagri;;;2;False;diaria;48ca7231acd1057b_diario_derivado;;interna;horaria_agregada;soma
2025-05-20;0.2;24;True;0;84100000;chuva;Epagri;;;2;False;diaria;48ca7231acd1057b_diario_derivado;;interna;horaria_agregada;soma
2025-05-21;14.4;24;True;0;84100000;chuva;Epagri;;;2;False;diaria;48ca7231acd1057b_diario_derivado;;interna;horaria_agregada;soma
2025-05-22;;23;False;0;84100000;chuva;Epagri;;;2;False;diaria;48ca7231acd1057b_diario_derivado;;interna;horaria_agregada;soma
2025-05-23;;14;False;0;84100000;chuva;Epagri;;;2;False;diaria;48ca7231acd1057b_diario_derivado;;interna;horaria_agregada;soma
2025-05-24;;17;False;0;84100000;chuva;Epagri;;;2;False;diaria;48ca7231acd1057b_diario_derivado;;interna;horaria_agregada;soma
2025-05-25;;17;False;0;84100000;chuva;Epagri;;;2;False;diaria;48ca7231acd1057b_diario_derivado;;interna;horaria_agregada;soma
2025-05-26;;21;False;0;84100000;chuva;Epagri;;;2;False;diaria;48ca7231acd1057b_diario_derivado;;interna;horaria_agregada;soma
2025-05-27;0.0;24;True;0;84100000;chuva;Epagri;;;2;False;diaria;48ca7231acd1057b_diario_derivado;;interna;horaria_agregada;soma
2025-05-28;0.8;24;True;0;84100000;chuva;Epagri;;;2;False;diaria;48ca7231acd1057b_diario_derivado;;interna;horaria_agregada;soma
2025-05-29;0.0;24;True;0;84100000;chuva;Epagri;;;2;False;diaria;48ca7231acd1057b_diario_derivado;;interna;horaria_agregada;soma
2025-05-30;0.0;24;True;0;84100000;chuva;Epagri;;;2;False;diaria;48ca7231acd1057b_diario_derivado;;interna;horaria_agregada;soma
2025-05-31;0.0;24;True;0;84100000;chuva;Epagri;;;2;False;diaria;48ca7231acd1057b_diario_derivado;;interna;horaria_agregada;soma
2025-06-01;0.0;24;True;0;84100000;chuva;Epagri;;;2;False;diaria;48ca7231acd1057b_diario_derivado;;interna;horaria_agregada;soma
2025-06-02;0.0;24;True;0;84100000;chuva;Epagri;;;2;False;diaria;48ca7231acd1057b_diario_derivado;;interna;horaria_agregada;soma
2025-06-03;;19;False;0;84100000;chuva;Epagri;;;2;False;diaria;48ca7231acd1057b_diario_derivado;;interna;horaria_agregada;soma
2025-06-04;;19;False;0;84100000;chuva;Epagri;;;2;False;diaria;48ca7231acd1057b_diario_derivado;;interna;horaria_agregada;soma
2025-06-05;;19;False;0;84100000;chuva;Epagri;;;2;False;diaria;48ca7231acd1057b_diario_derivado;;interna;horaria_agregada;soma
2025-06-06;;17;False;0;84100000;chuva;Epagri;;;2;False;diaria;48ca7231acd1057b_diario_derivado;;interna;horaria_agregada;soma
2025-06-07;;19;False;0;84100000;chuva;Epagri;;;2;False;diaria;48ca7231acd1057b_diario_derivado;;interna;horaria_agregada;soma
2025-06-08;;17;False;0;84100000;chuva;Epagri;;;2;False;diaria;48ca7231acd1057b_diario_derivado;;interna;horaria_agregada;soma
2025-06-09;;18;False;0;84100000;chuva;Epagri;;;2;False;diaria;48ca7231acd1057b_diario_derivado;;interna;horaria_agregada;soma
2025-06-10;;17;False;0;84100000;chuva;Epagri;;;2;False;diaria;48ca7231acd1057b_diario_derivado;;interna;horaria_agregada;soma
2025-06-11;;14;False;0;84100000;chuva;Epagri;;;2;False;diaria;48ca7231acd1057b_diario_derivado;;interna;horaria_agregada;soma
2025-06-12;;15;False;0;84100000;chuva;Epagri;;;2;False;diaria;48ca7231acd1057b_diario_derivado;;interna;horaria_agregada;soma
2025-06-13;;13;False;0;84100000;chuva;Epagri;;;2;False;diaria;48ca7231acd1057b_diario_derivado;;interna;horaria_agregada;soma
2025-06-14;;15;False;0;84100000;chuva;Epagri;;;2;False;diaria;48ca7231acd1057b_diario_derivado;;interna;horaria_agregada;soma
2025-06-15;;11;False;0;84100000;chuva;Epagri;;;2;False;diaria;48ca7231acd1057b_diario_derivado;;interna;horaria_agregada;soma
2025-06-16;;14;False;0;84100000;chuva;Epagri;;;2;False;diaria;48ca7231acd1057b_diario_derivado;;interna;horaria_agregada;soma
2025-06-17;;16;False;0;84100000;chuva;Epagri;;;2;False;diaria;48ca7231acd1057b_diario_derivado;;interna;horaria_agregada;soma
2025-06-18;;13;False;0;84100000;chuva;Epagri;;;2;False;diaria;48ca7231acd1057b_diario_derivado;;interna;horaria_agregada;soma
2025-06-19;;10;False;0;84100000;chuva;Epagri;;;2;False;diaria;48ca7231acd1057b_diario_derivado;;interna;horaria_agregada;soma
2025-06-20;;12;False;0;84100000;chuva;Epagri;;;2;False;diaria;48ca7231acd1057b_diario_derivado;;interna;horaria_agregada;soma
2025-06-21;;12;False;0;84100000;chuva;Epagri;;;2;False;diaria;48ca7231acd1057b_diario_derivado;;interna;horaria_agregada;soma
2025-06-22;;11;False;0;84100000;chuva;Epagri;;;2;False;diaria;48ca7231acd1057b_diario_derivado;;interna;horaria_agregada;soma
2025-06-23;;12;False;0;84100000;chuva;Epagri;;;2;False;diaria;48ca7231acd1057b_diario_derivado;;interna;horaria_agregada;soma
2025-06-24;;10;False;0;84100000;chuva;Epagri;;;2;False;diaria;48ca7231acd1057b_diario_derivado;;interna;horaria_agregada;soma
2025-06-25;;11;False;0;84100000;chuva;Epagri;;;2;False;diaria;48ca7231acd1057b_diario_derivado;;interna;horaria_agregada;soma
2025-06-26;;0;False;0;84100000;chuva;Epagri;;;2;False;diaria;48ca7231acd1057b_diario_derivado;;interna;horaria_agregada;soma
2025-06-27;;12;False;0;84100000;chuva;Epagri;;;2;False;diaria;48ca7231acd1057b_diario_derivado;;interna;horaria_agregada;soma
2025-06-28;;0;False;0;84100000;chuva;Epagri;;;2;False;diaria;48ca7231acd1057b_diario_derivado;;interna;horaria_agregada;soma
2025-06-29;;11;False;0;84100000;chuva;Epagri;;;2;False;diaria;48ca7231acd1057b_diario_derivado;;interna;horaria_agregada;soma
2025-06-30;;8;False;0;84100000;chuva;Epagri;;;2;False;diaria;48ca7231acd1057b_diario_derivado;;interna;horaria_agregada;soma
2025-07-01;;10;False;0;84100000;chuva;Epagri;;;2;False;diaria;48ca7231acd1057b_diario_derivado;;interna;horaria_agregada;soma
2025-07-02;;10;False;0;84100000;chuva;Epagri;;;2;False;diaria;48ca7231acd1057b_diario_derivado;;interna;horaria_agregada;soma
2025-07-03;;11;False;0;84100000;chuva;Epagri;;;2;False;diaria;48ca7231acd1057b_diario_derivado;;interna;horaria_agregada;soma
2025-07-04;;11;False;0;84100000;chuva;Epagri;;;2;False;diaria;48ca7231acd1057b_diario_derivado;;interna;horaria_agregada;soma
2025-07-05;;10;False;0;84100000;chuva;Epagri;;;2;False;diaria;48ca7231acd1057b_diario_derivado;;interna;horaria_agregada;soma
2025-07-06;;10;False;0;84100000;chuva;Epagri;;;2;False;diaria;48ca7231acd1057b_diario_derivado;;interna;horaria_agregada;soma
2025-07-07;;9;False;0;84100000;chuva;Epagri;;;2;False;diaria;48ca7231acd1057b_diario_derivado;;interna;horaria_agregada;soma
2025-07-08;;11;False;0;84100000;chuva;Epagri;;;2;False;diaria;48ca7231acd1057b_diario_derivado;;interna;horaria_agregada;soma
2025-07-09;;10;False;0;84100000;chuva;Epagri;;;2;False;diaria;48ca7231acd1057b_diario_derivado;;interna;horaria_agregada;soma
2025-07-10;;11;False;0;84100000;chuva;Epagri;;;2;False;diaria;48ca7231acd1057b_diario_derivado;;interna;horaria_agregada;soma
2025-07-11;;11;False;0;84100000;chuva;Epagri;;;2;False;diaria;48ca7231acd1057b_diario_derivado;;interna;horaria_agregada;soma
2025-07-12;;9;False;0;84100000;chuva;Epagri;;;2;False;diaria;48ca7231acd1057b_diario_derivado;;interna;horaria_agregada;soma
2025-07-13;;10;False;0;84100000;chuva;Epagri;;;2;False;diaria;48ca7231acd1057b_diario_derivado;;interna;horaria_agregada;soma
2025-07-14;;9;False;0;84100000;chuva;Epagri;;;2;False;diaria;48ca7231acd1057b_diario_derivado;;interna;horaria_agregada;soma
2025-07-15;;10;False;0;84100000;chuva;Epagri;;;2;False;diaria;48ca7231acd1057b_diario_derivado;;interna;horaria_agregada;soma
2025-07-16;;9;False;0;84100000;chuva;Epagri;;;2;False;diaria;48ca7231acd1057b_diario_derivado;;interna;horaria_agregada;soma
2025-07-17;;9;False;0;84100000;chuva;Epagri;;;2;False;diaria;48ca7231acd1057b_diario_derivado;;interna;horaria_agregada;soma
2025-07-18;;9;False;0;84100000;chuva;Epagri;;;2;False;diaria;48ca7231acd1057b_diario_derivado;;interna;horaria_agregada;soma
2025-07-19;;10;False;0;84100000;chuva;Epagri;;;2;False;diaria;48ca7231acd1057b_diario_derivado;;interna;horaria_agregada;soma
2025-07-20;;10;False;0;84100000;chuva;Epagri;;;2;False;diaria;48ca7231acd1057b_diario_derivado;;interna;horaria_agregada;soma
2025-07-21;;9;False;0;84100000;chuva;Epagri;;;2;False;diaria;48ca7231acd1057b_diario_derivado;;interna;horaria_agregada;soma
2025-07-22;;10;False;0;84100000;chuva;Epagri;;;2;False;diaria;48ca7231acd1057b_diario_derivado;;interna;horaria_agregada;soma
2025-07-23;;7;False;0;84100000;chuva;Epagri;;;2;False;diaria;48ca7231acd1057b_diario_derivado;;interna;horaria_agregada;soma
2025-07-24;;0;False;0;84100000;chuva;Epagri;;;2;False;diaria;48ca7231acd1057b_diario_derivado;;interna;horaria_agregada;soma
2025-07-25;;9;False;0;84100000;chuva;Epagri;;;2;False;diaria;48ca7231acd1057b_diario_derivado;;interna;horaria_agregada;soma
2025-07-26;;11;False;0;84100000;chuva;Epagri;;;2;False;diaria;48ca7231acd1057b_diario_derivado;;interna;horaria_agregada;soma
2025-07-27;;9;False;0;84100000;chuva;Epagri;;;2;False;diaria;48ca7231acd1057b_diario_derivado;;interna;horaria_agregada;soma
2025-07-28;;7;False;0;84100000;chuva;Epagri;;;2;False;diaria;48ca7231acd1057b_diario_derivado;;interna;horaria_agregada;soma
2025-07-29;;9;False;0;84100000;chuva;Epagri;;;2;False;diaria;48ca7231acd1057b_diario_derivado;;interna;horaria_agregada;soma
2025-07-30;;9;False;0;84100000;chuva;Epagri;;;2;False;diaria;48ca7231acd1057b_diario_derivado;;interna;horaria_agregada;soma
2025-07-31;;10;False;0;84100000;chuva;Epagri;;;2;False;diaria;48ca7231acd1057b_diario_derivado;;interna;horaria_agregada;soma
2025-08-01;;9;False;0;84100000;chuva;Epagri;;;2;False;diaria;48ca7231acd1057b_diario_derivado;;interna;horaria_agregada;soma
2025-08-02;;11;False;0;84100000;chuva;Epagri;;;2;False;diaria;48ca7231acd1057b_diario_derivado;;interna;horaria_agregada;soma
2025-08-03;;8;False;0;84100000;chuva;Epagri;;;2;False;diaria;48ca7231acd1057b_diario_derivado;;interna;horaria_agregada;soma
2025-08-04;;6;False;0;84100000;chuva;Epagri;;;2;False;diaria;48ca7231acd1057b_diario_derivado;;interna;horaria_agregada;soma
2025-08-05;;0;False;0;84100000;chuva;Epagri;;;2;False;diaria;48ca7231acd1057b_diario_derivado;;interna;horaria_agregada;soma
2025-08-06;;0;False;0;84100000;chuva;Epagri;;;2;False;diaria;48ca7231acd1057b_diario_derivado;;interna;horaria_agregada;soma
2025-08-07;;6;False;0;84100000;chuva;Epagri;;;2;False;diaria;48ca7231acd1057b_diario_derivado;;interna;horaria_agregada;soma
2025-08-08;;4;False;0;84100000;chuva;Epagri;;;2;False;diaria;48ca7231acd1057b_diario_derivado;;interna;horaria_agregada;soma
2025-08-09;;8;False;0;84100000;chuva;Epagri;;;2;False;diaria;48ca7231acd1057b_diario_derivado;;interna;horaria_agregada;soma
2025-08-10;;9;False;0;84100000;chuva;Epagri;;;2;False;diaria;48ca7231acd1057b_diario_derivado;;interna;horaria_agregada;soma
2025-08-11;;9;False;0;84100000;chuva;Epagri;;;2;False;diaria;48ca7231acd1057b_diario_derivado;;interna;horaria_agregada;soma
2025-08-12;;9;False;0;84100000;chuva;Epagri;;;2;False;diaria;48ca7231acd1057b_diario_derivado;;interna;horaria_agregada;soma
2025-08-13;;9;False;0;84100000;chuva;Epagri;;;2;False;diaria;48ca7231acd1057b_diario_derivado;;interna;horaria_agregada;soma
2025-08-14;;8;False;0;84100000;chuva;Epagri;;;2;False;diaria;48ca7231acd1057b_diario_derivado;;interna;horaria_agregada;soma
2025-08-15;;8;False;0;84100000;chuva;Epagri;;;2;False;diaria;48ca7231acd1057b_diario_derivado;;interna;horaria_agregada;soma
2025-08-16;;8;False;0;84100000;chuva;Epagri;;;2;False;diaria;48ca7231acd1057b_diario_derivado;;interna;horaria_agregada;soma
2025-08-17;;8;False;0;84100000;chuva;Epagri;;;2;False;diaria;48ca7231acd1057b_diario_derivado;;interna;horaria_agregada;soma
2025-08-18;;10;False;0;84100000;chuva;Epagri;;;2;False;diaria;48ca7231acd1057b_diario_derivado;;interna;horaria_agregada;soma
2025-08-19;;7;False;0;84100000;chuva;Epagri;;;2;False;diaria;48ca7231acd1057b_diario_derivado;;interna;horaria_agregada;soma
2025-08-20;;8;False;0;84100000;chuva;Epagri;;;2;False;diaria;48ca7231acd1057b_diario_derivado;;interna;horaria_agregada;soma
2025-08-21;;8;False;0;84100000;chuva;Epagri;;;2;False;diaria;48ca7231acd1057b_diario_derivado;;interna;horaria_agregada;soma
2025-08-22;;8;False;0;84100000;chuva;Epagri;;;2;False;diaria;48ca7231acd1057b_diario_derivado;;interna;horaria_agregada;soma
2025-08-23;;8;False;0;84100000;chuva;Epagri;;;2;False;diaria;48ca7231acd1057b_diario_derivado;;interna;horaria_agregada;soma
2025-08-24;;0;False;0;84100000;chuva;Epagri;;;2;False;diaria;48ca7231acd1057b_diario_derivado;;interna;horaria_agregada;soma
2025-08-25;;0;False;0;84100000;chuva;Epagri;;;2;False;diaria;48ca7231acd1057b_diario_derivado;;interna;horaria_agregada;soma
2025-08-26;;0;False;0;84100000;chuva;Epagri;;;2;False;diaria;48ca7231acd1057b_diario_derivado;;interna;horaria_agregada;soma
2025-08-27;;0;False;0;84100000;chuva;Epagri;;;2;False;diaria;48ca7231acd1057b_diario_derivado;;interna;horaria_agregada;soma
2025-08-28;;5;False;0;84100000;chuva;Epagri;;;2;False;diaria;48ca7231acd1057b_diario_derivado;;interna;horaria_agregada;soma
2025-08-29;;0;False;0;84100000;chuva;Epagri;;;2;False;diaria;48ca7231acd1057b_diario_derivado;;interna;horaria_agregada;soma
2025-08-30;;0;False;0;84100000;chuva;Epagri;;;2;False;diaria;48ca7231acd1057b_diario_derivado;;interna;horaria_agregada;soma
2025-08-31;;0;False;0;84100000;chuva;Epagri;;;2;False;diaria;48ca7231acd1057b_diario_derivado;;interna;horaria_agregada;soma
2025-09-01;;0;False;0;84100000;chuva;Epagri;;;2;False;diaria;48ca7231acd1057b_diario_derivado;;interna;horaria_agregada;soma
2025-09-02;;0;False;0;84100000;chuva;Epagri;;;2;False;diaria;48ca7231acd1057b_diario_derivado;;interna;horaria_agregada;soma
2025-09-03;;0;False;0;84100000;chuva;Epagri;;;2;False;diaria;48ca7231acd1057b_diario_derivado;;interna;horaria_agregada;soma
2025-09-04;;9;False;0;84100000;chuva;Epagri;;;2;False;diaria;48ca7231acd1057b_diario_derivado;;interna;horaria_agregada;soma
2025-09-05;;0;False;0;84100000;chuva;Epagri;;;2;False;diaria;48ca7231acd1057b_diario_derivado;;interna;horaria_agregada;soma
2025-09-06;;3;False;0;84100000;chuva;Epagri;;;2;False;diaria;48ca7231acd1057b_diario_derivado;;interna;horaria_agregada;soma
2025-09-07;;0;False;0;84100000;chuva;Epagri;;;2;False;diaria;48ca7231acd1057b_diario_derivado;;interna;horaria_agregada;soma
2025-09-08;;0;False;0;84100000;chuva;Epagri;;;2;False;diaria;48ca7231acd1057b_diario_derivado;;interna;horaria_agregada;soma
2025-09-09;;7;False;0;84100000;chuva;Epagri;;;2;False;diaria;48ca7231acd1057b_diario_derivado;;interna;horaria_agregada;soma
2025-09-10;;6;False;0;84100000;chuva;Epagri;;;2;False;diaria;48ca7231acd1057b_diario_derivado;;interna;horaria_agregada;soma
2025-09-11;;6;False;0;84100000;chuva;Epagri;;;2;False;diaria;48ca7231acd1057b_diario_derivado;;interna;horaria_agregada;soma
2025-09-12;;6;False;0;84100000;chuva;Epagri;;;2;False;diaria;48ca7231acd1057b_diario_derivado;;interna;horaria_agregada;soma
2025-09-13;;7;False;0;84100000;chuva;Epagri;;;2;False;diaria;48ca7231acd1057b_diario_derivado;;interna;horaria_agregada;soma
2025-09-14;;4;False;0;84100000;chuva;Epagri;;;2;False;diaria;48ca7231acd1057b_diario_derivado;;interna;horaria_agregada;soma
2025-09-15;;0;False;0;84100000;chuva;Epagri;;;2;False;diaria;48ca7231acd1057b_diario_derivado;;interna;horaria_agregada;soma
2025-09-16;;10;False;0;84100000;chuva;Epagri;;;2;False;diaria;48ca7231acd1057b_diario_derivado;;interna;horaria_agregada;soma
2025-09-17;;5;False;0;84100000;chuva;Epagri;;;2;False;diaria;48ca7231acd1057b_diario_derivado;;interna;horaria_agregada;soma
2025-09-18;;5;False;0;84100000;chuva;Epagri;;;2;False;diaria;48ca7231acd1057b_diario_derivado;;interna;horaria_agregada;soma
2025-09-19;;10;False;0;84100000;chuva;Epagri;;;2;False;diaria;48ca7231acd1057b_diario_derivado;;interna;horaria_agregada;soma
2025-09-20;;0;False;0;84100000;chuva;Epagri;;;2;False;diaria;48ca7231acd1057b_diario_derivado;;interna;horaria_agregada;soma
2025-09-21;;2;False;0;84100000;chuva;Epagri;;;2;False;diaria;48ca7231acd1057b_diario_derivado;;interna;horaria_agregada;soma
2025-09-22;;0;False;0;84100000;chuva;Epagri;;;2;False;diaria;48ca7231acd1057b_diario_derivado;;interna;horaria_agregada;soma
2025-09-23;;7;False;0;84100000;chuva;Epagri;;;2;False;diaria;48ca7231acd1057b_diario_derivado;;interna;horaria_agregada;soma
2025-09-24;;8;False;0;84100000;chuva;Epagri;;;2;False;diaria;48ca7231acd1057b_diario_derivado;;interna;horaria_agregada;soma
2025-09-25;;9;False;0;84100000;chuva;Epagri;;;2;False;diaria;48ca7231acd1057b_diario_derivado;;interna;horaria_agregada;soma
2025-09-26;;9;False;0;84100000;chuva;Epagri;;;2;False;diaria;48ca7231acd1057b_diario_derivado;;interna;horaria_agregada;soma
2025-09-27;;5;False;0;84100000;chuva;Epagri;;;2;False;diaria;48ca7231acd1057b_diario_derivado;;interna;horaria_agregada;soma
2025-09-28;;3;False;0;84100000;chuva;Epagri;;;2;False;diaria;48ca7231acd1057b_diario_derivado;;interna;horaria_agregada;soma
2025-09-29;;9;False;0;84100000;chuva;Epagri;;;2;False;diaria;48ca7231acd1057b_diario_derivado;;interna;horaria_agregada;soma
2025-09-30;;8;False;0;84100000;chuva;Epagri;;;2;False;diaria;48ca7231acd1057b_diario_derivado;;interna;horaria_agregada;soma
2025-10-01;;7;False;0;84100000;chuva;Epagri;;;2;False;diaria;48ca7231acd1057b_diario_derivado;;interna;horaria_agregada;soma
2025-10-02;;5;False;0;84100000;chuva;Epagri;;;2;False;diaria;48ca7231acd1057b_diario_derivado;;interna;horaria_agregada;soma
2025-10-03;;0;False;0;84100000;chuva;Epagri;;;2;False;diaria;48ca7231acd1057b_diario_derivado;;interna;horaria_agregada;soma
2025-10-04;;8;False;0;84100000;chuva;Epagri;;;2;False;diaria;48ca7231acd1057b_diario_derivado;;interna;horaria_agregada;soma
2025-10-05;;10;False;0;84100000;chuva;Epagri;;;2;False;diaria;48ca7231acd1057b_diario_derivado;;interna;horaria_agregada;soma
2025-10-06;;3;False;0;84100000;chuva;Epagri;;;2;False;diaria;48ca7231acd1057b_diario_derivado;;interna;horaria_agregada;soma
2025-10-07;;5;False;0;84100000;chuva;Epagri;;;2;False;diaria;48ca7231acd1057b_diario_derivado;;interna;horaria_agregada;soma
2025-10-08;;7;False;0;84100000;chuva;Epagri;;;2;False;diaria;48ca7231acd1057b_diario_derivado;;interna;horaria_agregada;soma
2025-10-09;;4;False;0;84100000;chuva;Epagri;;;2;False;diaria;48ca7231acd1057b_diario_derivado;;interna;horaria_agregada;soma
2025-10-10;;0;False;0;84100000;chuva;Epagri;;;2;False;diaria;48ca7231acd1057b_diario_derivado;;interna;horaria_agregada;soma
2025-10-11;;9;False;0;84100000;chuva;Epagri;;;2;False;diaria;48ca7231acd1057b_diario_derivado;;interna;horaria_agregada;soma
2025-10-12;;9;False;0;84100000;chuva;Epagri;;;2;False;diaria;48ca7231acd1057b_diario_derivado;;interna;horaria_agregada;soma
2025-10-13;;12;False;0;84100000;chuva;Epagri;;;2;False;diaria;48ca7231acd1057b_diario_derivado;;interna;horaria_agregada;soma
2025-10-14;;10;False;0;84100000;chuva;Epagri;;;2;False;diaria;48ca7231acd1057b_diario_derivado;;interna;horaria_agregada;soma
2025-10-15;;5;False;0;84100000;chuva;Epagri;;;2;False;diaria;48ca7231acd1057b_diario_derivado;;interna;horaria_agregada;soma
2025-10-16;;10;False;0;84100000;chuva;Epagri;;;2;False;diaria;48ca7231acd1057b_diario_derivado;;interna;horaria_agregada;soma
2025-10-17;;11;False;0;84100000;chuva;Epagri;;;2;False;diaria;48ca7231acd1057b_diario_derivado;;interna;horaria_agregada;soma
2025-10-18;;12;False;0;84100000;chuva;Epagri;;;2;False;diaria;48ca7231acd1057b_diario_derivado;;interna;horaria_agregada;soma
2025-10-19;;12;False;0;84100000;chuva;Epagri;;;2;False;diaria;48ca7231acd1057b_diario_derivado;;interna;horaria_agregada;soma
2025-10-20;;13;False;0;84100000;chuva;Epagri;;;2;False;diaria;48ca7231acd1057b_diario_derivado;;interna;horaria_agregada;soma
2025-10-21;;12;False;0;84100000;chuva;Epagri;;;2;False;diaria;48ca7231acd1057b_diario_derivado;;interna;horaria_agregada;soma
2025-10-22;;13;False;0;84100000;chuva;Epagri;;;2;False;diaria;48ca7231acd1057b_diario_derivado;;interna;horaria_agregada;soma
2025-10-23;;14;False;0;84100000;chuva;Epagri;;;2;False;diaria;48ca7231acd1057b_diario_derivado;;interna;horaria_agregada;soma
2025-10-24;;13;False;0;84100000;chuva;Epagri;;;2;False;diaria;48ca7231acd1057b_diario_derivado;;interna;horaria_agregada;soma
2025-10-25;;11;False;0;84100000;chuva;Epagri;;;2;False;diaria;48ca7231acd1057b_diario_derivado;;interna;horaria_agregada;soma
2025-10-26;;11;False;0;84100000;chuva;Epagri;;;2;False;diaria;48ca7231acd1057b_diario_derivado;;interna;horaria_agregada;soma
2025-10-27;;10;False;0;84100000;chuva;Epagri;;;2;False;diaria;48ca7231acd1057b_diario_derivado;;interna;horaria_agregada;soma
2025-10-28;;11;False;0;84100000;chuva;Epagri;;;2;False;diaria;48ca7231acd1057b_diario_derivado;;interna;horaria_agregada;soma
2025-10-29;;11;False;0;84100000;chuva;Epagri;;;2;False;diaria;48ca7231acd1057b_diario_derivado;;interna;horaria_agregada;soma
2025-10-30;;10;False;0;84100000;chuva;Epagri;;;2;False;diaria;48ca7231acd1057b_diario_derivado;;interna;horaria_agregada;soma
2025-10-31;;10;False;0;84100000;chuva;Epagri;;;2;False;diaria;48ca7231acd1057b_diario_derivado;;interna;horaria_agregada;soma
2025-11-01;;12;False;0;84100000;chuva;Epagri;;;2;False;diaria;48ca7231acd1057b_diario_derivado;;interna;horaria_agregada;soma
2025-11-02;;13;False;0;84100000;chuva;Epagri;;;2;False;diaria;48ca7231acd1057b_diario_derivado;;interna;horaria_agregada;soma
2025-11-03;;12;False;0;84100000;chuva;Epagri;;;2;False;diaria;48ca7231acd1057b_diario_derivado;;interna;horaria_agregada;soma
2025-11-04;;13;False;0;84100000;chuva;Epagri;;;2;False;diaria;48ca7231acd1057b_diario_derivado;;interna;horaria_agregada;soma
2025-11-05;;14;False;0;84100000;chuva;Epagri;;;2;False;diaria;48ca7231acd1057b_diario_derivado;;interna;horaria_agregada;soma
2025-11-06;;14;False;0;84100000;chuva;Epagri;;;2;False;diaria;48ca7231acd1057b_diario_derivado;;interna;horaria_agregada;soma
2025-11-07;;9;False;0;84100000;chuva;Epagri;;;2;False;diaria;48ca7231acd1057b_diario_derivado;;interna;horaria_agregada;soma
2025-11-08;;13;False;0;84100000;chuva;Epagri;;;2;False;diaria;48ca7231acd1057b_diario_derivado;;interna;horaria_agregada;soma
2025-11-09;;12;False;0;84100000;chuva;Epagri;;;2;False;diaria;48ca7231acd1057b_diario_derivado;;interna;horaria_agregada;soma
2025-11-10;;13;False;0;84100000;chuva;Epagri;;;2;False;diaria;48ca7231acd1057b_diario_derivado;;interna;horaria_agregada;soma
2025-11-11;;13;False;0;84100000;chuva;Epagri;;;2;False;diaria;48ca7231acd1057b_diario_derivado;;interna;horaria_agregada;soma
2025-11-12;;13;False;0;84100000;chuva;Epagri;;;2;False;diaria;48ca7231acd1057b_diario_derivado;;interna;horaria_agregada;soma
2025-11-13;;13;False;0;84100000;chuva;Epagri;;;2;False;diaria;48ca7231acd1057b_diario_derivado;;interna;horaria_agregada;soma
2025-11-14;;13;False;0;84100000;chuva;Epagri;;;2;False;diaria;48ca7231acd1057b_diario_derivado;;interna;horaria_agregada;soma
2025-11-15;;14;False;0;84100000;chuva;Epagri;;;2;False;diaria;48ca7231acd1057b_diario_derivado;;interna;horaria_agregada;soma
2025-11-16;;14;False;0;84100000;chuva;Epagri;;;2;False;diaria;48ca7231acd1057b_diario_derivado;;interna;horaria_agregada;soma
2025-11-17;;11;False;0;84100000;chuva;Epagri;;;2;False;diaria;48ca7231acd1057b_diario_derivado;;interna;horaria_agregada;soma
2025-11-18;;12;False;0;84100000;chuva;Epagri;;;2;False;diaria;48ca7231acd1057b_diario_derivado;;interna;horaria_agregada;soma
2025-11-19;;13;False;0;84100000;chuva;Epagri;;;2;False;diaria;48ca7231acd1057b_diario_derivado;;interna;horaria_agregada;soma
2025-11-20;;14;False;0;84100000;chuva;Epagri;;;2;False;diaria;48ca7231acd1057b_diario_derivado;;interna;horaria_agregada;soma
2025-11-21;;14;False;0;84100000;chuva;Epagri;;;2;False;diaria;48ca7231acd1057b_diario_derivado;;interna;horaria_agregada;soma
2025-11-22;;10;False;0;84100000;chuva;Epagri;;;2;False;diaria;48ca7231acd1057b_diario_derivado;;interna;horaria_agregada;soma
2025-11-23;;12;False;0;84100000;chuva;Epagri;;;2;False;diaria;48ca7231acd1057b_diario_derivado;;interna;horaria_agregada;soma
2025-11-24;;14;False;0;84100000;chuva;Epagri;;;2;False;diaria;48ca7231acd1057b_diario_derivado;;interna;horaria_agregada;soma
2025-11-25;;13;False;0;84100000;chuva;Epagri;;;2;False;diaria;48ca7231acd1057b_diario_derivado;;interna;horaria_agregada;soma
2025-11-26;;13;False;0;84100000;chuva;Epagri;;;2;False;diaria;48ca7231acd1057b_diario_derivado;;interna;horaria_agregada;soma
2025-11-27;;13;False;0;84100000;chuva;Epagri;;;2;False;diaria;48ca7231acd1057b_diario_derivado;;interna;horaria_agregada;soma
2025-11-28;;13;False;0;84100000;chuva;Epagri;;;2;False;diaria;48ca7231acd1057b_diario_derivado;;interna;horaria_agregada;soma
2025-11-29;;14;False;0;84100000;chuva;Epagri;;;2;False;diaria;48ca7231acd1057b_diario_derivado;;interna;horaria_agregada;soma
2025-11-30;;12;False;0;84100000;chuva;Epagri;;;2;False;diaria;48ca7231acd1057b_diario_derivado;;interna;horaria_agregada;soma
2025-12-01;;10;False;0;84100000;chuva;Epagri;;;2;False;diaria;48ca7231acd1057b_diario_derivado;;interna;horaria_agregada;soma
2025-12-02;;11;False;0;84100000;chuva;Epagri;;;2;False;diaria;48ca7231acd1057b_diario_derivado;;interna;horaria_agregada;soma
2025-12-03;;14;False;0;84100000;chuva;Epagri;;;2;False;diaria;48ca7231acd1057b_diario_derivado;;interna;horaria_agregada;soma
2025-12-04;;14;False;0;84100000;chuva;Epagri;;;2;False;diaria;48ca7231acd1057b_diario_derivado;;interna;horaria_agregada;soma
2025-12-05;;14;False;0;84100000;chuva;Epagri;;;2;False;diaria;48ca7231acd1057b_diario_derivado;;interna;horaria_agregada;soma
2025-12-06;;14;False;0;84100000;chuva;Epagri;;;2;False;diaria;48ca7231acd1057b_diario_derivado;;interna;horaria_agregada;soma
2025-12-07;;7;False;0;84100000;chuva;Epagri;;;2;False;diaria;48ca7231acd1057b_diario_derivado;;interna;horaria_agregada;soma
2025-12-08;;14;False;0;84100000;chuva;Epagri;;;2;False;diaria;48ca7231acd1057b_diario_derivado;;interna;horaria_agregada;soma
2025-12-09;;0;False;0;84100000;chuva;Epagri;;;2;False;diaria;48ca7231acd1057b_diario_derivado;;interna;horaria_agregada;soma
2025-12-10;;12;False;0;84100000;chuva;Epagri;;;2;False;diaria;48ca7231acd1057b_diario_derivado;;interna;horaria_agregada;soma
2025-12-11;;11;False;0;84100000;chuva;Epagri;;;2;False;diaria;48ca7231acd1057b_diario_derivado;;interna;horaria_agregada;soma
2025-12-12;;0;False;0;84100000;chuva;Epagri;;;2;False;diaria;48ca7231acd1057b_diario_derivado;;interna;horaria_agregada;soma
2025-12-13;;10;False;0;84100000;chuva;Epagri;;;2;False;diaria;48ca7231acd1057b_diario_derivado;;interna;horaria_agregada;soma
2025-12-14;;14;False;0;84100000;chuva;Epagri;;;2;False;diaria;48ca7231acd1057b_diario_derivado;;interna;horaria_agregada;soma
2025-12-15;;0;False;0;84100000;chuva;Epagri;;;2;False;diaria;48ca7231acd1057b_diario_derivado;;interna;horaria_agregada;soma
2025-12-16;;6;False;0;84100000;chuva;Epagri;;;2;False;diaria;48ca7231acd1057b_diario_derivado;;interna;horaria_agregada;soma
2025-12-17;;0;False;0;84100000;chuva;Epagri;;;2;False;diaria;48ca7231acd1057b_diario_derivado;;interna;horaria_agregada;soma
2025-12-18;;6;False;0;84100000;chuva;Epagri;;;2;False;diaria;48ca7231acd1057b_diario_derivado;;interna;horaria_agregada;soma
2025-12-19;;12;False;0;84100000;chuva;Epagri;;;2;False;diaria;48ca7231acd1057b_diario_derivado;;interna;horaria_agregada;soma
2025-12-20;;8;False;0;84100000;chuva;Epagri;;;2;False;diaria;48ca7231acd1057b_diario_derivado;;interna;horaria_agregada;soma
2025-12-21;;11;False;0;84100000;chuva;Epagri;;;2;False;diaria;48ca7231acd1057b_diario_derivado;;interna;horaria_agregada;soma
2025-12-22;;9;False;0;84100000;chuva;Epagri;;;2;False;diaria;48ca7231acd1057b_diario_derivado;;interna;horaria_agregada;soma
2025-12-23;;10;False;0;84100000;chuva;Epagri;;;2;False;diaria;48ca7231acd1057b_diario_derivado;;interna;horaria_agregada;soma
2025-12-24;;10;False;0;84100000;chuva;Epagri;;;2;False;diaria;48ca7231acd1057b_diario_derivado;;interna;horaria_agregada;soma
2025-12-25;;8;False;0;84100000;chuva;Epagri;;;2;False;diaria;48ca7231acd1057b_diario_derivado;;interna;horaria_agregada;soma
2025-12-26;;8;False;0;84100000;chuva;Epagri;;;2;False;diaria;48ca7231acd1057b_diario_derivado;;interna;horaria_agregada;soma
2025-12-27;;7;False;0;84100000;chuva;Epagri;;;2;False;diaria;48ca7231acd1057b_diario_derivado;;interna;horaria_agregada;soma
2025-12-28;;9;False;0;84100000;chuva;Epagri;;;2;False;diaria;48ca7231acd1057b_diario_derivado;;interna;horaria_agregada;soma
2025-12-29;;6;False;0;84100000;chuva;Epagri;;;2;False;diaria;48ca7231acd1057b_diario_derivado;;interna;horaria_agregada;soma
2025-12-30;;6;False;0;84100000;chuva;Epagri;;;2;False;diaria;48ca7231acd1057b_diario_derivado;;interna;horaria_agregada;soma
2025-12-31;;7;False;0;84100000;chuva;Epagri;;;2;False;diaria;48ca7231acd1057b_diario_derivado;;interna;horaria_agregada;soma
2026-01-01;;8;False;0;84100000;chuva;Epagri;;;2;False;diaria;48ca7231acd1057b_diario_derivado;;interna;horaria_agregada;soma
2026-01-02;;7;False;0;84100000;chuva;Epagri;;;2;False;diaria;48ca7231acd1057b_diario_derivado;;interna;horaria_agregada;soma
2026-01-03;;7;False;0;84100000;chuva;Epagri;;;2;False;diaria;48ca7231acd1057b_diario_derivado;;interna;horaria_agregada;soma
2026-01-04;;8;False;0;84100000;chuva;Epagri;;;2;False;diaria;48ca7231acd1057b_diario_derivado;;interna;horaria_agregada;soma
2026-01-05;;8;False;0;84100000;chuva;Epagri;;;2;False;diaria;48ca7231acd1057b_diario_derivado;;interna;horaria_agregada;soma
2026-01-06;;10;False;0;84100000;chuva;Epagri;;;2;False;diaria;48ca7231acd1057b_diario_derivado;;interna;horaria_agregada;soma
2026-01-07;;9;False;0;84100000;chuva;Epagri;;;2;False;diaria;48ca7231acd1057b_diario_derivado;;interna;horaria_agregada;soma
2026-01-08;;4;False;0;84100000;chuva;Epagri;;;2;False;diaria;48ca7231acd1057b_diario_derivado;;interna;horaria_agregada;soma
2026-01-09;;7;False;0;84100000;chuva;Epagri;;;2;False;diaria;48ca7231acd1057b_diario_derivado;;interna;horaria_agregada;soma
2026-01-10;;5;False;0;84100000;chuva;Epagri;;;2;False;diaria;48ca7231acd1057b_diario_derivado;;interna;horaria_agregada;soma
2026-01-11;;7;False;0;84100000;chuva;Epagri;;;2;False;diaria;48ca7231acd1057b_diario_derivado;;interna;horaria_agregada;soma
2026-01-12;;5;False;0;84100000;chuva;Epagri;;;2;False;diaria;48ca7231acd1057b_diario_derivado;;interna;horaria_agregada;soma
2026-01-13;;6;False;0;84100000;chuva;Epagri;;;2;False;diaria;48ca7231acd1057b_diario_derivado;;interna;horaria_agregada;soma
2026-01-14;;8;False;0;84100000;chuva;Epagri;;;2;False;diaria;48ca7231acd1057b_diario_derivado;;interna;horaria_agregada;soma
2026-01-15;;8;False;0;84100000;chuva;Epagri;;;2;False;diaria;48ca7231acd1057b_diario_derivado;;interna;horaria_agregada;soma
2026-01-16;;7;False;0;84100000;chuva;Epagri;;;2;False;diaria;48ca7231acd1057b_diario_derivado;;interna;horaria_agregada;soma
2026-01-17;;6;False;0;84100000;chuva;Epagri;;;2;False;diaria;48ca7231acd1057b_diario_derivado;;interna;horaria_agregada;soma
2026-01-18;;7;False;0;84100000;chuva;Epagri;;;2;False;diaria;48ca7231acd1057b_diario_derivado;;interna;horaria_agregada;soma
2026-01-19;;2;False;0;84100000;chuva;Epagri;;;2;False;diaria;48ca7231acd1057b_diario_derivado;;interna;horaria_agregada;soma
2026-01-20;;8;False;0;84100000;chuva;Epagri;;;2;False;diaria;48ca7231acd1057b_diario_derivado;;interna;horaria_agregada;soma
2026-01-21;;6;False;0;84100000;chuva;Epagri;;;2;False;diaria;48ca7231acd1057b_diario_derivado;;interna;horaria_agregada;soma
2026-01-22;;9;False;0;84100000;chuva;Epagri;;;2;False;diaria;48ca7231acd1057b_diario_derivado;;interna;horaria_agregada;soma
2026-01-23;;9;False;0;84100000;chuva;Epagri;;;2;False;diaria;48ca7231acd1057b_diario_derivado;;interna;horaria_agregada;soma
2026-01-24;;8;False;0;84100000;chuva;Epagri;;;2;False;diaria;48ca7231acd1057b_diario_derivado;;interna;horaria_agregada;soma
2026-01-25;;8;False;0;84100000;chuva;Epagri;;;2;False;diaria;48ca7231acd1057b_diario_derivado;;interna;horaria_agregada;soma
2026-01-26;;9;False;0;84100000;chuva;Epagri;;;2;False;diaria;48ca7231acd1057b_diario_derivado;;interna;horaria_agregada;soma
2026-01-27;;8;False;0;84100000;chuva;Epagri;;;2;False;diaria;48ca7231acd1057b_diario_derivado;;interna;horaria_agregada;soma
2026-01-28;;10;False;0;84100000;chuva;Epagri;;;2;False;diaria;48ca7231acd1057b_diario_derivado;;interna;horaria_agregada;soma
2026-01-29;;6;False;0;84100000;chuva;Epagri;;;2;False;diaria;48ca7231acd1057b_diario_derivado;;interna;horaria_agregada;soma
2026-01-30;;6;False;0;84100000;chuva;Epagri;;;2;False;diaria;48ca7231acd1057b_diario_derivado;;interna;horaria_agregada;soma
2026-01-31;;7;False;0;84100000;chuva;Epagri;;;2;False;diaria;48ca7231acd1057b_diario_derivado;;interna;horaria_agregada;soma
2026-02-01;;9;False;0;84100000;chuva;Epagri;;;2;False;diaria;48ca7231acd1057b_diario_derivado;;interna;horaria_agregada;soma
2026-02-02;;9;False;0;84100000;chuva;Epagri;;;2;False;diaria;48ca7231acd1057b_diario_derivado;;interna;horaria_agregada;soma
2026-02-03;;5;False;0;84100000;chuva;Epagri;;;2;False;diaria;48ca7231acd1057b_diario_derivado;;interna;horaria_agregada;soma
2026-02-04;;6;False;0;84100000;chuva;Epagri;;;2;False;diaria;48ca7231acd1057b_diario_derivado;;interna;horaria_agregada;soma
2026-02-05;;8;False;0;84100000;chuva;Epagri;;;2;False;diaria;48ca7231acd1057b_diario_derivado;;interna;horaria_agregada;soma
2026-02-06;;10;False;0;84100000;chuva;Epagri;;;2;False;diaria;48ca7231acd1057b_diario_derivado;;interna;horaria_agregada;soma
2026-02-07;;7;False;0;84100000;chuva;Epagri;;;2;False;diaria;48ca7231acd1057b_diario_derivado;;interna;horaria_agregada;soma
2026-02-08;;8;False;0;84100000;chuva;Epagri;;;2;False;diaria;48ca7231acd1057b_diario_derivado;;interna;horaria_agregada;soma
2026-02-09;;8;False;0;84100000;chuva;Epagri;;;2;False;diaria;48ca7231acd1057b_diario_derivado;;interna;horaria_agregada;soma
2026-02-10;;7;False;0;84100000;chuva;Epagri;;;2;False;diaria;48ca7231acd1057b_diario_derivado;;interna;horaria_agregada;soma
2026-02-11;;9;False;0;84100000;chuva;Epagri;;;2;False;diaria;48ca7231acd1057b_diario_derivado;;interna;horaria_agregada;soma
2026-02-12;;10;False;0;84100000;chuva;Epagri;;;2;False;diaria;48ca7231acd1057b_diario_derivado;;interna;horaria_agregada;soma
2026-02-13;;6;False;0;84100000;chuva;Epagri;;;2;False;diaria;48ca7231acd1057b_diario_derivado;;interna;horaria_agregada;soma
2026-02-14;;0;False;0;84100000;chuva;Epagri;;;2;False;diaria;48ca7231acd1057b_diario_derivado;;interna;horaria_agregada;soma
2026-02-15;;6;False;0;84100000;chuva;Epagri;;;2;False;diaria;48ca7231acd1057b_diario_derivado;;interna;horaria_agregada;soma
2026-02-16;;7;False;0;84100000;chuva;Epagri;;;2;False;diaria;48ca7231acd1057b_diario_derivado;;interna;horaria_agregada;soma
2026-02-17;;5;False;0;84100000;chuva;Epagri;;;2;False;diaria;48ca7231acd1057b_diario_derivado;;interna;horaria_agregada;soma
2026-02-18;;7;False;0;84100000;chuva;Epagri;;;2;False;diaria;48ca7231acd1057b_diario_derivado;;interna;horaria_agregada;soma
2026-02-19;;8;False;0;84100000;chuva;Epagri;;;2;False;diaria;48ca7231acd1057b_diario_derivado;;interna;horaria_agregada;soma
2026-02-20;;4;False;0;84100000;chuva;Epagri;;;2;False;diaria;48ca7231acd1057b_diario_derivado;;interna;horaria_agregada;soma
2026-02-21;;4;False;0;84100000;chuva;Epagri;;;2;False;diaria;48ca7231acd1057b_diario_derivado;;interna;horaria_agregada;soma
2026-02-22;;8;False;0;84100000;chuva;Epagri;;;2;False;diaria;48ca7231acd1057b_diario_derivado;;interna;horaria_agregada;soma
2026-02-23;;7;False;0;84100000;chuva;Epagri;;;2;False;diaria;48ca7231acd1057b_diario_derivado;;interna;horaria_agregada;soma
2026-02-24;;0;False;0;84100000;chuva;Epagri;;;2;False;diaria;48ca7231acd1057b_diario_derivado;;interna;horaria_agregada;soma
2026-02-25;;6;False;0;84100000;chuva;Epagri;;;2;False;diaria;48ca7231acd1057b_diario_derivado;;interna;horaria_agregada;soma
2026-02-26;;5;False;0;84100000;chuva;Epagri;;;2;False;diaria;48ca7231acd1057b_diario_derivado;;interna;horaria_agregada;soma
2026-02-27;;3;False;0;84100000;chuva;Epagri;;;2;False;diaria;48ca7231acd1057b_diario_derivado;;interna;horaria_agregada;soma
2026-02-28;;6;False;0;84100000;chuva;Epagri;;;2;False;diaria;48ca7231acd1057b_diario_derivado;;interna;horaria_agregada;soma
2026-03-01;;8;False;0;84100000;chuva;Epagri;;;2;False;diaria;48ca7231acd1057b_diario_derivado;;interna;horaria_agregada;soma
2026-03-02;;6;False;0;84100000;chuva;Epagri;;;2;False;diaria;48ca7231acd1057b_diario_derivado;;interna;horaria_agregada;soma
2026-03-03;;9;False;0;84100000;chuva;Epagri;;;2;False;diaria;48ca7231acd1057b_diario_derivado;;interna;horaria_agregada;soma
2026-03-04;;9;False;0;84100000;chuva;Epagri;;;2;False;diaria;48ca7231acd1057b_diario_derivado;;interna;horaria_agregada;soma
2026-03-05;;8;False;0;84100000;chuva;Epagri;;;2;False;diaria;48ca7231acd1057b_diario_derivado;;interna;horaria_agregada;soma
2026-03-06;;7;False;0;84100000;chuva;Epagri;;;2;False;diaria;48ca7231acd1057b_diario_derivado;;interna;horaria_agregada;soma
2026-03-07;;4;False;0;84100000;chuva;Epagri;;;2;False;diaria;48ca7231acd1057b_diario_derivado;;interna;horaria_agregada;soma
2026-03-08;;9;False;0;84100000;chuva;Epagri;;;2;False;diaria;48ca7231acd1057b_diario_derivado;;interna;horaria_agregada;soma
2026-03-09;;5;False;0;84100000;chuva;Epagri;;;2;False;diaria;48ca7231acd1057b_diario_derivado;;interna;horaria_agregada;soma
2026-03-10;;0;False;0;84100000;chuva;Epagri;;;2;False;diaria;48ca7231acd1057b_diario_derivado;;interna;horaria_agregada;soma
2026-03-11;;0;False;0;84100000;chuva;Epagri;;;2;False;diaria;48ca7231acd1057b_diario_derivado;;interna;horaria_agregada;soma
2026-03-12;;7;False;0;84100000;chuva;Epagri;;;2;False;diaria;48ca7231acd1057b_diario_derivado;;interna;horaria_agregada;soma
2026-03-13;;7;False;0;84100000;chuva;Epagri;;;2;False;diaria;48ca7231acd1057b_diario_derivado;;interna;horaria_agregada;soma
2026-03-14;;5;False;0;84100000;chuva;Epagri;;;2;False;diaria;48ca7231acd1057b_diario_derivado;;interna;horaria_agregada;soma
2026-03-15;;7;False;0;84100000;chuva;Epagri;;;2;False;diaria;48ca7231acd1057b_diario_derivado;;interna;horaria_agregada;soma
2026-03-16;;8;False;0;84100000;chuva;Epagri;;;2;False;diaria;48ca7231acd1057b_diario_derivado;;interna;horaria_agregada;soma
2026-03-17;;8;False;0;84100000;chuva;Epagri;;;2;False;diaria;48ca7231acd1057b_diario_derivado;;interna;horaria_agregada;soma
2026-03-18;;8;False;0;84100000;chuva;Epagri;;;2;False;diaria;48ca7231acd1057b_diario_derivado;;interna;horaria_agregada;soma
2026-03-19;;5;False;0;84100000;chuva;Epagri;;;2;False;diaria;48ca7231acd1057b_diario_derivado;;interna;horaria_agregada;soma
2026-03-20;;3;False;0;84100000;chuva;Epagri;;;2;False;diaria;48ca7231acd1057b_diario_derivado;;interna;horaria_agregada;soma
2026-03-21;;0;False;0;84100000;chuva;Epagri;;;2;False;diaria;48ca7231acd1057b_diario_derivado;;interna;horaria_agregada;soma
2026-03-22;;0;False;0;84100000;chuva;Epagri;;;2;False;diaria;48ca7231acd1057b_diario_derivado;;interna;horaria_agregada;soma
2026-03-23;;3;False;0;84100000;chuva;Epagri;;;2;False;diaria;48ca7231acd1057b_diario_derivado;;interna;horaria_agregada;soma
2026-03-24;;3;False;0;84100000;chuva;Epagri;;;2;False;diaria;48ca7231acd1057b_diario_derivado;;interna;horaria_agregada;soma
2026-03-25;;3;False;0;84100000;chuva;Epagri;;;2;False;diaria;48ca7231acd1057b_diario_derivado;;interna;horaria_agregada;soma
2026-03-26;;8;False;0;84100000;chuva;Epagri;;;2;False;diaria;48ca7231acd1057b_diario_derivado;;interna;horaria_agregada;soma
2026-03-27;;8;False;0;84100000;chuva;Epagri;;;2;False;diaria;48ca7231acd1057b_diario_derivado;;interna;horaria_agregada;soma
2026-03-28;;7;False;0;84100000;chuva;Epagri;;;2;False;diaria;48ca7231acd1057b_diario_derivado;;interna;horaria_agregada;soma
2026-03-29;;8;False;0;84100000;chuva;Epagri;;;2;False;diaria;48ca7231acd1057b_diario_derivado;;interna;horaria_agregada;soma
2026-03-30;;0;False;0;84100000;chuva;Epagri;;;2;False;diaria;48ca7231acd1057b_diario_derivado;;interna;horaria_agregada;soma
2026-03-31;;3;False;0;84100000;chuva;Epagri;;;2;False;diaria;48ca7231acd1057b_diario_derivado;;interna;horaria_agregada;soma
2026-04-01;;0;False;0;84100000;chuva;Epagri;;;2;False;diaria;48ca7231acd1057b_diario_derivado;;interna;horaria_agregada;soma
2026-04-02;;0;False;0;84100000;chuva;Epagri;;;2;False;diaria;48ca7231acd1057b_diario_derivado;;interna;horaria_agregada;soma
2026-04-03;;8;False;0;84100000;chuva;Epagri;;;2;False;diaria;48ca7231acd1057b_diario_derivado;;interna;horaria_agregada;soma
2026-04-04;;6;False;0;84100000;chuva;Epagri;;;2;False;diaria;48ca7231acd1057b_diario_derivado;;interna;horaria_agregada;soma
2026-04-05;;0;False;0;84100000;chuva;Epagri;;;2;False;diaria;48ca7231acd1057b_diario_derivado;;interna;horaria_agregada;soma
2026-04-06;;0;False;0;84100000;chuva;Epagri;;;2;False;diaria;48ca7231acd1057b_diario_derivado;;interna;horaria_agregada;soma
2026-04-07;;0;False;0;84100000;chuva;Epagri;;;2;False;diaria;48ca7231acd1057b_diario_derivado;;interna;horaria_agregada;soma
2026-04-08;;3;False;0;84100000;chuva;Epagri;;;2;False;diaria;48ca7231acd1057b_diario_derivado;;interna;horaria_agregada;soma
2026-04-09;;0;False;0;84100000;chuva;Epagri;;;2;False;diaria;48ca7231acd1057b_diario_derivado;;interna;horaria_agregada;soma
2026-04-10;;0;False;0;84100000;chuva;Epagri;;;2;False;diaria;48ca7231acd1057b_diario_derivado;;interna;horaria_agregada;soma
2026-04-11;;0;False;0;84100000;chuva;Epagri;;;2;False;diaria;48ca7231acd1057b_diario_derivado;;interna;horaria_agregada;soma
2026-04-12;;0;False;0;84100000;chuva;Epagri;;;2;False;diaria;48ca7231acd1057b_diario_derivado;;interna;horaria_agregada;soma
2026-04-13;;0;False;0;84100000;chuva;Epagri;;;2;False;diaria;48ca7231acd1057b_diario_derivado;;interna;horaria_agregada;soma
2026-04-14;;0;False;0;84100000;chuva;Epagri;;;2;False;diaria;48ca7231acd1057b_diario_derivado;;interna;horaria_agregada;soma
2026-04-15;;0;False;0;84100000;chuva;Epagri;;;2;False;diaria;48ca7231acd1057b_diario_derivado;;interna;horaria_agregada;soma
2026-04-16;;0;False;0;84100000;chuva;Epagri;;;2;False;diaria;48ca7231acd1057b_diario_derivado;;interna;horaria_agregada;soma
2026-04-17;;3;False;0;84100000;chuva;Epagri;;;2;False;diaria;48ca7231acd1057b_diario_derivado;;interna;horaria_agregada;soma
2026-04-18;;7;False;0;84100000;chuva;Epagri;;;2;False;diaria;48ca7231acd1057b_diario_derivado;;interna;horaria_agregada;soma
2026-04-19;;6;False;0;84100000;chuva;Epagri;;;2;False;diaria;48ca7231acd1057b_diario_derivado;;interna;horaria_agregada;soma
2026-04-20;;4;False;0;84100000;chuva;Epagri;;;2;False;diaria;48ca7231acd1057b_diario_derivado;;interna;horaria_agregada;soma
2026-04-21;;0;False;0;84100000;chuva;Epagri;;;2;False;diaria;48ca7231acd1057b_diario_derivado;;interna;horaria_agregada;soma
2026-04-22;;0;False;0;84100000;chuva;Epagri;;;2;False;diaria;48ca7231acd1057b_diario_derivado;;interna;horaria_agregada;soma
2026-04-23;;0;False;0;84100000;chuva;Epagri;;;2;False;diaria;48ca7231acd1057b_diario_derivado;;interna;horaria_agregada;soma
2026-04-24;;0;False;0;84100000;chuva;Epagri;;;2;False;diaria;48ca7231acd1057b_diario_derivado;;interna;horaria_agregada;soma
2026-04-25;;3;False;0;84100000;chuva;Epagri;;;2;False;diaria;48ca7231acd1057b_diario_derivado;;interna;horaria_agregada;soma
2026-04-26;;0;False;0;84100000;chuva;Epagri;;;2;False;diaria;48ca7231acd1057b_diario_derivado;;interna;horaria_agregada;soma
2026-04-27;;0;False;0;84100000;chuva;Epagri;;;2;False;diaria;48ca7231acd1057b_diario_derivado;;interna;horaria_agregada;soma
2026-04-28;;0;False;0;84100000;chuva;Epagri;;;2;False;diaria;48ca7231acd1057b_diario_derivado;;interna;horaria_agregada;soma
2026-04-29;;0;False;0;84100000;chuva;Epagri;;;2;False;diaria;48ca7231acd1057b_diario_derivado;;interna;horaria_agregada;soma
2026-04-30;;0;False;0;84100000;chuva;Epagri;;;2;False;diaria;48ca7231acd1057b_diario_derivado;;interna;horaria_agregada;soma
2026-05-01;;5;False;0;84100000;chuva;Epagri;;;2;False;diaria;48ca7231acd1057b_diario_derivado;;interna;horaria_agregada;soma
2026-05-02;;0;False;0;84100000;chuva;Epagri;;;2;False;diaria;48ca7231acd1057b_diario_derivado;;interna;horaria_agregada;soma
2026-05-03;;0;False;0;84100000;chuva;Epagri;;;2;False;diaria;48ca7231acd1057b_diario_derivado;;interna;horaria_agregada;soma
2026-05-04;;0;False;0;84100000;chuva;Epagri;;;2;False;diaria;48ca7231acd1057b_diario_derivado;;interna;horaria_agregada;soma
2026-05-05;;0;False;0;84100000;chuva;Epagri;;;2;False;diaria;48ca7231acd1057b_diario_derivado;;interna;horaria_agregada;soma
2026-05-06;;0;False;0;84100000;chuva;Epagri;;;2;False;diaria;48ca7231acd1057b_diario_derivado;;interna;horaria_agregada;soma
2026-05-07;;0;False;0;84100000;chuva;Epagri;;;2;False;diaria;48ca7231acd1057b_diario_derivado;;interna;horaria_agregada;soma
2026-05-08;;0;False;0;84100000;chuva;Epagri;;;2;False;diaria;48ca7231acd1057b_diario_derivado;;interna;horaria_agregada;soma
2026-05-09;;0;False;0;84100000;chuva;Epagri;;;2;False;diaria;48ca7231acd1057b_diario_derivado;;interna;horaria_agregada;soma
2026-05-10;;0;False;0;84100000;chuva;Epagri;;;2;False;diaria;48ca7231acd1057b_diario_derivado;;interna;horaria_agregada;soma
2026-05-11;;0;False;0;84100000;chuva;Epagri;;;2;False;diaria;48ca7231acd1057b_diario_derivado;;interna;horaria_agregada;soma
2026-05-12;;0;False;0;84100000;chuva;Epagri;;;2;False;diaria;48ca7231acd1057b_diario_derivado;;interna;horaria_agregada;soma
2026-05-13;;4;False;0;84100000;chuva;Epagri;;;2;False;diaria;48ca7231acd1057b_diario_derivado;;interna;horaria_agregada;soma
2026-05-14;;0;False;0;84100000;chuva;Epagri;;;2;False;diaria;48ca7231acd1057b_diario_derivado;;interna;horaria_agregada;soma
2026-05-15;;0;False;0;84100000;chuva;Epagri;;;2;False;diaria;48ca7231acd1057b_diario_derivado;;interna;horaria_agregada;soma
2026-05-16;;0;False;0;84100000;chuva;Epagri;;;2;False;diaria;48ca7231acd1057b_diario_derivado;;interna;horaria_agregada;soma
2026-05-17;;0;False;0;84100000;chuva;Epagri;;;2;False;diaria;48ca7231acd1057b_diario_derivado;;interna;horaria_agregada;soma
2026-05-18;;0;False;0;84100000;chuva;Epagri;;;2;False;diaria;48ca7231acd1057b_diario_derivado;;interna;horaria_agregada;soma
2026-05-19;;3;False;0;84100000;chuva;Epagri;;;2;False;diaria;48ca7231acd1057b_diario_derivado;;interna;horaria_agregada;soma
2026-05-20;;0;False;0;84100000;chuva;Epagri;;;2;False;diaria;48ca7231acd1057b_diario_derivado;;interna;horaria_agregada;soma
2026-05-21;;0;False;0;84100000;chuva;Epagri;;;2;False;diaria;48ca7231acd1057b_diario_derivado;;interna;horaria_agregada;soma
2026-05-22;;3;False;0;84100000;chuva;Epagri;;;2;False;diaria;48ca7231acd1057b_diario_derivado;;interna;horaria_agregada;soma
2026-05-23;;0;False;0;84100000;chuva;Epagri;;;2;False;diaria;48ca7231acd1057b_diario_derivado;;interna;horaria_agregada;soma
2026-05-24;;2;False;0;84100000;chuva;Epagri;;;2;False;diaria;48ca7231acd1057b_diario_derivado;;interna;horaria_agregada;soma
2026-05-25;;0;False;0;84100000;chuva;Epagri;;;2;False;diaria;48ca7231acd1057b_diario_derivado;;interna;horaria_agregada;soma
2026-05-26;;0;False;0;84100000;chuva;Epagri;;;2;False;diaria;48ca7231acd1057b_diario_derivado;;interna;horaria_agregada;soma
2026-05-27;;0;False;0;84100000;chuva;Epagri;;;2;False;diaria;48ca7231acd1057b_diario_derivado;;interna;horaria_agregada;soma
2026-05-28;;0;False;0;84100000;chuva;Epagri;;;2;False;diaria;48ca7231acd1057b_diario_derivado;;interna;horaria_agregada;soma
2026-05-29;;0;False;0;84100000;chuva;Epagri;;;2;False;diaria;48ca7231acd1057b_diario_derivado;;interna;horaria_agregada;soma
2026-05-30;;0;False;0;84100000;chuva;Epagri;;;2;False;diaria;48ca7231acd1057b_diario_derivado;;interna;horaria_agregada;soma
2026-05-31;;0;False;0;84100000;chuva;Epagri;;;2;False;diaria;48ca7231acd1057b_diario_derivado;;interna;horaria_agregada;soma
2026-06-01;;0;False;0;84100000;chuva;Epagri;;;2;False;diaria;48ca7231acd1057b_diario_derivado;;interna;horaria_agregada;soma
2026-06-02;;2;False;0;84100000;chuva;Epagri;;;2;False;diaria;48ca7231acd1057b_diario_derivado;;interna;horaria_agregada;soma
2026-06-03;;0;False;0;84100000;chuva;Epagri;;;2;False;diaria;48ca7231acd1057b_diario_derivado;;interna;horaria_agregada;soma
2026-06-04;;0;False;0;84100000;chuva;Epagri;;;2;False;diaria;48ca7231acd1057b_diario_derivado;;interna;horaria_agregada;soma
2026-06-05;;0;False;0;84100000;chuva;Epagri;;;2;False;diaria;48ca7231acd1057b_diario_derivado;;interna;horaria_agregada;soma
2026-06-06;;1;False;0;84100000;chuva;Epagri;;;2;False;diaria;48ca7231acd1057b_diario_derivado;;interna;horaria_agregada;soma
